./naturalistic/01_Bird.avi                                   Loaded : (5, 3596, 64, 128, 1)
./naturalistic/02_City.avi                                   Loaded : (5, 3596, 64, 128, 1)
./naturalistic/03_Forest.avi                                 Loaded : (5, 3596, 64, 128, 1)
Video is allocated on memory!
Shape : (3, 3596, 64, 128, 5)
augmented shape : (24, 3596, 64, 128, 5)
augmented shape : (24, 3600)
Fold 1
Model loaded successfully from ./pretrained_model/64_to_256_3layers.ckpt
device : cuda
Model not found at ./model/decoder_output_wba_start_wba_input_line_plot_piece_size_1_fix_True_16frames/fold_1/fly_model.ckpt
Epoch 1/100
Training loss: 55.74892
Validation loss: 7.98519
New best model saved at epoch 1 with loss 7.98519
First epoch took 4.00 seconds.
Estimated total program duration: 0.56 hours
Estimated program end time (KST): 2024/11/03 17:20:46
Epoch 2/100
Training loss: 6.44262
Validation loss: 6.05473
New best model saved at epoch 2 with loss 6.05473
Epoch 3/100
Training loss: 3.42703
Validation loss: 5.23541
New best model saved at epoch 3 with loss 5.23541
Epoch 4/100
Training loss: 2.84571
Validation loss: 3.57975
New best model saved at epoch 4 with loss 3.57975
Epoch 5/100
Training loss: 2.59050
Validation loss: 5.59472
Epoch 6/100
Training loss: 2.32573
Validation loss: 3.57076
New best model saved at epoch 6 with loss 3.57076
Epoch 7/100
Training loss: 2.20443
Validation loss: 4.57193
Epoch 8/100
Training loss: 1.91239
Validation loss: 3.26058
New best model saved at epoch 8 with loss 3.26058
Epoch 9/100
Training loss: 1.99063
Validation loss: 3.19422
New best model saved at epoch 9 with loss 3.19422
Epoch 10/100
Training loss: 1.76247
Validation loss: 2.71987
New best model saved at epoch 10 with loss 2.71987
Epoch 11/100
Training loss: 1.76232
Validation loss: 4.78139
Epoch 12/100
Training loss: 2.32682
Validation loss: 3.19772
Epoch 13/100
Training loss: 2.11652
Validation loss: 3.31184
Epoch 14/100
Training loss: 1.96499
Validation loss: 3.88366
Epoch 15/100
Training loss: 1.76248
Validation loss: 3.23671
Epoch 16/100
Training loss: 1.66265
Validation loss: 3.89758
Epoch 17/100
Training loss: 1.81759
Validation loss: 2.99514
Epoch 18/100
Training loss: 1.71232
Validation loss: 3.41936
Epoch 19/100
Training loss: 1.98484
Validation loss: 2.96422
Epoch 20/100
Training loss: 1.74578
Validation loss: 3.84164
Epoch 21/100
Training loss: 1.89046
Validation loss: 2.55020
New best model saved at epoch 21 with loss 2.55020
Epoch 22/100
Training loss: 1.72890
Validation loss: 3.39026
Epoch 23/100
Training loss: 1.88488
Validation loss: 6.96887
Epoch 24/100
Training loss: 1.58429
Validation loss: 2.56739
Epoch 25/100
Training loss: 1.48893
Validation loss: 3.79506
Epoch 26/100
Training loss: 1.69314
Validation loss: 2.17602
New best model saved at epoch 26 with loss 2.17602
Epoch 27/100
Training loss: 1.77720
Validation loss: 7.79247
Epoch 28/100
Training loss: 1.61065
Validation loss: 5.55781
Epoch 29/100
Training loss: 1.56492
Validation loss: 3.02049
Epoch 30/100
Training loss: 1.46899
Validation loss: 3.98527
Epoch 31/100
Training loss: 1.38278
Validation loss: 2.77774
Epoch 32/100
Training loss: 1.58159
Validation loss: 2.77987
Epoch 33/100
Training loss: 1.67961
Validation loss: 2.51589
Epoch 34/100
Training loss: 1.58555
Validation loss: 3.66622
Epoch 35/100
Training loss: 1.46458
Validation loss: 3.61111
Epoch 36/100
Training loss: 1.41190
Validation loss: 5.78840
Epoch 37/100
Training loss: 1.53268
Validation loss: 4.51910
Epoch 38/100
Training loss: 1.32018
Validation loss: 4.37468
Epoch 39/100
Training loss: 1.51136
Validation loss: 3.58949
Epoch 40/100
Training loss: 1.38676
Validation loss: 3.02748
Epoch 41/100
Training loss: 1.45632
Validation loss: 4.03082
Epoch 42/100
Training loss: 1.56279
Validation loss: 3.75434
Epoch 43/100
Training loss: 1.46451
Validation loss: 3.90485
Epoch 44/100
Training loss: 1.68088
Validation loss: 2.84085
Epoch 45/100
Training loss: 1.62014
Validation loss: 3.32125
Epoch 46/100
Training loss: 1.40616
Validation loss: 5.04815
Epoch 47/100
Training loss: 1.51278
Validation loss: 5.24847
Epoch 48/100
Training loss: 1.28159
Validation loss: 3.63543
Epoch 49/100
Training loss: 1.42370
Validation loss: 5.93716
Epoch 50/100
Training loss: 1.34309
Validation loss: 2.69622
Epoch 51/100
Training loss: 1.36987
Validation loss: 2.94904
Epoch 52/100
Training loss: 1.58841
Validation loss: 5.10973
Epoch 53/100
Training loss: 1.34595
Validation loss: 4.06709
Epoch 54/100
Training loss: 1.26106
Validation loss: 4.83733
Epoch 55/100
Training loss: 1.34107
Validation loss: 2.58256
Epoch 56/100
Training loss: 1.20032
Validation loss: 3.98549
Epoch 57/100
Training loss: 1.11208
Validation loss: 4.38579
Epoch 58/100
Training loss: 1.18384
Validation loss: 3.22827
Epoch 59/100
Training loss: 1.38921
Validation loss: 2.70910
Epoch 60/100
Training loss: 1.33030
Validation loss: 10.57431
Epoch 61/100
Training loss: 1.61993
Validation loss: 6.07692
Epoch 62/100
Training loss: 1.36633
Validation loss: 2.48138
Epoch 63/100
Training loss: 1.61281
Validation loss: 3.14915
Epoch 64/100
Training loss: 1.46888
Validation loss: 3.63494
Epoch 65/100
Training loss: 1.37453
Validation loss: 3.82214
Epoch 66/100
Training loss: 1.46665
Validation loss: 5.06136
Epoch 67/100
Training loss: 1.31221
Validation loss: 5.49899
Epoch 68/100
Training loss: 1.38070
Validation loss: 6.06783
Epoch 69/100
Training loss: 1.32411
Validation loss: 4.09902
Epoch 70/100
Training loss: 1.40601
Validation loss: 4.31361
Epoch 71/100
Training loss: 1.47602
Validation loss: 4.49112
Epoch 72/100
Training loss: 1.30717
Validation loss: 2.82351
Epoch 73/100
Training loss: 1.30729
Validation loss: 4.61153
Epoch 74/100
Training loss: 1.35542
Validation loss: 2.49650
Epoch 75/100
Training loss: 1.25089
Validation loss: 3.74946
Epoch 76/100
Training loss: 1.42963
Validation loss: 4.19697
Epoch 77/100
Training loss: 1.44749
Validation loss: 3.75232
Epoch 78/100
Training loss: 1.22703
Validation loss: 2.68000
Epoch 79/100
Training loss: 1.36180
Validation loss: 4.47216
Epoch 80/100
Training loss: 1.35593
Validation loss: 6.53509
Epoch 81/100
Training loss: 1.16558
Validation loss: 5.71412
Epoch 82/100
Training loss: 1.22195
Validation loss: 4.16110
Epoch 83/100
Training loss: 1.27851
Validation loss: 3.71932
Epoch 84/100
Training loss: 1.29814
Validation loss: 5.62192
Epoch 85/100
Training loss: 1.34843
Validation loss: 3.33112
Epoch 86/100
Training loss: 1.34262
Validation loss: 4.51898
Epoch 87/100
Training loss: 1.26600
Validation loss: 3.37748
Epoch 88/100
Training loss: 1.24044
Validation loss: 3.81959
Epoch 89/100
Training loss: 1.19759
Validation loss: 3.73691
Epoch 90/100
Training loss: 1.50717
Validation loss: 3.72293
Epoch 91/100
Training loss: 1.47174
Validation loss: 4.81398
Epoch 92/100
Training loss: 1.31699
Validation loss: 5.98372
Epoch 93/100
Training loss: 1.34578
Validation loss: 3.80257
Epoch 94/100
Training loss: 1.29137
Validation loss: 4.40586
Epoch 95/100
Training loss: 1.26989
Validation loss: 4.36016
Epoch 96/100
Training loss: 1.26946
Validation loss: 3.34654
Epoch 97/100
Training loss: 1.39079
Validation loss: 7.26160
Epoch 98/100
Training loss: 1.47485
Validation loss: 5.56629
Epoch 99/100
Training loss: 1.30792
Validation loss: 6.62454
Epoch 100/100
Training loss: 1.25930
Validation loss: 1.97181
New best model saved at epoch 100 with loss 1.97181
Best model for fold 1 saved from epoch 100 with f1 1.97181
Final training loss: 1.25930
Final test loss: 1.97181
Fold 2
Model loaded successfully from ./pretrained_model/64_to_256_3layers.ckpt
device : cuda
Model not found at ./model/decoder_output_wba_start_wba_input_line_plot_piece_size_1_fix_True_16frames/fold_2/fly_model.ckpt
Epoch 1/100
Training loss: 55.14643
Validation loss: 7.28544
New best model saved at epoch 1 with loss 7.28544
First epoch took 3.75 seconds.
Estimated total program duration: 0.52 hours
Estimated program end time (KST): 2024/11/03 17:23:55
Epoch 2/100
Training loss: 5.20025
Validation loss: 6.31470
New best model saved at epoch 2 with loss 6.31470
Epoch 3/100
Training loss: 2.99469
Validation loss: 7.10302
Epoch 4/100
Training loss: 2.34613
Validation loss: 5.96112
New best model saved at epoch 4 with loss 5.96112
Epoch 5/100
Training loss: 2.33333
Validation loss: 4.57496
New best model saved at epoch 5 with loss 4.57496
Epoch 6/100
Training loss: 1.98697
Validation loss: 5.78166
Epoch 7/100
Training loss: 2.02745
Validation loss: 3.41386
New best model saved at epoch 7 with loss 3.41386
Epoch 8/100
Training loss: 1.79647
Validation loss: 3.63441
Epoch 9/100
Training loss: 1.97975
Validation loss: 6.95396
Epoch 10/100
Training loss: 1.96223
Validation loss: 6.75317
Epoch 11/100
Training loss: 1.75562
Validation loss: 4.12308
Epoch 12/100
Training loss: 1.95794
Validation loss: 5.88240
Epoch 13/100
Training loss: 1.78866
Validation loss: 4.98223
Epoch 14/100
Training loss: 1.81706
Validation loss: 5.63112
Epoch 15/100
Training loss: 1.74854
Validation loss: 4.07061
Epoch 16/100
Training loss: 1.75681
Validation loss: 3.49694
Epoch 17/100
Training loss: 1.88782
Validation loss: 8.77793
Epoch 18/100
Training loss: 1.71218
Validation loss: 3.19192
New best model saved at epoch 18 with loss 3.19192
Epoch 19/100
Training loss: 1.95118
Validation loss: 4.19406
Epoch 20/100
Training loss: 1.67194
Validation loss: 4.14806
Epoch 21/100
Training loss: 1.47568
Validation loss: 2.14051
New best model saved at epoch 21 with loss 2.14051
Epoch 22/100
Training loss: 1.54976
Validation loss: 5.50423
Epoch 23/100
Training loss: 1.50888
Validation loss: 6.63543
Epoch 24/100
Training loss: 1.29635
Validation loss: 4.43702
Epoch 25/100
Training loss: 1.48975
Validation loss: 5.82951
Epoch 26/100
Training loss: 1.46406
Validation loss: 3.58072
Epoch 27/100
Training loss: 1.54950
Validation loss: 7.79283
Epoch 28/100
Training loss: 1.34156
Validation loss: 4.47489
Epoch 29/100
Training loss: 1.24949
Validation loss: 4.26517
Epoch 30/100
Training loss: 1.50650
Validation loss: 8.58683
Epoch 31/100
Training loss: 1.69174
Validation loss: 7.02996
Epoch 32/100
Training loss: 1.54438
Validation loss: 5.69641
Epoch 33/100
Training loss: 1.61178
Validation loss: 5.42996
Epoch 34/100
Training loss: 1.54286
Validation loss: 2.92785
Epoch 35/100
Training loss: 1.24003
Validation loss: 9.81648
Epoch 36/100
Training loss: 1.77013
Validation loss: 4.69720
Epoch 37/100
Training loss: 1.40873
Validation loss: 3.74507
Epoch 38/100
Training loss: 1.17404
Validation loss: 3.50167
Epoch 39/100
Training loss: 1.20539
Validation loss: 3.68344
Epoch 40/100
Training loss: 1.33813
Validation loss: 2.66808
Epoch 41/100
Training loss: 1.43573
Validation loss: 5.73022
Epoch 42/100
Training loss: 1.48423
Validation loss: 3.36891
Epoch 43/100
Training loss: 1.42139
Validation loss: 3.77815
Epoch 44/100
Training loss: 1.32957
Validation loss: 3.51645
Epoch 45/100
Training loss: 1.35592
Validation loss: 7.01817
Epoch 46/100
Training loss: 1.38525
Validation loss: 3.40492
Epoch 47/100
Training loss: 1.38475
Validation loss: 3.54214
Epoch 48/100
Training loss: 1.19378
Validation loss: 4.07588
Epoch 49/100
Training loss: 1.07001
Validation loss: 3.89480
Epoch 50/100
Training loss: 1.29053
Validation loss: 4.39927
Epoch 51/100
Training loss: 1.36668
Validation loss: 2.91039
Epoch 52/100
Training loss: 1.35260
Validation loss: 4.75313
Epoch 53/100
Training loss: 1.40974
Validation loss: 5.09520
Epoch 54/100
Training loss: 1.23185
Validation loss: 7.19724
Epoch 55/100
Training loss: 1.32846
Validation loss: 5.44338
Epoch 56/100
Training loss: 1.15522
Validation loss: 4.73254
Epoch 57/100
Training loss: 1.00611
Validation loss: 3.20563
Epoch 58/100
Training loss: 1.19064
Validation loss: 3.61809
Epoch 59/100
Training loss: 1.27458
Validation loss: 3.72640
Epoch 60/100
Training loss: 1.23867
Validation loss: 3.21382
Epoch 61/100
Training loss: 1.07770
Validation loss: 5.23125
Epoch 62/100
Training loss: 1.07326
Validation loss: 7.11755
Epoch 63/100
Training loss: 1.08887
Validation loss: 3.16365
Epoch 64/100
Training loss: 1.16088
Validation loss: 10.07232
Epoch 65/100
Training loss: 1.35879
Validation loss: 4.00483
Epoch 66/100
Training loss: 1.11793
Validation loss: 4.61284
Epoch 67/100
Training loss: 1.22708
Validation loss: 4.72561
Epoch 68/100
Training loss: 1.04935
Validation loss: 3.79134
Epoch 69/100
Training loss: 1.12022
Validation loss: 3.81537
Epoch 70/100
Training loss: 1.11991
Validation loss: 4.38123
Epoch 71/100
Training loss: 1.25114
Validation loss: 5.13486
Epoch 72/100
Training loss: 1.22733
Validation loss: 5.02744
Epoch 73/100
Training loss: 1.12767
Validation loss: 4.94249
Epoch 74/100
Training loss: 1.13547
Validation loss: 2.67886
Epoch 75/100
Training loss: 1.12716
Validation loss: 3.24771
Epoch 76/100
Training loss: 1.15997
Validation loss: 4.80278
Epoch 77/100
Training loss: 1.22303
Validation loss: 4.53177
Epoch 78/100
Training loss: 1.23989
Validation loss: 4.08400
Epoch 79/100
Training loss: 1.31285
Validation loss: 5.68420
Epoch 80/100
Training loss: 1.21536
Validation loss: 3.18286
Epoch 81/100
Training loss: 1.09557
Validation loss: 4.34134
Epoch 82/100
Training loss: 1.20188
Validation loss: 3.68894
Epoch 83/100
Training loss: 1.25021
Validation loss: 3.40897
Epoch 84/100
Training loss: 1.17888
Validation loss: 4.56651
Epoch 85/100
Training loss: 1.19634
Validation loss: 3.69771
Epoch 86/100
Training loss: 1.20874
Validation loss: 3.31448
Epoch 87/100
Training loss: 1.24584
Validation loss: 3.58423
Epoch 88/100
Training loss: 1.15426
Validation loss: 3.78430
Epoch 89/100
Training loss: 1.05006
Validation loss: 4.13750
Epoch 90/100
Training loss: 1.01561
Validation loss: 6.92808
Epoch 91/100
Training loss: 1.18171
Validation loss: 4.52496
Epoch 92/100
Training loss: 0.99130
Validation loss: 4.55355
Epoch 93/100
Training loss: 1.09572
Validation loss: 3.76694
Epoch 94/100
Training loss: 1.21422
Validation loss: 2.95348
Epoch 95/100
Training loss: 1.20263
Validation loss: 3.59026
Epoch 96/100
Training loss: 0.97770
Validation loss: 3.81629
Epoch 97/100
Training loss: 1.18970
Validation loss: 6.38332
Epoch 98/100
Training loss: 1.23370
Validation loss: 9.40150
Epoch 99/100
Training loss: 1.33017
Validation loss: 7.19101
Epoch 100/100
Training loss: 1.14348
Validation loss: 2.73583
Best model for fold 2 saved from epoch 21 with f1 2.14051
Final training loss: 1.14348
Final test loss: 2.73583
Fold 3
Model loaded successfully from ./pretrained_model/64_to_256_3layers.ckpt
device : cuda
Model not found at ./model/decoder_output_wba_start_wba_input_line_plot_piece_size_1_fix_True_16frames/fold_3/fly_model.ckpt
Epoch 1/100
Training loss: 51.10466
Validation loss: 16.81480
New best model saved at epoch 1 with loss 16.81480
First epoch took 3.75 seconds.
Estimated total program duration: 0.52 hours
Estimated program end time (KST): 2024/11/03 17:29:04
Epoch 2/100
Training loss: 5.01985
Validation loss: 6.13078
New best model saved at epoch 2 with loss 6.13078
Epoch 3/100
Training loss: 2.76663
Validation loss: 7.05427
Epoch 4/100
Training loss: 2.37920
Validation loss: 3.95994
New best model saved at epoch 4 with loss 3.95994
Epoch 5/100
Training loss: 2.00360
Validation loss: 4.92269
Epoch 6/100
Training loss: 2.15314
Validation loss: 4.47276
Epoch 7/100
Training loss: 2.08533
Validation loss: 7.46364
Epoch 8/100
Training loss: 2.19853
Validation loss: 3.38798
New best model saved at epoch 8 with loss 3.38798
Epoch 9/100
Training loss: 1.82928
Validation loss: 4.43712
Epoch 10/100
Training loss: 1.94542
Validation loss: 2.21573
New best model saved at epoch 10 with loss 2.21573
Epoch 11/100
Training loss: 1.56421
Validation loss: 3.60127
Epoch 12/100
Training loss: 2.20901
Validation loss: 4.37103
Epoch 13/100
Training loss: 1.88702
Validation loss: 4.58202
Epoch 14/100
Training loss: 1.56661
Validation loss: 4.16060
Epoch 15/100
Training loss: 1.64429
Validation loss: 3.37158
Epoch 16/100
Training loss: 1.53252
Validation loss: 8.04976
Epoch 17/100
Training loss: 1.76764
Validation loss: 3.70504
Epoch 18/100
Training loss: 1.70819
Validation loss: 4.51099
Epoch 19/100
Training loss: 1.67349
Validation loss: 4.30039
Epoch 20/100
Training loss: 1.74993
Validation loss: 8.15243
Epoch 21/100
Training loss: 1.99741
Validation loss: 2.40496
Epoch 22/100
Training loss: 1.45847
Validation loss: 5.54863
Epoch 23/100
Training loss: 1.41378
Validation loss: 4.41538
Epoch 24/100
Training loss: 1.44369
Validation loss: 2.93474
Epoch 25/100
Training loss: 1.47586
Validation loss: 3.70656
Epoch 26/100
Training loss: 1.64077
Validation loss: 3.26807
Epoch 27/100
Training loss: 1.62477
Validation loss: 4.89194
Epoch 28/100
Training loss: 1.43508
Validation loss: 5.04148
Epoch 29/100
Training loss: 1.57227
Validation loss: 6.64988
Epoch 30/100
Training loss: 1.58296
Validation loss: 2.95952
Epoch 31/100
Training loss: 1.28182
Validation loss: 3.70387
Epoch 32/100
Training loss: 1.79676
Validation loss: 7.08971
Epoch 33/100
Training loss: 1.50389
Validation loss: 3.58822
Epoch 34/100
Training loss: 1.14538
Validation loss: 3.62994
Epoch 35/100
Training loss: 1.27838
Validation loss: 3.65371
Epoch 36/100
Training loss: 1.29470
Validation loss: 5.03528
Epoch 37/100
Training loss: 1.58631
Validation loss: 5.32388
Epoch 38/100
Training loss: 1.31618
Validation loss: 4.98928
Epoch 39/100
Training loss: 1.27353
Validation loss: 6.02257
Epoch 40/100
Training loss: 1.54123
Validation loss: 4.45539
Epoch 41/100
Training loss: 1.65380
Validation loss: 6.00171
Epoch 42/100
Training loss: 1.61082
Validation loss: 4.35307
Epoch 43/100
Training loss: 1.20750
Validation loss: 3.91858
Epoch 44/100
Training loss: 1.25466
Validation loss: 3.69352
Epoch 45/100
Training loss: 1.39746
Validation loss: 4.45722
Epoch 46/100
Training loss: 1.69322
Validation loss: 5.51400
Epoch 47/100
Training loss: 1.35180
Validation loss: 5.18098
Epoch 48/100
Training loss: 1.31722
Validation loss: 3.66962
Epoch 49/100
Training loss: 1.22659
Validation loss: 4.37967
Epoch 50/100
Training loss: 1.38476
Validation loss: 3.11618
Epoch 51/100
Training loss: 1.15221
Validation loss: 3.18143
Epoch 52/100
Training loss: 1.22499
Validation loss: 3.85971
Epoch 53/100
Training loss: 1.31428
Validation loss: 2.87605
Epoch 54/100
Training loss: 1.41651
Validation loss: 4.36708
Epoch 55/100
Training loss: 1.26499
Validation loss: 4.14048
Epoch 56/100
Training loss: 1.26617
Validation loss: 3.13268
Epoch 57/100
Training loss: 1.21820
Validation loss: 2.27328
Epoch 58/100
Training loss: 1.35242
Validation loss: 6.32003
Epoch 59/100
Training loss: 1.29236
Validation loss: 5.65798
Epoch 60/100
Training loss: 1.09852
Validation loss: 3.52285
Epoch 61/100
Training loss: 1.15999
Validation loss: 3.54634
Epoch 62/100
Training loss: 1.25964
Validation loss: 3.47414
Epoch 63/100
Training loss: 1.25112
Validation loss: 3.44731
Epoch 64/100
Training loss: 1.09613
Validation loss: 3.97412
Epoch 65/100
Training loss: 1.11221
Validation loss: 3.56124
Epoch 66/100
Training loss: 1.22064
Validation loss: 4.25434
Epoch 67/100
Training loss: 1.28055
Validation loss: 7.03842
Epoch 68/100
Training loss: 1.34418
Validation loss: 2.78614
Epoch 69/100
Training loss: 1.10221
Validation loss: 2.94543
Epoch 70/100
Training loss: 1.33082
Validation loss: 4.89645
Epoch 71/100
Training loss: 1.21389
Validation loss: 5.38577
Epoch 72/100
Training loss: 1.04301
Validation loss: 2.73204
Epoch 73/100
Training loss: 1.15559
Validation loss: 3.77066
Epoch 74/100
Training loss: 1.22749
Validation loss: 4.70423
Epoch 75/100
Training loss: 1.49684
Validation loss: 6.00894
Epoch 76/100
Training loss: 1.10972
Validation loss: 4.48902
Epoch 77/100
Training loss: 1.20418
Validation loss: 7.10912
Epoch 78/100
Training loss: 1.47609
Validation loss: 2.93208
Epoch 79/100
Training loss: 1.10398
Validation loss: 4.29325
Epoch 80/100
Training loss: 1.12269
Validation loss: 3.71596
Epoch 81/100
Training loss: 1.06047
Validation loss: 3.92293
Epoch 82/100
Training loss: 1.20592
Validation loss: 3.47767
Epoch 83/100
Training loss: 1.17353
Validation loss: 4.24496
Epoch 84/100
Training loss: 1.37679
Validation loss: 6.27616
Epoch 85/100
Training loss: 1.27065
Validation loss: 4.08544
Epoch 86/100
Training loss: 1.26008
Validation loss: 4.26468
Epoch 87/100
Training loss: 1.18400
Validation loss: 4.30851
Epoch 88/100
Training loss: 1.28012
Validation loss: 3.69222
Epoch 89/100
Training loss: 1.30421
Validation loss: 4.54629
Epoch 90/100
Training loss: 1.21143
Validation loss: 3.10756
Epoch 91/100
Training loss: 1.13993
Validation loss: 3.43167
Epoch 92/100
Training loss: 1.05936
Validation loss: 2.67977
Epoch 93/100
Training loss: 1.21276
Validation loss: 4.75879
Epoch 94/100
Training loss: 1.21386
Validation loss: 2.42435
Epoch 95/100
Training loss: 1.34938
Validation loss: 4.50383
Epoch 96/100
Training loss: 1.16407
Validation loss: 2.75271
Epoch 97/100
Training loss: 1.18400
Validation loss: 4.58027
Epoch 98/100
Training loss: 1.12410
Validation loss: 3.97494
Epoch 99/100
Training loss: 1.09593
Validation loss: 4.48395
Epoch 100/100
Training loss: 1.03179
Validation loss: 3.29535
Best model for fold 3 saved from epoch 10 with f1 2.21573
Final training loss: 1.03179
Final test loss: 3.29535
Fold 4
Model loaded successfully from ./pretrained_model/64_to_256_3layers.ckpt
device : cuda
Model not found at ./model/decoder_output_wba_start_wba_input_line_plot_piece_size_1_fix_True_16frames/fold_4/fly_model.ckpt
Epoch 1/100
Training loss: 57.16782
Validation loss: 7.20637
New best model saved at epoch 1 with loss 7.20637
First epoch took 3.74 seconds.
Estimated total program duration: 0.52 hours
Estimated program end time (KST): 2024/11/03 17:34:05
Epoch 2/100
Training loss: 6.77787
Validation loss: 5.09688
New best model saved at epoch 2 with loss 5.09688
Epoch 3/100
Training loss: 3.35712
Validation loss: 4.29797
New best model saved at epoch 3 with loss 4.29797
Epoch 4/100
Training loss: 2.44649
Validation loss: 6.19885
Epoch 5/100
Training loss: 2.58632
Validation loss: 6.26901
Epoch 6/100
Training loss: 2.31649
Validation loss: 4.48709
Epoch 7/100
Training loss: 2.33127
Validation loss: 3.23567
New best model saved at epoch 7 with loss 3.23567
Epoch 8/100
Training loss: 2.45540
Validation loss: 3.37758
Epoch 9/100
Training loss: 2.10313
Validation loss: 4.41742
Epoch 10/100
Training loss: 1.71880
Validation loss: 4.24166
Epoch 11/100
Training loss: 1.89733
Validation loss: 7.52740
Epoch 12/100
Training loss: 2.13976
Validation loss: 5.27891
Epoch 13/100
Training loss: 1.75516
Validation loss: 4.57882
Epoch 14/100
Training loss: 1.67071
Validation loss: 6.08139
Epoch 15/100
Training loss: 1.53523
Validation loss: 5.02699
Epoch 16/100
Training loss: 1.84713
Validation loss: 4.32937
Epoch 17/100
Training loss: 1.40308
Validation loss: 4.36214
Epoch 18/100
Training loss: 1.41662
Validation loss: 2.82742
New best model saved at epoch 18 with loss 2.82742
Epoch 19/100
Training loss: 1.79884
Validation loss: 4.77161
Epoch 20/100
Training loss: 1.84433
Validation loss: 3.45656
Epoch 21/100
Training loss: 1.51899
Validation loss: 4.51538
Epoch 22/100
Training loss: 1.42388
Validation loss: 3.98589
Epoch 23/100
Training loss: 1.76613
Validation loss: 6.08842
Epoch 24/100
Training loss: 1.49482
Validation loss: 4.89510
Epoch 25/100
Training loss: 1.43739
Validation loss: 2.21996
New best model saved at epoch 25 with loss 2.21996
Epoch 26/100
Training loss: 1.65761
Validation loss: 4.40393
Epoch 27/100
Training loss: 1.44328
Validation loss: 3.39233
Epoch 28/100
Training loss: 1.56673
Validation loss: 2.68424
Epoch 29/100
Training loss: 1.48266
Validation loss: 9.26115
Epoch 30/100
Training loss: 1.62304
Validation loss: 3.63592
Epoch 31/100
Training loss: 1.57865
Validation loss: 3.01134
Epoch 32/100
Training loss: 1.37075
Validation loss: 6.43854
Epoch 33/100
Training loss: 1.36406
Validation loss: 3.57644
Epoch 34/100
Training loss: 1.34318
Validation loss: 5.46828
Epoch 35/100
Training loss: 1.32716
Validation loss: 3.44207
Epoch 36/100
Training loss: 1.48034
Validation loss: 8.00233
Epoch 37/100
Training loss: 1.30757
Validation loss: 4.18261
Epoch 38/100
Training loss: 1.35608
Validation loss: 5.30773
Epoch 39/100
Training loss: 1.52611
Validation loss: 5.62405
Epoch 40/100
Training loss: 1.65138
Validation loss: 4.71350
Epoch 41/100
Training loss: 1.33056
Validation loss: 3.81763
Epoch 42/100
Training loss: 1.33537
Validation loss: 3.22123
Epoch 43/100
Training loss: 1.16056
Validation loss: 2.70762
Epoch 44/100
Training loss: 1.28305
Validation loss: 3.93242
Epoch 45/100
Training loss: 1.18969
Validation loss: 4.79414
Epoch 46/100
Training loss: 1.15866
Validation loss: 3.61377
Epoch 47/100
Training loss: 1.15950
Validation loss: 6.12112
Epoch 48/100
Training loss: 1.39073
Validation loss: 3.79977
Epoch 49/100
Training loss: 1.36573
Validation loss: 2.69226
Epoch 50/100
Training loss: 1.40414
Validation loss: 5.56900
Epoch 51/100
Training loss: 1.54622
Validation loss: 5.06315
Epoch 52/100
Training loss: 1.18911
Validation loss: 3.84763
Epoch 53/100
Training loss: 1.22093
Validation loss: 5.38844
Epoch 54/100
Training loss: 1.10065
Validation loss: 3.93298
Epoch 55/100
Training loss: 1.12826
Validation loss: 3.47162
Epoch 56/100
Training loss: 1.35182
Validation loss: 3.63532
Epoch 57/100
Training loss: 1.51394
Validation loss: 5.91761
Epoch 58/100
Training loss: 1.27294
Validation loss: 3.80671
Epoch 59/100
Training loss: 1.25203
Validation loss: 4.94046
Epoch 60/100
Training loss: 1.21961
Validation loss: 7.48321
Epoch 61/100
Training loss: 1.15268
Validation loss: 4.44106
Epoch 62/100
Training loss: 1.10432
Validation loss: 5.68943
Epoch 63/100
Training loss: 1.16516
Validation loss: 6.66389
Epoch 64/100
Training loss: 1.23899
Validation loss: 2.88569
Epoch 65/100
Training loss: 1.12866
Validation loss: 3.65144
Epoch 66/100
Training loss: 1.27515
Validation loss: 5.98078
Epoch 67/100
Training loss: 1.41772
Validation loss: 3.77677
Epoch 68/100
Training loss: 1.26891
Validation loss: 3.69645
Epoch 69/100
Training loss: 1.41893
Validation loss: 4.41930
Epoch 70/100
Training loss: 1.21121
Validation loss: 4.24681
Epoch 71/100
Training loss: 1.20061
Validation loss: 7.33187
Epoch 72/100
Training loss: 1.21669
Validation loss: 6.40881
Epoch 73/100
Training loss: 1.56235
Validation loss: 4.38425
Epoch 74/100
Training loss: 1.12360
Validation loss: 5.49674
Epoch 75/100
Training loss: 1.21205
Validation loss: 4.63336
Epoch 76/100
Training loss: 1.11149
Validation loss: 4.21808
Epoch 77/100
Training loss: 1.29207
Validation loss: 3.28905
Epoch 78/100
Training loss: 1.17355
Validation loss: 3.55939
Epoch 79/100
Training loss: 1.22397
Validation loss: 3.14117
Epoch 80/100
Training loss: 1.23420
Validation loss: 5.88026
Epoch 81/100
Training loss: 1.21326
Validation loss: 3.24158
Epoch 82/100
Training loss: 1.08220
Validation loss: 6.31041
Epoch 83/100
Training loss: 1.10357
Validation loss: 4.38740
Epoch 84/100
Training loss: 1.10202
Validation loss: 3.85075
Epoch 85/100
Training loss: 1.41832
Validation loss: 5.76524
Epoch 86/100
Training loss: 1.17591
Validation loss: 4.47924
Epoch 87/100
Training loss: 1.13996
Validation loss: 4.07452
Epoch 88/100
Training loss: 1.02128
Validation loss: 3.10311
Epoch 89/100
Training loss: 1.21873
Validation loss: 4.30088
Epoch 90/100
Training loss: 1.07382
Validation loss: 4.15497
Epoch 91/100
Training loss: 1.14207
Validation loss: 3.61091
Epoch 92/100
Training loss: 1.43760
Validation loss: 5.61131
Epoch 93/100
Training loss: 1.15169
Validation loss: 4.67943
Epoch 94/100
Training loss: 1.13957
Validation loss: 4.73679
Epoch 95/100
Training loss: 1.07809
Validation loss: 3.39984
Epoch 96/100
Training loss: 1.09405
Validation loss: 5.57894
Epoch 97/100
Training loss: 1.32374
Validation loss: 4.91384
Epoch 98/100
Training loss: 1.13875
Validation loss: 6.51762
Epoch 99/100
Training loss: 1.07418
Validation loss: 5.53557
Epoch 100/100
Training loss: 0.99082
Validation loss: 3.90862
Best model for fold 4 saved from epoch 25 with f1 2.21996
Final training loss: 0.99082
Final test loss: 3.90862
Fold 5
Model loaded successfully from ./pretrained_model/64_to_256_3layers.ckpt
device : cuda
Model not found at ./model/decoder_output_wba_start_wba_input_line_plot_piece_size_1_fix_True_16frames/fold_5/fly_model.ckpt
Epoch 1/100
Training loss: 52.78730
Validation loss: 9.75904
New best model saved at epoch 1 with loss 9.75904
First epoch took 3.76 seconds.
Estimated total program duration: 0.52 hours
Estimated program end time (KST): 2024/11/03 17:39:23
Epoch 2/100
Training loss: 5.37470
Validation loss: 5.25493
New best model saved at epoch 2 with loss 5.25493
Epoch 3/100
Training loss: 2.99657
Validation loss: 3.65596
New best model saved at epoch 3 with loss 3.65596
Epoch 4/100
Training loss: 2.24642
Validation loss: 4.77185
Epoch 5/100
Training loss: 2.33748
Validation loss: 4.76501
Epoch 6/100
Training loss: 2.05916
Validation loss: 4.28937
Epoch 7/100
Training loss: 1.89301
Validation loss: 4.33681
Epoch 8/100
Training loss: 1.88208
Validation loss: 5.31143
Epoch 9/100
Training loss: 1.59958
Validation loss: 9.30906
Epoch 10/100
Training loss: 1.88148
Validation loss: 10.71008
Epoch 11/100
Training loss: 1.86748
Validation loss: 4.84986
Epoch 12/100
Training loss: 1.49937
Validation loss: 7.39272
Epoch 13/100
Training loss: 1.59305
Validation loss: 5.10864
Epoch 14/100
Training loss: 1.83306
Validation loss: 4.55746
Epoch 15/100
Training loss: 1.55599
Validation loss: 3.78575
Epoch 16/100
Training loss: 1.81646
Validation loss: 3.72383
Epoch 17/100
Training loss: 1.38642
Validation loss: 4.94184
Epoch 18/100
Training loss: 1.39099
Validation loss: 3.63717
New best model saved at epoch 18 with loss 3.63717
Epoch 19/100
Training loss: 1.62435
Validation loss: 6.98012
Epoch 20/100
Training loss: 1.74677
Validation loss: 3.69594
Epoch 21/100
Training loss: 1.30732
Validation loss: 4.08959
Epoch 22/100
Training loss: 1.51038
Validation loss: 3.30485
New best model saved at epoch 22 with loss 3.30485
Epoch 23/100
Training loss: 1.35447
Validation loss: 3.07529
New best model saved at epoch 23 with loss 3.07529
Epoch 24/100
Training loss: 1.57983
Validation loss: 4.68902
Epoch 25/100
Training loss: 1.21769
Validation loss: 5.65260
Epoch 26/100
Training loss: 1.46846
Validation loss: 4.89249
Epoch 27/100
Training loss: 1.31117
Validation loss: 4.54513
Epoch 28/100
Training loss: 1.67918
Validation loss: 6.67749
Epoch 29/100
Training loss: 1.47470
Validation loss: 3.83095
Epoch 30/100
Training loss: 1.23283
Validation loss: 6.27486
Epoch 31/100
Training loss: 1.29147
Validation loss: 4.13321
Epoch 32/100
Training loss: 1.44966
Validation loss: 4.97041
Epoch 33/100
Training loss: 1.28524
Validation loss: 9.33451
Epoch 34/100
Training loss: 1.12886
Validation loss: 4.25204
Epoch 35/100
Training loss: 1.31282
Validation loss: 6.33409
Epoch 36/100
Training loss: 1.42640
Validation loss: 3.27427
Epoch 37/100
Training loss: 1.45238
Validation loss: 4.40487
Epoch 38/100
Training loss: 1.19707
Validation loss: 2.69854
New best model saved at epoch 38 with loss 2.69854
Epoch 39/100
Training loss: 1.25382
Validation loss: 3.53101
Epoch 40/100
Training loss: 1.28401
Validation loss: 10.15769
Epoch 41/100
Training loss: 1.60348
Validation loss: 4.82223
Epoch 42/100
Training loss: 1.31315
Validation loss: 6.08330
Epoch 43/100
Training loss: 1.30250
Validation loss: 3.51609
Epoch 44/100
Training loss: 1.48290
Validation loss: 4.56338
Epoch 45/100
Training loss: 1.23697
Validation loss: 4.42725
Epoch 46/100
Training loss: 1.42658
Validation loss: 5.58827
Epoch 47/100
Training loss: 1.19955
Validation loss: 3.82852
Epoch 48/100
Training loss: 1.31088
Validation loss: 5.38040
Epoch 49/100
Training loss: 1.28813
Validation loss: 4.70672
Epoch 50/100
Training loss: 1.33672
Validation loss: 4.10800
Epoch 51/100
Training loss: 1.23702
Validation loss: 5.63644
Epoch 52/100
Training loss: 1.19016
Validation loss: 4.26590
Epoch 53/100
Training loss: 1.06507
Validation loss: 4.94267
Epoch 54/100
Training loss: 1.05812
Validation loss: 4.05163
Epoch 55/100
Training loss: 1.11185
Validation loss: 6.39538
Epoch 56/100
Training loss: 1.19573
Validation loss: 3.74956
Epoch 57/100
Training loss: 1.18978
Validation loss: 8.43505
Epoch 58/100
Training loss: 1.06789
Validation loss: 4.45978
Epoch 59/100
Training loss: 1.18514
Validation loss: 6.98364
Epoch 60/100
Training loss: 1.04744
Validation loss: 4.11707
Epoch 61/100
Training loss: 0.98678
Validation loss: 3.54543
Epoch 62/100
Training loss: 1.29154
Validation loss: 6.34302
Epoch 63/100
Training loss: 1.09310
Validation loss: 4.81765
Epoch 64/100
Training loss: 1.35298
Validation loss: 3.90980
Epoch 65/100
Training loss: 0.98473
Validation loss: 3.85581
Epoch 66/100
Training loss: 1.19563
Validation loss: 5.03223
Epoch 67/100
Training loss: 1.37666
Validation loss: 3.87715
Epoch 68/100
Training loss: 1.30351
Validation loss: 6.27185
Epoch 69/100
Training loss: 1.07285
Validation loss: 9.86199
Epoch 70/100
Training loss: 1.33934
Validation loss: 5.28749
Epoch 71/100
Training loss: 1.12132
Validation loss: 4.17713
Epoch 72/100
Training loss: 0.94527
Validation loss: 5.13175
Epoch 73/100
Training loss: 1.25833
Validation loss: 6.77460
Epoch 74/100
Training loss: 1.58982
Validation loss: 8.46320
Epoch 75/100
Training loss: 1.00894
Validation loss: 3.87224
Epoch 76/100
Training loss: 1.20260
Validation loss: 5.48970
Epoch 77/100
Training loss: 1.10924
Validation loss: 4.80309
Epoch 78/100
Training loss: 1.19237
Validation loss: 4.85708
Epoch 79/100
Training loss: 1.12936
Validation loss: 6.73269
Epoch 80/100
Training loss: 1.21517
Validation loss: 5.50854
Epoch 81/100
Training loss: 1.19227
Validation loss: 7.83172
Epoch 82/100
Training loss: 1.13833
Validation loss: 5.38157
Epoch 83/100
Training loss: 1.36278
Validation loss: 3.51615
Epoch 84/100
Training loss: 1.12736
Validation loss: 3.61554
Epoch 85/100
Training loss: 1.20376
Validation loss: 4.97264
Epoch 86/100
Training loss: 1.14609
Validation loss: 7.24053
Epoch 87/100
Training loss: 1.10800
Validation loss: 5.30213
Epoch 88/100
Training loss: 1.31346
Validation loss: 5.13088
Epoch 89/100
Training loss: 1.19022
Validation loss: 5.10717
Epoch 90/100
Training loss: 0.91653
Validation loss: 3.92356
Epoch 91/100
Training loss: 1.25771
Validation loss: 6.11697
Epoch 92/100
Training loss: 1.05839
Validation loss: 5.40120
Epoch 93/100
Training loss: 1.09481
Validation loss: 8.06993
Epoch 94/100
Training loss: 1.02469
Validation loss: 5.10225
Epoch 95/100
Training loss: 0.88399
Validation loss: 5.84850
Epoch 96/100
Training loss: 1.02544
Validation loss: 4.67217
Epoch 97/100
Training loss: 0.94214
Validation loss: 3.50774
Epoch 98/100
Training loss: 0.99908
Validation loss: 4.13737
Epoch 99/100
Training loss: 1.01597
Validation loss: 4.29119
Epoch 100/100
Training loss: 1.16447
Validation loss: 6.38162
Best model for fold 5 saved from epoch 38 with f1 2.69854
Final training loss: 1.16447
Final test loss: 6.38162
All fold val losses: [1.9718075791994731, 2.140507181485494, 2.215729852517446, 2.2199614231164255, 2.6985396345456443]
Average val loss: 2.24931
./naturalistic/01_Bird.avi                                   Loaded : (5, 3596, 64, 128, 1)
./naturalistic/02_City.avi                                   Loaded : (5, 3596, 64, 128, 1)
./naturalistic/03_Forest.avi                                 Loaded : (5, 3596, 64, 128, 1)
Video is allocated on memory!
Shape : (3, 3596, 64, 128, 5)
augmented shape : (24, 3596, 64, 128, 5)
augmented shape : (24, 3600)
Fold 1
Model loaded successfully from ./pretrained_model/64_to_256_3layers.ckpt
device : cuda
Model not found at ./model/./model/decoder_output_wba_start_wba_input_line_plot_piece_size_1_fix_True_16frames_piece_size_5_fix_True_16frames/fold_1/fly_model.ckpt
Epoch 1/100
Training loss: 56.56985
Validation loss: 8.45335
New best model saved at epoch 1 with loss 8.45335
First epoch took 3.86 seconds.
Estimated total program duration: 0.54 hours
Estimated program end time (KST): 2024/11/03 17:45:41
Epoch 2/100
Training loss: 5.28754
Validation loss: 4.06683
New best model saved at epoch 2 with loss 4.06683
Epoch 3/100
Training loss: 3.04147
Validation loss: 6.80815
Epoch 4/100
Training loss: 3.05027
Validation loss: 12.98677
Epoch 5/100
Training loss: 2.48362
Validation loss: 4.21514
Epoch 6/100
Training loss: 1.93237
Validation loss: 4.17192
Epoch 7/100
Training loss: 2.04952
Validation loss: 6.67517
Epoch 8/100
Training loss: 1.91136
Validation loss: 4.71342
Epoch 9/100
Training loss: 1.92144
Validation loss: 8.37184
Epoch 10/100
Training loss: 2.01533
Validation loss: 4.93414
Epoch 11/100
Training loss: 1.68232
Validation loss: 7.56420
Epoch 12/100
Training loss: 1.67048
Validation loss: 6.17930
Epoch 13/100
Training loss: 1.71012
Validation loss: 4.14338
Epoch 14/100
Training loss: 1.64966
Validation loss: 6.81005
Epoch 15/100
Training loss: 1.68964
Validation loss: 8.47068
Epoch 16/100
Training loss: 1.50032
Validation loss: 5.35735
Epoch 17/100
Training loss: 1.67852
Validation loss: 9.23181
Epoch 18/100
Training loss: 1.44665
Validation loss: 9.50753
Epoch 19/100
Training loss: 1.61045
Validation loss: 4.53788
Epoch 20/100
Training loss: 1.42982
Validation loss: 8.31031
Epoch 21/100
Training loss: 1.55498
Validation loss: 4.13187
Epoch 22/100
Training loss: 1.66815
Validation loss: 7.51028
Epoch 23/100
Training loss: 1.74498
Validation loss: 5.26421
Epoch 24/100
Training loss: 1.72748
Validation loss: 5.39570
Epoch 25/100
Training loss: 1.47195
Validation loss: 3.90377
New best model saved at epoch 25 with loss 3.90377
Epoch 26/100
Training loss: 1.56131
Validation loss: 7.24903
Epoch 27/100
Training loss: 1.58994
Validation loss: 6.02490
Epoch 28/100
Training loss: 1.50868
Validation loss: 11.78129
Epoch 29/100
Training loss: 1.43383
Validation loss: 5.75538
Epoch 30/100
Training loss: 1.41233
Validation loss: 5.42296
Epoch 31/100
Training loss: 1.20947
Validation loss: 4.19029
Epoch 32/100
Training loss: 1.37327
Validation loss: 3.82617
New best model saved at epoch 32 with loss 3.82617
Epoch 33/100
Training loss: 1.64127
Validation loss: 7.10381
Epoch 34/100
Training loss: 1.32920
Validation loss: 4.28211
Epoch 35/100
Training loss: 1.22966
Validation loss: 6.02857
Epoch 36/100
Training loss: 1.23559
Validation loss: 3.80303
New best model saved at epoch 36 with loss 3.80303
Epoch 37/100
Training loss: 1.44631
Validation loss: 8.08862
Epoch 38/100
Training loss: 1.50252
Validation loss: 5.81852
Epoch 39/100
Training loss: 1.35885
Validation loss: 4.52226
Epoch 40/100
Training loss: 1.38536
Validation loss: 4.42233
Epoch 41/100
Training loss: 1.21228
Validation loss: 9.45059
Epoch 42/100
Training loss: 1.14706
Validation loss: 6.24056
Epoch 43/100
Training loss: 1.34503
Validation loss: 2.83001
New best model saved at epoch 43 with loss 2.83001
Epoch 44/100
Training loss: 1.34663
Validation loss: 6.48786
Epoch 45/100
Training loss: 1.45227
Validation loss: 3.73440
Epoch 46/100
Training loss: 1.44555
Validation loss: 4.72726
Epoch 47/100
Training loss: 1.27192
Validation loss: 7.13390
Epoch 48/100
Training loss: 1.47392
Validation loss: 5.57761
Epoch 49/100
Training loss: 1.57221
Validation loss: 3.87130
Epoch 50/100
Training loss: 1.23713
Validation loss: 6.93173
Epoch 51/100
Training loss: 1.16918
Validation loss: 7.11687
Epoch 52/100
Training loss: 1.25962
Validation loss: 5.52533
Epoch 53/100
Training loss: 1.28225
Validation loss: 7.84344
Epoch 54/100
Training loss: 1.22760
Validation loss: 4.92448
Epoch 55/100
Training loss: 1.20177
Validation loss: 4.12304
Epoch 56/100
Training loss: 1.34383
Validation loss: 5.10147
Epoch 57/100
Training loss: 1.20712
Validation loss: 4.24886
Epoch 58/100
Training loss: 1.16346
Validation loss: 5.47802
Epoch 59/100
Training loss: 1.33497
Validation loss: 3.53885
Epoch 60/100
Training loss: 1.05047
Validation loss: 6.20633
Epoch 61/100
Training loss: 1.24765
Validation loss: 4.89226
Epoch 62/100
Training loss: 1.18125
Validation loss: 4.48347
Epoch 63/100
Training loss: 1.16126
Validation loss: 5.11651
Epoch 64/100
Training loss: 1.23045
Validation loss: 3.90654
Epoch 65/100
Training loss: 1.38636
Validation loss: 3.71384
Epoch 66/100
Training loss: 1.20915
Validation loss: 5.89474
Epoch 67/100
Training loss: 1.39035
Validation loss: 8.32304
Epoch 68/100
Training loss: 1.33997
Validation loss: 5.98762
Epoch 69/100
Training loss: 1.36894
Validation loss: 3.06940
Epoch 70/100
Training loss: 1.32628
Validation loss: 3.73834
Epoch 71/100
Training loss: 1.22443
Validation loss: 7.67486
Epoch 72/100
Training loss: 1.12994
Validation loss: 6.14157
Epoch 73/100
Training loss: 1.09903
Validation loss: 6.21063
Epoch 74/100
Training loss: 1.05833
Validation loss: 4.59920
Epoch 75/100
Training loss: 1.21053
Validation loss: 7.46144
Epoch 76/100
Training loss: 1.33756
Validation loss: 2.53922
New best model saved at epoch 76 with loss 2.53922
Epoch 77/100
Training loss: 1.29468
Validation loss: 6.13759
Epoch 78/100
Training loss: 1.30856
Validation loss: 3.70208
Epoch 79/100
Training loss: 1.11272
Validation loss: 5.39629
Epoch 80/100
Training loss: 1.13959
Validation loss: 9.22422
Epoch 81/100
Training loss: 1.36867
Validation loss: 3.43943
Epoch 82/100
Training loss: 1.27308
Validation loss: 9.45979
Epoch 83/100
Training loss: 1.22925
Validation loss: 4.32022
Epoch 84/100
Training loss: 1.13185
Validation loss: 7.39018
Epoch 85/100
Training loss: 1.21793
Validation loss: 5.04581
Epoch 86/100
Training loss: 1.16397
Validation loss: 7.72301
Epoch 87/100
Training loss: 1.12316
Validation loss: 2.64183
Epoch 88/100
Training loss: 1.26395
Validation loss: 8.37005
Epoch 89/100
Training loss: 0.96556
Validation loss: 6.93527
Epoch 90/100
Training loss: 1.07789
Validation loss: 4.45414
Epoch 91/100
Training loss: 1.12124
Validation loss: 4.73100
Epoch 92/100
Training loss: 1.21833
Validation loss: 6.17179
Epoch 93/100
Training loss: 1.27040
Validation loss: 5.57364
Epoch 94/100
Training loss: 1.09257
Validation loss: 5.34425
Epoch 95/100
Training loss: 1.04743
Validation loss: 6.59403
Epoch 96/100
Training loss: 1.06382
Validation loss: 6.16857
Epoch 97/100
Training loss: 1.16087
Validation loss: 3.63474
Epoch 98/100
Training loss: 1.16628
Validation loss: 9.13544
Epoch 99/100
Training loss: 1.23513
Validation loss: 5.95193
Epoch 100/100
Training loss: 1.04527
Validation loss: 3.04357
Best model for fold 1 saved from epoch 76 with f1 2.53922
Final training loss: 1.04527
Final test loss: 3.04357
Fold 2
Model loaded successfully from ./pretrained_model/64_to_256_3layers.ckpt
device : cuda
Model not found at ./model/./model/decoder_output_wba_start_wba_input_line_plot_piece_size_1_fix_True_16frames_piece_size_5_fix_True_16frames/fold_2/fly_model.ckpt
Epoch 1/100
Training loss: 34.64551
Validation loss: 35.31669
New best model saved at epoch 1 with loss 35.31669
First epoch took 3.84 seconds.
Estimated total program duration: 0.53 hours
Estimated program end time (KST): 2024/11/03 17:50:46
Epoch 2/100
Training loss: 4.18672
Validation loss: 15.04949
New best model saved at epoch 2 with loss 15.04949
Epoch 3/100
Training loss: 2.76085
Validation loss: 8.56466
New best model saved at epoch 3 with loss 8.56466
Epoch 4/100
Training loss: 2.10437
Validation loss: 10.48411
Epoch 5/100
Training loss: 2.07135
Validation loss: 7.84380
New best model saved at epoch 5 with loss 7.84380
Epoch 6/100
Training loss: 2.51013
Validation loss: 9.31651
Epoch 7/100
Training loss: 1.97541
Validation loss: 6.98590
New best model saved at epoch 7 with loss 6.98590
Epoch 8/100
Training loss: 2.01881
Validation loss: 8.92633
Epoch 9/100
Training loss: 1.70291
Validation loss: 9.40259
Epoch 10/100
Training loss: 1.52373
Validation loss: 10.79249
Epoch 11/100
Training loss: 1.87743
Validation loss: 6.17239
New best model saved at epoch 11 with loss 6.17239
Epoch 12/100
Training loss: 1.61134
Validation loss: 6.35173
Epoch 13/100
Training loss: 1.51236
Validation loss: 7.42089
Epoch 14/100
Training loss: 1.39590
Validation loss: 8.81404
Epoch 15/100
Training loss: 1.40193
Validation loss: 7.83930
Epoch 16/100
Training loss: 1.29559
Validation loss: 10.16480
Epoch 17/100
Training loss: 1.40967
Validation loss: 7.76604
Epoch 18/100
Training loss: 1.32502
Validation loss: 5.82772
New best model saved at epoch 18 with loss 5.82772
Epoch 19/100
Training loss: 1.21232
Validation loss: 9.37506
Epoch 20/100
Training loss: 1.38442
Validation loss: 13.61278
Epoch 21/100
Training loss: 1.43106
Validation loss: 9.71692
Epoch 22/100
Training loss: 1.39789
Validation loss: 9.41058
Epoch 23/100
Training loss: 1.77055
Validation loss: 13.10142
Epoch 24/100
Training loss: 1.47211
Validation loss: 7.39430
Epoch 25/100
Training loss: 1.43279
Validation loss: 5.63759
New best model saved at epoch 25 with loss 5.63759
Epoch 26/100
Training loss: 1.46686
Validation loss: 9.61043
Epoch 27/100
Training loss: 1.27750
Validation loss: 8.98439
Epoch 28/100
Training loss: 1.25020
Validation loss: 13.94000
Epoch 29/100
Training loss: 1.45502
Validation loss: 10.19849
Epoch 30/100
Training loss: 1.28405
Validation loss: 6.95896
Epoch 31/100
Training loss: 1.13293
Validation loss: 10.05876
Epoch 32/100
Training loss: 1.29099
Validation loss: 7.76889
Epoch 33/100
Training loss: 1.41037
Validation loss: 11.13457
Epoch 34/100
Training loss: 1.39197
Validation loss: 10.90000
Epoch 35/100
Training loss: 1.19681
Validation loss: 12.83465
Epoch 36/100
Training loss: 1.20355
Validation loss: 5.49091
New best model saved at epoch 36 with loss 5.49091
Epoch 37/100
Training loss: 1.45699
Validation loss: 8.32976
Epoch 38/100
Training loss: 1.20991
Validation loss: 9.17256
Epoch 39/100
Training loss: 1.18009
Validation loss: 9.03195
Epoch 40/100
Training loss: 1.22704
Validation loss: 8.08789
Epoch 41/100
Training loss: 1.17201
Validation loss: 8.97842
Epoch 42/100
Training loss: 1.16666
Validation loss: 7.54405
Epoch 43/100
Training loss: 1.38899
Validation loss: 14.03714
Epoch 44/100
Training loss: 1.24684
Validation loss: 7.60249
Epoch 45/100
Training loss: 1.03227
Validation loss: 7.68282
Epoch 46/100
Training loss: 0.99251
Validation loss: 7.17924
Epoch 47/100
Training loss: 1.44897
Validation loss: 8.13463
Epoch 48/100
Training loss: 1.07476
Validation loss: 8.00601
Epoch 49/100
Training loss: 1.05530
Validation loss: 5.62067
Epoch 50/100
Training loss: 1.14709
Validation loss: 7.35732
Epoch 51/100
Training loss: 1.41867
Validation loss: 6.41319
Epoch 52/100
Training loss: 1.03176
Validation loss: 10.24987
Epoch 53/100
Training loss: 1.12179
Validation loss: 7.63348
Epoch 54/100
Training loss: 1.04103
Validation loss: 10.23310
Epoch 55/100
Training loss: 1.16085
Validation loss: 8.07913
Epoch 56/100
Training loss: 1.02785
Validation loss: 8.80470
Epoch 57/100
Training loss: 1.17281
Validation loss: 8.52839
Epoch 58/100
Training loss: 1.15118
Validation loss: 9.27846
Epoch 59/100
Training loss: 1.31782
Validation loss: 8.89610
Epoch 60/100
Training loss: 1.04466
Validation loss: 7.33388
Epoch 61/100
Training loss: 1.10209
Validation loss: 8.06147
Epoch 62/100
Training loss: 1.28396
Validation loss: 6.95000
Epoch 63/100
Training loss: 1.12736
Validation loss: 15.07752
Epoch 64/100
Training loss: 1.13511
Validation loss: 11.38726
Epoch 65/100
Training loss: 1.03361
Validation loss: 12.56902
Epoch 66/100
Training loss: 1.16042
Validation loss: 6.72674
Epoch 67/100
Training loss: 1.01562
Validation loss: 7.39912
Epoch 68/100
Training loss: 0.91540
Validation loss: 10.60051
Epoch 69/100
Training loss: 1.06653
Validation loss: 8.27419
Epoch 70/100
Training loss: 1.24058
Validation loss: 8.27355
Epoch 71/100
Training loss: 1.27491
Validation loss: 9.42630
Epoch 72/100
Training loss: 1.11472
Validation loss: 6.78936
Epoch 73/100
Training loss: 1.20216
Validation loss: 10.54796
Epoch 74/100
Training loss: 1.21134
Validation loss: 20.15562
Epoch 75/100
Training loss: 1.08437
Validation loss: 7.91472
Epoch 76/100
Training loss: 1.29217
Validation loss: 7.21528
Epoch 77/100
Training loss: 1.38995
Validation loss: 6.30628
Epoch 78/100
Training loss: 1.04369
Validation loss: 5.15136
New best model saved at epoch 78 with loss 5.15136
Epoch 79/100
Training loss: 1.02106
Validation loss: 9.30391
Epoch 80/100
Training loss: 0.99026
Validation loss: 9.01915
Epoch 81/100
Training loss: 1.28336
Validation loss: 11.20510
Epoch 82/100
Training loss: 1.14874
Validation loss: 9.44804
Epoch 83/100
Training loss: 1.03859
Validation loss: 7.04157
Epoch 84/100
Training loss: 1.14943
Validation loss: 7.78543
Epoch 85/100
Training loss: 1.36792
Validation loss: 8.56714
Epoch 86/100
Training loss: 1.07935
Validation loss: 7.85692
Epoch 87/100
Training loss: 1.04595
Validation loss: 8.78634
Epoch 88/100
Training loss: 1.22130
Validation loss: 7.64099
Epoch 89/100
Training loss: 0.90315
Validation loss: 9.53537
Epoch 90/100
Training loss: 1.20163
Validation loss: 10.58008
Epoch 91/100
Training loss: 0.95258
Validation loss: 7.82215
Epoch 92/100
Training loss: 1.00007
Validation loss: 8.90380
Epoch 93/100
Training loss: 1.13179
Validation loss: 11.45204
Epoch 94/100
Training loss: 1.03372
Validation loss: 8.09193
Epoch 95/100
Training loss: 1.02622
Validation loss: 11.29506
Epoch 96/100
Training loss: 1.10167
Validation loss: 10.16386
Epoch 97/100
Training loss: 1.05577
Validation loss: 11.70544
Epoch 98/100
Training loss: 1.00545
Validation loss: 8.58590
Epoch 99/100
Training loss: 1.04736
Validation loss: 11.54469
Epoch 100/100
Training loss: 0.98451
Validation loss: 13.48239
Best model for fold 2 saved from epoch 78 with f1 5.15136
Final training loss: 0.98451
Final test loss: 13.48239
Fold 3
Model loaded successfully from ./pretrained_model/64_to_256_3layers.ckpt
device : cuda
Model not found at ./model/./model/decoder_output_wba_start_wba_input_line_plot_piece_size_1_fix_True_16frames_piece_size_5_fix_True_16frames/fold_3/fly_model.ckpt
Epoch 1/100
Training loss: 49.31546
Validation loss: 13.37167
New best model saved at epoch 1 with loss 13.37167
First epoch took 3.84 seconds.
Estimated total program duration: 0.53 hours
Estimated program end time (KST): 2024/11/03 17:56:05
Epoch 2/100
Training loss: 5.37050
Validation loss: 6.85533
New best model saved at epoch 2 with loss 6.85533
Epoch 3/100
Training loss: 3.31647
Validation loss: 6.82564
New best model saved at epoch 3 with loss 6.82564
Epoch 4/100
Training loss: 2.26574
Validation loss: 10.79193
Epoch 5/100
Training loss: 2.59639
Validation loss: 9.62752
Epoch 6/100
Training loss: 2.14702
Validation loss: 5.98026
New best model saved at epoch 6 with loss 5.98026
Epoch 7/100
Training loss: 2.17567
Validation loss: 6.09664
Epoch 8/100
Training loss: 2.01462
Validation loss: 2.81643
New best model saved at epoch 8 with loss 2.81643
Epoch 9/100
Training loss: 1.86026
Validation loss: 6.77999
Epoch 10/100
Training loss: 1.61273
Validation loss: 6.44207
Epoch 11/100
Training loss: 1.73265
Validation loss: 5.00636
Epoch 12/100
Training loss: 2.01321
Validation loss: 5.49194
Epoch 13/100
Training loss: 1.99173
Validation loss: 5.65233
Epoch 14/100
Training loss: 1.79066
Validation loss: 7.58970
Epoch 15/100
Training loss: 1.67250
Validation loss: 5.22908
Epoch 16/100
Training loss: 1.53812
Validation loss: 4.44809
Epoch 17/100
Training loss: 1.49420
Validation loss: 3.90108
Epoch 18/100
Training loss: 1.49571
Validation loss: 5.16516
Epoch 19/100
Training loss: 1.76292
Validation loss: 8.39994
Epoch 20/100
Training loss: 1.62583
Validation loss: 3.35397
Epoch 21/100
Training loss: 1.70372
Validation loss: 3.86264
Epoch 22/100
Training loss: 1.74670
Validation loss: 4.71106
Epoch 23/100
Training loss: 1.44878
Validation loss: 7.48343
Epoch 24/100
Training loss: 1.34382
Validation loss: 4.44776
Epoch 25/100
Training loss: 1.34921
Validation loss: 5.52756
Epoch 26/100
Training loss: 1.59107
Validation loss: 5.46174
Epoch 27/100
Training loss: 1.69637
Validation loss: 8.58621
Epoch 28/100
Training loss: 1.75285
Validation loss: 3.08715
Epoch 29/100
Training loss: 1.51522
Validation loss: 4.80243
Epoch 30/100
Training loss: 1.44300
Validation loss: 5.52864
Epoch 31/100
Training loss: 1.32595
Validation loss: 10.69532
Epoch 32/100
Training loss: 1.61752
Validation loss: 9.21768
Epoch 33/100
Training loss: 1.63884
Validation loss: 6.04176
Epoch 34/100
Training loss: 1.46907
Validation loss: 6.61152
Epoch 35/100
Training loss: 1.26067
Validation loss: 8.11847
Epoch 36/100
Training loss: 1.42866
Validation loss: 7.04521
Epoch 37/100
Training loss: 1.18219
Validation loss: 3.82988
Epoch 38/100
Training loss: 1.30349
Validation loss: 5.86677
Epoch 39/100
Training loss: 1.06319
Validation loss: 3.32026
Epoch 40/100
Training loss: 1.38633
Validation loss: 3.51466
Epoch 41/100
Training loss: 1.29912
Validation loss: 5.36857
Epoch 42/100
Training loss: 1.30610
Validation loss: 7.15602
Epoch 43/100
Training loss: 1.24681
Validation loss: 4.09658
Epoch 44/100
Training loss: 1.08588
Validation loss: 7.28041
Epoch 45/100
Training loss: 1.11242
Validation loss: 4.62598
Epoch 46/100
Training loss: 1.18744
Validation loss: 3.49485
Epoch 47/100
Training loss: 1.50813
Validation loss: 4.31045
Epoch 48/100
Training loss: 1.34541
Validation loss: 7.52160
Epoch 49/100
Training loss: 1.00688
Validation loss: 8.83401
Epoch 50/100
Training loss: 1.29492
Validation loss: 6.14807
Epoch 51/100
Training loss: 1.54200
Validation loss: 4.49654
Epoch 52/100
Training loss: 1.21663
Validation loss: 4.08246
Epoch 53/100
Training loss: 1.17008
Validation loss: 6.95045
Epoch 54/100
Training loss: 0.98547
Validation loss: 5.34010
Epoch 55/100
Training loss: 1.31073
Validation loss: 4.54693
Epoch 56/100
Training loss: 1.44568
Validation loss: 4.75580
Epoch 57/100
Training loss: 1.16535
Validation loss: 5.03870
Epoch 58/100
Training loss: 1.49059
Validation loss: 3.26278
Epoch 59/100
Training loss: 1.39843
Validation loss: 6.03479
Epoch 60/100
Training loss: 1.26572
Validation loss: 4.65171
Epoch 61/100
Training loss: 1.17913
Validation loss: 4.20796
Epoch 62/100
Training loss: 1.29988
Validation loss: 5.89167
Epoch 63/100
Training loss: 1.16960
Validation loss: 5.49141
Epoch 64/100
Training loss: 1.01287
Validation loss: 5.65580
Epoch 65/100
Training loss: 1.02141
Validation loss: 7.84466
Epoch 66/100
Training loss: 1.10659
Validation loss: 5.52662
Epoch 67/100
Training loss: 1.16483
Validation loss: 4.89639
Epoch 68/100
Training loss: 1.14043
Validation loss: 5.49278
Epoch 69/100
Training loss: 1.10737
Validation loss: 3.52504
Epoch 70/100
Training loss: 1.18591
Validation loss: 5.58884
Epoch 71/100
Training loss: 1.08698
Validation loss: 4.28248
Epoch 72/100
Training loss: 1.24326
Validation loss: 4.36987
Epoch 73/100
Training loss: 1.22016
Validation loss: 5.83591
Epoch 74/100
Training loss: 1.14321
Validation loss: 4.97675
Epoch 75/100
Training loss: 1.17347
Validation loss: 9.06021
Epoch 76/100
Training loss: 1.16391
Validation loss: 6.45801
Epoch 77/100
Training loss: 1.13598
Validation loss: 7.13222
Epoch 78/100
Training loss: 1.02162
Validation loss: 5.34720
Epoch 79/100
Training loss: 1.38495
Validation loss: 7.88959
Epoch 80/100
Training loss: 1.17479
Validation loss: 6.89425
Epoch 81/100
Training loss: 1.15819
Validation loss: 7.61271
Epoch 82/100
Training loss: 1.09209
Validation loss: 5.85382
Epoch 83/100
Training loss: 1.35529
Validation loss: 4.34765
Epoch 84/100
Training loss: 1.33256
Validation loss: 4.55823
Epoch 85/100
Training loss: 1.12561
Validation loss: 5.60919
Epoch 86/100
Training loss: 1.46841
Validation loss: 5.45568
Epoch 87/100
Training loss: 1.30854
Validation loss: 6.82043
Epoch 88/100
Training loss: 1.05531
Validation loss: 6.12966
Epoch 89/100
Training loss: 1.03192
Validation loss: 5.00373
Epoch 90/100
Training loss: 1.07938
Validation loss: 5.88865
Epoch 91/100
Training loss: 0.95842
Validation loss: 5.66358
Epoch 92/100
Training loss: 1.19957
Validation loss: 7.50602
Epoch 93/100
Training loss: 1.15210
Validation loss: 4.36885
Epoch 94/100
Training loss: 1.06461
Validation loss: 6.34869
Epoch 95/100
Training loss: 1.02599
Validation loss: 6.37029
Epoch 96/100
Training loss: 1.28784
Validation loss: 6.75581
Epoch 97/100
Training loss: 1.26217
Validation loss: 5.23770
Epoch 98/100
Training loss: 1.23268
Validation loss: 3.43265
Epoch 99/100
Training loss: 1.17874
Validation loss: 5.97390
Epoch 100/100
Training loss: 1.05144
Validation loss: 5.90531
Best model for fold 3 saved from epoch 8 with f1 2.81643
Final training loss: 1.05144
Final test loss: 5.90531
Fold 4
Model loaded successfully from ./pretrained_model/64_to_256_3layers.ckpt
device : cuda
Model not found at ./model/./model/decoder_output_wba_start_wba_input_line_plot_piece_size_1_fix_True_16frames_piece_size_5_fix_True_16frames/fold_4/fly_model.ckpt
Epoch 1/100
Training loss: 45.77340
Validation loss: 19.93778
New best model saved at epoch 1 with loss 19.93778
First epoch took 3.81 seconds.
Estimated total program duration: 0.53 hours
Estimated program end time (KST): 2024/11/03 18:01:03
Epoch 2/100
Training loss: 5.52202
Validation loss: 8.77279
New best model saved at epoch 2 with loss 8.77279
Epoch 3/100
Training loss: 2.64307
Validation loss: 6.85763
New best model saved at epoch 3 with loss 6.85763
Epoch 4/100
Training loss: 2.60714
Validation loss: 11.79826
Epoch 5/100
Training loss: 2.26088
Validation loss: 9.10747
Epoch 6/100
Training loss: 2.11270
Validation loss: 7.67091
Epoch 7/100
Training loss: 2.27767
Validation loss: 10.27430
Epoch 8/100
Training loss: 2.44411
Validation loss: 9.74876
Epoch 9/100
Training loss: 1.93017
Validation loss: 8.95471
Epoch 10/100
Training loss: 1.95277
Validation loss: 8.45323
Epoch 11/100
Training loss: 1.58850
Validation loss: 8.69490
Epoch 12/100
Training loss: 1.58577
Validation loss: 8.10543
Epoch 13/100
Training loss: 1.57763
Validation loss: 7.62216
Epoch 14/100
Training loss: 1.61605
Validation loss: 8.18394
Epoch 15/100
Training loss: 1.59398
Validation loss: 8.00902
Epoch 16/100
Training loss: 1.52866
Validation loss: 9.80135
Epoch 17/100
Training loss: 1.65071
Validation loss: 8.20474
Epoch 18/100
Training loss: 1.69318
Validation loss: 4.33265
New best model saved at epoch 18 with loss 4.33265
Epoch 19/100
Training loss: 1.67105
Validation loss: 12.34842
Epoch 20/100
Training loss: 1.56089
Validation loss: 7.33465
Epoch 21/100
Training loss: 1.57985
Validation loss: 4.88997
Epoch 22/100
Training loss: 1.60081
Validation loss: 8.13167
Epoch 23/100
Training loss: 1.58567
Validation loss: 8.10681
Epoch 24/100
Training loss: 1.24529
Validation loss: 7.68807
Epoch 25/100
Training loss: 1.24987
Validation loss: 6.90608
Epoch 26/100
Training loss: 1.37678
Validation loss: 12.38068
Epoch 27/100
Training loss: 1.30708
Validation loss: 7.54355
Epoch 28/100
Training loss: 1.48926
Validation loss: 11.38993
Epoch 29/100
Training loss: 1.26006
Validation loss: 8.21180
Epoch 30/100
Training loss: 1.49147
Validation loss: 9.88166
Epoch 31/100
Training loss: 1.43721
Validation loss: 6.24910
Epoch 32/100
Training loss: 1.35572
Validation loss: 9.26402
Epoch 33/100
Training loss: 1.29345
Validation loss: 11.31904
Epoch 34/100
Training loss: 1.42968
Validation loss: 7.50469
Epoch 35/100
Training loss: 1.24731
Validation loss: 6.27421
Epoch 36/100
Training loss: 1.79642
Validation loss: 6.44184
Epoch 37/100
Training loss: 1.18461
Validation loss: 5.39737
Epoch 38/100
Training loss: 1.39491
Validation loss: 7.80803
Epoch 39/100
Training loss: 1.19528
Validation loss: 7.24759
Epoch 40/100
Training loss: 1.34604
Validation loss: 8.25578
Epoch 41/100
Training loss: 1.18869
Validation loss: 7.97999
Epoch 42/100
Training loss: 1.14117
Validation loss: 6.00514
Epoch 43/100
Training loss: 1.21195
Validation loss: 5.98190
Epoch 44/100
Training loss: 1.45882
Validation loss: 5.72235
Epoch 45/100
Training loss: 1.22402
Validation loss: 9.22945
Epoch 46/100
Training loss: 1.08695
Validation loss: 9.19820
Epoch 47/100
Training loss: 1.17711
Validation loss: 10.75453
Epoch 48/100
Training loss: 1.27834
Validation loss: 9.42404
Epoch 49/100
Training loss: 1.07723
Validation loss: 10.51016
Epoch 50/100
Training loss: 1.21608
Validation loss: 7.09097
Epoch 51/100
Training loss: 1.10778
Validation loss: 8.26147
Epoch 52/100
Training loss: 1.15491
Validation loss: 9.92746
Epoch 53/100
Training loss: 1.33234
Validation loss: 6.64596
Epoch 54/100
Training loss: 1.23645
Validation loss: 9.03518
Epoch 55/100
Training loss: 1.31369
Validation loss: 12.19358
Epoch 56/100
Training loss: 1.31160
Validation loss: 12.69077
Epoch 57/100
Training loss: 1.11161
Validation loss: 8.04959
Epoch 58/100
Training loss: 1.07539
Validation loss: 9.47302
Epoch 59/100
Training loss: 1.06145
Validation loss: 5.89454
Epoch 60/100
Training loss: 1.32976
Validation loss: 7.63786
Epoch 61/100
Training loss: 1.07718
Validation loss: 9.20555
Epoch 62/100
Training loss: 1.73180
Validation loss: 6.30273
Epoch 63/100
Training loss: 1.16586
Validation loss: 8.23275
Epoch 64/100
Training loss: 1.17721
Validation loss: 10.30303
Epoch 65/100
Training loss: 1.24402
Validation loss: 11.23863
Epoch 66/100
Training loss: 1.10289
Validation loss: 9.52913
Epoch 67/100
Training loss: 1.06438
Validation loss: 11.49881
Epoch 68/100
Training loss: 1.07931
Validation loss: 14.89649
Epoch 69/100
Training loss: 1.29266
Validation loss: 7.88156
Epoch 70/100
Training loss: 1.25804
Validation loss: 10.01419
Epoch 71/100
Training loss: 1.07680
Validation loss: 17.60525
Epoch 72/100
Training loss: 1.34539
Validation loss: 10.72436
Epoch 73/100
Training loss: 1.30573
Validation loss: 6.69042
Epoch 74/100
Training loss: 1.14925
Validation loss: 10.29632
Epoch 75/100
Training loss: 1.00269
Validation loss: 8.59250
Epoch 76/100
Training loss: 1.03126
Validation loss: 7.54989
Epoch 77/100
Training loss: 1.18017
Validation loss: 12.01655
Epoch 78/100
Training loss: 1.34340
Validation loss: 12.02560
Epoch 79/100
Training loss: 1.64867
Validation loss: 5.76790
Epoch 80/100
Training loss: 1.36041
Validation loss: 5.99863
Epoch 81/100
Training loss: 1.25451
Validation loss: 10.34340
Epoch 82/100
Training loss: 1.03772
Validation loss: 5.74713
Epoch 83/100
Training loss: 1.12964
Validation loss: 6.98709
Epoch 84/100
Training loss: 0.98460
Validation loss: 7.63949
Epoch 85/100
Training loss: 1.16041
Validation loss: 9.58743
Epoch 86/100
Training loss: 1.01606
Validation loss: 7.14761
Epoch 87/100
Training loss: 1.10371
Validation loss: 6.58287
Epoch 88/100
Training loss: 1.07031
Validation loss: 5.28156
Epoch 89/100
Training loss: 1.08110
Validation loss: 10.83127
Epoch 90/100
Training loss: 1.14989
Validation loss: 15.98916
Epoch 91/100
Training loss: 1.00520
Validation loss: 8.35139
Epoch 92/100
Training loss: 1.14576
Validation loss: 7.50961
Epoch 93/100
Training loss: 1.41611
Validation loss: 11.97806
Epoch 94/100
Training loss: 1.17847
Validation loss: 8.99661
Epoch 95/100
Training loss: 1.29964
Validation loss: 13.14549
Epoch 96/100
Training loss: 1.29745
Validation loss: 10.99308
Epoch 97/100
Training loss: 1.29544
Validation loss: 7.67759
Epoch 98/100
Training loss: 1.16152
Validation loss: 7.88416
Epoch 99/100
Training loss: 1.11175
Validation loss: 12.33821
Epoch 100/100
Training loss: 1.22957
Validation loss: 9.66388
Best model for fold 4 saved from epoch 18 with f1 4.33265
Final training loss: 1.22957
Final test loss: 9.66388
Fold 5
Model loaded successfully from ./pretrained_model/64_to_256_3layers.ckpt
device : cuda
Model not found at ./model/./model/decoder_output_wba_start_wba_input_line_plot_piece_size_1_fix_True_16frames_piece_size_5_fix_True_16frames/fold_5/fly_model.ckpt
Epoch 1/100
Training loss: 48.07491
Validation loss: 9.02768
New best model saved at epoch 1 with loss 9.02768
First epoch took 3.81 seconds.
Estimated total program duration: 0.53 hours
Estimated program end time (KST): 2024/11/03 18:06:13
Epoch 2/100
Training loss: 5.15437
Validation loss: 6.71708
New best model saved at epoch 2 with loss 6.71708
Epoch 3/100
Training loss: 2.87331
Validation loss: 7.70492
Epoch 4/100
Training loss: 2.77308
Validation loss: 8.44758
Epoch 5/100
Training loss: 2.25510
Validation loss: 8.34735
Epoch 6/100
Training loss: 2.19988
Validation loss: 8.15830
Epoch 7/100
Training loss: 2.36056
Validation loss: 6.45691
New best model saved at epoch 7 with loss 6.45691
Epoch 8/100
Training loss: 1.84723
Validation loss: 6.73172
Epoch 9/100
Training loss: 1.85422
Validation loss: 10.42176
Epoch 10/100
Training loss: 2.10116
Validation loss: 7.86630
Epoch 11/100
Training loss: 1.89985
Validation loss: 5.75434
New best model saved at epoch 11 with loss 5.75434
Epoch 12/100
Training loss: 1.87715
Validation loss: 7.26179
Epoch 13/100
Training loss: 1.78636
Validation loss: 5.09855
New best model saved at epoch 13 with loss 5.09855
Epoch 14/100
Training loss: 1.69679
Validation loss: 8.36156
Epoch 15/100
Training loss: 1.81291
Validation loss: 6.07442
Epoch 16/100
Training loss: 1.84328
Validation loss: 8.50830
Epoch 17/100
Training loss: 1.94826
Validation loss: 7.14461
Epoch 18/100
Training loss: 2.07302
Validation loss: 4.75646
New best model saved at epoch 18 with loss 4.75646
Epoch 19/100
Training loss: 1.62287
Validation loss: 10.00911
Epoch 20/100
Training loss: 1.60329
Validation loss: 8.45851
Epoch 21/100
Training loss: 1.58382
Validation loss: 12.74102
Epoch 22/100
Training loss: 1.74201
Validation loss: 10.55408
Epoch 23/100
Training loss: 1.54534
Validation loss: 7.80535
Epoch 24/100
Training loss: 2.41993
Validation loss: 13.37266
Epoch 25/100
Training loss: 1.77400
Validation loss: 5.99849
Epoch 26/100
Training loss: 1.50985
Validation loss: 5.95838
Epoch 27/100
Training loss: 1.52563
Validation loss: 9.62485
Epoch 28/100
Training loss: 1.63618
Validation loss: 5.30724
Epoch 29/100
Training loss: 1.92745
Validation loss: 7.61219
Epoch 30/100
Training loss: 1.68295
Validation loss: 5.58997
Epoch 31/100
Training loss: 1.38277
Validation loss: 5.62183
Epoch 32/100
Training loss: 1.37870
Validation loss: 5.63158
Epoch 33/100
Training loss: 1.34199
Validation loss: 6.75867
Epoch 34/100
Training loss: 1.26922
Validation loss: 6.32331
Epoch 35/100
Training loss: 1.24419
Validation loss: 6.32485
Epoch 36/100
Training loss: 1.30104
Validation loss: 6.17339
Epoch 37/100
Training loss: 1.15563
Validation loss: 5.01613
Epoch 38/100
Training loss: 1.45065
Validation loss: 4.92707
Epoch 39/100
Training loss: 1.62772
Validation loss: 8.93379
Epoch 40/100
Training loss: 1.35355
Validation loss: 7.42440
Epoch 41/100
Training loss: 1.48976
Validation loss: 7.15487
Epoch 42/100
Training loss: 1.77118
Validation loss: 8.14782
Epoch 43/100
Training loss: 1.38115
Validation loss: 6.85926
Epoch 44/100
Training loss: 1.26045
Validation loss: 7.57353
Epoch 45/100
Training loss: 1.36393
Validation loss: 7.81586
Epoch 46/100
Training loss: 1.31843
Validation loss: 6.34240
Epoch 47/100
Training loss: 1.30900
Validation loss: 7.39623
Epoch 48/100
Training loss: 1.39743
Validation loss: 7.67900
Epoch 49/100
Training loss: 1.41711
Validation loss: 9.59331
Epoch 50/100
Training loss: 1.16570
Validation loss: 9.67174
Epoch 51/100
Training loss: 1.13189
Validation loss: 9.10573
Epoch 52/100
Training loss: 1.29256
Validation loss: 8.64019
Epoch 53/100
Training loss: 1.25955
Validation loss: 8.46728
Epoch 54/100
Training loss: 1.50653
Validation loss: 5.98518
Epoch 55/100
Training loss: 1.33544
Validation loss: 7.48691
Epoch 56/100
Training loss: 1.39419
Validation loss: 8.65810
Epoch 57/100
Training loss: 1.54816
Validation loss: 9.56916
Epoch 58/100
Training loss: 1.17637
Validation loss: 6.64210
Epoch 59/100
Training loss: 1.48476
Validation loss: 10.01509
Epoch 60/100
Training loss: 1.28349
Validation loss: 6.22881
Epoch 61/100
Training loss: 1.23203
Validation loss: 6.80926
Epoch 62/100
Training loss: 1.31723
Validation loss: 6.35274
Epoch 63/100
Training loss: 1.57475
Validation loss: 8.92111
Epoch 64/100
Training loss: 1.29575
Validation loss: 8.48326
Epoch 65/100
Training loss: 1.45099
Validation loss: 6.22753
Epoch 66/100
Training loss: 1.45560
Validation loss: 7.03232
Epoch 67/100
Training loss: 1.30180
Validation loss: 7.47792
Epoch 68/100
Training loss: 1.23539
Validation loss: 5.86672
Epoch 69/100
Training loss: 1.35519
Validation loss: 5.28039
Epoch 70/100
Training loss: 1.23058
Validation loss: 5.98257
Epoch 71/100
Training loss: 1.48393
Validation loss: 6.93564
Epoch 72/100
Training loss: 1.71980
Validation loss: 5.37902
Epoch 73/100
Training loss: 1.12060
Validation loss: 5.92485
Epoch 74/100
Training loss: 1.12725
Validation loss: 6.95803
Epoch 75/100
Training loss: 1.19611
Validation loss: 6.15283
Epoch 76/100
Training loss: 1.28010
Validation loss: 7.25388
Epoch 77/100
Training loss: 1.48173
Validation loss: 6.64063
Epoch 78/100
Training loss: 1.36735
Validation loss: 8.62916
Epoch 79/100
Training loss: 1.11869
Validation loss: 6.95207
Epoch 80/100
Training loss: 1.38505
Validation loss: 9.17266
Epoch 81/100
Training loss: 1.37052
Validation loss: 8.77863
Epoch 82/100
Training loss: 1.35561
Validation loss: 10.07037
Epoch 83/100
Training loss: 1.25734
Validation loss: 5.73940
Epoch 84/100
Training loss: 1.32479
Validation loss: 5.22930
Epoch 85/100
Training loss: 1.32943
Validation loss: 7.46309
Epoch 86/100
Training loss: 1.37385
Validation loss: 8.75043
Epoch 87/100
Training loss: 1.51885
Validation loss: 7.16524
Epoch 88/100
Training loss: 1.07876
Validation loss: 6.49320
Epoch 89/100
Training loss: 1.32421
Validation loss: 6.05887
Epoch 90/100
Training loss: 1.20139
Validation loss: 7.34605
Epoch 91/100
Training loss: 1.22621
Validation loss: 9.30487
Epoch 92/100
Training loss: 1.18721
Validation loss: 7.47318
Epoch 93/100
Training loss: 1.23067
Validation loss: 11.12724
Epoch 94/100
Training loss: 1.55922
Validation loss: 6.33819
Epoch 95/100
Training loss: 1.36921
Validation loss: 6.88792
Epoch 96/100
Training loss: 1.13394
Validation loss: 7.07679
Epoch 97/100
Training loss: 1.26543
Validation loss: 5.99099
Epoch 98/100
Training loss: 1.13153
Validation loss: 6.41014
Epoch 99/100
Training loss: 1.15083
Validation loss: 7.23935
Epoch 100/100
Training loss: 1.33343
Validation loss: 5.34109
Best model for fold 5 saved from epoch 18 with f1 4.75646
Final training loss: 1.33343
Final test loss: 5.34109
All fold val losses: [2.53921902179718, 5.151359558105469, 2.8164265155792236, 4.332650780677795, 4.75645911693573]
Average val loss: 3.91922
./naturalistic/01_Bird.avi                                   Loaded : (5, 3596, 64, 128, 1)
./naturalistic/02_City.avi                                   Loaded : (5, 3596, 64, 128, 1)
./naturalistic/03_Forest.avi                                 Loaded : (5, 3596, 64, 128, 1)
Video is allocated on memory!
Shape : (3, 3596, 64, 128, 5)
augmented shape : (24, 3596, 64, 128, 5)
augmented shape : (24, 3600)
Fold 1
Model loaded successfully from ./pretrained_model/64_to_256_3layers.ckpt
device : cuda
Model not found at ./model/./model/./model/decoder_output_wba_start_wba_input_line_plot_piece_size_1_fix_True_16frames_piece_size_5_fix_True_16frames_piece_size_10_fix_True_16frames/fold_1/fly_model.ckpt
Epoch 1/100
Training loss: 37.94848
Validation loss: 21.77162
New best model saved at epoch 1 with loss 21.77162
First epoch took 3.85 seconds.
Estimated total program duration: 0.54 hours
Estimated program end time (KST): 2024/11/03 18:12:09
Epoch 2/100
Training loss: 5.33502
Validation loss: 6.27105
New best model saved at epoch 2 with loss 6.27105
Epoch 3/100
Training loss: 2.96288
Validation loss: 7.43914
Epoch 4/100
Training loss: 2.24427
Validation loss: 8.86675
Epoch 5/100
Training loss: 1.99077
Validation loss: 9.11143
Epoch 6/100
Training loss: 1.91049
Validation loss: 8.70664
Epoch 7/100
Training loss: 1.71433
Validation loss: 5.70888
New best model saved at epoch 7 with loss 5.70888
Epoch 8/100
Training loss: 1.84500
Validation loss: 9.68475
Epoch 9/100
Training loss: 2.03116
Validation loss: 10.02603
Epoch 10/100
Training loss: 1.70831
Validation loss: 7.26076
Epoch 11/100
Training loss: 1.91250
Validation loss: 10.69152
Epoch 12/100
Training loss: 1.78731
Validation loss: 10.23646
Epoch 13/100
Training loss: 1.67965
Validation loss: 12.84074
Epoch 14/100
Training loss: 1.56194
Validation loss: 8.36977
Epoch 15/100
Training loss: 1.53573
Validation loss: 8.72684
Epoch 16/100
Training loss: 1.69406
Validation loss: 10.97780
Epoch 17/100
Training loss: 1.52021
Validation loss: 9.26451
Epoch 18/100
Training loss: 1.28678
Validation loss: 7.15364
Epoch 19/100
Training loss: 1.39688
Validation loss: 11.98248
Epoch 20/100
Training loss: 1.60513
Validation loss: 9.09122
Epoch 21/100
Training loss: 1.65611
Validation loss: 9.06482
Epoch 22/100
Training loss: 1.45056
Validation loss: 8.15433
Epoch 23/100
Training loss: 1.58670
Validation loss: 8.00089
Epoch 24/100
Training loss: 1.59446
Validation loss: 8.80900
Epoch 25/100
Training loss: 1.27104
Validation loss: 7.32154
Epoch 26/100
Training loss: 1.35133
Validation loss: 10.25350
Epoch 27/100
Training loss: 1.20713
Validation loss: 9.82380
Epoch 28/100
Training loss: 1.27808
Validation loss: 9.53176
Epoch 29/100
Training loss: 1.43377
Validation loss: 10.27748
Epoch 30/100
Training loss: 1.31598
Validation loss: 9.92240
Epoch 31/100
Training loss: 1.47159
Validation loss: 9.18669
Epoch 32/100
Training loss: 1.40108
Validation loss: 7.77774
Epoch 33/100
Training loss: 1.26726
Validation loss: 7.98235
Epoch 34/100
Training loss: 1.23121
Validation loss: 11.24297
Epoch 35/100
Training loss: 1.41654
Validation loss: 10.39884
Epoch 36/100
Training loss: 1.37232
Validation loss: 7.45292
Epoch 37/100
Training loss: 1.11362
Validation loss: 9.00456
Epoch 38/100
Training loss: 1.15357
Validation loss: 8.21054
Epoch 39/100
Training loss: 1.24489
Validation loss: 10.89279
Epoch 40/100
Training loss: 1.09405
Validation loss: 10.04355
Epoch 41/100
Training loss: 1.62663
Validation loss: 10.14238
Epoch 42/100
Training loss: 1.46375
Validation loss: 8.34666
Epoch 43/100
Training loss: 1.11637
Validation loss: 8.79818
Epoch 44/100
Training loss: 1.20685
Validation loss: 7.14227
Epoch 45/100
Training loss: 1.20505
Validation loss: 7.91331
Epoch 46/100
Training loss: 1.29686
Validation loss: 9.35212
Epoch 47/100
Training loss: 1.18648
Validation loss: 9.02056
Epoch 48/100
Training loss: 1.24122
Validation loss: 8.26222
Epoch 49/100
Training loss: 1.22409
Validation loss: 7.80456
Epoch 50/100
Training loss: 1.12361
Validation loss: 5.94174
Epoch 51/100
Training loss: 0.91277
Validation loss: 9.69369
Epoch 52/100
Training loss: 1.17348
Validation loss: 7.21608
Epoch 53/100
Training loss: 1.27519
Validation loss: 10.61982
Epoch 54/100
Training loss: 1.16341
Validation loss: 11.61870
Epoch 55/100
Training loss: 1.15606
Validation loss: 11.64312
Epoch 56/100
Training loss: 1.12403
Validation loss: 9.20739
Epoch 57/100
Training loss: 1.28909
Validation loss: 10.19520
Epoch 58/100
Training loss: 1.44054
Validation loss: 8.68919
Epoch 59/100
Training loss: 1.04457
Validation loss: 7.70366
Epoch 60/100
Training loss: 1.05631
Validation loss: 6.28178
Epoch 61/100
Training loss: 1.11442
Validation loss: 7.86585
Epoch 62/100
Training loss: 1.18884
Validation loss: 6.81613
Epoch 63/100
Training loss: 1.06317
Validation loss: 8.45005
Epoch 64/100
Training loss: 1.25792
Validation loss: 10.07399
Epoch 65/100
Training loss: 1.05924
Validation loss: 5.95987
Epoch 66/100
Training loss: 1.32924
Validation loss: 9.12899
Epoch 67/100
Training loss: 1.17973
Validation loss: 9.82402
Epoch 68/100
Training loss: 1.19731
Validation loss: 8.97374
Epoch 69/100
Training loss: 1.18647
Validation loss: 7.87365
Epoch 70/100
Training loss: 1.21819
Validation loss: 13.99013
Epoch 71/100
Training loss: 1.08962
Validation loss: 9.22621
Epoch 72/100
Training loss: 1.38730
Validation loss: 14.77223
Epoch 73/100
Training loss: 1.62390
Validation loss: 9.59156
Epoch 74/100
Training loss: 1.15392
Validation loss: 8.79902
Epoch 75/100
Training loss: 1.04693
Validation loss: 7.70039
Epoch 76/100
Training loss: 1.24495
Validation loss: 6.75583
Epoch 77/100
Training loss: 1.10201
Validation loss: 10.51889
Epoch 78/100
Training loss: 1.19297
Validation loss: 7.34654
Epoch 79/100
Training loss: 1.04780
Validation loss: 9.23902
Epoch 80/100
Training loss: 1.03074
Validation loss: 11.58898
Epoch 81/100
Training loss: 1.16022
Validation loss: 8.37954
Epoch 82/100
Training loss: 1.16629
Validation loss: 8.69498
Epoch 83/100
Training loss: 1.12990
Validation loss: 8.48804
Epoch 84/100
Training loss: 0.90402
Validation loss: 9.86246
Epoch 85/100
Training loss: 1.06156
Validation loss: 8.07407
Epoch 86/100
Training loss: 1.05694
Validation loss: 8.20859
Epoch 87/100
Training loss: 1.22705
Validation loss: 9.13034
Epoch 88/100
Training loss: 1.29045
Validation loss: 8.91132
Epoch 89/100
Training loss: 1.18917
Validation loss: 8.59444
Epoch 90/100
Training loss: 1.12228
Validation loss: 8.83558
Epoch 91/100
Training loss: 0.96660
Validation loss: 9.20073
Epoch 92/100
Training loss: 1.07694
Validation loss: 9.06938
Epoch 93/100
Training loss: 1.16265
Validation loss: 9.67152
Epoch 94/100
Training loss: 1.19359
Validation loss: 7.92727
Epoch 95/100
Training loss: 1.06870
Validation loss: 9.63337
Epoch 96/100
Training loss: 1.18181
Validation loss: 9.62332
Epoch 97/100
Training loss: 1.08330
Validation loss: 11.28080
Epoch 98/100
Training loss: 1.20557
Validation loss: 8.41470
Epoch 99/100
Training loss: 1.18588
Validation loss: 9.45458
Epoch 100/100
Training loss: 0.94021
Validation loss: 10.11106
Best model for fold 1 saved from epoch 7 with f1 5.70888
Final training loss: 0.94021
Final test loss: 10.11106
Fold 2
Model loaded successfully from ./pretrained_model/64_to_256_3layers.ckpt
device : cuda
Model not found at ./model/./model/./model/decoder_output_wba_start_wba_input_line_plot_piece_size_1_fix_True_16frames_piece_size_5_fix_True_16frames_piece_size_10_fix_True_16frames/fold_2/fly_model.ckpt
Epoch 1/100
Training loss: 56.53774
Validation loss: 8.61245
New best model saved at epoch 1 with loss 8.61245
First epoch took 3.81 seconds.
Estimated total program duration: 0.53 hours
Estimated program end time (KST): 2024/11/03 18:16:56
Epoch 2/100
Training loss: 5.48235
Validation loss: 6.72387
New best model saved at epoch 2 with loss 6.72387
Epoch 3/100
Training loss: 3.48568
Validation loss: 6.30236
New best model saved at epoch 3 with loss 6.30236
Epoch 4/100
Training loss: 2.76668
Validation loss: 6.94181
Epoch 5/100
Training loss: 2.17554
Validation loss: 5.05462
New best model saved at epoch 5 with loss 5.05462
Epoch 6/100
Training loss: 2.35323
Validation loss: 7.79535
Epoch 7/100
Training loss: 1.96131
Validation loss: 5.73802
Epoch 8/100
Training loss: 2.21989
Validation loss: 5.63363
Epoch 9/100
Training loss: 2.18914
Validation loss: 9.44363
Epoch 10/100
Training loss: 1.87565
Validation loss: 5.15194
Epoch 11/100
Training loss: 1.91266
Validation loss: 8.15179
Epoch 12/100
Training loss: 1.71622
Validation loss: 7.31866
Epoch 13/100
Training loss: 1.67838
Validation loss: 7.38613
Epoch 14/100
Training loss: 1.67511
Validation loss: 7.77431
Epoch 15/100
Training loss: 1.76494
Validation loss: 5.55210
Epoch 16/100
Training loss: 2.01279
Validation loss: 9.77097
Epoch 17/100
Training loss: 1.65273
Validation loss: 7.33656
Epoch 18/100
Training loss: 1.73560
Validation loss: 4.92614
New best model saved at epoch 18 with loss 4.92614
Epoch 19/100
Training loss: 1.81841
Validation loss: 6.33560
Epoch 20/100
Training loss: 1.64942
Validation loss: 5.69903
Epoch 21/100
Training loss: 1.55120
Validation loss: 6.04390
Epoch 22/100
Training loss: 1.94712
Validation loss: 5.70637
Epoch 23/100
Training loss: 1.74208
Validation loss: 5.41404
Epoch 24/100
Training loss: 1.77014
Validation loss: 8.76056
Epoch 25/100
Training loss: 1.64664
Validation loss: 5.42933
Epoch 26/100
Training loss: 1.57389
Validation loss: 5.52752
Epoch 27/100
Training loss: 1.64863
Validation loss: 6.47832
Epoch 28/100
Training loss: 1.66707
Validation loss: 6.65628
Epoch 29/100
Training loss: 1.44212
Validation loss: 7.03474
Epoch 30/100
Training loss: 1.43182
Validation loss: 5.38699
Epoch 31/100
Training loss: 1.58945
Validation loss: 5.51435
Epoch 32/100
Training loss: 1.42151
Validation loss: 6.39959
Epoch 33/100
Training loss: 1.61781
Validation loss: 7.38112
Epoch 34/100
Training loss: 1.60680
Validation loss: 9.78513
Epoch 35/100
Training loss: 1.50482
Validation loss: 8.25141
Epoch 36/100
Training loss: 1.57520
Validation loss: 7.57272
Epoch 37/100
Training loss: 1.28185
Validation loss: 8.28789
Epoch 38/100
Training loss: 1.58663
Validation loss: 8.25003
Epoch 39/100
Training loss: 1.46632
Validation loss: 6.40677
Epoch 40/100
Training loss: 1.37390
Validation loss: 7.09863
Epoch 41/100
Training loss: 1.41236
Validation loss: 6.54639
Epoch 42/100
Training loss: 1.31892
Validation loss: 5.55097
Epoch 43/100
Training loss: 1.42478
Validation loss: 6.14875
Epoch 44/100
Training loss: 1.20936
Validation loss: 6.55638
Epoch 45/100
Training loss: 1.46799
Validation loss: 7.99137
Epoch 46/100
Training loss: 1.31239
Validation loss: 7.39982
Epoch 47/100
Training loss: 1.21158
Validation loss: 9.19426
Epoch 48/100
Training loss: 1.15498
Validation loss: 7.54063
Epoch 49/100
Training loss: 1.65205
Validation loss: 14.31221
Epoch 50/100
Training loss: 1.55604
Validation loss: 6.39882
Epoch 51/100
Training loss: 1.48530
Validation loss: 6.82967
Epoch 52/100
Training loss: 1.15075
Validation loss: 7.65758
Epoch 53/100
Training loss: 1.16733
Validation loss: 6.75298
Epoch 54/100
Training loss: 1.30379
Validation loss: 4.64160
New best model saved at epoch 54 with loss 4.64160
Epoch 55/100
Training loss: 1.27190
Validation loss: 8.21776
Epoch 56/100
Training loss: 1.29775
Validation loss: 6.18591
Epoch 57/100
Training loss: 1.46227
Validation loss: 5.75279
Epoch 58/100
Training loss: 1.27617
Validation loss: 7.03529
Epoch 59/100
Training loss: 1.34617
Validation loss: 6.51106
Epoch 60/100
Training loss: 1.20800
Validation loss: 6.21655
Epoch 61/100
Training loss: 1.18560
Validation loss: 7.02973
Epoch 62/100
Training loss: 1.29093
Validation loss: 8.50207
Epoch 63/100
Training loss: 1.10789
Validation loss: 6.75173
Epoch 64/100
Training loss: 1.30904
Validation loss: 8.46976
Epoch 65/100
Training loss: 1.23812
Validation loss: 8.87815
Epoch 66/100
Training loss: 1.24606
Validation loss: 5.04232
Epoch 67/100
Training loss: 1.29125
Validation loss: 7.90080
Epoch 68/100
Training loss: 1.27545
Validation loss: 7.15599
Epoch 69/100
Training loss: 1.63059
Validation loss: 6.95663
Epoch 70/100
Training loss: 1.49093
Validation loss: 7.15341
Epoch 71/100
Training loss: 1.17186
Validation loss: 5.53199
Epoch 72/100
Training loss: 1.37509
Validation loss: 9.15982
Epoch 73/100
Training loss: 1.08063
Validation loss: 7.40611
Epoch 74/100
Training loss: 1.31408
Validation loss: 7.95276
Epoch 75/100
Training loss: 1.27631
Validation loss: 7.40150
Epoch 76/100
Training loss: 1.22724
Validation loss: 4.55446
New best model saved at epoch 76 with loss 4.55446
Epoch 77/100
Training loss: 1.30909
Validation loss: 5.42838
Epoch 78/100
Training loss: 1.20851
Validation loss: 6.84007
Epoch 79/100
Training loss: 1.34568
Validation loss: 6.95060
Epoch 80/100
Training loss: 1.21739
Validation loss: 7.07966
Epoch 81/100
Training loss: 1.51764
Validation loss: 4.61754
Epoch 82/100
Training loss: 1.13447
Validation loss: 5.70275
Epoch 83/100
Training loss: 1.11191
Validation loss: 5.48421
Epoch 84/100
Training loss: 1.37878
Validation loss: 5.60912
Epoch 85/100
Training loss: 1.32132
Validation loss: 6.25596
Epoch 86/100
Training loss: 1.15185
Validation loss: 4.23181
New best model saved at epoch 86 with loss 4.23181
Epoch 87/100
Training loss: 1.21632
Validation loss: 4.87934
Epoch 88/100
Training loss: 1.33351
Validation loss: 5.66554
Epoch 89/100
Training loss: 1.16927
Validation loss: 5.85140
Epoch 90/100
Training loss: 1.09282
Validation loss: 6.83540
Epoch 91/100
Training loss: 1.28384
Validation loss: 6.71356
Epoch 92/100
Training loss: 1.10966
Validation loss: 6.15997
Epoch 93/100
Training loss: 1.52742
Validation loss: 4.05048
New best model saved at epoch 93 with loss 4.05048
Epoch 94/100
Training loss: 1.15858
Validation loss: 5.12013
Epoch 95/100
Training loss: 1.10607
Validation loss: 6.10276
Epoch 96/100
Training loss: 1.20833
Validation loss: 4.71597
Epoch 97/100
Training loss: 1.10490
Validation loss: 8.35652
Epoch 98/100
Training loss: 1.14164
Validation loss: 5.37748
Epoch 99/100
Training loss: 1.14645
Validation loss: 5.91806
Epoch 100/100
Training loss: 1.02739
Validation loss: 7.51029
Best model for fold 2 saved from epoch 93 with f1 4.05048
Final training loss: 1.02739
Final test loss: 7.51029
Fold 3
Model loaded successfully from ./pretrained_model/64_to_256_3layers.ckpt
device : cuda
Model not found at ./model/./model/./model/decoder_output_wba_start_wba_input_line_plot_piece_size_1_fix_True_16frames_piece_size_5_fix_True_16frames_piece_size_10_fix_True_16frames/fold_3/fly_model.ckpt
Epoch 1/100
Training loss: 61.27377
Validation loss: 20.98456
New best model saved at epoch 1 with loss 20.98456
First epoch took 3.82 seconds.
Estimated total program duration: 0.53 hours
Estimated program end time (KST): 2024/11/03 18:22:19
Epoch 2/100
Training loss: 6.80267
Validation loss: 4.50684
New best model saved at epoch 2 with loss 4.50684
Epoch 3/100
Training loss: 3.50122
Validation loss: 6.93013
Epoch 4/100
Training loss: 2.51595
Validation loss: 4.97945
Epoch 5/100
Training loss: 2.60885
Validation loss: 3.96651
New best model saved at epoch 5 with loss 3.96651
Epoch 6/100
Training loss: 2.29810
Validation loss: 3.78528
New best model saved at epoch 6 with loss 3.78528
Epoch 7/100
Training loss: 2.26009
Validation loss: 5.65038
Epoch 8/100
Training loss: 1.94670
Validation loss: 5.79845
Epoch 9/100
Training loss: 2.12615
Validation loss: 4.52257
Epoch 10/100
Training loss: 1.88795
Validation loss: 7.03979
Epoch 11/100
Training loss: 1.92299
Validation loss: 6.45230
Epoch 12/100
Training loss: 1.71390
Validation loss: 5.78513
Epoch 13/100
Training loss: 1.75959
Validation loss: 9.15585
Epoch 14/100
Training loss: 2.00282
Validation loss: 5.54787
Epoch 15/100
Training loss: 1.90416
Validation loss: 8.67005
Epoch 16/100
Training loss: 2.02345
Validation loss: 6.54052
Epoch 17/100
Training loss: 1.98637
Validation loss: 7.18991
Epoch 18/100
Training loss: 1.65790
Validation loss: 4.05330
Epoch 19/100
Training loss: 1.66515
Validation loss: 8.31446
Epoch 20/100
Training loss: 1.50537
Validation loss: 6.27652
Epoch 21/100
Training loss: 1.68313
Validation loss: 8.00126
Epoch 22/100
Training loss: 1.66154
Validation loss: 5.91588
Epoch 23/100
Training loss: 1.78572
Validation loss: 8.12702
Epoch 24/100
Training loss: 1.39870
Validation loss: 6.87203
Epoch 25/100
Training loss: 1.53590
Validation loss: 8.77878
Epoch 26/100
Training loss: 1.62421
Validation loss: 3.78657
Epoch 27/100
Training loss: 1.50327
Validation loss: 3.49529
New best model saved at epoch 27 with loss 3.49529
Epoch 28/100
Training loss: 1.64118
Validation loss: 5.98612
Epoch 29/100
Training loss: 1.53717
Validation loss: 5.21373
Epoch 30/100
Training loss: 1.35864
Validation loss: 7.45205
Epoch 31/100
Training loss: 1.33749
Validation loss: 5.25638
Epoch 32/100
Training loss: 1.38400
Validation loss: 6.38371
Epoch 33/100
Training loss: 1.30805
Validation loss: 5.89095
Epoch 34/100
Training loss: 1.76837
Validation loss: 5.69262
Epoch 35/100
Training loss: 1.62469
Validation loss: 6.94859
Epoch 36/100
Training loss: 1.60911
Validation loss: 6.16762
Epoch 37/100
Training loss: 1.42310
Validation loss: 4.64460
Epoch 38/100
Training loss: 1.45144
Validation loss: 5.51052
Epoch 39/100
Training loss: 1.56322
Validation loss: 6.78329
Epoch 40/100
Training loss: 1.33913
Validation loss: 3.77331
Epoch 41/100
Training loss: 1.42526
Validation loss: 4.88975
Epoch 42/100
Training loss: 1.33798
Validation loss: 4.16026
Epoch 43/100
Training loss: 1.43714
Validation loss: 5.84493
Epoch 44/100
Training loss: 1.79276
Validation loss: 4.17626
Epoch 45/100
Training loss: 1.68032
Validation loss: 4.65671
Epoch 46/100
Training loss: 1.24023
Validation loss: 5.67990
Epoch 47/100
Training loss: 1.55475
Validation loss: 5.11917
Epoch 48/100
Training loss: 1.39309
Validation loss: 6.06314
Epoch 49/100
Training loss: 1.33212
Validation loss: 4.57241
Epoch 50/100
Training loss: 1.45083
Validation loss: 3.83922
Epoch 51/100
Training loss: 1.29414
Validation loss: 6.29172
Epoch 52/100
Training loss: 1.51520
Validation loss: 3.82574
Epoch 53/100
Training loss: 1.44704
Validation loss: 3.49040
New best model saved at epoch 53 with loss 3.49040
Epoch 54/100
Training loss: 1.77128
Validation loss: 4.76026
Epoch 55/100
Training loss: 1.16390
Validation loss: 4.70811
Epoch 56/100
Training loss: 1.14182
Validation loss: 4.75310
Epoch 57/100
Training loss: 1.31209
Validation loss: 5.85591
Epoch 58/100
Training loss: 1.24239
Validation loss: 3.93131
Epoch 59/100
Training loss: 1.11287
Validation loss: 4.56155
Epoch 60/100
Training loss: 1.29826
Validation loss: 3.57396
Epoch 61/100
Training loss: 1.42904
Validation loss: 4.01019
Epoch 62/100
Training loss: 1.17717
Validation loss: 5.29809
Epoch 63/100
Training loss: 1.20602
Validation loss: 5.29954
Epoch 64/100
Training loss: 1.16580
Validation loss: 4.19643
Epoch 65/100
Training loss: 1.39298
Validation loss: 6.69211
Epoch 66/100
Training loss: 1.56712
Validation loss: 4.18521
Epoch 67/100
Training loss: 1.25174
Validation loss: 5.22119
Epoch 68/100
Training loss: 1.40139
Validation loss: 4.05573
Epoch 69/100
Training loss: 1.17783
Validation loss: 4.13300
Epoch 70/100
Training loss: 1.30894
Validation loss: 4.67377
Epoch 71/100
Training loss: 1.28458
Validation loss: 5.64696
Epoch 72/100
Training loss: 1.09292
Validation loss: 4.31894
Epoch 73/100
Training loss: 1.14371
Validation loss: 4.45159
Epoch 74/100
Training loss: 1.15944
Validation loss: 5.52307
Epoch 75/100
Training loss: 1.34068
Validation loss: 5.31689
Epoch 76/100
Training loss: 1.31333
Validation loss: 7.22890
Epoch 77/100
Training loss: 1.61193
Validation loss: 4.74975
Epoch 78/100
Training loss: 1.31592
Validation loss: 6.45773
Epoch 79/100
Training loss: 1.43011
Validation loss: 4.95991
Epoch 80/100
Training loss: 1.32577
Validation loss: 5.97719
Epoch 81/100
Training loss: 1.62955
Validation loss: 4.32303
Epoch 82/100
Training loss: 1.23224
Validation loss: 5.31823
Epoch 83/100
Training loss: 1.22035
Validation loss: 7.47390
Epoch 84/100
Training loss: 1.34979
Validation loss: 4.56678
Epoch 85/100
Training loss: 1.22778
Validation loss: 6.95465
Epoch 86/100
Training loss: 1.15456
Validation loss: 5.93591
Epoch 87/100
Training loss: 1.28411
Validation loss: 4.62459
Epoch 88/100
Training loss: 1.27087
Validation loss: 4.12595
Epoch 89/100
Training loss: 1.29442
Validation loss: 4.53521
Epoch 90/100
Training loss: 1.17669
Validation loss: 5.57685
Epoch 91/100
Training loss: 1.28112
Validation loss: 3.34040
New best model saved at epoch 91 with loss 3.34040
Epoch 92/100
Training loss: 1.22140
Validation loss: 5.30088
Epoch 93/100
Training loss: 1.13333
Validation loss: 5.29283
Epoch 94/100
Training loss: 1.18175
Validation loss: 4.18429
Epoch 95/100
Training loss: 1.51432
Validation loss: 7.22640
Epoch 96/100
Training loss: 1.29377
Validation loss: 4.61267
Epoch 97/100
Training loss: 1.21374
Validation loss: 4.67916
Epoch 98/100
Training loss: 1.14970
Validation loss: 5.30276
Epoch 99/100
Training loss: 1.34923
Validation loss: 4.78887
Epoch 100/100
Training loss: 1.25175
Validation loss: 5.07769
Best model for fold 3 saved from epoch 91 with f1 3.34040
Final training loss: 1.25175
Final test loss: 5.07769
Fold 4
Model loaded successfully from ./pretrained_model/64_to_256_3layers.ckpt
device : cuda
Model not found at ./model/./model/./model/decoder_output_wba_start_wba_input_line_plot_piece_size_1_fix_True_16frames_piece_size_5_fix_True_16frames_piece_size_10_fix_True_16frames/fold_4/fly_model.ckpt
Epoch 1/100
Training loss: 37.84971
Validation loss: 26.42047
New best model saved at epoch 1 with loss 26.42047
First epoch took 3.83 seconds.
Estimated total program duration: 0.53 hours
Estimated program end time (KST): 2024/11/03 18:27:42
Epoch 2/100
Training loss: 3.93117
Validation loss: 11.61647
New best model saved at epoch 2 with loss 11.61647
Epoch 3/100
Training loss: 2.52096
Validation loss: 13.10172
Epoch 4/100
Training loss: 2.11684
Validation loss: 12.57140
Epoch 5/100
Training loss: 1.69205
Validation loss: 10.85306
New best model saved at epoch 5 with loss 10.85306
Epoch 6/100
Training loss: 1.71684
Validation loss: 10.69534
New best model saved at epoch 6 with loss 10.69534
Epoch 7/100
Training loss: 1.69891
Validation loss: 9.36106
New best model saved at epoch 7 with loss 9.36106
Epoch 8/100
Training loss: 1.53639
Validation loss: 11.65379
Epoch 9/100
Training loss: 1.92876
Validation loss: 7.35645
New best model saved at epoch 9 with loss 7.35645
Epoch 10/100
Training loss: 1.76843
Validation loss: 10.49190
Epoch 11/100
Training loss: 1.38835
Validation loss: 9.40043
Epoch 12/100
Training loss: 1.61589
Validation loss: 9.55787
Epoch 13/100
Training loss: 1.57538
Validation loss: 10.62026
Epoch 14/100
Training loss: 1.28689
Validation loss: 6.71408
New best model saved at epoch 14 with loss 6.71408
Epoch 15/100
Training loss: 1.29137
Validation loss: 8.15603
Epoch 16/100
Training loss: 1.37195
Validation loss: 14.62728
Epoch 17/100
Training loss: 1.55416
Validation loss: 11.90484
Epoch 18/100
Training loss: 1.50418
Validation loss: 10.25657
Epoch 19/100
Training loss: 1.30213
Validation loss: 10.30724
Epoch 20/100
Training loss: 1.29702
Validation loss: 11.31303
Epoch 21/100
Training loss: 1.22385
Validation loss: 11.42494
Epoch 22/100
Training loss: 1.28949
Validation loss: 12.84795
Epoch 23/100
Training loss: 1.58386
Validation loss: 12.62455
Epoch 24/100
Training loss: 1.25911
Validation loss: 8.56558
Epoch 25/100
Training loss: 1.47781
Validation loss: 10.76055
Epoch 26/100
Training loss: 1.07547
Validation loss: 10.61093
Epoch 27/100
Training loss: 0.90441
Validation loss: 11.85369
Epoch 28/100
Training loss: 1.35940
Validation loss: 11.64331
Epoch 29/100
Training loss: 1.19282
Validation loss: 10.83346
Epoch 30/100
Training loss: 1.18801
Validation loss: 13.24196
Epoch 31/100
Training loss: 1.08293
Validation loss: 15.57307
Epoch 32/100
Training loss: 1.33838
Validation loss: 9.13409
Epoch 33/100
Training loss: 1.28198
Validation loss: 8.95815
Epoch 34/100
Training loss: 1.07908
Validation loss: 10.30317
Epoch 35/100
Training loss: 1.26933
Validation loss: 11.62271
Epoch 36/100
Training loss: 1.14428
Validation loss: 10.70365
Epoch 37/100
Training loss: 1.15031
Validation loss: 11.56451
Epoch 38/100
Training loss: 1.03141
Validation loss: 12.34294
Epoch 39/100
Training loss: 1.11771
Validation loss: 12.04391
Epoch 40/100
Training loss: 1.13035
Validation loss: 12.82032
Epoch 41/100
Training loss: 1.00228
Validation loss: 10.34902
Epoch 42/100
Training loss: 1.23680
Validation loss: 12.27483
Epoch 43/100
Training loss: 1.03238
Validation loss: 9.59443
Epoch 44/100
Training loss: 1.17613
Validation loss: 12.17258
Epoch 45/100
Training loss: 1.25232
Validation loss: 11.24588
Epoch 46/100
Training loss: 1.16157
Validation loss: 16.89046
Epoch 47/100
Training loss: 0.98937
Validation loss: 10.94055
Epoch 48/100
Training loss: 1.03535
Validation loss: 13.96804
Epoch 49/100
Training loss: 1.29691
Validation loss: 14.29414
Epoch 50/100
Training loss: 1.46009
Validation loss: 22.51025
Epoch 51/100
Training loss: 1.23077
Validation loss: 10.91039
Epoch 52/100
Training loss: 1.44016
Validation loss: 11.50022
Epoch 53/100
Training loss: 1.09849
Validation loss: 8.55673
Epoch 54/100
Training loss: 1.25506
Validation loss: 9.97024
Epoch 55/100
Training loss: 1.14043
Validation loss: 12.17405
Epoch 56/100
Training loss: 0.90126
Validation loss: 9.60591
Epoch 57/100
Training loss: 1.48085
Validation loss: 18.75600
Epoch 58/100
Training loss: 0.95022
Validation loss: 10.21348
Epoch 59/100
Training loss: 1.01581
Validation loss: 14.37634
Epoch 60/100
Training loss: 0.93618
Validation loss: 12.58791
Epoch 61/100
Training loss: 0.85881
Validation loss: 11.75867
Epoch 62/100
Training loss: 0.88220
Validation loss: 12.16342
Epoch 63/100
Training loss: 0.98910
Validation loss: 8.87988
Epoch 64/100
Training loss: 1.05856
Validation loss: 12.08522
Epoch 65/100
Training loss: 1.00533
Validation loss: 10.98371
Epoch 66/100
Training loss: 0.90414
Validation loss: 11.52450
Epoch 67/100
Training loss: 0.87107
Validation loss: 12.13566
Epoch 68/100
Training loss: 0.96032
Validation loss: 13.08838
Epoch 69/100
Training loss: 1.15122
Validation loss: 8.93924
Epoch 70/100
Training loss: 0.97491
Validation loss: 7.92502
Epoch 71/100
Training loss: 1.03490
Validation loss: 10.14207
Epoch 72/100
Training loss: 0.89249
Validation loss: 13.32963
Epoch 73/100
Training loss: 0.99360
Validation loss: 11.52103
Epoch 74/100
Training loss: 0.88674
Validation loss: 8.94993
Epoch 75/100
Training loss: 0.95021
Validation loss: 9.09058
Epoch 76/100
Training loss: 1.02508
Validation loss: 11.93090
Epoch 77/100
Training loss: 0.94905
Validation loss: 13.65144
Epoch 78/100
Training loss: 0.79774
Validation loss: 12.69503
Epoch 79/100
Training loss: 1.06063
Validation loss: 8.55509
Epoch 80/100
Training loss: 0.94215
Validation loss: 7.12445
Epoch 81/100
Training loss: 0.99124
Validation loss: 9.75394
Epoch 82/100
Training loss: 0.99438
Validation loss: 11.86864
Epoch 83/100
Training loss: 1.10974
Validation loss: 13.03758
Epoch 84/100
Training loss: 0.92168
Validation loss: 10.78220
Epoch 85/100
Training loss: 0.97635
Validation loss: 12.53592
Epoch 86/100
Training loss: 0.83791
Validation loss: 10.39315
Epoch 87/100
Training loss: 0.84430
Validation loss: 10.20700
Epoch 88/100
Training loss: 0.99163
Validation loss: 12.67355
Epoch 89/100
Training loss: 1.05300
Validation loss: 8.92745
Epoch 90/100
Training loss: 1.05863
Validation loss: 11.57900
Epoch 91/100
Training loss: 1.00663
Validation loss: 10.41085
Epoch 92/100
Training loss: 0.89788
Validation loss: 12.92094
Epoch 93/100
Training loss: 0.92914
Validation loss: 9.24187
Epoch 94/100
Training loss: 0.92897
Validation loss: 9.63651
Epoch 95/100
Training loss: 0.90467
Validation loss: 14.33992
Epoch 96/100
Training loss: 0.81804
Validation loss: 18.51297
Epoch 97/100
Training loss: 1.15070
Validation loss: 11.95773
Epoch 98/100
Training loss: 0.92102
Validation loss: 8.56631
Epoch 99/100
Training loss: 0.85371
Validation loss: 11.18356
Epoch 100/100
Training loss: 0.93418
Validation loss: 12.28516
Best model for fold 4 saved from epoch 14 with f1 6.71408
Final training loss: 0.93418
Final test loss: 12.28516
Fold 5
Model loaded successfully from ./pretrained_model/64_to_256_3layers.ckpt
device : cuda
Model not found at ./model/./model/./model/decoder_output_wba_start_wba_input_line_plot_piece_size_1_fix_True_16frames_piece_size_5_fix_True_16frames_piece_size_10_fix_True_16frames/fold_5/fly_model.ckpt
Epoch 1/100
Training loss: 46.24582
Validation loss: 12.21732
New best model saved at epoch 1 with loss 12.21732
First epoch took 3.83 seconds.
Estimated total program duration: 0.53 hours
Estimated program end time (KST): 2024/11/03 18:32:56
Epoch 2/100
Training loss: 4.92335
Validation loss: 4.81185
New best model saved at epoch 2 with loss 4.81185
Epoch 3/100
Training loss: 3.40294
Validation loss: 7.59896
Epoch 4/100
Training loss: 2.62276
Validation loss: 6.15494
Epoch 5/100
Training loss: 2.24619
Validation loss: 5.26700
Epoch 6/100
Training loss: 2.14044
Validation loss: 6.69810
Epoch 7/100
Training loss: 2.08205
Validation loss: 6.44438
Epoch 8/100
Training loss: 2.04480
Validation loss: 5.88616
Epoch 9/100
Training loss: 2.03931
Validation loss: 8.85360
Epoch 10/100
Training loss: 2.14057
Validation loss: 6.58151
Epoch 11/100
Training loss: 2.02229
Validation loss: 6.06899
Epoch 12/100
Training loss: 1.97345
Validation loss: 6.14272
Epoch 13/100
Training loss: 1.93625
Validation loss: 6.72137
Epoch 14/100
Training loss: 1.68946
Validation loss: 6.70073
Epoch 15/100
Training loss: 1.73802
Validation loss: 5.40971
Epoch 16/100
Training loss: 1.58349
Validation loss: 5.61871
Epoch 17/100
Training loss: 1.71994
Validation loss: 5.20063
Epoch 18/100
Training loss: 1.97229
Validation loss: 5.89859
Epoch 19/100
Training loss: 1.86334
Validation loss: 5.98462
Epoch 20/100
Training loss: 1.63210
Validation loss: 7.53242
Epoch 21/100
Training loss: 1.44929
Validation loss: 6.35434
Epoch 22/100
Training loss: 1.40049
Validation loss: 5.83163
Epoch 23/100
Training loss: 1.58770
Validation loss: 5.70551
Epoch 24/100
Training loss: 1.77006
Validation loss: 6.74084
Epoch 25/100
Training loss: 1.76987
Validation loss: 6.54241
Epoch 26/100
Training loss: 1.82501
Validation loss: 6.52260
Epoch 27/100
Training loss: 1.56989
Validation loss: 5.01929
Epoch 28/100
Training loss: 1.56312
Validation loss: 6.36876
Epoch 29/100
Training loss: 1.51982
Validation loss: 7.26003
Epoch 30/100
Training loss: 1.34431
Validation loss: 6.65567
Epoch 31/100
Training loss: 1.69632
Validation loss: 5.77103
Epoch 32/100
Training loss: 1.52657
Validation loss: 5.96280
Epoch 33/100
Training loss: 1.46955
Validation loss: 5.40338
Epoch 34/100
Training loss: 1.95554
Validation loss: 6.59447
Epoch 35/100
Training loss: 1.36260
Validation loss: 6.93306
Epoch 36/100
Training loss: 1.36691
Validation loss: 5.55285
Epoch 37/100
Training loss: 1.58691
Validation loss: 6.40918
Epoch 38/100
Training loss: 1.23265
Validation loss: 6.27870
Epoch 39/100
Training loss: 1.48879
Validation loss: 6.66182
Epoch 40/100
Training loss: 1.60692
Validation loss: 5.44185
Epoch 41/100
Training loss: 1.40577
Validation loss: 6.14712
Epoch 42/100
Training loss: 1.54274
Validation loss: 5.91751
Epoch 43/100
Training loss: 1.26668
Validation loss: 5.56943
Epoch 44/100
Training loss: 1.55131
Validation loss: 6.86522
Epoch 45/100
Training loss: 1.22918
Validation loss: 7.23247
Epoch 46/100
Training loss: 1.38162
Validation loss: 6.43984
Epoch 47/100
Training loss: 1.84144
Validation loss: 5.22166
Epoch 48/100
Training loss: 1.33155
Validation loss: 4.55280
New best model saved at epoch 48 with loss 4.55280
Epoch 49/100
Training loss: 1.21039
Validation loss: 4.93532
Epoch 50/100
Training loss: 1.38428
Validation loss: 5.77323
Epoch 51/100
Training loss: 1.57736
Validation loss: 6.49308
Epoch 52/100
Training loss: 1.36770
Validation loss: 5.31950
Epoch 53/100
Training loss: 1.43874
Validation loss: 6.35515
Epoch 54/100
Training loss: 1.51067
Validation loss: 5.98921
Epoch 55/100
Training loss: 1.37562
Validation loss: 6.18621
Epoch 56/100
Training loss: 1.44355
Validation loss: 7.63026
Epoch 57/100
Training loss: 1.16346
Validation loss: 6.39933
Epoch 58/100
Training loss: 1.56929
Validation loss: 5.61027
Epoch 59/100
Training loss: 1.53313
Validation loss: 4.52604
New best model saved at epoch 59 with loss 4.52604
Epoch 60/100
Training loss: 1.35882
Validation loss: 6.30615
Epoch 61/100
Training loss: 1.37872
Validation loss: 4.68873
Epoch 62/100
Training loss: 1.21000
Validation loss: 5.82691
Epoch 63/100
Training loss: 1.27571
Validation loss: 6.59615
Epoch 64/100
Training loss: 1.36887
Validation loss: 5.96943
Epoch 65/100
Training loss: 1.28497
Validation loss: 6.08963
Epoch 66/100
Training loss: 1.58705
Validation loss: 4.89076
Epoch 67/100
Training loss: 1.29044
Validation loss: 6.15022
Epoch 68/100
Training loss: 1.10987
Validation loss: 6.71403
Epoch 69/100
Training loss: 1.24194
Validation loss: 6.10037
Epoch 70/100
Training loss: 1.30238
Validation loss: 5.85437
Epoch 71/100
Training loss: 1.31842
Validation loss: 5.93302
Epoch 72/100
Training loss: 1.36775
Validation loss: 7.35828
Epoch 73/100
Training loss: 1.17534
Validation loss: 4.44524
New best model saved at epoch 73 with loss 4.44524
Epoch 74/100
Training loss: 1.28750
Validation loss: 5.20328
Epoch 75/100
Training loss: 1.45865
Validation loss: 5.02127
Epoch 76/100
Training loss: 1.40784
Validation loss: 4.80731
Epoch 77/100
Training loss: 1.37490
Validation loss: 5.20944
Epoch 78/100
Training loss: 1.30247
Validation loss: 7.26576
Epoch 79/100
Training loss: 1.38642
Validation loss: 5.81209
Epoch 80/100
Training loss: 1.13368
Validation loss: 6.88329
Epoch 81/100
Training loss: 1.13429
Validation loss: 7.18471
Epoch 82/100
Training loss: 1.25609
Validation loss: 6.67962
Epoch 83/100
Training loss: 1.41868
Validation loss: 6.86612
Epoch 84/100
Training loss: 1.39287
Validation loss: 6.17835
Epoch 85/100
Training loss: 1.42138
Validation loss: 7.46743
Epoch 86/100
Training loss: 1.61404
Validation loss: 9.38325
Epoch 87/100
Training loss: 1.17922
Validation loss: 7.05508
Epoch 88/100
Training loss: 1.32222
Validation loss: 7.19194
Epoch 89/100
Training loss: 1.32456
Validation loss: 6.40984
Epoch 90/100
Training loss: 1.32582
Validation loss: 6.32927
Epoch 91/100
Training loss: 1.59757
Validation loss: 7.17309
Epoch 92/100
Training loss: 1.40439
Validation loss: 5.61388
Epoch 93/100
Training loss: 1.19374
Validation loss: 7.29722
Epoch 94/100
Training loss: 1.35134
Validation loss: 5.57218
Epoch 95/100
Training loss: 1.30054
Validation loss: 6.92653
Epoch 96/100
Training loss: 1.16947
Validation loss: 5.53619
Epoch 97/100
Training loss: 1.14603
Validation loss: 6.00301
Epoch 98/100
Training loss: 1.41958
Validation loss: 4.75306
Epoch 99/100
Training loss: 1.20822
Validation loss: 4.90641
Epoch 100/100
Training loss: 1.29549
Validation loss: 5.22332
Best model for fold 5 saved from epoch 73 with f1 4.44524
Final training loss: 1.29549
Final test loss: 5.22332
All fold val losses: [5.708879828453064, 4.050480246543884, 3.3403971195220947, 6.714083671569824, 4.445236563682556]
Average val loss: 4.85182
./naturalistic/01_Bird.avi                                   Loaded : (5, 3596, 64, 128, 1)
./naturalistic/02_City.avi                                   Loaded : (5, 3596, 64, 128, 1)
./naturalistic/03_Forest.avi                                 Loaded : (5, 3596, 64, 128, 1)
Video is allocated on memory!
Shape : (3, 3596, 64, 128, 5)
augmented shape : (24, 3596, 64, 128, 5)
augmented shape : (24, 3600)
Fold 1
Model loaded successfully from ./pretrained_model/64_to_256_3layers.ckpt
device : cuda
Model not found at ./model/./model/./model/./model/decoder_output_wba_start_wba_input_line_plot_piece_size_1_fix_True_16frames_piece_size_5_fix_True_16frames_piece_size_10_fix_True_16frames_piece_size_20_fix_True_16frames/fold_1/fly_model.ckpt
Epoch 1/100
Training loss: 43.48468
Validation loss: 23.49690
New best model saved at epoch 1 with loss 23.49690
First epoch took 3.86 seconds.
Estimated total program duration: 0.54 hours
Estimated program end time (KST): 2024/11/03 18:38:41
Epoch 2/100
Training loss: 4.30005
Validation loss: 10.00515
New best model saved at epoch 2 with loss 10.00515
Epoch 3/100
Training loss: 2.47720
Validation loss: 14.78044
Epoch 4/100
Training loss: 2.26139
Validation loss: 12.16607
Epoch 5/100
Training loss: 1.60485
Validation loss: 9.79783
New best model saved at epoch 5 with loss 9.79783
Epoch 6/100
Training loss: 1.55558
Validation loss: 8.85935
New best model saved at epoch 6 with loss 8.85935
Epoch 7/100
Training loss: 1.82923
Validation loss: 10.48475
Epoch 8/100
Training loss: 1.57978
Validation loss: 14.86099
Epoch 9/100
Training loss: 1.61778
Validation loss: 11.65893
Epoch 10/100
Training loss: 1.77835
Validation loss: 12.38278
Epoch 11/100
Training loss: 1.45899
Validation loss: 10.72637
Epoch 12/100
Training loss: 1.66586
Validation loss: 12.66374
Epoch 13/100
Training loss: 1.69692
Validation loss: 10.16489
Epoch 14/100
Training loss: 1.43615
Validation loss: 16.83521
Epoch 15/100
Training loss: 1.30211
Validation loss: 10.67115
Epoch 16/100
Training loss: 1.52123
Validation loss: 13.27634
Epoch 17/100
Training loss: 1.28518
Validation loss: 12.55483
Epoch 18/100
Training loss: 1.26476
Validation loss: 11.60158
Epoch 19/100
Training loss: 1.36361
Validation loss: 14.46678
Epoch 20/100
Training loss: 1.68199
Validation loss: 11.87718
Epoch 21/100
Training loss: 1.73496
Validation loss: 9.91279
Epoch 22/100
Training loss: 1.26204
Validation loss: 9.76354
Epoch 23/100
Training loss: 1.29906
Validation loss: 9.72351
Epoch 24/100
Training loss: 1.39583
Validation loss: 12.09304
Epoch 25/100
Training loss: 1.08049
Validation loss: 10.12523
Epoch 26/100
Training loss: 1.24134
Validation loss: 19.00642
Epoch 27/100
Training loss: 1.23756
Validation loss: 16.97080
Epoch 28/100
Training loss: 1.12363
Validation loss: 9.70582
Epoch 29/100
Training loss: 1.03415
Validation loss: 7.19491
New best model saved at epoch 29 with loss 7.19491
Epoch 30/100
Training loss: 1.13335
Validation loss: 11.48568
Epoch 31/100
Training loss: 1.03102
Validation loss: 11.42892
Epoch 32/100
Training loss: 1.07651
Validation loss: 10.60690
Epoch 33/100
Training loss: 0.98884
Validation loss: 9.58921
Epoch 34/100
Training loss: 1.25342
Validation loss: 10.12826
Epoch 35/100
Training loss: 1.28899
Validation loss: 10.60070
Epoch 36/100
Training loss: 1.07127
Validation loss: 10.11252
Epoch 37/100
Training loss: 1.21864
Validation loss: 9.95182
Epoch 38/100
Training loss: 1.28766
Validation loss: 10.81085
Epoch 39/100
Training loss: 1.13017
Validation loss: 8.91427
Epoch 40/100
Training loss: 1.10338
Validation loss: 10.03729
Epoch 41/100
Training loss: 1.04970
Validation loss: 10.34359
Epoch 42/100
Training loss: 1.17958
Validation loss: 11.36478
Epoch 43/100
Training loss: 1.08205
Validation loss: 10.03687
Epoch 44/100
Training loss: 1.08511
Validation loss: 11.01366
Epoch 45/100
Training loss: 1.00850
Validation loss: 9.95603
Epoch 46/100
Training loss: 1.04437
Validation loss: 13.17379
Epoch 47/100
Training loss: 0.92125
Validation loss: 12.73813
Epoch 48/100
Training loss: 1.39413
Validation loss: 12.17179
Epoch 49/100
Training loss: 1.33180
Validation loss: 7.01602
New best model saved at epoch 49 with loss 7.01602
Epoch 50/100
Training loss: 1.05474
Validation loss: 11.56760
Epoch 51/100
Training loss: 1.09739
Validation loss: 12.04766
Epoch 52/100
Training loss: 1.22652
Validation loss: 15.77647
Epoch 53/100
Training loss: 1.12812
Validation loss: 11.28805
Epoch 54/100
Training loss: 1.01205
Validation loss: 10.60046
Epoch 55/100
Training loss: 1.17561
Validation loss: 11.09322
Epoch 56/100
Training loss: 1.13007
Validation loss: 12.07849
Epoch 57/100
Training loss: 1.17499
Validation loss: 9.58089
Epoch 58/100
Training loss: 1.07644
Validation loss: 10.61806
Epoch 59/100
Training loss: 1.09874
Validation loss: 10.04797
Epoch 60/100
Training loss: 0.86151
Validation loss: 18.09093
Epoch 61/100
Training loss: 1.15351
Validation loss: 9.81758
Epoch 62/100
Training loss: 1.11562
Validation loss: 10.94486
Epoch 63/100
Training loss: 0.99571
Validation loss: 10.05454
Epoch 64/100
Training loss: 1.11600
Validation loss: 15.46755
Epoch 65/100
Training loss: 1.06077
Validation loss: 10.51128
Epoch 66/100
Training loss: 1.19148
Validation loss: 14.84523
Epoch 67/100
Training loss: 0.88599
Validation loss: 20.71163
Epoch 68/100
Training loss: 1.19866
Validation loss: 6.57756
New best model saved at epoch 68 with loss 6.57756
Epoch 69/100
Training loss: 0.83845
Validation loss: 9.64564
Epoch 70/100
Training loss: 1.14321
Validation loss: 10.36943
Epoch 71/100
Training loss: 0.99688
Validation loss: 12.33815
Epoch 72/100
Training loss: 1.17948
Validation loss: 10.14899
Epoch 73/100
Training loss: 1.08065
Validation loss: 10.29421
Epoch 74/100
Training loss: 0.98100
Validation loss: 9.19592
Epoch 75/100
Training loss: 0.94111
Validation loss: 10.52218
Epoch 76/100
Training loss: 0.94367
Validation loss: 13.10942
Epoch 77/100
Training loss: 0.94390
Validation loss: 12.64785
Epoch 78/100
Training loss: 0.83569
Validation loss: 9.03361
Epoch 79/100
Training loss: 0.80408
Validation loss: 10.43862
Epoch 80/100
Training loss: 0.84673
Validation loss: 11.16086
Epoch 81/100
Training loss: 0.82577
Validation loss: 11.51948
Epoch 82/100
Training loss: 0.98613
Validation loss: 11.32974
Epoch 83/100
Training loss: 1.03778
Validation loss: 7.77204
Epoch 84/100
Training loss: 0.94035
Validation loss: 13.18743
Epoch 85/100
Training loss: 1.01030
Validation loss: 10.03462
Epoch 86/100
Training loss: 0.98215
Validation loss: 9.81672
Epoch 87/100
Training loss: 0.97977
Validation loss: 9.73357
Epoch 88/100
Training loss: 0.96380
Validation loss: 12.66082
Epoch 89/100
Training loss: 1.01595
Validation loss: 13.63884
Epoch 90/100
Training loss: 0.92340
Validation loss: 9.84683
Epoch 91/100
Training loss: 0.92912
Validation loss: 9.16788
Epoch 92/100
Training loss: 0.81416
Validation loss: 10.27543
Epoch 93/100
Training loss: 0.75167
Validation loss: 14.60015
Epoch 94/100
Training loss: 1.01995
Validation loss: 15.41172
Epoch 95/100
Training loss: 0.92858
Validation loss: 11.10923
Epoch 96/100
Training loss: 1.03309
Validation loss: 17.54068
Epoch 97/100
Training loss: 0.95090
Validation loss: 13.63272
Epoch 98/100
Training loss: 1.09660
Validation loss: 11.01386
Epoch 99/100
Training loss: 0.95695
Validation loss: 13.88743
Epoch 100/100
Training loss: 1.02514
Validation loss: 11.04273
Best model for fold 1 saved from epoch 68 with f1 6.57756
Final training loss: 1.02514
Final test loss: 11.04273
Fold 2
Model loaded successfully from ./pretrained_model/64_to_256_3layers.ckpt
device : cuda
Model not found at ./model/./model/./model/./model/decoder_output_wba_start_wba_input_line_plot_piece_size_1_fix_True_16frames_piece_size_5_fix_True_16frames_piece_size_10_fix_True_16frames_piece_size_20_fix_True_16frames/fold_2/fly_model.ckpt
Epoch 1/100
Training loss: 58.04231
Validation loss: 11.64034
New best model saved at epoch 1 with loss 11.64034
First epoch took 3.82 seconds.
Estimated total program duration: 0.53 hours
Estimated program end time (KST): 2024/11/03 18:43:36
Epoch 2/100
Training loss: 5.75047
Validation loss: 4.06360
New best model saved at epoch 2 with loss 4.06360
Epoch 3/100
Training loss: 3.50017
Validation loss: 6.05382
Epoch 4/100
Training loss: 3.30179
Validation loss: 6.33779
Epoch 5/100
Training loss: 2.81399
Validation loss: 4.06629
Epoch 6/100
Training loss: 2.78342
Validation loss: 4.43997
Epoch 7/100
Training loss: 2.56106
Validation loss: 6.01264
Epoch 8/100
Training loss: 2.23598
Validation loss: 4.42818
Epoch 9/100
Training loss: 2.46120
Validation loss: 5.43215
Epoch 10/100
Training loss: 2.23329
Validation loss: 5.94419
Epoch 11/100
Training loss: 2.71303
Validation loss: 6.45046
Epoch 12/100
Training loss: 2.15092
Validation loss: 4.97694
Epoch 13/100
Training loss: 2.56523
Validation loss: 6.47331
Epoch 14/100
Training loss: 2.24500
Validation loss: 6.20745
Epoch 15/100
Training loss: 2.10775
Validation loss: 4.30327
Epoch 16/100
Training loss: 2.17258
Validation loss: 3.74525
New best model saved at epoch 16 with loss 3.74525
Epoch 17/100
Training loss: 2.03507
Validation loss: 3.90348
Epoch 18/100
Training loss: 1.94199
Validation loss: 4.25278
Epoch 19/100
Training loss: 2.13571
Validation loss: 5.38264
Epoch 20/100
Training loss: 2.15398
Validation loss: 8.54056
Epoch 21/100
Training loss: 1.89893
Validation loss: 5.38771
Epoch 22/100
Training loss: 1.82212
Validation loss: 5.57657
Epoch 23/100
Training loss: 1.99856
Validation loss: 5.11385
Epoch 24/100
Training loss: 1.73300
Validation loss: 6.49911
Epoch 25/100
Training loss: 1.98585
Validation loss: 3.92271
Epoch 26/100
Training loss: 1.96202
Validation loss: 4.55830
Epoch 27/100
Training loss: 1.79343
Validation loss: 4.31210
Epoch 28/100
Training loss: 1.77436
Validation loss: 4.34679
Epoch 29/100
Training loss: 1.83076
Validation loss: 4.50966
Epoch 30/100
Training loss: 1.74739
Validation loss: 4.50136
Epoch 31/100
Training loss: 1.99455
Validation loss: 3.68632
New best model saved at epoch 31 with loss 3.68632
Epoch 32/100
Training loss: 1.79970
Validation loss: 4.22524
Epoch 33/100
Training loss: 2.01493
Validation loss: 4.00604
Epoch 34/100
Training loss: 1.80978
Validation loss: 2.88324
New best model saved at epoch 34 with loss 2.88324
Epoch 35/100
Training loss: 1.92233
Validation loss: 6.09777
Epoch 36/100
Training loss: 1.71039
Validation loss: 4.44571
Epoch 37/100
Training loss: 1.97934
Validation loss: 3.03414
Epoch 38/100
Training loss: 1.88947
Validation loss: 3.65451
Epoch 39/100
Training loss: 1.63127
Validation loss: 4.62591
Epoch 40/100
Training loss: 1.79799
Validation loss: 5.36810
Epoch 41/100
Training loss: 2.07861
Validation loss: 5.63515
Epoch 42/100
Training loss: 2.07784
Validation loss: 2.62324
New best model saved at epoch 42 with loss 2.62324
Epoch 43/100
Training loss: 1.67716
Validation loss: 5.46526
Epoch 44/100
Training loss: 1.77961
Validation loss: 5.21965
Epoch 45/100
Training loss: 1.70342
Validation loss: 7.12539
Epoch 46/100
Training loss: 1.72845
Validation loss: 3.23237
Epoch 47/100
Training loss: 1.80976
Validation loss: 7.74733
Epoch 48/100
Training loss: 1.59468
Validation loss: 5.00216
Epoch 49/100
Training loss: 1.35783
Validation loss: 5.63035
Epoch 50/100
Training loss: 1.48650
Validation loss: 4.36243
Epoch 51/100
Training loss: 1.50087
Validation loss: 7.11666
Epoch 52/100
Training loss: 1.66899
Validation loss: 3.14032
Epoch 53/100
Training loss: 1.83486
Validation loss: 5.91100
Epoch 54/100
Training loss: 1.75872
Validation loss: 3.56226
Epoch 55/100
Training loss: 2.01808
Validation loss: 4.07647
Epoch 56/100
Training loss: 1.57268
Validation loss: 6.11664
Epoch 57/100
Training loss: 1.59423
Validation loss: 5.92947
Epoch 58/100
Training loss: 1.81659
Validation loss: 4.68318
Epoch 59/100
Training loss: 1.86572
Validation loss: 4.28286
Epoch 60/100
Training loss: 1.46378
Validation loss: 3.13127
Epoch 61/100
Training loss: 1.94308
Validation loss: 4.65191
Epoch 62/100
Training loss: 1.75963
Validation loss: 3.45519
Epoch 63/100
Training loss: 1.84330
Validation loss: 5.98087
Epoch 64/100
Training loss: 1.41937
Validation loss: 4.97736
Epoch 65/100
Training loss: 1.42263
Validation loss: 4.67993
Epoch 66/100
Training loss: 1.40195
Validation loss: 5.65609
Epoch 67/100
Training loss: 1.62717
Validation loss: 6.03215
Epoch 68/100
Training loss: 1.50340
Validation loss: 4.63124
Epoch 69/100
Training loss: 1.71636
Validation loss: 4.00520
Epoch 70/100
Training loss: 1.74159
Validation loss: 5.01641
Epoch 71/100
Training loss: 1.58269
Validation loss: 5.14505
Epoch 72/100
Training loss: 1.41373
Validation loss: 4.94959
Epoch 73/100
Training loss: 1.50318
Validation loss: 4.53800
Epoch 74/100
Training loss: 1.50964
Validation loss: 4.75378
Epoch 75/100
Training loss: 1.44164
Validation loss: 3.43801
Epoch 76/100
Training loss: 1.38902
Validation loss: 6.13299
Epoch 77/100
Training loss: 1.81142
Validation loss: 5.97953
Epoch 78/100
Training loss: 1.55177
Validation loss: 5.58707
Epoch 79/100
Training loss: 1.66506
Validation loss: 4.80376
Epoch 80/100
Training loss: 1.48972
Validation loss: 5.04501
Epoch 81/100
Training loss: 1.55345
Validation loss: 4.62808
Epoch 82/100
Training loss: 1.53447
Validation loss: 4.30279
Epoch 83/100
Training loss: 1.19318
Validation loss: 5.89686
Epoch 84/100
Training loss: 1.42062
Validation loss: 5.83305
Epoch 85/100
Training loss: 1.46071
Validation loss: 5.77611
Epoch 86/100
Training loss: 1.63611
Validation loss: 4.61721
Epoch 87/100
Training loss: 1.50538
Validation loss: 4.62555
Epoch 88/100
Training loss: 1.57389
Validation loss: 4.75386
Epoch 89/100
Training loss: 1.64464
Validation loss: 3.73464
Epoch 90/100
Training loss: 1.41064
Validation loss: 4.46427
Epoch 91/100
Training loss: 1.61275
Validation loss: 4.23952
Epoch 92/100
Training loss: 1.70206
Validation loss: 5.72920
Epoch 93/100
Training loss: 1.45227
Validation loss: 6.71702
Epoch 94/100
Training loss: 1.78720
Validation loss: 4.58664
Epoch 95/100
Training loss: 1.57869
Validation loss: 7.98611
Epoch 96/100
Training loss: 1.34223
Validation loss: 4.45700
Epoch 97/100
Training loss: 1.26226
Validation loss: 5.71846
Epoch 98/100
Training loss: 1.63589
Validation loss: 4.50932
Epoch 99/100
Training loss: 1.68296
Validation loss: 6.56119
Epoch 100/100
Training loss: 1.35781
Validation loss: 5.08664
Best model for fold 2 saved from epoch 42 with f1 2.62324
Final training loss: 1.35781
Final test loss: 5.08664
Fold 3
Model loaded successfully from ./pretrained_model/64_to_256_3layers.ckpt
device : cuda
Model not found at ./model/./model/./model/./model/decoder_output_wba_start_wba_input_line_plot_piece_size_1_fix_True_16frames_piece_size_5_fix_True_16frames_piece_size_10_fix_True_16frames_piece_size_20_fix_True_16frames/fold_3/fly_model.ckpt
Epoch 1/100
Training loss: 45.97231
Validation loss: 19.45825
New best model saved at epoch 1 with loss 19.45825
First epoch took 3.81 seconds.
Estimated total program duration: 0.53 hours
Estimated program end time (KST): 2024/11/03 18:48:46
Epoch 2/100
Training loss: 5.49724
Validation loss: 14.29521
New best model saved at epoch 2 with loss 14.29521
Epoch 3/100
Training loss: 3.55961
Validation loss: 11.89250
New best model saved at epoch 3 with loss 11.89250
Epoch 4/100
Training loss: 3.28042
Validation loss: 6.90377
New best model saved at epoch 4 with loss 6.90377
Epoch 5/100
Training loss: 3.12228
Validation loss: 12.91755
Epoch 6/100
Training loss: 2.68537
Validation loss: 9.31250
Epoch 7/100
Training loss: 2.31791
Validation loss: 10.12857
Epoch 8/100
Training loss: 2.00927
Validation loss: 5.77882
New best model saved at epoch 8 with loss 5.77882
Epoch 9/100
Training loss: 2.41845
Validation loss: 6.20216
Epoch 10/100
Training loss: 1.86928
Validation loss: 8.51307
Epoch 11/100
Training loss: 1.84007
Validation loss: 8.75426
Epoch 12/100
Training loss: 1.80424
Validation loss: 6.59922
Epoch 13/100
Training loss: 1.92960
Validation loss: 7.32005
Epoch 14/100
Training loss: 1.96498
Validation loss: 7.85671
Epoch 15/100
Training loss: 1.96367
Validation loss: 8.11451
Epoch 16/100
Training loss: 1.63513
Validation loss: 7.93945
Epoch 17/100
Training loss: 1.61867
Validation loss: 7.89991
Epoch 18/100
Training loss: 1.73247
Validation loss: 6.19326
Epoch 19/100
Training loss: 1.49220
Validation loss: 6.22064
Epoch 20/100
Training loss: 1.58895
Validation loss: 7.93783
Epoch 21/100
Training loss: 1.47367
Validation loss: 7.90258
Epoch 22/100
Training loss: 1.41572
Validation loss: 6.27869
Epoch 23/100
Training loss: 1.51330
Validation loss: 6.10055
Epoch 24/100
Training loss: 1.38836
Validation loss: 5.73001
New best model saved at epoch 24 with loss 5.73001
Epoch 25/100
Training loss: 1.86272
Validation loss: 9.25051
Epoch 26/100
Training loss: 1.75988
Validation loss: 10.11405
Epoch 27/100
Training loss: 1.66679
Validation loss: 5.78177
Epoch 28/100
Training loss: 1.30794
Validation loss: 8.99144
Epoch 29/100
Training loss: 1.26555
Validation loss: 6.84124
Epoch 30/100
Training loss: 1.67054
Validation loss: 5.97585
Epoch 31/100
Training loss: 1.61824
Validation loss: 6.59525
Epoch 32/100
Training loss: 1.79405
Validation loss: 5.28697
New best model saved at epoch 32 with loss 5.28697
Epoch 33/100
Training loss: 1.47673
Validation loss: 6.94094
Epoch 34/100
Training loss: 1.43033
Validation loss: 7.27599
Epoch 35/100
Training loss: 1.72750
Validation loss: 7.74053
Epoch 36/100
Training loss: 1.47183
Validation loss: 6.48543
Epoch 37/100
Training loss: 1.59752
Validation loss: 9.57564
Epoch 38/100
Training loss: 1.32216
Validation loss: 10.90526
Epoch 39/100
Training loss: 1.59792
Validation loss: 6.33138
Epoch 40/100
Training loss: 1.72741
Validation loss: 6.90014
Epoch 41/100
Training loss: 1.48774
Validation loss: 6.71578
Epoch 42/100
Training loss: 1.55023
Validation loss: 7.64428
Epoch 43/100
Training loss: 1.49784
Validation loss: 5.44370
Epoch 44/100
Training loss: 1.15881
Validation loss: 3.94761
New best model saved at epoch 44 with loss 3.94761
Epoch 45/100
Training loss: 1.34103
Validation loss: 7.73480
Epoch 46/100
Training loss: 1.56367
Validation loss: 5.84255
Epoch 47/100
Training loss: 1.19293
Validation loss: 8.36432
Epoch 48/100
Training loss: 1.44782
Validation loss: 6.77634
Epoch 49/100
Training loss: 1.60902
Validation loss: 9.56075
Epoch 50/100
Training loss: 1.23546
Validation loss: 8.33999
Epoch 51/100
Training loss: 1.51177
Validation loss: 6.88520
Epoch 52/100
Training loss: 1.30991
Validation loss: 5.72692
Epoch 53/100
Training loss: 1.19069
Validation loss: 12.79626
Epoch 54/100
Training loss: 1.34762
Validation loss: 7.32834
Epoch 55/100
Training loss: 1.16366
Validation loss: 6.11043
Epoch 56/100
Training loss: 1.42712
Validation loss: 9.85467
Epoch 57/100
Training loss: 1.50757
Validation loss: 8.74593
Epoch 58/100
Training loss: 1.23861
Validation loss: 9.25594
Epoch 59/100
Training loss: 1.43099
Validation loss: 7.56152
Epoch 60/100
Training loss: 1.37498
Validation loss: 6.42261
Epoch 61/100
Training loss: 1.32904
Validation loss: 4.24583
Epoch 62/100
Training loss: 1.36913
Validation loss: 7.57027
Epoch 63/100
Training loss: 1.41185
Validation loss: 5.25528
Epoch 64/100
Training loss: 1.32806
Validation loss: 7.43294
Epoch 65/100
Training loss: 1.43214
Validation loss: 4.43089
Epoch 66/100
Training loss: 1.32458
Validation loss: 4.00074
Epoch 67/100
Training loss: 1.27874
Validation loss: 11.08701
Epoch 68/100
Training loss: 1.42360
Validation loss: 8.94972
Epoch 69/100
Training loss: 1.35989
Validation loss: 5.88409
Epoch 70/100
Training loss: 1.29760
Validation loss: 7.01181
Epoch 71/100
Training loss: 1.62580
Validation loss: 9.71178
Epoch 72/100
Training loss: 1.41778
Validation loss: 7.48672
Epoch 73/100
Training loss: 1.07051
Validation loss: 8.68527
Epoch 74/100
Training loss: 1.22505
Validation loss: 7.20437
Epoch 75/100
Training loss: 1.27887
Validation loss: 6.43872
Epoch 76/100
Training loss: 1.26811
Validation loss: 6.60977
Epoch 77/100
Training loss: 1.28269
Validation loss: 9.92628
Epoch 78/100
Training loss: 1.31658
Validation loss: 7.14200
Epoch 79/100
Training loss: 1.28638
Validation loss: 11.92886
Epoch 80/100
Training loss: 1.31704
Validation loss: 6.35163
Epoch 81/100
Training loss: 1.20027
Validation loss: 8.75198
Epoch 82/100
Training loss: 1.31333
Validation loss: 7.88563
Epoch 83/100
Training loss: 1.09848
Validation loss: 4.94231
Epoch 84/100
Training loss: 1.19438
Validation loss: 8.69326
Epoch 85/100
Training loss: 1.45673
Validation loss: 6.41931
Epoch 86/100
Training loss: 1.36479
Validation loss: 8.03286
Epoch 87/100
Training loss: 1.19039
Validation loss: 5.09382
Epoch 88/100
Training loss: 1.23975
Validation loss: 6.46694
Epoch 89/100
Training loss: 1.13847
Validation loss: 8.49023
Epoch 90/100
Training loss: 1.45566
Validation loss: 4.95795
Epoch 91/100
Training loss: 1.39773
Validation loss: 5.33869
Epoch 92/100
Training loss: 1.25659
Validation loss: 7.13816
Epoch 93/100
Training loss: 1.27651
Validation loss: 5.73331
Epoch 94/100
Training loss: 1.26056
Validation loss: 8.66276
Epoch 95/100
Training loss: 1.36949
Validation loss: 8.46528
Epoch 96/100
Training loss: 1.25711
Validation loss: 6.72108
Epoch 97/100
Training loss: 1.12696
Validation loss: 6.51852
Epoch 98/100
Training loss: 1.22296
Validation loss: 6.68345
Epoch 99/100
Training loss: 1.19321
Validation loss: 9.66129
Epoch 100/100
Training loss: 1.24484
Validation loss: 10.42643
Best model for fold 3 saved from epoch 44 with f1 3.94761
Final training loss: 1.24484
Final test loss: 10.42643
Fold 4
Model loaded successfully from ./pretrained_model/64_to_256_3layers.ckpt
device : cuda
Model not found at ./model/./model/./model/./model/decoder_output_wba_start_wba_input_line_plot_piece_size_1_fix_True_16frames_piece_size_5_fix_True_16frames_piece_size_10_fix_True_16frames_piece_size_20_fix_True_16frames/fold_4/fly_model.ckpt
Epoch 1/100
Training loss: 44.98077
Validation loss: 11.48126
New best model saved at epoch 1 with loss 11.48126
First epoch took 3.79 seconds.
Estimated total program duration: 0.53 hours
Estimated program end time (KST): 2024/11/03 18:53:52
Epoch 2/100
Training loss: 4.36339
Validation loss: 10.73093
New best model saved at epoch 2 with loss 10.73093
Epoch 3/100
Training loss: 3.10214
Validation loss: 11.90534
Epoch 4/100
Training loss: 2.37130
Validation loss: 9.36930
New best model saved at epoch 4 with loss 9.36930
Epoch 5/100
Training loss: 2.22538
Validation loss: 9.73783
Epoch 6/100
Training loss: 1.87449
Validation loss: 11.58812
Epoch 7/100
Training loss: 1.86439
Validation loss: 12.53045
Epoch 8/100
Training loss: 1.84991
Validation loss: 12.62617
Epoch 9/100
Training loss: 2.13967
Validation loss: 9.47429
Epoch 10/100
Training loss: 2.50986
Validation loss: 8.52996
New best model saved at epoch 10 with loss 8.52996
Epoch 11/100
Training loss: 2.04622
Validation loss: 10.38309
Epoch 12/100
Training loss: 1.88207
Validation loss: 11.38679
Epoch 13/100
Training loss: 2.20278
Validation loss: 8.87914
Epoch 14/100
Training loss: 1.60860
Validation loss: 7.80558
New best model saved at epoch 14 with loss 7.80558
Epoch 15/100
Training loss: 1.61828
Validation loss: 11.10819
Epoch 16/100
Training loss: 1.88589
Validation loss: 9.50923
Epoch 17/100
Training loss: 1.70465
Validation loss: 12.02613
Epoch 18/100
Training loss: 1.68202
Validation loss: 11.52658
Epoch 19/100
Training loss: 1.71832
Validation loss: 11.09315
Epoch 20/100
Training loss: 1.61475
Validation loss: 10.46927
Epoch 21/100
Training loss: 1.54010
Validation loss: 10.67151
Epoch 22/100
Training loss: 1.50143
Validation loss: 9.00352
Epoch 23/100
Training loss: 1.51038
Validation loss: 10.39592
Epoch 24/100
Training loss: 1.50640
Validation loss: 8.67539
Epoch 25/100
Training loss: 1.74219
Validation loss: 10.26066
Epoch 26/100
Training loss: 1.65253
Validation loss: 10.29179
Epoch 27/100
Training loss: 1.98772
Validation loss: 10.35553
Epoch 28/100
Training loss: 1.65315
Validation loss: 8.06884
Epoch 29/100
Training loss: 1.67062
Validation loss: 8.58710
Epoch 30/100
Training loss: 1.45829
Validation loss: 8.31210
Epoch 31/100
Training loss: 1.42548
Validation loss: 9.81047
Epoch 32/100
Training loss: 1.61116
Validation loss: 8.02265
Epoch 33/100
Training loss: 1.57498
Validation loss: 11.82373
Epoch 34/100
Training loss: 1.46979
Validation loss: 8.99400
Epoch 35/100
Training loss: 1.46011
Validation loss: 8.23998
Epoch 36/100
Training loss: 1.37750
Validation loss: 11.04113
Epoch 37/100
Training loss: 1.49676
Validation loss: 11.21284
Epoch 38/100
Training loss: 1.48471
Validation loss: 9.39931
Epoch 39/100
Training loss: 1.32262
Validation loss: 9.98803
Epoch 40/100
Training loss: 1.43605
Validation loss: 9.09536
Epoch 41/100
Training loss: 1.40651
Validation loss: 11.50113
Epoch 42/100
Training loss: 1.70061
Validation loss: 9.72778
Epoch 43/100
Training loss: 1.55576
Validation loss: 8.64686
Epoch 44/100
Training loss: 1.41942
Validation loss: 10.77402
Epoch 45/100
Training loss: 1.32157
Validation loss: 10.33776
Epoch 46/100
Training loss: 1.45113
Validation loss: 10.79195
Epoch 47/100
Training loss: 1.33198
Validation loss: 7.92299
Epoch 48/100
Training loss: 1.42268
Validation loss: 10.76569
Epoch 49/100
Training loss: 1.22844
Validation loss: 12.71354
Epoch 50/100
Training loss: 1.47798
Validation loss: 8.23239
Epoch 51/100
Training loss: 1.36198
Validation loss: 9.62929
Epoch 52/100
Training loss: 1.50079
Validation loss: 9.61030
Epoch 53/100
Training loss: 1.48992
Validation loss: 10.07649
Epoch 54/100
Training loss: 1.19241
Validation loss: 8.92962
Epoch 55/100
Training loss: 1.23882
Validation loss: 10.12135
Epoch 56/100
Training loss: 1.17119
Validation loss: 9.06658
Epoch 57/100
Training loss: 1.37022
Validation loss: 8.43294
Epoch 58/100
Training loss: 1.60852
Validation loss: 9.42769
Epoch 59/100
Training loss: 1.29973
Validation loss: 8.67218
Epoch 60/100
Training loss: 1.45144
Validation loss: 6.80381
New best model saved at epoch 60 with loss 6.80381
Epoch 61/100
Training loss: 1.59655
Validation loss: 8.53029
Epoch 62/100
Training loss: 1.44667
Validation loss: 9.12505
Epoch 63/100
Training loss: 1.50745
Validation loss: 10.86865
Epoch 64/100
Training loss: 1.41464
Validation loss: 10.21349
Epoch 65/100
Training loss: 1.12651
Validation loss: 8.34054
Epoch 66/100
Training loss: 1.18971
Validation loss: 8.56043
Epoch 67/100
Training loss: 1.39435
Validation loss: 8.03204
Epoch 68/100
Training loss: 1.20439
Validation loss: 8.69087
Epoch 69/100
Training loss: 1.31358
Validation loss: 7.77780
Epoch 70/100
Training loss: 1.15632
Validation loss: 8.49999
Epoch 71/100
Training loss: 1.19656
Validation loss: 9.83688
Epoch 72/100
Training loss: 1.20200
Validation loss: 8.98114
Epoch 73/100
Training loss: 1.64892
Validation loss: 11.35492
Epoch 74/100
Training loss: 1.63080
Validation loss: 10.09342
Epoch 75/100
Training loss: 1.49755
Validation loss: 9.35386
Epoch 76/100
Training loss: 1.19264
Validation loss: 7.84961
Epoch 77/100
Training loss: 1.34398
Validation loss: 8.37394
Epoch 78/100
Training loss: 1.42066
Validation loss: 7.69843
Epoch 79/100
Training loss: 1.26927
Validation loss: 7.77122
Epoch 80/100
Training loss: 1.35808
Validation loss: 8.09846
Epoch 81/100
Training loss: 1.26994
Validation loss: 8.42057
Epoch 82/100
Training loss: 1.36703
Validation loss: 8.34595
Epoch 83/100
Training loss: 1.36304
Validation loss: 8.46861
Epoch 84/100
Training loss: 1.45684
Validation loss: 8.17378
Epoch 85/100
Training loss: 1.49164
Validation loss: 8.50324
Epoch 86/100
Training loss: 1.14512
Validation loss: 8.55677
Epoch 87/100
Training loss: 1.01286
Validation loss: 8.24554
Epoch 88/100
Training loss: 1.13737
Validation loss: 12.40664
Epoch 89/100
Training loss: 1.35786
Validation loss: 8.03718
Epoch 90/100
Training loss: 1.29200
Validation loss: 8.75137
Epoch 91/100
Training loss: 1.22560
Validation loss: 8.53545
Epoch 92/100
Training loss: 1.25950
Validation loss: 9.44061
Epoch 93/100
Training loss: 1.27395
Validation loss: 7.97478
Epoch 94/100
Training loss: 1.25473
Validation loss: 7.37084
Epoch 95/100
Training loss: 1.07191
Validation loss: 8.20847
Epoch 96/100
Training loss: 1.10407
Validation loss: 10.37507
Epoch 97/100
Training loss: 1.17265
Validation loss: 7.89164
Epoch 98/100
Training loss: 1.14958
Validation loss: 8.26625
Epoch 99/100
Training loss: 1.26323
Validation loss: 8.58183
Epoch 100/100
Training loss: 1.24248
Validation loss: 7.16028
Best model for fold 4 saved from epoch 60 with f1 6.80381
Final training loss: 1.24248
Final test loss: 7.16028
Fold 5
Model loaded successfully from ./pretrained_model/64_to_256_3layers.ckpt
device : cuda
Model not found at ./model/./model/./model/./model/decoder_output_wba_start_wba_input_line_plot_piece_size_1_fix_True_16frames_piece_size_5_fix_True_16frames_piece_size_10_fix_True_16frames_piece_size_20_fix_True_16frames/fold_5/fly_model.ckpt
Epoch 1/100
Training loss: 44.33878
Validation loss: 5.22176
New best model saved at epoch 1 with loss 5.22176
First epoch took 3.86 seconds.
Estimated total program duration: 0.54 hours
Estimated program end time (KST): 2024/11/03 18:59:38
Epoch 2/100
Training loss: 5.17279
Validation loss: 7.05836
Epoch 3/100
Training loss: 2.80334
Validation loss: 14.64869
Epoch 4/100
Training loss: 2.86754
Validation loss: 11.01206
Epoch 5/100
Training loss: 2.42181
Validation loss: 8.98831
Epoch 6/100
Training loss: 2.40664
Validation loss: 12.10490
Epoch 7/100
Training loss: 2.08565
Validation loss: 11.13882
Epoch 8/100
Training loss: 2.02473
Validation loss: 5.68321
Epoch 9/100
Training loss: 1.88194
Validation loss: 10.94773
Epoch 10/100
Training loss: 2.06605
Validation loss: 10.19894
Epoch 11/100
Training loss: 1.97530
Validation loss: 7.06972
Epoch 12/100
Training loss: 1.87522
Validation loss: 8.14764
Epoch 13/100
Training loss: 1.70065
Validation loss: 7.98190
Epoch 14/100
Training loss: 1.86421
Validation loss: 6.99148
Epoch 15/100
Training loss: 1.74917
Validation loss: 8.00241
Epoch 16/100
Training loss: 1.68651
Validation loss: 11.89667
Epoch 17/100
Training loss: 1.69571
Validation loss: 8.60222
Epoch 18/100
Training loss: 1.91621
Validation loss: 8.12126
Epoch 19/100
Training loss: 1.74281
Validation loss: 7.58191
Epoch 20/100
Training loss: 1.60938
Validation loss: 16.65951
Epoch 21/100
Training loss: 1.78016
Validation loss: 7.25444
Epoch 22/100
Training loss: 1.79258
Validation loss: 6.09709
Epoch 23/100
Training loss: 1.55779
Validation loss: 10.14427
Epoch 24/100
Training loss: 1.55341
Validation loss: 12.78265
Epoch 25/100
Training loss: 1.54863
Validation loss: 9.59208
Epoch 26/100
Training loss: 1.67245
Validation loss: 7.85875
Epoch 27/100
Training loss: 1.93099
Validation loss: 13.33152
Epoch 28/100
Training loss: 1.76532
Validation loss: 6.39318
Epoch 29/100
Training loss: 1.68394
Validation loss: 8.29029
Epoch 30/100
Training loss: 1.40962
Validation loss: 9.50842
Epoch 31/100
Training loss: 1.38007
Validation loss: 9.51460
Epoch 32/100
Training loss: 1.56054
Validation loss: 6.40795
Epoch 33/100
Training loss: 1.40071
Validation loss: 9.76635
Epoch 34/100
Training loss: 1.33221
Validation loss: 7.45870
Epoch 35/100
Training loss: 1.40951
Validation loss: 8.33561
Epoch 36/100
Training loss: 1.33050
Validation loss: 8.09630
Epoch 37/100
Training loss: 2.08475
Validation loss: 7.27522
Epoch 38/100
Training loss: 1.71776
Validation loss: 5.52599
Epoch 39/100
Training loss: 1.65174
Validation loss: 5.18118
New best model saved at epoch 39 with loss 5.18118
Epoch 40/100
Training loss: 1.35405
Validation loss: 3.87839
New best model saved at epoch 40 with loss 3.87839
Epoch 41/100
Training loss: 1.38719
Validation loss: 10.12644
Epoch 42/100
Training loss: 1.61951
Validation loss: 5.25876
Epoch 43/100
Training loss: 1.58770
Validation loss: 4.28601
Epoch 44/100
Training loss: 1.42596
Validation loss: 7.57506
Epoch 45/100
Training loss: 1.49742
Validation loss: 5.70433
Epoch 46/100
Training loss: 1.64932
Validation loss: 4.21269
Epoch 47/100
Training loss: 1.37492
Validation loss: 7.30430
Epoch 48/100
Training loss: 1.50778
Validation loss: 10.42399
Epoch 49/100
Training loss: 1.26905
Validation loss: 6.05030
Epoch 50/100
Training loss: 1.20217
Validation loss: 5.21826
Epoch 51/100
Training loss: 1.39331
Validation loss: 6.79594
Epoch 52/100
Training loss: 1.43052
Validation loss: 5.37377
Epoch 53/100
Training loss: 1.54839
Validation loss: 9.49490
Epoch 54/100
Training loss: 1.35819
Validation loss: 10.39480
Epoch 55/100
Training loss: 1.40176
Validation loss: 5.03179
Epoch 56/100
Training loss: 1.34891
Validation loss: 11.06451
Epoch 57/100
Training loss: 1.29714
Validation loss: 11.17106
Epoch 58/100
Training loss: 1.43244
Validation loss: 6.24413
Epoch 59/100
Training loss: 1.53955
Validation loss: 8.46535
Epoch 60/100
Training loss: 1.24874
Validation loss: 6.30703
Epoch 61/100
Training loss: 1.39041
Validation loss: 10.97808
Epoch 62/100
Training loss: 1.14563
Validation loss: 12.80241
Epoch 63/100
Training loss: 1.45676
Validation loss: 5.16906
Epoch 64/100
Training loss: 1.50726
Validation loss: 6.69354
Epoch 65/100
Training loss: 1.43838
Validation loss: 6.53753
Epoch 66/100
Training loss: 1.31840
Validation loss: 11.95217
Epoch 67/100
Training loss: 1.57261
Validation loss: 4.38368
Epoch 68/100
Training loss: 1.16650
Validation loss: 8.59538
Epoch 69/100
Training loss: 1.40206
Validation loss: 6.97487
Epoch 70/100
Training loss: 1.54573
Validation loss: 10.25274
Epoch 71/100
Training loss: 1.43550
Validation loss: 5.02565
Epoch 72/100
Training loss: 1.40114
Validation loss: 7.63275
Epoch 73/100
Training loss: 1.56162
Validation loss: 6.69961
Epoch 74/100
Training loss: 1.49836
Validation loss: 7.27903
Epoch 75/100
Training loss: 1.74782
Validation loss: 8.75323
Epoch 76/100
Training loss: 1.23688
Validation loss: 8.49433
Epoch 77/100
Training loss: 1.33244
Validation loss: 6.79851
Epoch 78/100
Training loss: 1.38344
Validation loss: 5.22671
Epoch 79/100
Training loss: 1.43303
Validation loss: 3.61493
New best model saved at epoch 79 with loss 3.61493
Epoch 80/100
Training loss: 1.31454
Validation loss: 9.15446
Epoch 81/100
Training loss: 1.12249
Validation loss: 7.43520
Epoch 82/100
Training loss: 1.22818
Validation loss: 9.39393
Epoch 83/100
Training loss: 1.58259
Validation loss: 10.22642
Epoch 84/100
Training loss: 1.31128
Validation loss: 7.16084
Epoch 85/100
Training loss: 1.36683
Validation loss: 8.37514
Epoch 86/100
Training loss: 1.28709
Validation loss: 11.22996
Epoch 87/100
Training loss: 1.20978
Validation loss: 5.62868
Epoch 88/100
Training loss: 1.34349
Validation loss: 7.68969
Epoch 89/100
Training loss: 1.34196
Validation loss: 8.01971
Epoch 90/100
Training loss: 1.34592
Validation loss: 10.13007
Epoch 91/100
Training loss: 1.50820
Validation loss: 6.35220
Epoch 92/100
Training loss: 1.29505
Validation loss: 7.27830
Epoch 93/100
Training loss: 1.00409
Validation loss: 10.04817
Epoch 94/100
Training loss: 1.29481
Validation loss: 6.16607
Epoch 95/100
Training loss: 1.36014
Validation loss: 7.44722
Epoch 96/100
Training loss: 1.22020
Validation loss: 8.55499
Epoch 97/100
Training loss: 1.18557
Validation loss: 7.60849
Epoch 98/100
Training loss: 1.62535
Validation loss: 6.44695
Epoch 99/100
Training loss: 1.27737
Validation loss: 10.48501
Epoch 100/100
Training loss: 1.25342
Validation loss: 3.64983
Best model for fold 5 saved from epoch 79 with f1 3.61493
Final training loss: 1.25342
Final test loss: 3.64983
All fold val losses: [6.577563524246216, 2.6232417225837708, 3.9476054906845093, 6.80381178855896, 3.614930033683777]
Average val loss: 4.71343
./naturalistic/01_Bird.avi                                   Loaded : (5, 3596, 64, 128, 1)
./naturalistic/02_City.avi                                   Loaded : (5, 3596, 64, 128, 1)
./naturalistic/03_Forest.avi                                 Loaded : (5, 3596, 64, 128, 1)
Video is allocated on memory!
Shape : (3, 3596, 64, 128, 5)
augmented shape : (24, 3596, 64, 128, 5)
augmented shape : (24, 3600)
Fold 1
Model loaded successfully from ./pretrained_model/64_to_256_3layers.ckpt
device : cuda
Model not found at ./model/./model/./model/./model/./model/decoder_output_wba_start_wba_input_line_plot_piece_size_1_fix_True_16frames_piece_size_5_fix_True_16frames_piece_size_10_fix_True_16frames_piece_size_20_fix_True_16frames_piece_size_30_fix_True_16frames/fold_1/fly_model.ckpt
Epoch 1/100
Training loss: 59.31774
Validation loss: 11.72342
New best model saved at epoch 1 with loss 11.72342
First epoch took 3.98 seconds.
Estimated total program duration: 0.55 hours
Estimated program end time (KST): 2024/11/03 19:06:11
Epoch 2/100
Training loss: 5.26822
Validation loss: 6.10936
New best model saved at epoch 2 with loss 6.10936
Epoch 3/100
Training loss: 3.42163
Validation loss: 5.18870
New best model saved at epoch 3 with loss 5.18870
Epoch 4/100
Training loss: 3.08898
Validation loss: 5.47413
Epoch 5/100
Training loss: 2.46257
Validation loss: 6.03914
Epoch 6/100
Training loss: 2.16263
Validation loss: 5.76997
Epoch 7/100
Training loss: 2.09658
Validation loss: 6.31027
Epoch 8/100
Training loss: 2.30205
Validation loss: 6.60732
Epoch 9/100
Training loss: 2.12264
Validation loss: 7.45928
Epoch 10/100
Training loss: 2.35827
Validation loss: 6.20038
Epoch 11/100
Training loss: 1.88487
Validation loss: 4.48926
New best model saved at epoch 11 with loss 4.48926
Epoch 12/100
Training loss: 1.99125
Validation loss: 6.02714
Epoch 13/100
Training loss: 1.77908
Validation loss: 4.28534
New best model saved at epoch 13 with loss 4.28534
Epoch 14/100
Training loss: 2.21604
Validation loss: 6.30185
Epoch 15/100
Training loss: 2.07693
Validation loss: 4.62113
Epoch 16/100
Training loss: 1.92442
Validation loss: 4.64620
Epoch 17/100
Training loss: 1.95681
Validation loss: 5.60465
Epoch 18/100
Training loss: 1.67466
Validation loss: 4.95205
Epoch 19/100
Training loss: 1.52909
Validation loss: 6.95534
Epoch 20/100
Training loss: 1.78169
Validation loss: 5.56631
Epoch 21/100
Training loss: 1.70847
Validation loss: 3.90418
New best model saved at epoch 21 with loss 3.90418
Epoch 22/100
Training loss: 1.91326
Validation loss: 3.79613
New best model saved at epoch 22 with loss 3.79613
Epoch 23/100
Training loss: 2.01961
Validation loss: 9.45291
Epoch 24/100
Training loss: 1.51448
Validation loss: 5.56495
Epoch 25/100
Training loss: 1.82046
Validation loss: 4.39810
Epoch 26/100
Training loss: 1.88588
Validation loss: 5.68497
Epoch 27/100
Training loss: 1.67918
Validation loss: 4.88886
Epoch 28/100
Training loss: 1.62777
Validation loss: 4.54367
Epoch 29/100
Training loss: 1.43498
Validation loss: 4.67911
Epoch 30/100
Training loss: 1.71878
Validation loss: 2.78773
New best model saved at epoch 30 with loss 2.78773
Epoch 31/100
Training loss: 1.65170
Validation loss: 3.45884
Epoch 32/100
Training loss: 1.83728
Validation loss: 5.33468
Epoch 33/100
Training loss: 2.02588
Validation loss: 5.11261
Epoch 34/100
Training loss: 1.51371
Validation loss: 5.47504
Epoch 35/100
Training loss: 1.60873
Validation loss: 4.35729
Epoch 36/100
Training loss: 1.76393
Validation loss: 4.33354
Epoch 37/100
Training loss: 1.58634
Validation loss: 6.43520
Epoch 38/100
Training loss: 1.43646
Validation loss: 3.84865
Epoch 39/100
Training loss: 1.49169
Validation loss: 2.96391
Epoch 40/100
Training loss: 1.57509
Validation loss: 5.93187
Epoch 41/100
Training loss: 1.63545
Validation loss: 5.10147
Epoch 42/100
Training loss: 1.62039
Validation loss: 4.33681
Epoch 43/100
Training loss: 1.52030
Validation loss: 5.64396
Epoch 44/100
Training loss: 1.78473
Validation loss: 6.18521
Epoch 45/100
Training loss: 1.69492
Validation loss: 4.30338
Epoch 46/100
Training loss: 1.41224
Validation loss: 5.74320
Epoch 47/100
Training loss: 1.47991
Validation loss: 7.09302
Epoch 48/100
Training loss: 1.48662
Validation loss: 4.18674
Epoch 49/100
Training loss: 1.60012
Validation loss: 3.44362
Epoch 50/100
Training loss: 1.48949
Validation loss: 5.55442
Epoch 51/100
Training loss: 1.51335
Validation loss: 5.75378
Epoch 52/100
Training loss: 1.41403
Validation loss: 4.60885
Epoch 53/100
Training loss: 1.31514
Validation loss: 5.24683
Epoch 54/100
Training loss: 1.42968
Validation loss: 4.04316
Epoch 55/100
Training loss: 1.46807
Validation loss: 2.68948
New best model saved at epoch 55 with loss 2.68948
Epoch 56/100
Training loss: 1.34893
Validation loss: 3.18776
Epoch 57/100
Training loss: 1.40175
Validation loss: 3.88540
Epoch 58/100
Training loss: 1.62722
Validation loss: 3.85455
Epoch 59/100
Training loss: 1.52748
Validation loss: 6.51777
Epoch 60/100
Training loss: 1.47443
Validation loss: 3.02455
Epoch 61/100
Training loss: 1.64408
Validation loss: 6.09991
Epoch 62/100
Training loss: 1.60905
Validation loss: 2.59518
New best model saved at epoch 62 with loss 2.59518
Epoch 63/100
Training loss: 1.40433
Validation loss: 4.24369
Epoch 64/100
Training loss: 1.43557
Validation loss: 2.57235
New best model saved at epoch 64 with loss 2.57235
Epoch 65/100
Training loss: 1.42508
Validation loss: 5.20333
Epoch 66/100
Training loss: 1.44904
Validation loss: 2.76349
Epoch 67/100
Training loss: 1.24235
Validation loss: 3.88909
Epoch 68/100
Training loss: 1.34239
Validation loss: 3.26063
Epoch 69/100
Training loss: 1.34299
Validation loss: 2.94302
Epoch 70/100
Training loss: 1.32187
Validation loss: 2.73905
Epoch 71/100
Training loss: 1.49443
Validation loss: 4.01487
Epoch 72/100
Training loss: 1.42189
Validation loss: 3.57893
Epoch 73/100
Training loss: 1.38334
Validation loss: 3.47833
Epoch 74/100
Training loss: 1.22806
Validation loss: 2.75306
Epoch 75/100
Training loss: 1.31781
Validation loss: 3.79013
Epoch 76/100
Training loss: 1.37193
Validation loss: 4.57482
Epoch 77/100
Training loss: 1.57662
Validation loss: 4.33652
Epoch 78/100
Training loss: 1.36002
Validation loss: 4.19392
Epoch 79/100
Training loss: 1.20666
Validation loss: 4.21247
Epoch 80/100
Training loss: 1.39892
Validation loss: 4.72508
Epoch 81/100
Training loss: 1.37211
Validation loss: 2.82099
Epoch 82/100
Training loss: 1.22520
Validation loss: 4.70630
Epoch 83/100
Training loss: 1.43715
Validation loss: 5.46325
Epoch 84/100
Training loss: 1.27951
Validation loss: 4.18124
Epoch 85/100
Training loss: 1.45106
Validation loss: 4.57509
Epoch 86/100
Training loss: 1.37817
Validation loss: 3.40383
Epoch 87/100
Training loss: 1.22139
Validation loss: 4.27580
Epoch 88/100
Training loss: 1.43930
Validation loss: 2.92363
Epoch 89/100
Training loss: 1.26224
Validation loss: 1.97356
New best model saved at epoch 89 with loss 1.97356
Epoch 90/100
Training loss: 1.25393
Validation loss: 3.26868
Epoch 91/100
Training loss: 1.52389
Validation loss: 6.24262
Epoch 92/100
Training loss: 1.29006
Validation loss: 3.62149
Epoch 93/100
Training loss: 1.52184
Validation loss: 3.84522
Epoch 94/100
Training loss: 1.48902
Validation loss: 2.85833
Epoch 95/100
Training loss: 1.62260
Validation loss: 3.61859
Epoch 96/100
Training loss: 1.32302
Validation loss: 7.35367
Epoch 97/100
Training loss: 1.20870
Validation loss: 2.63269
Epoch 98/100
Training loss: 1.29458
Validation loss: 4.12487
Epoch 99/100
Training loss: 1.34716
Validation loss: 2.33587
Epoch 100/100
Training loss: 1.29404
Validation loss: 3.23092
Best model for fold 1 saved from epoch 89 with f1 1.97356
Final training loss: 1.29404
Final test loss: 3.23092
Fold 2
Model loaded successfully from ./pretrained_model/64_to_256_3layers.ckpt
device : cuda
Model not found at ./model/./model/./model/./model/./model/decoder_output_wba_start_wba_input_line_plot_piece_size_1_fix_True_16frames_piece_size_5_fix_True_16frames_piece_size_10_fix_True_16frames_piece_size_20_fix_True_16frames_piece_size_30_fix_True_16frames/fold_2/fly_model.ckpt
Epoch 1/100
Training loss: 39.72514
Validation loss: 9.07619
New best model saved at epoch 1 with loss 9.07619
First epoch took 3.95 seconds.
Estimated total program duration: 0.55 hours
Estimated program end time (KST): 2024/11/03 19:11:30
Epoch 2/100
Training loss: 4.27738
Validation loss: 8.42199
New best model saved at epoch 2 with loss 8.42199
Epoch 3/100
Training loss: 2.93685
Validation loss: 6.00816
New best model saved at epoch 3 with loss 6.00816
Epoch 4/100
Training loss: 2.45392
Validation loss: 7.97990
Epoch 5/100
Training loss: 2.24662
Validation loss: 8.95479
Epoch 6/100
Training loss: 2.18840
Validation loss: 8.56539
Epoch 7/100
Training loss: 1.76585
Validation loss: 7.28047
Epoch 8/100
Training loss: 1.66506
Validation loss: 7.98572
Epoch 9/100
Training loss: 1.72497
Validation loss: 6.94919
Epoch 10/100
Training loss: 1.92390
Validation loss: 4.77659
New best model saved at epoch 10 with loss 4.77659
Epoch 11/100
Training loss: 1.62065
Validation loss: 6.90840
Epoch 12/100
Training loss: 1.54461
Validation loss: 8.30781
Epoch 13/100
Training loss: 1.47690
Validation loss: 10.23480
Epoch 14/100
Training loss: 1.54178
Validation loss: 8.27788
Epoch 15/100
Training loss: 1.46288
Validation loss: 6.98282
Epoch 16/100
Training loss: 1.51565
Validation loss: 6.68227
Epoch 17/100
Training loss: 1.53889
Validation loss: 6.58388
Epoch 18/100
Training loss: 1.36205
Validation loss: 8.74760
Epoch 19/100
Training loss: 1.41309
Validation loss: 7.44878
Epoch 20/100
Training loss: 1.52418
Validation loss: 9.32664
Epoch 21/100
Training loss: 1.43096
Validation loss: 6.05986
Epoch 22/100
Training loss: 1.39189
Validation loss: 8.76391
Epoch 23/100
Training loss: 1.83664
Validation loss: 8.01310
Epoch 24/100
Training loss: 1.35492
Validation loss: 4.74500
New best model saved at epoch 24 with loss 4.74500
Epoch 25/100
Training loss: 1.35022
Validation loss: 6.64597
Epoch 26/100
Training loss: 1.36962
Validation loss: 8.61521
Epoch 27/100
Training loss: 1.30633
Validation loss: 6.38206
Epoch 28/100
Training loss: 1.27917
Validation loss: 8.35175
Epoch 29/100
Training loss: 1.20967
Validation loss: 10.54521
Epoch 30/100
Training loss: 1.23368
Validation loss: 7.79211
Epoch 31/100
Training loss: 1.81147
Validation loss: 7.58418
Epoch 32/100
Training loss: 1.45350
Validation loss: 10.46905
Epoch 33/100
Training loss: 1.49564
Validation loss: 6.94025
Epoch 34/100
Training loss: 1.25042
Validation loss: 7.41665
Epoch 35/100
Training loss: 1.16553
Validation loss: 6.22641
Epoch 36/100
Training loss: 1.10545
Validation loss: 7.67731
Epoch 37/100
Training loss: 1.28739
Validation loss: 8.43141
Epoch 38/100
Training loss: 1.27277
Validation loss: 8.71280
Epoch 39/100
Training loss: 1.17924
Validation loss: 7.71349
Epoch 40/100
Training loss: 1.22197
Validation loss: 7.66144
Epoch 41/100
Training loss: 1.31011
Validation loss: 5.37247
Epoch 42/100
Training loss: 1.33883
Validation loss: 7.34288
Epoch 43/100
Training loss: 1.22413
Validation loss: 6.28687
Epoch 44/100
Training loss: 1.14365
Validation loss: 7.33184
Epoch 45/100
Training loss: 1.15384
Validation loss: 5.94058
Epoch 46/100
Training loss: 1.28975
Validation loss: 8.03857
Epoch 47/100
Training loss: 1.33844
Validation loss: 7.77456
Epoch 48/100
Training loss: 1.14323
Validation loss: 6.06785
Epoch 49/100
Training loss: 1.09530
Validation loss: 7.15397
Epoch 50/100
Training loss: 1.19583
Validation loss: 4.70234
New best model saved at epoch 50 with loss 4.70234
Epoch 51/100
Training loss: 1.24580
Validation loss: 11.16148
Epoch 52/100
Training loss: 1.19292
Validation loss: 6.99239
Epoch 53/100
Training loss: 1.15153
Validation loss: 6.86479
Epoch 54/100
Training loss: 1.03206
Validation loss: 8.71920
Epoch 55/100
Training loss: 1.30378
Validation loss: 5.37431
Epoch 56/100
Training loss: 1.10493
Validation loss: 10.37926
Epoch 57/100
Training loss: 1.21896
Validation loss: 8.93184
Epoch 58/100
Training loss: 1.16592
Validation loss: 7.28636
Epoch 59/100
Training loss: 1.01865
Validation loss: 6.98121
Epoch 60/100
Training loss: 1.22701
Validation loss: 6.53243
Epoch 61/100
Training loss: 1.34872
Validation loss: 9.28893
Epoch 62/100
Training loss: 1.28897
Validation loss: 7.41670
Epoch 63/100
Training loss: 1.16845
Validation loss: 5.46495
Epoch 64/100
Training loss: 1.19663
Validation loss: 7.56322
Epoch 65/100
Training loss: 1.22140
Validation loss: 6.29283
Epoch 66/100
Training loss: 1.08405
Validation loss: 7.77058
Epoch 67/100
Training loss: 1.19529
Validation loss: 5.27520
Epoch 68/100
Training loss: 1.18358
Validation loss: 8.69851
Epoch 69/100
Training loss: 1.02129
Validation loss: 9.10109
Epoch 70/100
Training loss: 1.19355
Validation loss: 7.82593
Epoch 71/100
Training loss: 1.06031
Validation loss: 6.26944
Epoch 72/100
Training loss: 1.08860
Validation loss: 6.52329
Epoch 73/100
Training loss: 1.17686
Validation loss: 6.46377
Epoch 74/100
Training loss: 1.00982
Validation loss: 6.67403
Epoch 75/100
Training loss: 1.18749
Validation loss: 5.11883
Epoch 76/100
Training loss: 1.14074
Validation loss: 10.05697
Epoch 77/100
Training loss: 1.00865
Validation loss: 7.56104
Epoch 78/100
Training loss: 1.21534
Validation loss: 8.36687
Epoch 79/100
Training loss: 1.08152
Validation loss: 9.37332
Epoch 80/100
Training loss: 1.03234
Validation loss: 9.83628
Epoch 81/100
Training loss: 1.17614
Validation loss: 7.02587
Epoch 82/100
Training loss: 1.21541
Validation loss: 7.18078
Epoch 83/100
Training loss: 0.99752
Validation loss: 6.87487
Epoch 84/100
Training loss: 0.96078
Validation loss: 5.66106
Epoch 85/100
Training loss: 0.99780
Validation loss: 8.70482
Epoch 86/100
Training loss: 1.24969
Validation loss: 5.08864
Epoch 87/100
Training loss: 1.10968
Validation loss: 7.60838
Epoch 88/100
Training loss: 1.06934
Validation loss: 10.64315
Epoch 89/100
Training loss: 1.08661
Validation loss: 6.99321
Epoch 90/100
Training loss: 1.10293
Validation loss: 10.69441
Epoch 91/100
Training loss: 1.18362
Validation loss: 7.54627
Epoch 92/100
Training loss: 0.99535
Validation loss: 10.51715
Epoch 93/100
Training loss: 1.27986
Validation loss: 8.77206
Epoch 94/100
Training loss: 1.18651
Validation loss: 6.01367
Epoch 95/100
Training loss: 1.02293
Validation loss: 7.63231
Epoch 96/100
Training loss: 1.06715
Validation loss: 10.34537
Epoch 97/100
Training loss: 1.17367
Validation loss: 5.79864
Epoch 98/100
Training loss: 1.22358
Validation loss: 6.35295
Epoch 99/100
Training loss: 1.50364
Validation loss: 9.50007
Epoch 100/100
Training loss: 1.02315
Validation loss: 6.84928
Best model for fold 2 saved from epoch 50 with f1 4.70234
Final training loss: 1.02315
Final test loss: 6.84928
Fold 3
Model loaded successfully from ./pretrained_model/64_to_256_3layers.ckpt
device : cuda
Model not found at ./model/./model/./model/./model/./model/decoder_output_wba_start_wba_input_line_plot_piece_size_1_fix_True_16frames_piece_size_5_fix_True_16frames_piece_size_10_fix_True_16frames_piece_size_20_fix_True_16frames_piece_size_30_fix_True_16frames/fold_3/fly_model.ckpt
Epoch 1/100
Training loss: 69.40455
Validation loss: 22.49616
New best model saved at epoch 1 with loss 22.49616
First epoch took 3.95 seconds.
Estimated total program duration: 0.55 hours
Estimated program end time (KST): 2024/11/03 19:16:55
Epoch 2/100
Training loss: 6.86107
Validation loss: 6.76415
New best model saved at epoch 2 with loss 6.76415
Epoch 3/100
Training loss: 3.49805
Validation loss: 2.70426
New best model saved at epoch 3 with loss 2.70426
Epoch 4/100
Training loss: 3.12513
Validation loss: 5.24527
Epoch 5/100
Training loss: 2.94274
Validation loss: 4.37571
Epoch 6/100
Training loss: 2.81131
Validation loss: 6.79835
Epoch 7/100
Training loss: 2.48402
Validation loss: 4.19476
Epoch 8/100
Training loss: 2.42750
Validation loss: 2.50923
New best model saved at epoch 8 with loss 2.50923
Epoch 9/100
Training loss: 2.62271
Validation loss: 5.45166
Epoch 10/100
Training loss: 2.67248
Validation loss: 2.69581
Epoch 11/100
Training loss: 2.38718
Validation loss: 3.31584
Epoch 12/100
Training loss: 2.23573
Validation loss: 4.12897
Epoch 13/100
Training loss: 2.44684
Validation loss: 3.22974
Epoch 14/100
Training loss: 2.14624
Validation loss: 6.50930
Epoch 15/100
Training loss: 1.96954
Validation loss: 3.74959
Epoch 16/100
Training loss: 2.15300
Validation loss: 4.01739
Epoch 17/100
Training loss: 2.19078
Validation loss: 3.56505
Epoch 18/100
Training loss: 2.06632
Validation loss: 6.07162
Epoch 19/100
Training loss: 2.34182
Validation loss: 3.29814
Epoch 20/100
Training loss: 1.79857
Validation loss: 4.00475
Epoch 21/100
Training loss: 2.00684
Validation loss: 4.25572
Epoch 22/100
Training loss: 1.85882
Validation loss: 4.90147
Epoch 23/100
Training loss: 2.10658
Validation loss: 3.99823
Epoch 24/100
Training loss: 1.97232
Validation loss: 2.83125
Epoch 25/100
Training loss: 1.62986
Validation loss: 4.48915
Epoch 26/100
Training loss: 1.71078
Validation loss: 3.48260
Epoch 27/100
Training loss: 1.83043
Validation loss: 3.66926
Epoch 28/100
Training loss: 1.62021
Validation loss: 3.09847
Epoch 29/100
Training loss: 1.59530
Validation loss: 4.13935
Epoch 30/100
Training loss: 2.04170
Validation loss: 3.72591
Epoch 31/100
Training loss: 1.85400
Validation loss: 2.09427
New best model saved at epoch 31 with loss 2.09427
Epoch 32/100
Training loss: 2.14666
Validation loss: 4.81833
Epoch 33/100
Training loss: 1.82350
Validation loss: 4.04439
Epoch 34/100
Training loss: 1.66221
Validation loss: 3.39336
Epoch 35/100
Training loss: 1.69752
Validation loss: 2.70117
Epoch 36/100
Training loss: 1.64739
Validation loss: 3.54094
Epoch 37/100
Training loss: 1.61622
Validation loss: 2.57828
Epoch 38/100
Training loss: 1.65567
Validation loss: 3.98056
Epoch 39/100
Training loss: 1.71916
Validation loss: 3.10603
Epoch 40/100
Training loss: 1.72609
Validation loss: 2.94425
Epoch 41/100
Training loss: 1.62800
Validation loss: 4.57771
Epoch 42/100
Training loss: 1.82294
Validation loss: 3.34216
Epoch 43/100
Training loss: 1.82473
Validation loss: 3.14884
Epoch 44/100
Training loss: 1.67921
Validation loss: 2.99249
Epoch 45/100
Training loss: 1.58641
Validation loss: 3.27173
Epoch 46/100
Training loss: 1.58447
Validation loss: 3.28228
Epoch 47/100
Training loss: 1.69083
Validation loss: 3.67445
Epoch 48/100
Training loss: 1.65708
Validation loss: 4.28199
Epoch 49/100
Training loss: 1.44433
Validation loss: 3.70749
Epoch 50/100
Training loss: 1.87210
Validation loss: 4.07789
Epoch 51/100
Training loss: 1.57672
Validation loss: 4.46752
Epoch 52/100
Training loss: 1.55371
Validation loss: 4.30704
Epoch 53/100
Training loss: 1.71961
Validation loss: 5.52274
Epoch 54/100
Training loss: 2.34247
Validation loss: 3.14255
Epoch 55/100
Training loss: 1.48525
Validation loss: 4.21108
Epoch 56/100
Training loss: 1.64494
Validation loss: 4.16230
Epoch 57/100
Training loss: 1.74749
Validation loss: 4.43872
Epoch 58/100
Training loss: 1.72559
Validation loss: 5.35003
Epoch 59/100
Training loss: 1.63759
Validation loss: 3.56456
Epoch 60/100
Training loss: 1.45114
Validation loss: 3.12497
Epoch 61/100
Training loss: 1.64681
Validation loss: 3.55413
Epoch 62/100
Training loss: 1.66261
Validation loss: 3.96825
Epoch 63/100
Training loss: 1.54527
Validation loss: 3.17363
Epoch 64/100
Training loss: 1.50016
Validation loss: 3.54133
Epoch 65/100
Training loss: 1.73667
Validation loss: 2.61429
Epoch 66/100
Training loss: 1.66188
Validation loss: 2.94712
Epoch 67/100
Training loss: 1.48239
Validation loss: 3.75336
Epoch 68/100
Training loss: 1.54299
Validation loss: 4.12334
Epoch 69/100
Training loss: 1.47177
Validation loss: 3.02765
Epoch 70/100
Training loss: 1.49945
Validation loss: 3.49550
Epoch 71/100
Training loss: 1.51759
Validation loss: 4.35760
Epoch 72/100
Training loss: 1.33955
Validation loss: 3.09052
Epoch 73/100
Training loss: 1.57102
Validation loss: 2.50842
Epoch 74/100
Training loss: 1.47104
Validation loss: 3.55067
Epoch 75/100
Training loss: 1.42855
Validation loss: 3.05589
Epoch 76/100
Training loss: 1.47132
Validation loss: 5.39191
Epoch 77/100
Training loss: 1.49060
Validation loss: 2.83535
Epoch 78/100
Training loss: 1.28079
Validation loss: 2.88722
Epoch 79/100
Training loss: 1.45586
Validation loss: 2.23508
Epoch 80/100
Training loss: 1.70138
Validation loss: 4.24276
Epoch 81/100
Training loss: 1.39519
Validation loss: 2.33870
Epoch 82/100
Training loss: 1.59546
Validation loss: 3.08635
Epoch 83/100
Training loss: 1.58991
Validation loss: 2.90032
Epoch 84/100
Training loss: 1.37915
Validation loss: 2.83250
Epoch 85/100
Training loss: 1.48699
Validation loss: 3.76575
Epoch 86/100
Training loss: 1.34717
Validation loss: 5.35047
Epoch 87/100
Training loss: 1.54442
Validation loss: 3.48396
Epoch 88/100
Training loss: 1.42120
Validation loss: 4.07806
Epoch 89/100
Training loss: 1.54947
Validation loss: 2.81130
Epoch 90/100
Training loss: 1.53641
Validation loss: 3.72871
Epoch 91/100
Training loss: 1.64769
Validation loss: 2.82896
Epoch 92/100
Training loss: 1.57656
Validation loss: 2.58441
Epoch 93/100
Training loss: 1.47816
Validation loss: 4.14318
Epoch 94/100
Training loss: 1.81352
Validation loss: 4.80044
Epoch 95/100
Training loss: 1.75756
Validation loss: 2.73746
Epoch 96/100
Training loss: 1.63874
Validation loss: 4.62592
Epoch 97/100
Training loss: 1.65750
Validation loss: 3.67595
Epoch 98/100
Training loss: 1.31067
Validation loss: 3.29796
Epoch 99/100
Training loss: 1.54667
Validation loss: 2.90223
Epoch 100/100
Training loss: 1.25825
Validation loss: 3.04431
Best model for fold 3 saved from epoch 31 with f1 2.09427
Final training loss: 1.25825
Final test loss: 3.04431
Fold 4
Model loaded successfully from ./pretrained_model/64_to_256_3layers.ckpt
device : cuda
Model not found at ./model/./model/./model/./model/./model/decoder_output_wba_start_wba_input_line_plot_piece_size_1_fix_True_16frames_piece_size_5_fix_True_16frames_piece_size_10_fix_True_16frames_piece_size_20_fix_True_16frames_piece_size_30_fix_True_16frames/fold_4/fly_model.ckpt
Epoch 1/100
Training loss: 41.78696
Validation loss: 7.42004
New best model saved at epoch 1 with loss 7.42004
First epoch took 3.95 seconds.
Estimated total program duration: 0.55 hours
Estimated program end time (KST): 2024/11/03 19:22:23
Epoch 2/100
Training loss: 5.33113
Validation loss: 3.93733
New best model saved at epoch 2 with loss 3.93733
Epoch 3/100
Training loss: 3.22974
Validation loss: 4.47416
Epoch 4/100
Training loss: 2.88874
Validation loss: 2.38773
New best model saved at epoch 4 with loss 2.38773
Epoch 5/100
Training loss: 2.32177
Validation loss: 3.70628
Epoch 6/100
Training loss: 2.17422
Validation loss: 3.83978
Epoch 7/100
Training loss: 1.94129
Validation loss: 4.20042
Epoch 8/100
Training loss: 1.73437
Validation loss: 4.16575
Epoch 9/100
Training loss: 2.15994
Validation loss: 5.23089
Epoch 10/100
Training loss: 1.88109
Validation loss: 5.71192
Epoch 11/100
Training loss: 1.69947
Validation loss: 3.90509
Epoch 12/100
Training loss: 1.67638
Validation loss: 4.40744
Epoch 13/100
Training loss: 1.74417
Validation loss: 3.92425
Epoch 14/100
Training loss: 1.57898
Validation loss: 4.74296
Epoch 15/100
Training loss: 1.46989
Validation loss: 2.99237
Epoch 16/100
Training loss: 1.55788
Validation loss: 4.63596
Epoch 17/100
Training loss: 1.60833
Validation loss: 3.81393
Epoch 18/100
Training loss: 1.85465
Validation loss: 4.12883
Epoch 19/100
Training loss: 1.61123
Validation loss: 3.29408
Epoch 20/100
Training loss: 1.37305
Validation loss: 3.95145
Epoch 21/100
Training loss: 1.50808
Validation loss: 4.82577
Epoch 22/100
Training loss: 1.34922
Validation loss: 3.97948
Epoch 23/100
Training loss: 1.87954
Validation loss: 4.14014
Epoch 24/100
Training loss: 1.34677
Validation loss: 3.85888
Epoch 25/100
Training loss: 1.23054
Validation loss: 4.59959
Epoch 26/100
Training loss: 1.36314
Validation loss: 4.68574
Epoch 27/100
Training loss: 1.52886
Validation loss: 4.21626
Epoch 28/100
Training loss: 1.56498
Validation loss: 4.28295
Epoch 29/100
Training loss: 1.35191
Validation loss: 4.93765
Epoch 30/100
Training loss: 1.31960
Validation loss: 4.12135
Epoch 31/100
Training loss: 1.42751
Validation loss: 3.69714
Epoch 32/100
Training loss: 1.30740
Validation loss: 4.54444
Epoch 33/100
Training loss: 1.28217
Validation loss: 4.02278
Epoch 34/100
Training loss: 1.31488
Validation loss: 4.75052
Epoch 35/100
Training loss: 1.12754
Validation loss: 4.88030
Epoch 36/100
Training loss: 1.32276
Validation loss: 3.12720
Epoch 37/100
Training loss: 1.48979
Validation loss: 4.98542
Epoch 38/100
Training loss: 1.37609
Validation loss: 3.63173
Epoch 39/100
Training loss: 1.38399
Validation loss: 3.12868
Epoch 40/100
Training loss: 1.43879
Validation loss: 3.55380
Epoch 41/100
Training loss: 1.17615
Validation loss: 3.86696
Epoch 42/100
Training loss: 1.21185
Validation loss: 3.87220
Epoch 43/100
Training loss: 1.25524
Validation loss: 4.26332
Epoch 44/100
Training loss: 1.24532
Validation loss: 3.11776
Epoch 45/100
Training loss: 1.36922
Validation loss: 3.19394
Epoch 46/100
Training loss: 1.25797
Validation loss: 4.11760
Epoch 47/100
Training loss: 1.06849
Validation loss: 4.34219
Epoch 48/100
Training loss: 1.14868
Validation loss: 4.10343
Epoch 49/100
Training loss: 1.13320
Validation loss: 4.19490
Epoch 50/100
Training loss: 1.31605
Validation loss: 4.88774
Epoch 51/100
Training loss: 1.21947
Validation loss: 4.49131
Epoch 52/100
Training loss: 1.22856
Validation loss: 3.85809
Epoch 53/100
Training loss: 1.22592
Validation loss: 4.54229
Epoch 54/100
Training loss: 1.35184
Validation loss: 4.04101
Epoch 55/100
Training loss: 1.08618
Validation loss: 4.14448
Epoch 56/100
Training loss: 1.35319
Validation loss: 4.19783
Epoch 57/100
Training loss: 1.23074
Validation loss: 4.94393
Epoch 58/100
Training loss: 1.39556
Validation loss: 3.24022
Epoch 59/100
Training loss: 1.18831
Validation loss: 4.18445
Epoch 60/100
Training loss: 1.25788
Validation loss: 4.06068
Epoch 61/100
Training loss: 1.10068
Validation loss: 5.13976
Epoch 62/100
Training loss: 1.01446
Validation loss: 4.10370
Epoch 63/100
Training loss: 1.24469
Validation loss: 3.77427
Epoch 64/100
Training loss: 1.41115
Validation loss: 3.96646
Epoch 65/100
Training loss: 1.48473
Validation loss: 3.37479
Epoch 66/100
Training loss: 1.30976
Validation loss: 3.58068
Epoch 67/100
Training loss: 1.17324
Validation loss: 4.74615
Epoch 68/100
Training loss: 1.25736
Validation loss: 4.42367
Epoch 69/100
Training loss: 1.18815
Validation loss: 3.67094
Epoch 70/100
Training loss: 1.07087
Validation loss: 3.49909
Epoch 71/100
Training loss: 1.17067
Validation loss: 4.39530
Epoch 72/100
Training loss: 1.16142
Validation loss: 3.87775
Epoch 73/100
Training loss: 1.28376
Validation loss: 3.22954
Epoch 74/100
Training loss: 1.27601
Validation loss: 3.87473
Epoch 75/100
Training loss: 1.36067
Validation loss: 4.95228
Epoch 76/100
Training loss: 1.27877
Validation loss: 3.02480
Epoch 77/100
Training loss: 1.09769
Validation loss: 3.44350
Epoch 78/100
Training loss: 1.24920
Validation loss: 5.38673
Epoch 79/100
Training loss: 1.09158
Validation loss: 3.76557
Epoch 80/100
Training loss: 1.16333
Validation loss: 3.68527
Epoch 81/100
Training loss: 1.08489
Validation loss: 4.39275
Epoch 82/100
Training loss: 1.15908
Validation loss: 2.73923
Epoch 83/100
Training loss: 1.08094
Validation loss: 3.84007
Epoch 84/100
Training loss: 0.98943
Validation loss: 4.33234
Epoch 85/100
Training loss: 1.04958
Validation loss: 3.58252
Epoch 86/100
Training loss: 1.13190
Validation loss: 3.75717
Epoch 87/100
Training loss: 1.17043
Validation loss: 3.25068
Epoch 88/100
Training loss: 1.09131
Validation loss: 3.23021
Epoch 89/100
Training loss: 1.07063
Validation loss: 4.29655
Epoch 90/100
Training loss: 1.24632
Validation loss: 3.59271
Epoch 91/100
Training loss: 1.04476
Validation loss: 2.89435
Epoch 92/100
Training loss: 1.22406
Validation loss: 3.75269
Epoch 93/100
Training loss: 0.95069
Validation loss: 3.85710
Epoch 94/100
Training loss: 1.02088
Validation loss: 3.04199
Epoch 95/100
Training loss: 1.26547
Validation loss: 3.38836
Epoch 96/100
Training loss: 1.12812
Validation loss: 3.22725
Epoch 97/100
Training loss: 1.09583
Validation loss: 3.22914
Epoch 98/100
Training loss: 1.08625
Validation loss: 3.39112
Epoch 99/100
Training loss: 1.04868
Validation loss: 3.75483
Epoch 100/100
Training loss: 1.20853
Validation loss: 3.96128
Best model for fold 4 saved from epoch 4 with f1 2.38773
Final training loss: 1.20853
Final test loss: 3.96128
Fold 5
Model loaded successfully from ./pretrained_model/64_to_256_3layers.ckpt
device : cuda
Model not found at ./model/./model/./model/./model/./model/decoder_output_wba_start_wba_input_line_plot_piece_size_1_fix_True_16frames_piece_size_5_fix_True_16frames_piece_size_10_fix_True_16frames_piece_size_20_fix_True_16frames_piece_size_30_fix_True_16frames/fold_5/fly_model.ckpt
Epoch 1/100
Training loss: 40.25675
Validation loss: 22.07449
New best model saved at epoch 1 with loss 22.07449
First epoch took 3.98 seconds.
Estimated total program duration: 0.55 hours
Estimated program end time (KST): 2024/11/03 19:28:01
Epoch 2/100
Training loss: 4.23606
Validation loss: 9.87868
New best model saved at epoch 2 with loss 9.87868
Epoch 3/100
Training loss: 2.82767
Validation loss: 14.08658
Epoch 4/100
Training loss: 2.23604
Validation loss: 20.14868
Epoch 5/100
Training loss: 2.07911
Validation loss: 7.62718
New best model saved at epoch 5 with loss 7.62718
Epoch 6/100
Training loss: 1.91528
Validation loss: 18.41145
Epoch 7/100
Training loss: 1.78431
Validation loss: 12.47190
Epoch 8/100
Training loss: 1.66394
Validation loss: 18.44591
Epoch 9/100
Training loss: 1.60518
Validation loss: 18.19400
Epoch 10/100
Training loss: 1.53866
Validation loss: 14.04405
Epoch 11/100
Training loss: 1.49845
Validation loss: 13.37017
Epoch 12/100
Training loss: 1.54275
Validation loss: 17.50138
Epoch 13/100
Training loss: 1.44096
Validation loss: 25.49054
Epoch 14/100
Training loss: 1.46603
Validation loss: 10.01609
Epoch 15/100
Training loss: 1.42483
Validation loss: 14.18919
Epoch 16/100
Training loss: 1.36074
Validation loss: 14.18935
Epoch 17/100
Training loss: 1.26921
Validation loss: 8.01323
Epoch 18/100
Training loss: 1.18944
Validation loss: 14.48780
Epoch 19/100
Training loss: 1.40812
Validation loss: 10.69021
Epoch 20/100
Training loss: 1.36609
Validation loss: 17.59007
Epoch 21/100
Training loss: 1.26455
Validation loss: 15.19555
Epoch 22/100
Training loss: 1.30012
Validation loss: 13.85831
Epoch 23/100
Training loss: 1.35981
Validation loss: 15.73921
Epoch 24/100
Training loss: 1.14914
Validation loss: 11.44183
Epoch 25/100
Training loss: 1.27300
Validation loss: 19.30488
Epoch 26/100
Training loss: 1.32400
Validation loss: 9.60793
Epoch 27/100
Training loss: 1.20519
Validation loss: 11.17544
Epoch 28/100
Training loss: 1.07212
Validation loss: 14.82964
Epoch 29/100
Training loss: 0.94114
Validation loss: 9.95982
Epoch 30/100
Training loss: 1.44865
Validation loss: 20.15443
Epoch 31/100
Training loss: 1.63603
Validation loss: 6.71977
New best model saved at epoch 31 with loss 6.71977
Epoch 32/100
Training loss: 1.19091
Validation loss: 12.32421
Epoch 33/100
Training loss: 1.00281
Validation loss: 10.52600
Epoch 34/100
Training loss: 0.99095
Validation loss: 20.55156
Epoch 35/100
Training loss: 1.11760
Validation loss: 14.82859
Epoch 36/100
Training loss: 1.23919
Validation loss: 16.46607
Epoch 37/100
Training loss: 1.01279
Validation loss: 18.62115
Epoch 38/100
Training loss: 1.21163
Validation loss: 9.63031
Epoch 39/100
Training loss: 1.08782
Validation loss: 11.03831
Epoch 40/100
Training loss: 1.07098
Validation loss: 13.24701
Epoch 41/100
Training loss: 0.98332
Validation loss: 8.82392
Epoch 42/100
Training loss: 1.19667
Validation loss: 9.15909
Epoch 43/100
Training loss: 1.06127
Validation loss: 13.40340
Epoch 44/100
Training loss: 1.11903
Validation loss: 20.29514
Epoch 45/100
Training loss: 1.00978
Validation loss: 12.61021
Epoch 46/100
Training loss: 1.14678
Validation loss: 17.45801
Epoch 47/100
Training loss: 1.29021
Validation loss: 14.26306
Epoch 48/100
Training loss: 1.14780
Validation loss: 6.83154
Epoch 49/100
Training loss: 1.08618
Validation loss: 7.41147
Epoch 50/100
Training loss: 0.98948
Validation loss: 16.26829
Epoch 51/100
Training loss: 1.14183
Validation loss: 13.76441
Epoch 52/100
Training loss: 0.99475
Validation loss: 10.70365
Epoch 53/100
Training loss: 1.01322
Validation loss: 17.85744
Epoch 54/100
Training loss: 1.14806
Validation loss: 22.47999
Epoch 55/100
Training loss: 1.09784
Validation loss: 15.59273
Epoch 56/100
Training loss: 1.02700
Validation loss: 30.42426
Epoch 57/100
Training loss: 1.02939
Validation loss: 23.40670
Epoch 58/100
Training loss: 1.02870
Validation loss: 13.28753
Epoch 59/100
Training loss: 0.96381
Validation loss: 11.97752
Epoch 60/100
Training loss: 1.04530
Validation loss: 17.73806
Epoch 61/100
Training loss: 0.97494
Validation loss: 6.89338
Epoch 62/100
Training loss: 1.10154
Validation loss: 16.62194
Epoch 63/100
Training loss: 1.14728
Validation loss: 7.99792
Epoch 64/100
Training loss: 1.03475
Validation loss: 20.57562
Epoch 65/100
Training loss: 0.98297
Validation loss: 14.76540
Epoch 66/100
Training loss: 1.07828
Validation loss: 12.83061
Epoch 67/100
Training loss: 1.21140
Validation loss: 7.60020
Epoch 68/100
Training loss: 1.18718
Validation loss: 26.42184
Epoch 69/100
Training loss: 1.01073
Validation loss: 7.44838
Epoch 70/100
Training loss: 1.00824
Validation loss: 11.40135
Epoch 71/100
Training loss: 1.01616
Validation loss: 13.98055
Epoch 72/100
Training loss: 0.98318
Validation loss: 11.86745
Epoch 73/100
Training loss: 0.99271
Validation loss: 9.07300
Epoch 74/100
Training loss: 1.17913
Validation loss: 20.93613
Epoch 75/100
Training loss: 0.99228
Validation loss: 10.04744
Epoch 76/100
Training loss: 0.87978
Validation loss: 12.67689
Epoch 77/100
Training loss: 1.10962
Validation loss: 22.93351
Epoch 78/100
Training loss: 1.07444
Validation loss: 9.85361
Epoch 79/100
Training loss: 0.87658
Validation loss: 15.37975
Epoch 80/100
Training loss: 0.97983
Validation loss: 17.93752
Epoch 81/100
Training loss: 0.93933
Validation loss: 24.31569
Epoch 82/100
Training loss: 0.84104
Validation loss: 19.26024
Epoch 83/100
Training loss: 0.90666
Validation loss: 9.01225
Epoch 84/100
Training loss: 1.02636
Validation loss: 10.62457
Epoch 85/100
Training loss: 1.00786
Validation loss: 27.08755
Epoch 86/100
Training loss: 0.97215
Validation loss: 19.36469
Epoch 87/100
Training loss: 0.81149
Validation loss: 13.89626
Epoch 88/100
Training loss: 1.05813
Validation loss: 22.75311
Epoch 89/100
Training loss: 0.80660
Validation loss: 24.07149
Epoch 90/100
Training loss: 0.90625
Validation loss: 19.25725
Epoch 91/100
Training loss: 0.89522
Validation loss: 14.29971
Epoch 92/100
Training loss: 0.90069
Validation loss: 11.32858
Epoch 93/100
Training loss: 0.83039
Validation loss: 28.83737
Epoch 94/100
Training loss: 0.90200
Validation loss: 11.80421
Epoch 95/100
Training loss: 1.10100
Validation loss: 7.64189
Epoch 96/100
Training loss: 0.95915
Validation loss: 34.56003
Epoch 97/100
Training loss: 0.91837
Validation loss: 6.31271
New best model saved at epoch 97 with loss 6.31271
Epoch 98/100
Training loss: 0.91754
Validation loss: 13.62048
Epoch 99/100
Training loss: 1.10964
Validation loss: 17.28526
Epoch 100/100
Training loss: 1.20268
Validation loss: 13.36454
Best model for fold 5 saved from epoch 97 with f1 6.31271
Final training loss: 1.20268
Final test loss: 13.36454
All fold val losses: [1.9735559821128845, 4.702335000038147, 2.0942686796188354, 2.387731522321701, 6.3127121925354]
Average val loss: 3.49412
./naturalistic/01_Bird.avi                                   Loaded : (5, 3596, 64, 128, 1)
./naturalistic/02_City.avi                                   Loaded : (5, 3596, 64, 128, 1)
./naturalistic/03_Forest.avi                                 Loaded : (5, 3596, 64, 128, 1)
Video is allocated on memory!
Shape : (3, 3596, 64, 128, 5)
augmented shape : (24, 3596, 64, 128, 5)
augmented shape : (24, 3600)
Fold 1
Model loaded successfully from ./pretrained_model/64_to_256_3layers.ckpt
device : cuda
Model not found at ./model/./model/./model/./model/./model/./model/decoder_output_wba_start_wba_input_line_plot_piece_size_1_fix_True_16frames_piece_size_5_fix_True_16frames_piece_size_10_fix_True_16frames_piece_size_20_fix_True_16frames_piece_size_30_fix_True_16frames_piece_size_40_fix_True_16frames/fold_1/fly_model.ckpt
Epoch 1/100
Training loss: 45.51290
Validation loss: 15.35016
New best model saved at epoch 1 with loss 15.35016
First epoch took 3.84 seconds.
Estimated total program duration: 0.53 hours
Estimated program end time (KST): 2024/11/03 19:32:33
Epoch 2/100
Training loss: 4.85197
Validation loss: 6.44933
New best model saved at epoch 2 with loss 6.44933
Epoch 3/100
Training loss: 2.74410
Validation loss: 11.68823
Epoch 4/100
Training loss: 2.53975
Validation loss: 13.91388
Epoch 5/100
Training loss: 2.54291
Validation loss: 6.97229
Epoch 6/100
Training loss: 2.31116
Validation loss: 7.38535
Epoch 7/100
Training loss: 2.06764
Validation loss: 3.88029
New best model saved at epoch 7 with loss 3.88029
Epoch 8/100
Training loss: 2.06019
Validation loss: 4.84856
Epoch 9/100
Training loss: 2.01362
Validation loss: 7.44102
Epoch 10/100
Training loss: 1.85114
Validation loss: 7.26847
Epoch 11/100
Training loss: 1.89585
Validation loss: 7.74110
Epoch 12/100
Training loss: 1.86667
Validation loss: 5.43541
Epoch 13/100
Training loss: 1.90182
Validation loss: 4.87277
Epoch 14/100
Training loss: 1.47526
Validation loss: 11.41597
Epoch 15/100
Training loss: 1.71473
Validation loss: 5.70864
Epoch 16/100
Training loss: 1.75332
Validation loss: 11.98647
Epoch 17/100
Training loss: 2.04457
Validation loss: 13.32791
Epoch 18/100
Training loss: 1.77038
Validation loss: 15.98450
Epoch 19/100
Training loss: 1.50758
Validation loss: 11.36683
Epoch 20/100
Training loss: 1.84132
Validation loss: 6.20796
Epoch 21/100
Training loss: 1.48541
Validation loss: 9.95436
Epoch 22/100
Training loss: 1.52325
Validation loss: 6.13167
Epoch 23/100
Training loss: 1.58550
Validation loss: 12.58239
Epoch 24/100
Training loss: 1.79475
Validation loss: 7.59650
Epoch 25/100
Training loss: 1.52832
Validation loss: 7.05194
Epoch 26/100
Training loss: 1.64109
Validation loss: 9.61055
Epoch 27/100
Training loss: 1.40463
Validation loss: 10.66278
Epoch 28/100
Training loss: 1.65373
Validation loss: 10.01970
Epoch 29/100
Training loss: 2.09805
Validation loss: 10.46376
Epoch 30/100
Training loss: 1.70131
Validation loss: 7.63750
Epoch 31/100
Training loss: 1.78109
Validation loss: 9.09617
Epoch 32/100
Training loss: 1.40924
Validation loss: 8.44253
Epoch 33/100
Training loss: 1.47161
Validation loss: 7.86805
Epoch 34/100
Training loss: 1.42959
Validation loss: 6.34806
Epoch 35/100
Training loss: 1.40358
Validation loss: 8.64420
Epoch 36/100
Training loss: 1.38144
Validation loss: 5.82635
Epoch 37/100
Training loss: 1.52027
Validation loss: 8.43591
Epoch 38/100
Training loss: 1.35131
Validation loss: 7.71607
Epoch 39/100
Training loss: 1.52099
Validation loss: 7.32760
Epoch 40/100
Training loss: 1.47843
Validation loss: 12.18553
Epoch 41/100
Training loss: 1.28277
Validation loss: 6.88983
Epoch 42/100
Training loss: 1.41637
Validation loss: 10.92800
Epoch 43/100
Training loss: 1.26051
Validation loss: 11.94047
Epoch 44/100
Training loss: 1.44293
Validation loss: 4.80235
Epoch 45/100
Training loss: 2.00871
Validation loss: 10.80986
Epoch 46/100
Training loss: 1.44251
Validation loss: 7.46473
Epoch 47/100
Training loss: 1.45152
Validation loss: 12.50290
Epoch 48/100
Training loss: 1.25672
Validation loss: 10.94727
Epoch 49/100
Training loss: 1.11752
Validation loss: 4.66067
Epoch 50/100
Training loss: 1.27091
Validation loss: 5.92318
Epoch 51/100
Training loss: 1.31911
Validation loss: 13.24242
Epoch 52/100
Training loss: 1.32058
Validation loss: 6.49999
Epoch 53/100
Training loss: 1.29973
Validation loss: 6.19311
Epoch 54/100
Training loss: 1.20278
Validation loss: 9.44798
Epoch 55/100
Training loss: 1.08430
Validation loss: 7.32561
Epoch 56/100
Training loss: 1.15232
Validation loss: 7.81833
Epoch 57/100
Training loss: 1.13278
Validation loss: 5.58424
Epoch 58/100
Training loss: 1.40520
Validation loss: 5.28540
Epoch 59/100
Training loss: 1.46883
Validation loss: 6.68269
Epoch 60/100
Training loss: 1.12322
Validation loss: 9.67653
Epoch 61/100
Training loss: 1.34204
Validation loss: 8.18200
Epoch 62/100
Training loss: 1.39598
Validation loss: 5.50017
Epoch 63/100
Training loss: 1.11563
Validation loss: 6.54894
Epoch 64/100
Training loss: 1.42312
Validation loss: 8.33967
Epoch 65/100
Training loss: 1.44749
Validation loss: 6.50472
Epoch 66/100
Training loss: 1.33208
Validation loss: 7.04958
Epoch 67/100
Training loss: 1.29359
Validation loss: 7.89657
Epoch 68/100
Training loss: 1.15382
Validation loss: 9.91035
Epoch 69/100
Training loss: 1.32031
Validation loss: 5.46666
Epoch 70/100
Training loss: 1.04776
Validation loss: 6.07896
Epoch 71/100
Training loss: 1.17686
Validation loss: 6.37173
Epoch 72/100
Training loss: 1.16543
Validation loss: 7.60609
Epoch 73/100
Training loss: 1.35447
Validation loss: 11.09658
Epoch 74/100
Training loss: 1.18045
Validation loss: 9.04546
Epoch 75/100
Training loss: 1.25640
Validation loss: 4.72216
Epoch 76/100
Training loss: 1.18181
Validation loss: 8.22302
Epoch 77/100
Training loss: 1.08950
Validation loss: 6.51250
Epoch 78/100
Training loss: 1.36609
Validation loss: 6.46508
Epoch 79/100
Training loss: 1.18429
Validation loss: 6.19502
Epoch 80/100
Training loss: 1.22257
Validation loss: 9.93102
Epoch 81/100
Training loss: 1.19921
Validation loss: 9.31458
Epoch 82/100
Training loss: 1.39472
Validation loss: 7.96668
Epoch 83/100
Training loss: 1.47643
Validation loss: 10.11192
Epoch 84/100
Training loss: 1.08940
Validation loss: 3.89071
Epoch 85/100
Training loss: 1.17514
Validation loss: 6.94586
Epoch 86/100
Training loss: 1.05945
Validation loss: 4.45667
Epoch 87/100
Training loss: 1.34578
Validation loss: 7.65103
Epoch 88/100
Training loss: 1.37209
Validation loss: 9.08143
Epoch 89/100
Training loss: 1.09500
Validation loss: 5.34130
Epoch 90/100
Training loss: 1.17946
Validation loss: 7.71658
Epoch 91/100
Training loss: 1.30601
Validation loss: 5.03482
Epoch 92/100
Training loss: 0.98793
Validation loss: 7.35823
Epoch 93/100
Training loss: 1.15407
Validation loss: 7.93240
Epoch 94/100
Training loss: 1.04841
Validation loss: 9.15118
Epoch 95/100
Training loss: 1.19450
Validation loss: 5.67355
Epoch 96/100
Training loss: 1.15631
Validation loss: 5.85570
Epoch 97/100
Training loss: 1.08140
Validation loss: 6.19114
Epoch 98/100
Training loss: 1.16074
Validation loss: 9.91857
Epoch 99/100
Training loss: 1.05358
Validation loss: 8.66234
Epoch 100/100
Training loss: 1.09508
Validation loss: 6.32473
Best model for fold 1 saved from epoch 7 with f1 3.88029
Final training loss: 1.09508
Final test loss: 6.32473
Fold 2
Model loaded successfully from ./pretrained_model/64_to_256_3layers.ckpt
device : cuda
Model not found at ./model/./model/./model/./model/./model/./model/decoder_output_wba_start_wba_input_line_plot_piece_size_1_fix_True_16frames_piece_size_5_fix_True_16frames_piece_size_10_fix_True_16frames_piece_size_20_fix_True_16frames_piece_size_30_fix_True_16frames_piece_size_40_fix_True_16frames/fold_2/fly_model.ckpt
Epoch 1/100
Training loss: 53.61808
Validation loss: 15.53512
New best model saved at epoch 1 with loss 15.53512
First epoch took 3.81 seconds.
Estimated total program duration: 0.53 hours
Estimated program end time (KST): 2024/11/03 19:37:31
Epoch 2/100
Training loss: 4.85270
Validation loss: 10.16279
New best model saved at epoch 2 with loss 10.16279
Epoch 3/100
Training loss: 2.91042
Validation loss: 9.63547
New best model saved at epoch 3 with loss 9.63547
Epoch 4/100
Training loss: 2.30099
Validation loss: 10.86710
Epoch 5/100
Training loss: 2.51244
Validation loss: 9.75829
Epoch 6/100
Training loss: 2.79419
Validation loss: 11.29045
Epoch 7/100
Training loss: 2.23461
Validation loss: 11.15418
Epoch 8/100
Training loss: 1.81150
Validation loss: 10.03707
Epoch 9/100
Training loss: 1.72753
Validation loss: 10.56758
Epoch 10/100
Training loss: 1.71893
Validation loss: 10.45217
Epoch 11/100
Training loss: 2.20702
Validation loss: 11.11397
Epoch 12/100
Training loss: 2.05254
Validation loss: 9.90870
Epoch 13/100
Training loss: 1.87677
Validation loss: 10.18857
Epoch 14/100
Training loss: 1.70851
Validation loss: 8.10441
New best model saved at epoch 14 with loss 8.10441
Epoch 15/100
Training loss: 1.68799
Validation loss: 9.42795
Epoch 16/100
Training loss: 1.80296
Validation loss: 9.82397
Epoch 17/100
Training loss: 1.71177
Validation loss: 8.70180
Epoch 18/100
Training loss: 2.01377
Validation loss: 10.99231
Epoch 19/100
Training loss: 1.86470
Validation loss: 10.17457
Epoch 20/100
Training loss: 1.77426
Validation loss: 8.77494
Epoch 21/100
Training loss: 1.54036
Validation loss: 9.90877
Epoch 22/100
Training loss: 1.53534
Validation loss: 10.28969
Epoch 23/100
Training loss: 2.08330
Validation loss: 11.15581
Epoch 24/100
Training loss: 1.85848
Validation loss: 9.02420
Epoch 25/100
Training loss: 1.33555
Validation loss: 8.08783
New best model saved at epoch 25 with loss 8.08783
Epoch 26/100
Training loss: 1.70433
Validation loss: 8.21955
Epoch 27/100
Training loss: 1.56900
Validation loss: 10.32720
Epoch 28/100
Training loss: 1.59855
Validation loss: 11.42141
Epoch 29/100
Training loss: 1.55669
Validation loss: 8.72112
Epoch 30/100
Training loss: 1.38302
Validation loss: 9.99336
Epoch 31/100
Training loss: 1.68866
Validation loss: 11.69888
Epoch 32/100
Training loss: 1.68194
Validation loss: 10.79282
Epoch 33/100
Training loss: 1.58972
Validation loss: 9.99773
Epoch 34/100
Training loss: 1.66148
Validation loss: 7.98110
New best model saved at epoch 34 with loss 7.98110
Epoch 35/100
Training loss: 1.45396
Validation loss: 8.72417
Epoch 36/100
Training loss: 1.41020
Validation loss: 10.89636
Epoch 37/100
Training loss: 1.46152
Validation loss: 8.33007
Epoch 38/100
Training loss: 1.38864
Validation loss: 10.63053
Epoch 39/100
Training loss: 1.53245
Validation loss: 9.59753
Epoch 40/100
Training loss: 1.50594
Validation loss: 11.07005
Epoch 41/100
Training loss: 1.39976
Validation loss: 11.53478
Epoch 42/100
Training loss: 1.53349
Validation loss: 10.09567
Epoch 43/100
Training loss: 1.36347
Validation loss: 8.40447
Epoch 44/100
Training loss: 1.24926
Validation loss: 10.33819
Epoch 45/100
Training loss: 1.69114
Validation loss: 10.04599
Epoch 46/100
Training loss: 1.55378
Validation loss: 9.66234
Epoch 47/100
Training loss: 1.49406
Validation loss: 11.05299
Epoch 48/100
Training loss: 1.36050
Validation loss: 8.37923
Epoch 49/100
Training loss: 1.23589
Validation loss: 7.88157
New best model saved at epoch 49 with loss 7.88157
Epoch 50/100
Training loss: 1.23222
Validation loss: 9.54020
Epoch 51/100
Training loss: 1.41153
Validation loss: 10.55438
Epoch 52/100
Training loss: 1.32414
Validation loss: 6.67008
New best model saved at epoch 52 with loss 6.67008
Epoch 53/100
Training loss: 1.24236
Validation loss: 9.99062
Epoch 54/100
Training loss: 1.27508
Validation loss: 8.00388
Epoch 55/100
Training loss: 1.20899
Validation loss: 8.44911
Epoch 56/100
Training loss: 1.29828
Validation loss: 11.02056
Epoch 57/100
Training loss: 1.41249
Validation loss: 6.59849
New best model saved at epoch 57 with loss 6.59849
Epoch 58/100
Training loss: 1.47907
Validation loss: 9.90005
Epoch 59/100
Training loss: 1.36626
Validation loss: 8.21365
Epoch 60/100
Training loss: 1.23709
Validation loss: 12.80476
Epoch 61/100
Training loss: 1.23366
Validation loss: 7.94218
Epoch 62/100
Training loss: 1.17064
Validation loss: 8.53392
Epoch 63/100
Training loss: 1.16855
Validation loss: 10.21285
Epoch 64/100
Training loss: 1.61895
Validation loss: 8.84097
Epoch 65/100
Training loss: 1.26582
Validation loss: 6.37448
New best model saved at epoch 65 with loss 6.37448
Epoch 66/100
Training loss: 1.44092
Validation loss: 6.84174
Epoch 67/100
Training loss: 1.20408
Validation loss: 9.91191
Epoch 68/100
Training loss: 1.20629
Validation loss: 8.69909
Epoch 69/100
Training loss: 1.21166
Validation loss: 10.94103
Epoch 70/100
Training loss: 1.31541
Validation loss: 7.94575
Epoch 71/100
Training loss: 1.36658
Validation loss: 8.40965
Epoch 72/100
Training loss: 1.45807
Validation loss: 8.86698
Epoch 73/100
Training loss: 1.29775
Validation loss: 7.46660
Epoch 74/100
Training loss: 1.56585
Validation loss: 8.95811
Epoch 75/100
Training loss: 1.27714
Validation loss: 8.39447
Epoch 76/100
Training loss: 1.19653
Validation loss: 8.95254
Epoch 77/100
Training loss: 1.33024
Validation loss: 11.03671
Epoch 78/100
Training loss: 1.32096
Validation loss: 10.18231
Epoch 79/100
Training loss: 1.46408
Validation loss: 8.68825
Epoch 80/100
Training loss: 1.59088
Validation loss: 10.61231
Epoch 81/100
Training loss: 1.22308
Validation loss: 10.18836
Epoch 82/100
Training loss: 1.56180
Validation loss: 7.33150
Epoch 83/100
Training loss: 1.22408
Validation loss: 7.99783
Epoch 84/100
Training loss: 1.04791
Validation loss: 8.76101
Epoch 85/100
Training loss: 1.32804
Validation loss: 11.76465
Epoch 86/100
Training loss: 1.52478
Validation loss: 10.47851
Epoch 87/100
Training loss: 1.21768
Validation loss: 7.80208
Epoch 88/100
Training loss: 1.39014
Validation loss: 8.69282
Epoch 89/100
Training loss: 1.16183
Validation loss: 10.77072
Epoch 90/100
Training loss: 1.13147
Validation loss: 8.60438
Epoch 91/100
Training loss: 1.34930
Validation loss: 8.20450
Epoch 92/100
Training loss: 1.45589
Validation loss: 9.22265
Epoch 93/100
Training loss: 1.18659
Validation loss: 10.13098
Epoch 94/100
Training loss: 1.29646
Validation loss: 8.42854
Epoch 95/100
Training loss: 1.35108
Validation loss: 11.43383
Epoch 96/100
Training loss: 1.43334
Validation loss: 11.77009
Epoch 97/100
Training loss: 1.65916
Validation loss: 10.97634
Epoch 98/100
Training loss: 1.58285
Validation loss: 8.71822
Epoch 99/100
Training loss: 1.13352
Validation loss: 9.19758
Epoch 100/100
Training loss: 1.22076
Validation loss: 8.18091
Best model for fold 2 saved from epoch 65 with f1 6.37448
Final training loss: 1.22076
Final test loss: 8.18091
Fold 3
Model loaded successfully from ./pretrained_model/64_to_256_3layers.ckpt
device : cuda
Model not found at ./model/./model/./model/./model/./model/./model/decoder_output_wba_start_wba_input_line_plot_piece_size_1_fix_True_16frames_piece_size_5_fix_True_16frames_piece_size_10_fix_True_16frames_piece_size_20_fix_True_16frames_piece_size_30_fix_True_16frames_piece_size_40_fix_True_16frames/fold_3/fly_model.ckpt
Epoch 1/100
Training loss: 40.72236
Validation loss: 20.73449
New best model saved at epoch 1 with loss 20.73449
First epoch took 3.92 seconds.
Estimated total program duration: 0.54 hours
Estimated program end time (KST): 2024/11/03 19:43:43
Epoch 2/100
Training loss: 4.80916
Validation loss: 23.57509
Epoch 3/100
Training loss: 2.65257
Validation loss: 19.69418
New best model saved at epoch 3 with loss 19.69418
Epoch 4/100
Training loss: 2.09832
Validation loss: 15.17506
New best model saved at epoch 4 with loss 15.17506
Epoch 5/100
Training loss: 2.27576
Validation loss: 17.49333
Epoch 6/100
Training loss: 1.75627
Validation loss: 11.60839
New best model saved at epoch 6 with loss 11.60839
Epoch 7/100
Training loss: 1.60060
Validation loss: 16.42384
Epoch 8/100
Training loss: 1.86026
Validation loss: 11.19785
New best model saved at epoch 8 with loss 11.19785
Epoch 9/100
Training loss: 1.78092
Validation loss: 17.24643
Epoch 10/100
Training loss: 1.51744
Validation loss: 14.33040
Epoch 11/100
Training loss: 1.58365
Validation loss: 7.81302
New best model saved at epoch 11 with loss 7.81302
Epoch 12/100
Training loss: 1.48767
Validation loss: 18.40091
Epoch 13/100
Training loss: 1.47582
Validation loss: 19.69141
Epoch 14/100
Training loss: 1.26414
Validation loss: 17.79633
Epoch 15/100
Training loss: 1.39222
Validation loss: 17.20533
Epoch 16/100
Training loss: 1.52605
Validation loss: 7.52822
New best model saved at epoch 16 with loss 7.52822
Epoch 17/100
Training loss: 1.50498
Validation loss: 11.70717
Epoch 18/100
Training loss: 1.56083
Validation loss: 12.34815
Epoch 19/100
Training loss: 1.19151
Validation loss: 16.18395
Epoch 20/100
Training loss: 1.41444
Validation loss: 19.71631
Epoch 21/100
Training loss: 1.24603
Validation loss: 14.10783
Epoch 22/100
Training loss: 1.25706
Validation loss: 22.05945
Epoch 23/100
Training loss: 1.27085
Validation loss: 16.12518
Epoch 24/100
Training loss: 1.39200
Validation loss: 13.45051
Epoch 25/100
Training loss: 1.36241
Validation loss: 9.90451
Epoch 26/100
Training loss: 1.24994
Validation loss: 17.19694
Epoch 27/100
Training loss: 1.30685
Validation loss: 15.77476
Epoch 28/100
Training loss: 1.19684
Validation loss: 19.19685
Epoch 29/100
Training loss: 1.11307
Validation loss: 14.22696
Epoch 30/100
Training loss: 1.17420
Validation loss: 17.46835
Epoch 31/100
Training loss: 1.17882
Validation loss: 14.15220
Epoch 32/100
Training loss: 1.08495
Validation loss: 9.30166
Epoch 33/100
Training loss: 0.98277
Validation loss: 26.08477
Epoch 34/100
Training loss: 1.04440
Validation loss: 15.00712
Epoch 35/100
Training loss: 0.98649
Validation loss: 15.70596
Epoch 36/100
Training loss: 1.02907
Validation loss: 12.99582
Epoch 37/100
Training loss: 1.13014
Validation loss: 6.42223
New best model saved at epoch 37 with loss 6.42223
Epoch 38/100
Training loss: 1.23546
Validation loss: 17.92579
Epoch 39/100
Training loss: 1.11163
Validation loss: 18.39422
Epoch 40/100
Training loss: 1.09160
Validation loss: 13.91954
Epoch 41/100
Training loss: 0.96839
Validation loss: 22.82056
Epoch 42/100
Training loss: 1.09116
Validation loss: 14.06629
Epoch 43/100
Training loss: 1.20713
Validation loss: 21.08189
Epoch 44/100
Training loss: 1.13650
Validation loss: 14.76398
Epoch 45/100
Training loss: 1.26253
Validation loss: 20.28287
Epoch 46/100
Training loss: 1.12971
Validation loss: 13.17950
Epoch 47/100
Training loss: 1.00385
Validation loss: 16.92967
Epoch 48/100
Training loss: 0.96740
Validation loss: 10.98131
Epoch 49/100
Training loss: 1.14434
Validation loss: 11.21858
Epoch 50/100
Training loss: 0.98019
Validation loss: 12.18294
Epoch 51/100
Training loss: 1.05615
Validation loss: 16.28507
Epoch 52/100
Training loss: 1.28436
Validation loss: 17.29637
Epoch 53/100
Training loss: 0.92590
Validation loss: 6.71586
Epoch 54/100
Training loss: 0.85067
Validation loss: 23.83696
Epoch 55/100
Training loss: 0.92679
Validation loss: 10.61596
Epoch 56/100
Training loss: 1.12261
Validation loss: 14.74321
Epoch 57/100
Training loss: 1.19707
Validation loss: 15.98065
Epoch 58/100
Training loss: 0.99540
Validation loss: 24.78375
Epoch 59/100
Training loss: 0.96437
Validation loss: 20.67771
Epoch 60/100
Training loss: 0.83397
Validation loss: 14.06247
Epoch 61/100
Training loss: 0.80568
Validation loss: 10.73390
Epoch 62/100
Training loss: 1.00319
Validation loss: 7.54473
Epoch 63/100
Training loss: 1.17655
Validation loss: 25.29016
Epoch 64/100
Training loss: 0.93723
Validation loss: 18.57901
Epoch 65/100
Training loss: 1.15477
Validation loss: 18.32966
Epoch 66/100
Training loss: 0.96957
Validation loss: 25.32709
Epoch 67/100
Training loss: 0.95592
Validation loss: 9.90235
Epoch 68/100
Training loss: 0.92188
Validation loss: 17.18689
Epoch 69/100
Training loss: 0.90232
Validation loss: 12.55732
Epoch 70/100
Training loss: 0.95151
Validation loss: 17.66161
Epoch 71/100
Training loss: 0.93381
Validation loss: 9.96110
Epoch 72/100
Training loss: 1.01734
Validation loss: 17.07181
Epoch 73/100
Training loss: 1.21803
Validation loss: 18.92092
Epoch 74/100
Training loss: 0.88111
Validation loss: 17.12456
Epoch 75/100
Training loss: 1.08953
Validation loss: 11.12775
Epoch 76/100
Training loss: 0.97093
Validation loss: 25.46918
Epoch 77/100
Training loss: 1.03954
Validation loss: 11.55286
Epoch 78/100
Training loss: 0.90585
Validation loss: 8.21218
Epoch 79/100
Training loss: 0.98737
Validation loss: 15.92251
Epoch 80/100
Training loss: 0.96597
Validation loss: 11.99420
Epoch 81/100
Training loss: 0.89198
Validation loss: 10.42833
Epoch 82/100
Training loss: 1.04536
Validation loss: 14.01934
Epoch 83/100
Training loss: 0.93540
Validation loss: 11.19328
Epoch 84/100
Training loss: 0.85331
Validation loss: 18.72548
Epoch 85/100
Training loss: 0.82466
Validation loss: 12.74029
Epoch 86/100
Training loss: 0.97007
Validation loss: 20.88962
Epoch 87/100
Training loss: 0.85422
Validation loss: 19.11633
Epoch 88/100
Training loss: 0.89465
Validation loss: 12.14283
Epoch 89/100
Training loss: 0.86863
Validation loss: 17.50604
Epoch 90/100
Training loss: 0.91961
Validation loss: 19.76804
Epoch 91/100
Training loss: 1.19705
Validation loss: 23.13302
Epoch 92/100
Training loss: 1.16474
Validation loss: 18.45801
Epoch 93/100
Training loss: 1.09028
Validation loss: 19.77248
Epoch 94/100
Training loss: 0.93817
Validation loss: 11.70406
Epoch 95/100
Training loss: 1.05754
Validation loss: 11.73432
Epoch 96/100
Training loss: 0.96383
Validation loss: 10.98004
Epoch 97/100
Training loss: 0.85372
Validation loss: 12.62195
Epoch 98/100
Training loss: 0.84604
Validation loss: 16.30473
Epoch 99/100
Training loss: 0.85918
Validation loss: 23.53739
Epoch 100/100
Training loss: 0.94269
Validation loss: 7.39772
Best model for fold 3 saved from epoch 37 with f1 6.42223
Final training loss: 0.94269
Final test loss: 7.39772
Fold 4
Model loaded successfully from ./pretrained_model/64_to_256_3layers.ckpt
device : cuda
Model not found at ./model/./model/./model/./model/./model/./model/decoder_output_wba_start_wba_input_line_plot_piece_size_1_fix_True_16frames_piece_size_5_fix_True_16frames_piece_size_10_fix_True_16frames_piece_size_20_fix_True_16frames_piece_size_30_fix_True_16frames_piece_size_40_fix_True_16frames/fold_4/fly_model.ckpt
Epoch 1/100
Training loss: 43.77071
Validation loss: 13.80593
New best model saved at epoch 1 with loss 13.80593
First epoch took 3.82 seconds.
Estimated total program duration: 0.53 hours
Estimated program end time (KST): 2024/11/03 19:48:09
Epoch 2/100
Training loss: 4.48795
Validation loss: 9.77523
New best model saved at epoch 2 with loss 9.77523
Epoch 3/100
Training loss: 3.30830
Validation loss: 8.95091
New best model saved at epoch 3 with loss 8.95091
Epoch 4/100
Training loss: 2.86536
Validation loss: 6.38562
New best model saved at epoch 4 with loss 6.38562
Epoch 5/100
Training loss: 2.18722
Validation loss: 10.98501
Epoch 6/100
Training loss: 2.06101
Validation loss: 7.96477
Epoch 7/100
Training loss: 2.19380
Validation loss: 6.20741
New best model saved at epoch 7 with loss 6.20741
Epoch 8/100
Training loss: 2.35463
Validation loss: 6.57392
Epoch 9/100
Training loss: 2.17396
Validation loss: 15.65706
Epoch 10/100
Training loss: 2.04406
Validation loss: 6.80258
Epoch 11/100
Training loss: 1.76001
Validation loss: 6.98797
Epoch 12/100
Training loss: 1.91201
Validation loss: 6.05554
New best model saved at epoch 12 with loss 6.05554
Epoch 13/100
Training loss: 1.64818
Validation loss: 5.01675
New best model saved at epoch 13 with loss 5.01675
Epoch 14/100
Training loss: 2.07784
Validation loss: 9.37983
Epoch 15/100
Training loss: 2.26878
Validation loss: 5.56603
Epoch 16/100
Training loss: 1.67471
Validation loss: 8.58573
Epoch 17/100
Training loss: 1.56826
Validation loss: 5.69553
Epoch 18/100
Training loss: 1.89966
Validation loss: 5.16656
Epoch 19/100
Training loss: 1.43051
Validation loss: 6.47087
Epoch 20/100
Training loss: 1.63613
Validation loss: 5.34065
Epoch 21/100
Training loss: 1.82640
Validation loss: 8.85316
Epoch 22/100
Training loss: 1.80800
Validation loss: 10.68073
Epoch 23/100
Training loss: 1.52446
Validation loss: 9.37125
Epoch 24/100
Training loss: 1.81488
Validation loss: 8.10532
Epoch 25/100
Training loss: 1.67273
Validation loss: 6.54671
Epoch 26/100
Training loss: 1.68736
Validation loss: 6.71919
Epoch 27/100
Training loss: 1.35650
Validation loss: 9.69120
Epoch 28/100
Training loss: 1.59887
Validation loss: 11.59445
Epoch 29/100
Training loss: 1.77710
Validation loss: 7.59817
Epoch 30/100
Training loss: 1.60462
Validation loss: 6.00144
Epoch 31/100
Training loss: 1.40509
Validation loss: 4.82354
New best model saved at epoch 31 with loss 4.82354
Epoch 32/100
Training loss: 1.61650
Validation loss: 4.23241
New best model saved at epoch 32 with loss 4.23241
Epoch 33/100
Training loss: 1.29662
Validation loss: 6.84175
Epoch 34/100
Training loss: 1.27947
Validation loss: 6.04010
Epoch 35/100
Training loss: 1.61474
Validation loss: 8.94386
Epoch 36/100
Training loss: 1.64874
Validation loss: 3.96898
New best model saved at epoch 36 with loss 3.96898
Epoch 37/100
Training loss: 1.59823
Validation loss: 10.21178
Epoch 38/100
Training loss: 1.41911
Validation loss: 7.90733
Epoch 39/100
Training loss: 1.52731
Validation loss: 10.90857
Epoch 40/100
Training loss: 1.38542
Validation loss: 5.48193
Epoch 41/100
Training loss: 1.23066
Validation loss: 8.46076
Epoch 42/100
Training loss: 1.12411
Validation loss: 9.54199
Epoch 43/100
Training loss: 1.29168
Validation loss: 5.67933
Epoch 44/100
Training loss: 1.24994
Validation loss: 7.37293
Epoch 45/100
Training loss: 1.43775
Validation loss: 10.37892
Epoch 46/100
Training loss: 1.37303
Validation loss: 9.47086
Epoch 47/100
Training loss: 1.34522
Validation loss: 6.75824
Epoch 48/100
Training loss: 1.41263
Validation loss: 6.10908
Epoch 49/100
Training loss: 1.21433
Validation loss: 12.27449
Epoch 50/100
Training loss: 1.33770
Validation loss: 11.96256
Epoch 51/100
Training loss: 1.40144
Validation loss: 9.49107
Epoch 52/100
Training loss: 1.57714
Validation loss: 8.99618
Epoch 53/100
Training loss: 1.70404
Validation loss: 6.43695
Epoch 54/100
Training loss: 1.34261
Validation loss: 7.43626
Epoch 55/100
Training loss: 1.55349
Validation loss: 5.98289
Epoch 56/100
Training loss: 1.18845
Validation loss: 12.43034
Epoch 57/100
Training loss: 1.18832
Validation loss: 6.77929
Epoch 58/100
Training loss: 1.48669
Validation loss: 10.55717
Epoch 59/100
Training loss: 1.36357
Validation loss: 5.49740
Epoch 60/100
Training loss: 1.19707
Validation loss: 8.75758
Epoch 61/100
Training loss: 1.18269
Validation loss: 8.70454
Epoch 62/100
Training loss: 1.11475
Validation loss: 5.90175
Epoch 63/100
Training loss: 1.24855
Validation loss: 10.84746
Epoch 64/100
Training loss: 1.37031
Validation loss: 9.50237
Epoch 65/100
Training loss: 1.28539
Validation loss: 8.53063
Epoch 66/100
Training loss: 1.11621
Validation loss: 8.12432
Epoch 67/100
Training loss: 1.63598
Validation loss: 6.37345
Epoch 68/100
Training loss: 1.46250
Validation loss: 7.14031
Epoch 69/100
Training loss: 1.10742
Validation loss: 6.71169
Epoch 70/100
Training loss: 1.25363
Validation loss: 11.98630
Epoch 71/100
Training loss: 1.18105
Validation loss: 6.71190
Epoch 72/100
Training loss: 1.12241
Validation loss: 7.58238
Epoch 73/100
Training loss: 1.27082
Validation loss: 5.82826
Epoch 74/100
Training loss: 1.37102
Validation loss: 5.52012
Epoch 75/100
Training loss: 1.42276
Validation loss: 8.82817
Epoch 76/100
Training loss: 1.23273
Validation loss: 6.45472
Epoch 77/100
Training loss: 1.26327
Validation loss: 8.48412
Epoch 78/100
Training loss: 1.14443
Validation loss: 10.27450
Epoch 79/100
Training loss: 1.10970
Validation loss: 5.82434
Epoch 80/100
Training loss: 1.18258
Validation loss: 13.50409
Epoch 81/100
Training loss: 1.29590
Validation loss: 6.23746
Epoch 82/100
Training loss: 1.18352
Validation loss: 9.83684
Epoch 83/100
Training loss: 1.24695
Validation loss: 6.72257
Epoch 84/100
Training loss: 0.98773
Validation loss: 11.98606
Epoch 85/100
Training loss: 1.22988
Validation loss: 11.53670
Epoch 86/100
Training loss: 1.36988
Validation loss: 9.92738
Epoch 87/100
Training loss: 1.19197
Validation loss: 7.31009
Epoch 88/100
Training loss: 1.10871
Validation loss: 11.12444
Epoch 89/100
Training loss: 1.17592
Validation loss: 7.14843
Epoch 90/100
Training loss: 1.31514
Validation loss: 6.49261
Epoch 91/100
Training loss: 1.22295
Validation loss: 8.33447
Epoch 92/100
Training loss: 1.13694
Validation loss: 12.05028
Epoch 93/100
Training loss: 1.19044
Validation loss: 9.03886
Epoch 94/100
Training loss: 1.01089
Validation loss: 9.27092
Epoch 95/100
Training loss: 1.08248
Validation loss: 6.17250
Epoch 96/100
Training loss: 1.06730
Validation loss: 6.82081
Epoch 97/100
Training loss: 1.01915
Validation loss: 5.69861
Epoch 98/100
Training loss: 1.18031
Validation loss: 8.29904
Epoch 99/100
Training loss: 1.47299
Validation loss: 7.72861
Epoch 100/100
Training loss: 1.45929
Validation loss: 4.31872
Best model for fold 4 saved from epoch 36 with f1 3.96898
Final training loss: 1.45929
Final test loss: 4.31872
Fold 5
Model loaded successfully from ./pretrained_model/64_to_256_3layers.ckpt
device : cuda
Model not found at ./model/./model/./model/./model/./model/./model/decoder_output_wba_start_wba_input_line_plot_piece_size_1_fix_True_16frames_piece_size_5_fix_True_16frames_piece_size_10_fix_True_16frames_piece_size_20_fix_True_16frames_piece_size_30_fix_True_16frames_piece_size_40_fix_True_16frames/fold_5/fly_model.ckpt
Epoch 1/100
Training loss: 49.16304
Validation loss: 14.21497
New best model saved at epoch 1 with loss 14.21497
First epoch took 3.82 seconds.
Estimated total program duration: 0.53 hours
Estimated program end time (KST): 2024/11/03 19:53:27
Epoch 2/100
Training loss: 5.37326
Validation loss: 15.51272
Epoch 3/100
Training loss: 2.67834
Validation loss: 15.95300
Epoch 4/100
Training loss: 2.32035
Validation loss: 20.56279
Epoch 5/100
Training loss: 1.77569
Validation loss: 9.42716
New best model saved at epoch 5 with loss 9.42716
Epoch 6/100
Training loss: 2.12343
Validation loss: 13.01481
Epoch 7/100
Training loss: 1.90807
Validation loss: 15.88902
Epoch 8/100
Training loss: 1.51529
Validation loss: 12.57996
Epoch 9/100
Training loss: 1.33752
Validation loss: 12.22469
Epoch 10/100
Training loss: 1.58992
Validation loss: 9.38161
New best model saved at epoch 10 with loss 9.38161
Epoch 11/100
Training loss: 1.37310
Validation loss: 10.62982
Epoch 12/100
Training loss: 1.59015
Validation loss: 11.35965
Epoch 13/100
Training loss: 1.46860
Validation loss: 24.84515
Epoch 14/100
Training loss: 1.56193
Validation loss: 14.00956
Epoch 15/100
Training loss: 1.34825
Validation loss: 10.11409
Epoch 16/100
Training loss: 1.43581
Validation loss: 29.89926
Epoch 17/100
Training loss: 1.39202
Validation loss: 22.31668
Epoch 18/100
Training loss: 1.33284
Validation loss: 14.62278
Epoch 19/100
Training loss: 1.38879
Validation loss: 40.52505
Epoch 20/100
Training loss: 1.40327
Validation loss: 14.91750
Epoch 21/100
Training loss: 1.36956
Validation loss: 10.88585
Epoch 22/100
Training loss: 1.40838
Validation loss: 15.93612
Epoch 23/100
Training loss: 1.24216
Validation loss: 16.26840
Epoch 24/100
Training loss: 1.17592
Validation loss: 11.92399
Epoch 25/100
Training loss: 1.34496
Validation loss: 13.38398
Epoch 26/100
Training loss: 1.24673
Validation loss: 28.78114
Epoch 27/100
Training loss: 1.29953
Validation loss: 17.41113
Epoch 28/100
Training loss: 1.24476
Validation loss: 16.55212
Epoch 29/100
Training loss: 1.25787
Validation loss: 14.85268
Epoch 30/100
Training loss: 0.91184
Validation loss: 12.29784
Epoch 31/100
Training loss: 1.11762
Validation loss: 15.66951
Epoch 32/100
Training loss: 1.07254
Validation loss: 14.76890
Epoch 33/100
Training loss: 0.93347
Validation loss: 13.64984
Epoch 34/100
Training loss: 1.15576
Validation loss: 19.59304
Epoch 35/100
Training loss: 1.12163
Validation loss: 23.69433
Epoch 36/100
Training loss: 1.23406
Validation loss: 24.71168
Epoch 37/100
Training loss: 1.05795
Validation loss: 19.08662
Epoch 38/100
Training loss: 0.92980
Validation loss: 5.62899
New best model saved at epoch 38 with loss 5.62899
Epoch 39/100
Training loss: 1.08871
Validation loss: 17.39845
Epoch 40/100
Training loss: 1.05980
Validation loss: 16.93952
Epoch 41/100
Training loss: 0.99769
Validation loss: 14.71278
Epoch 42/100
Training loss: 1.30527
Validation loss: 8.71927
Epoch 43/100
Training loss: 1.01470
Validation loss: 16.15649
Epoch 44/100
Training loss: 1.34790
Validation loss: 7.26600
Epoch 45/100
Training loss: 1.05610
Validation loss: 16.59034
Epoch 46/100
Training loss: 1.17373
Validation loss: 10.51813
Epoch 47/100
Training loss: 0.98752
Validation loss: 17.84621
Epoch 48/100
Training loss: 1.03631
Validation loss: 29.73634
Epoch 49/100
Training loss: 1.13440
Validation loss: 10.37063
Epoch 50/100
Training loss: 1.11963
Validation loss: 21.71020
Epoch 51/100
Training loss: 1.04196
Validation loss: 6.55534
Epoch 52/100
Training loss: 1.05994
Validation loss: 9.66443
Epoch 53/100
Training loss: 0.96752
Validation loss: 11.54297
Epoch 54/100
Training loss: 0.94865
Validation loss: 17.43162
Epoch 55/100
Training loss: 0.99735
Validation loss: 12.54942
Epoch 56/100
Training loss: 1.19006
Validation loss: 7.35677
Epoch 57/100
Training loss: 1.07909
Validation loss: 10.35398
Epoch 58/100
Training loss: 1.04266
Validation loss: 37.64522
Epoch 59/100
Training loss: 1.02822
Validation loss: 18.34506
Epoch 60/100
Training loss: 0.90448
Validation loss: 16.76047
Epoch 61/100
Training loss: 0.96567
Validation loss: 14.93947
Epoch 62/100
Training loss: 0.88184
Validation loss: 9.81587
Epoch 63/100
Training loss: 0.92729
Validation loss: 11.49000
Epoch 64/100
Training loss: 0.89952
Validation loss: 13.92225
Epoch 65/100
Training loss: 0.98911
Validation loss: 20.73286
Epoch 66/100
Training loss: 1.03657
Validation loss: 12.75605
Epoch 67/100
Training loss: 0.99392
Validation loss: 28.64227
Epoch 68/100
Training loss: 0.98580
Validation loss: 15.95621
Epoch 69/100
Training loss: 1.01350
Validation loss: 12.00708
Epoch 70/100
Training loss: 1.13501
Validation loss: 25.66829
Epoch 71/100
Training loss: 0.80622
Validation loss: 18.75710
Epoch 72/100
Training loss: 1.03595
Validation loss: 17.68166
Epoch 73/100
Training loss: 0.93139
Validation loss: 16.78695
Epoch 74/100
Training loss: 0.78940
Validation loss: 18.99728
Epoch 75/100
Training loss: 0.76114
Validation loss: 18.76504
Epoch 76/100
Training loss: 0.89032
Validation loss: 9.35336
Epoch 77/100
Training loss: 0.92687
Validation loss: 15.38666
Epoch 78/100
Training loss: 0.99355
Validation loss: 16.11457
Epoch 79/100
Training loss: 0.90664
Validation loss: 19.02201
Epoch 80/100
Training loss: 1.09407
Validation loss: 16.22248
Epoch 81/100
Training loss: 1.07284
Validation loss: 14.10596
Epoch 82/100
Training loss: 0.83726
Validation loss: 26.07804
Epoch 83/100
Training loss: 0.91035
Validation loss: 13.37746
Epoch 84/100
Training loss: 0.97300
Validation loss: 17.01394
Epoch 85/100
Training loss: 1.12197
Validation loss: 18.64991
Epoch 86/100
Training loss: 0.96706
Validation loss: 16.28671
Epoch 87/100
Training loss: 0.93887
Validation loss: 14.20012
Epoch 88/100
Training loss: 0.84156
Validation loss: 11.58404
Epoch 89/100
Training loss: 1.04057
Validation loss: 18.77618
Epoch 90/100
Training loss: 0.79894
Validation loss: 10.36194
Epoch 91/100
Training loss: 0.80953
Validation loss: 12.04628
Epoch 92/100
Training loss: 1.05502
Validation loss: 21.67095
Epoch 93/100
Training loss: 0.90403
Validation loss: 12.37290
Epoch 94/100
Training loss: 0.93274
Validation loss: 18.66060
Epoch 95/100
Training loss: 0.87977
Validation loss: 17.59208
Epoch 96/100
Training loss: 0.85020
Validation loss: 20.56316
Epoch 97/100
Training loss: 1.12380
Validation loss: 32.66671
Epoch 98/100
Training loss: 0.81643
Validation loss: 16.87657
Epoch 99/100
Training loss: 0.82172
Validation loss: 22.63927
Epoch 100/100
Training loss: 1.05054
Validation loss: 13.30014
Best model for fold 5 saved from epoch 38 with f1 5.62899
Final training loss: 1.05054
Final test loss: 13.30014
All fold val losses: [3.8802937269210815, 6.374483585357666, 6.422234773635864, 3.9689828157424927, 5.628990173339844]
Average val loss: 5.25500
./naturalistic/01_Bird.avi                                   Loaded : (5, 3596, 64, 128, 1)
./naturalistic/02_City.avi                                   Loaded : (5, 3596, 64, 128, 1)
./naturalistic/03_Forest.avi                                 Loaded : (5, 3596, 64, 128, 1)
Video is allocated on memory!
Shape : (3, 3596, 64, 128, 5)
augmented shape : (24, 3596, 64, 128, 5)
augmented shape : (24, 3600)
Fold 1
Model loaded successfully from ./pretrained_model/64_to_256_3layers.ckpt
device : cuda
Model not found at ./model/decoder_output_wba_start_wba_input_line_plot_piece_size_1_fix_False_16frames/fold_1/fly_model.ckpt
Epoch 1/100
Training loss: 36.90335
Validation loss: 6.20788
New best model saved at epoch 1 with loss 6.20788
First epoch took 9.34 seconds.
Estimated total program duration: 1.30 hours
Estimated program end time (KST): 2024/11/03 20:45:06
Epoch 2/100
Training loss: 3.38520
Validation loss: 3.84781
New best model saved at epoch 2 with loss 3.84781
Epoch 3/100
Training loss: 2.62538
Validation loss: 4.37809
Epoch 4/100
Training loss: 2.27806
Validation loss: 5.78263
Epoch 5/100
Training loss: 1.74459
Validation loss: 4.81893
Epoch 6/100
Training loss: 1.76786
Validation loss: 3.97356
Epoch 7/100
Training loss: 1.57406
Validation loss: 3.47565
New best model saved at epoch 7 with loss 3.47565
Epoch 8/100
Training loss: 1.81631
Validation loss: 2.59866
New best model saved at epoch 8 with loss 2.59866
Epoch 9/100
Training loss: 1.63087
Validation loss: 4.06328
Epoch 10/100
Training loss: 1.45801
Validation loss: 2.76523
Epoch 11/100
Training loss: 1.65927
Validation loss: 2.29400
New best model saved at epoch 11 with loss 2.29400
Epoch 12/100
Training loss: 1.25967
Validation loss: 2.77598
Epoch 13/100
Training loss: 1.56315
Validation loss: 3.17565
Epoch 14/100
Training loss: 1.21473
Validation loss: 2.76462
Epoch 15/100
Training loss: 1.26990
Validation loss: 2.85958
Epoch 16/100
Training loss: 1.13591
Validation loss: 3.33405
Epoch 17/100
Training loss: 1.30097
Validation loss: 4.54332
Epoch 18/100
Training loss: 1.21092
Validation loss: 3.86077
Epoch 19/100
Training loss: 1.36358
Validation loss: 4.13832
Epoch 20/100
Training loss: 1.47673
Validation loss: 3.34492
Epoch 21/100
Training loss: 1.13027
Validation loss: 3.57044
Epoch 22/100
Training loss: 0.92036
Validation loss: 2.54790
Epoch 23/100
Training loss: 1.11905
Validation loss: 2.85044
Epoch 24/100
Training loss: 1.29950
Validation loss: 3.45076
Epoch 25/100
Training loss: 1.26094
Validation loss: 4.42678
Epoch 26/100
Training loss: 1.10833
Validation loss: 1.82342
New best model saved at epoch 26 with loss 1.82342
Epoch 27/100
Training loss: 1.08922
Validation loss: 3.11469
Epoch 28/100
Training loss: 1.20469
Validation loss: 2.93851
Epoch 29/100
Training loss: 1.27438
Validation loss: 2.63246
Epoch 30/100
Training loss: 1.23656
Validation loss: 2.55498
Epoch 31/100
Training loss: 1.31298
Validation loss: 4.02379
Epoch 32/100
Training loss: 1.06449
Validation loss: 1.92870
Epoch 33/100
Training loss: 0.94262
Validation loss: 2.31048
Epoch 34/100
Training loss: 0.95790
Validation loss: 2.10315
Epoch 35/100
Training loss: 0.83070
Validation loss: 2.78557
Epoch 36/100
Training loss: 1.19970
Validation loss: 3.20486
Epoch 37/100
Training loss: 1.02451
Validation loss: 4.73807
Epoch 38/100
Training loss: 0.96870
Validation loss: 2.45587
Epoch 39/100
Training loss: 1.10702
Validation loss: 2.97515
Epoch 40/100
Training loss: 0.94243
Validation loss: 2.08814
Epoch 41/100
Training loss: 0.91981
Validation loss: 1.88337
Epoch 42/100
Training loss: 1.01366
Validation loss: 3.77712
Epoch 43/100
Training loss: 0.93601
Validation loss: 4.55634
Epoch 44/100
Training loss: 1.04258
Validation loss: 2.25186
Epoch 45/100
Training loss: 1.14739
Validation loss: 2.59704
Epoch 46/100
Training loss: 0.98794
Validation loss: 2.75999
Epoch 47/100
Training loss: 0.93446
Validation loss: 1.82081
New best model saved at epoch 47 with loss 1.82081
Epoch 48/100
Training loss: 0.92533
Validation loss: 3.24644
Epoch 49/100
Training loss: 0.89293
Validation loss: 2.05465
Epoch 50/100
Training loss: 0.98331
Validation loss: 2.06728
Epoch 51/100
Training loss: 0.99369
Validation loss: 2.67811
Epoch 52/100
Training loss: 1.03396
Validation loss: 1.75872
New best model saved at epoch 52 with loss 1.75872
Epoch 53/100
Training loss: 1.03152
Validation loss: 2.57468
Epoch 54/100
Training loss: 1.09282
Validation loss: 3.57121
Epoch 55/100
Training loss: 0.91914
Validation loss: 2.53249
Epoch 56/100
Training loss: 0.96725
Validation loss: 3.72083
Epoch 57/100
Training loss: 0.96410
Validation loss: 4.00279
Epoch 58/100
Training loss: 1.01041
Validation loss: 3.31547
Epoch 59/100
Training loss: 0.87077
Validation loss: 1.19077
New best model saved at epoch 59 with loss 1.19077
Epoch 60/100
Training loss: 0.99411
Validation loss: 2.96020
Epoch 61/100
Training loss: 0.99272
Validation loss: 2.56191
Epoch 62/100
Training loss: 0.93583
Validation loss: 2.51413
Epoch 63/100
Training loss: 1.08036
Validation loss: 2.26388
Epoch 64/100
Training loss: 1.13613
Validation loss: 2.14789
Epoch 65/100
Training loss: 0.91748
Validation loss: 1.66689
Epoch 66/100
Training loss: 0.87569
Validation loss: 3.34349
Epoch 67/100
Training loss: 0.88984
Validation loss: 1.86478
Epoch 68/100
Training loss: 0.93138
Validation loss: 1.68177
Epoch 69/100
Training loss: 0.94001
Validation loss: 1.37029
Epoch 70/100
Training loss: 0.87376
Validation loss: 2.41811
Epoch 71/100
Training loss: 0.96130
Validation loss: 1.08016
New best model saved at epoch 71 with loss 1.08016
Epoch 72/100
Training loss: 0.90750
Validation loss: 1.37040
Epoch 73/100
Training loss: 0.87395
Validation loss: 4.71961
Epoch 74/100
Training loss: 0.84217
Validation loss: 3.61533
Epoch 75/100
Training loss: 0.71038
Validation loss: 2.39328
Epoch 76/100
Training loss: 0.88642
Validation loss: 1.93612
Epoch 77/100
Training loss: 0.85453
Validation loss: 1.83959
Epoch 78/100
Training loss: 0.94139
Validation loss: 1.53300
Epoch 79/100
Training loss: 0.96277
Validation loss: 1.65234
Epoch 80/100
Training loss: 1.04857
Validation loss: 4.79476
Epoch 81/100
Training loss: 1.12340
Validation loss: 2.79106
Epoch 82/100
Training loss: 0.99756
Validation loss: 2.46474
Epoch 83/100
Training loss: 0.93306
Validation loss: 1.60956
Epoch 84/100
Training loss: 0.70027
Validation loss: 2.19064
Epoch 85/100
Training loss: 0.91684
Validation loss: 1.90343
Epoch 86/100
Training loss: 0.86728
Validation loss: 3.12899
Epoch 87/100
Training loss: 0.87284
Validation loss: 3.14709
Epoch 88/100
Training loss: 1.01470
Validation loss: 2.35718
Epoch 89/100
Training loss: 0.96061
Validation loss: 2.10941
Epoch 90/100
Training loss: 1.13683
Validation loss: 2.58027
Epoch 91/100
Training loss: 0.90804
Validation loss: 1.53997
Epoch 92/100
Training loss: 0.99591
Validation loss: 1.75264
Epoch 93/100
Training loss: 0.88272
Validation loss: 1.68347
Epoch 94/100
Training loss: 1.17205
Validation loss: 2.13994
Epoch 95/100
Training loss: 0.99832
Validation loss: 1.59559
Epoch 96/100
Training loss: 0.80967
Validation loss: 2.97186
Epoch 97/100
Training loss: 0.96695
Validation loss: 1.91273
Epoch 98/100
Training loss: 1.05933
Validation loss: 2.16931
Epoch 99/100
Training loss: 0.80599
Validation loss: 1.63421
Epoch 100/100
Training loss: 0.72515
Validation loss: 2.97698
Best model for fold 1 saved from epoch 71 with f1 1.08016
Final training loss: 0.72515
Final test loss: 2.97698
Fold 2
Model loaded successfully from ./pretrained_model/64_to_256_3layers.ckpt
device : cuda
Model not found at ./model/decoder_output_wba_start_wba_input_line_plot_piece_size_1_fix_False_16frames/fold_2/fly_model.ckpt
Epoch 1/100
Training loss: 32.05734
Validation loss: 11.66047
New best model saved at epoch 1 with loss 11.66047
First epoch took 9.24 seconds.
Estimated total program duration: 1.28 hours
Estimated program end time (KST): 2024/11/03 20:58:37
Epoch 2/100
Training loss: 3.61723
Validation loss: 4.12750
New best model saved at epoch 2 with loss 4.12750
Epoch 3/100
Training loss: 2.63349
Validation loss: 5.94552
Epoch 4/100
Training loss: 1.91426
Validation loss: 4.35403
Epoch 5/100
Training loss: 1.72771
Validation loss: 3.27568
New best model saved at epoch 5 with loss 3.27568
Epoch 6/100
Training loss: 1.49173
Validation loss: 2.49762
New best model saved at epoch 6 with loss 2.49762
Epoch 7/100
Training loss: 1.40792
Validation loss: 2.68354
Epoch 8/100
Training loss: 1.55350
Validation loss: 2.38900
New best model saved at epoch 8 with loss 2.38900
Epoch 9/100
Training loss: 1.59424
Validation loss: 2.77634
Epoch 10/100
Training loss: 1.56562
Validation loss: 2.61225
Epoch 11/100
Training loss: 1.36390
Validation loss: 1.60800
New best model saved at epoch 11 with loss 1.60800
Epoch 12/100
Training loss: 1.24345
Validation loss: 2.87992
Epoch 13/100
Training loss: 1.57221
Validation loss: 2.57825
Epoch 14/100
Training loss: 1.23529
Validation loss: 2.26998
Epoch 15/100
Training loss: 1.23755
Validation loss: 1.34059
New best model saved at epoch 15 with loss 1.34059
Epoch 16/100
Training loss: 1.15729
Validation loss: 1.77957
Epoch 17/100
Training loss: 1.21698
Validation loss: 2.92471
Epoch 18/100
Training loss: 1.48617
Validation loss: 4.02299
Epoch 19/100
Training loss: 1.25999
Validation loss: 2.31038
Epoch 20/100
Training loss: 1.08377
Validation loss: 1.57826
Epoch 21/100
Training loss: 1.05102
Validation loss: 2.34436
Epoch 22/100
Training loss: 1.29372
Validation loss: 4.35173
Epoch 23/100
Training loss: 1.32929
Validation loss: 1.97085
Epoch 24/100
Training loss: 1.28237
Validation loss: 3.15467
Epoch 25/100
Training loss: 1.14411
Validation loss: 1.80416
Epoch 26/100
Training loss: 1.12165
Validation loss: 2.04939
Epoch 27/100
Training loss: 1.43575
Validation loss: 2.82944
Epoch 28/100
Training loss: 1.30346
Validation loss: 2.09080
Epoch 29/100
Training loss: 1.01712
Validation loss: 1.50525
Epoch 30/100
Training loss: 0.98523
Validation loss: 1.73016
Epoch 31/100
Training loss: 1.05917
Validation loss: 1.80815
Epoch 32/100
Training loss: 1.25535
Validation loss: 1.84169
Epoch 33/100
Training loss: 1.10760
Validation loss: 1.51761
Epoch 34/100
Training loss: 0.84827
Validation loss: 4.53224
Epoch 35/100
Training loss: 0.89834
Validation loss: 2.38250
Epoch 36/100
Training loss: 0.84547
Validation loss: 2.36156
Epoch 37/100
Training loss: 0.94776
Validation loss: 2.89968
Epoch 38/100
Training loss: 0.86724
Validation loss: 2.79391
Epoch 39/100
Training loss: 1.08029
Validation loss: 1.35862
Epoch 40/100
Training loss: 0.99742
Validation loss: 1.83678
Epoch 41/100
Training loss: 1.22715
Validation loss: 2.06420
Epoch 42/100
Training loss: 1.21835
Validation loss: 2.18321
Epoch 43/100
Training loss: 1.01736
Validation loss: 2.93897
Epoch 44/100
Training loss: 1.01096
Validation loss: 2.07722
Epoch 45/100
Training loss: 1.03079
Validation loss: 2.14560
Epoch 46/100
Training loss: 1.22596
Validation loss: 3.21720
Epoch 47/100
Training loss: 1.00263
Validation loss: 2.39631
Epoch 48/100
Training loss: 1.00462
Validation loss: 6.15731
Epoch 49/100
Training loss: 0.99104
Validation loss: 1.85618
Epoch 50/100
Training loss: 0.93909
Validation loss: 2.24020
Epoch 51/100
Training loss: 1.01775
Validation loss: 1.65062
Epoch 52/100
Training loss: 1.14155
Validation loss: 1.51238
Epoch 53/100
Training loss: 1.05130
Validation loss: 1.48624
Epoch 54/100
Training loss: 0.97433
Validation loss: 1.90247
Epoch 55/100
Training loss: 0.99485
Validation loss: 2.25608
Epoch 56/100
Training loss: 1.07916
Validation loss: 2.10191
Epoch 57/100
Training loss: 1.29617
Validation loss: 3.98083
Epoch 58/100
Training loss: 1.05876
Validation loss: 1.27790
New best model saved at epoch 58 with loss 1.27790
Epoch 59/100
Training loss: 0.91544
Validation loss: 1.25398
New best model saved at epoch 59 with loss 1.25398
Epoch 60/100
Training loss: 0.89901
Validation loss: 2.06752
Epoch 61/100
Training loss: 1.20760
Validation loss: 1.84965
Epoch 62/100
Training loss: 0.92455
Validation loss: 1.75989
Epoch 63/100
Training loss: 0.91532
Validation loss: 1.82353
Epoch 64/100
Training loss: 1.01215
Validation loss: 2.12098
Epoch 65/100
Training loss: 1.04727
Validation loss: 3.88869
Epoch 66/100
Training loss: 0.97094
Validation loss: 1.62957
Epoch 67/100
Training loss: 0.94852
Validation loss: 1.57733
Epoch 68/100
Training loss: 0.90415
Validation loss: 2.36374
Epoch 69/100
Training loss: 0.93630
Validation loss: 1.25080
New best model saved at epoch 69 with loss 1.25080
Epoch 70/100
Training loss: 0.91003
Validation loss: 2.30423
Epoch 71/100
Training loss: 0.81641
Validation loss: 2.73630
Epoch 72/100
Training loss: 0.91850
Validation loss: 1.76525
Epoch 73/100
Training loss: 0.87618
Validation loss: 2.89474
Epoch 74/100
Training loss: 0.88912
Validation loss: 1.62305
Epoch 75/100
Training loss: 0.76729
Validation loss: 2.72486
Epoch 76/100
Training loss: 1.03894
Validation loss: 2.58626
Epoch 77/100
Training loss: 1.03100
Validation loss: 1.50500
Epoch 78/100
Training loss: 0.93402
Validation loss: 2.34545
Epoch 79/100
Training loss: 1.03738
Validation loss: 1.28629
Epoch 80/100
Training loss: 0.88983
Validation loss: 2.93211
Epoch 81/100
Training loss: 0.95474
Validation loss: 2.25253
Epoch 82/100
Training loss: 0.83136
Validation loss: 2.07523
Epoch 83/100
Training loss: 0.85713
Validation loss: 1.98498
Epoch 84/100
Training loss: 0.77796
Validation loss: 1.62117
Epoch 85/100
Training loss: 0.88608
Validation loss: 2.11826
Epoch 86/100
Training loss: 0.90620
Validation loss: 3.15664
Epoch 87/100
Training loss: 0.82086
Validation loss: 4.18946
Epoch 88/100
Training loss: 0.96832
Validation loss: 1.53180
Epoch 89/100
Training loss: 1.00905
Validation loss: 3.88393
Epoch 90/100
Training loss: 0.91975
Validation loss: 2.45093
Epoch 91/100
Training loss: 0.92238
Validation loss: 1.80470
Epoch 92/100
Training loss: 0.86475
Validation loss: 0.85041
New best model saved at epoch 92 with loss 0.85041
Epoch 93/100
Training loss: 0.84518
Validation loss: 1.45911
Epoch 94/100
Training loss: 1.02087
Validation loss: 1.09923
Epoch 95/100
Training loss: 1.04684
Validation loss: 1.99582
Epoch 96/100
Training loss: 1.00328
Validation loss: 2.08127
Epoch 97/100
Training loss: 0.78476
Validation loss: 2.08343
Epoch 98/100
Training loss: 0.97039
Validation loss: 2.84830
Epoch 99/100
Training loss: 1.11178
Validation loss: 1.99940
Epoch 100/100
Training loss: 0.84425
Validation loss: 2.58483
Best model for fold 2 saved from epoch 92 with f1 0.85041
Final training loss: 0.84425
Final test loss: 2.58483
Fold 3
Model loaded successfully from ./pretrained_model/64_to_256_3layers.ckpt
device : cuda
Model not found at ./model/decoder_output_wba_start_wba_input_line_plot_piece_size_1_fix_False_16frames/fold_3/fly_model.ckpt
Epoch 1/100
Training loss: 41.26566
Validation loss: 8.53584
New best model saved at epoch 1 with loss 8.53584
First epoch took 9.26 seconds.
Estimated total program duration: 1.29 hours
Estimated program end time (KST): 2024/11/03 21:13:02
Epoch 2/100
Training loss: 3.98612
Validation loss: 5.30337
New best model saved at epoch 2 with loss 5.30337
Epoch 3/100
Training loss: 2.66085
Validation loss: 6.35831
Epoch 4/100
Training loss: 2.48509
Validation loss: 4.14832
New best model saved at epoch 4 with loss 4.14832
Epoch 5/100
Training loss: 2.22868
Validation loss: 2.80097
New best model saved at epoch 5 with loss 2.80097
Epoch 6/100
Training loss: 1.99119
Validation loss: 3.35043
Epoch 7/100
Training loss: 1.61857
Validation loss: 2.69866
New best model saved at epoch 7 with loss 2.69866
Epoch 8/100
Training loss: 1.59267
Validation loss: 3.94370
Epoch 9/100
Training loss: 1.24748
Validation loss: 6.90814
Epoch 10/100
Training loss: 1.44098
Validation loss: 5.66940
Epoch 11/100
Training loss: 1.57296
Validation loss: 2.95435
Epoch 12/100
Training loss: 1.50879
Validation loss: 3.56986
Epoch 13/100
Training loss: 1.26921
Validation loss: 3.31853
Epoch 14/100
Training loss: 1.38062
Validation loss: 4.04148
Epoch 15/100
Training loss: 1.39720
Validation loss: 2.42460
New best model saved at epoch 15 with loss 2.42460
Epoch 16/100
Training loss: 1.16481
Validation loss: 2.49593
Epoch 17/100
Training loss: 1.20797
Validation loss: 3.34867
Epoch 18/100
Training loss: 1.42802
Validation loss: 4.65692
Epoch 19/100
Training loss: 1.19671
Validation loss: 1.76382
New best model saved at epoch 19 with loss 1.76382
Epoch 20/100
Training loss: 1.29946
Validation loss: 4.13499
Epoch 21/100
Training loss: 1.42769
Validation loss: 3.08453
Epoch 22/100
Training loss: 1.31093
Validation loss: 4.54471
Epoch 23/100
Training loss: 1.25492
Validation loss: 2.49613
Epoch 24/100
Training loss: 1.18182
Validation loss: 4.13143
Epoch 25/100
Training loss: 0.91299
Validation loss: 3.68809
Epoch 26/100
Training loss: 1.23763
Validation loss: 1.64606
New best model saved at epoch 26 with loss 1.64606
Epoch 27/100
Training loss: 1.11365
Validation loss: 1.69207
Epoch 28/100
Training loss: 1.07252
Validation loss: 2.46821
Epoch 29/100
Training loss: 1.01350
Validation loss: 3.02644
Epoch 30/100
Training loss: 1.13741
Validation loss: 1.41574
New best model saved at epoch 30 with loss 1.41574
Epoch 31/100
Training loss: 1.55087
Validation loss: 3.88190
Epoch 32/100
Training loss: 1.16654
Validation loss: 3.15168
Epoch 33/100
Training loss: 0.88449
Validation loss: 6.56490
Epoch 34/100
Training loss: 1.20820
Validation loss: 3.88524
Epoch 35/100
Training loss: 1.07824
Validation loss: 4.02639
Epoch 36/100
Training loss: 1.03501
Validation loss: 3.03178
Epoch 37/100
Training loss: 1.14029
Validation loss: 1.99135
Epoch 38/100
Training loss: 0.98015
Validation loss: 2.34245
Epoch 39/100
Training loss: 1.10528
Validation loss: 3.20273
Epoch 40/100
Training loss: 1.06250
Validation loss: 3.01512
Epoch 41/100
Training loss: 1.22288
Validation loss: 2.38610
Epoch 42/100
Training loss: 1.05499
Validation loss: 4.34085
Epoch 43/100
Training loss: 0.99651
Validation loss: 3.43399
Epoch 44/100
Training loss: 0.95014
Validation loss: 2.24045
Epoch 45/100
Training loss: 1.11145
Validation loss: 3.26957
Epoch 46/100
Training loss: 0.94858
Validation loss: 4.96665
Epoch 47/100
Training loss: 1.04258
Validation loss: 1.91273
Epoch 48/100
Training loss: 1.03293
Validation loss: 3.21581
Epoch 49/100
Training loss: 0.99388
Validation loss: 2.87771
Epoch 50/100
Training loss: 1.09912
Validation loss: 3.26261
Epoch 51/100
Training loss: 1.27273
Validation loss: 3.92182
Epoch 52/100
Training loss: 1.14843
Validation loss: 2.36477
Epoch 53/100
Training loss: 0.86890
Validation loss: 3.83900
Epoch 54/100
Training loss: 1.08915
Validation loss: 1.48836
Epoch 55/100
Training loss: 0.87681
Validation loss: 2.77390
Epoch 56/100
Training loss: 1.03817
Validation loss: 3.21097
Epoch 57/100
Training loss: 0.99327
Validation loss: 2.67082
Epoch 58/100
Training loss: 1.05754
Validation loss: 5.17185
Epoch 59/100
Training loss: 0.91441
Validation loss: 2.19045
Epoch 60/100
Training loss: 0.98449
Validation loss: 3.15706
Epoch 61/100
Training loss: 0.79337
Validation loss: 2.97063
Epoch 62/100
Training loss: 0.89153
Validation loss: 2.41928
Epoch 63/100
Training loss: 1.19317
Validation loss: 3.37218
Epoch 64/100
Training loss: 1.04952
Validation loss: 2.09558
Epoch 65/100
Training loss: 0.92827
Validation loss: 2.22537
Epoch 66/100
Training loss: 1.12550
Validation loss: 2.88196
Epoch 67/100
Training loss: 0.99223
Validation loss: 2.43399
Epoch 68/100
Training loss: 1.02654
Validation loss: 3.79703
Epoch 69/100
Training loss: 0.88261
Validation loss: 2.12126
Epoch 70/100
Training loss: 0.85798
Validation loss: 3.18012
Epoch 71/100
Training loss: 1.19732
Validation loss: 3.72390
Epoch 72/100
Training loss: 1.12426
Validation loss: 2.68136
Epoch 73/100
Training loss: 1.13314
Validation loss: 1.69894
Epoch 74/100
Training loss: 1.07800
Validation loss: 4.40917
Epoch 75/100
Training loss: 0.86834
Validation loss: 4.74717
Epoch 76/100
Training loss: 0.88580
Validation loss: 2.56464
Epoch 77/100
Training loss: 1.00180
Validation loss: 3.58133
Epoch 78/100
Training loss: 0.89794
Validation loss: 3.77155
Epoch 79/100
Training loss: 0.92375
Validation loss: 2.72346
Epoch 80/100
Training loss: 0.97735
Validation loss: 3.28969
Epoch 81/100
Training loss: 1.12011
Validation loss: 2.04428
Epoch 82/100
Training loss: 0.84837
Validation loss: 3.67537
Epoch 83/100
Training loss: 0.90314
Validation loss: 1.59644
Epoch 84/100
Training loss: 0.93723
Validation loss: 1.70216
Epoch 85/100
Training loss: 0.86912
Validation loss: 3.35604
Epoch 86/100
Training loss: 0.90296
Validation loss: 2.16949
Epoch 87/100
Training loss: 0.91773
Validation loss: 1.50105
Epoch 88/100
Training loss: 1.04844
Validation loss: 2.49457
Epoch 89/100
Training loss: 0.82554
Validation loss: 3.04031
Epoch 90/100
Training loss: 1.01357
Validation loss: 3.65285
Epoch 91/100
Training loss: 0.88456
Validation loss: 2.05789
Epoch 92/100
Training loss: 0.99061
Validation loss: 1.49817
Epoch 93/100
Training loss: 1.01940
Validation loss: 1.58508
Epoch 94/100
Training loss: 0.77634
Validation loss: 2.25525
Epoch 95/100
Training loss: 0.85619
Validation loss: 2.37552
Epoch 96/100
Training loss: 0.88898
Validation loss: 3.85008
Epoch 97/100
Training loss: 0.86315
Validation loss: 3.23354
Epoch 98/100
Training loss: 0.89056
Validation loss: 3.50018
Epoch 99/100
Training loss: 1.05640
Validation loss: 1.43158
Epoch 100/100
Training loss: 0.95176
Validation loss: 1.61353
Best model for fold 3 saved from epoch 30 with f1 1.41574
Final training loss: 0.95176
Final test loss: 1.61353
Fold 4
Model loaded successfully from ./pretrained_model/64_to_256_3layers.ckpt
device : cuda
Model not found at ./model/decoder_output_wba_start_wba_input_line_plot_piece_size_1_fix_False_16frames/fold_4/fly_model.ckpt
Epoch 1/100
Training loss: 42.82904
Validation loss: 17.43792
New best model saved at epoch 1 with loss 17.43792
First epoch took 9.25 seconds.
Estimated total program duration: 1.28 hours
Estimated program end time (KST): 2024/11/03 21:27:14
Epoch 2/100
Training loss: 3.44276
Validation loss: 3.05993
New best model saved at epoch 2 with loss 3.05993
Epoch 3/100
Training loss: 2.06974
Validation loss: 2.79377
New best model saved at epoch 3 with loss 2.79377
Epoch 4/100
Training loss: 1.81512
Validation loss: 4.92046
Epoch 5/100
Training loss: 1.70632
Validation loss: 2.28090
New best model saved at epoch 5 with loss 2.28090
Epoch 6/100
Training loss: 1.88206
Validation loss: 1.88297
New best model saved at epoch 6 with loss 1.88297
Epoch 7/100
Training loss: 1.68187
Validation loss: 2.54073
Epoch 8/100
Training loss: 1.45444
Validation loss: 3.88246
Epoch 9/100
Training loss: 1.36078
Validation loss: 3.73057
Epoch 10/100
Training loss: 1.53534
Validation loss: 2.88083
Epoch 11/100
Training loss: 1.75031
Validation loss: 5.05524
Epoch 12/100
Training loss: 1.45761
Validation loss: 1.72223
New best model saved at epoch 12 with loss 1.72223
Epoch 13/100
Training loss: 1.27794
Validation loss: 3.18529
Epoch 14/100
Training loss: 1.21579
Validation loss: 2.98625
Epoch 15/100
Training loss: 1.23375
Validation loss: 3.01028
Epoch 16/100
Training loss: 1.24290
Validation loss: 4.93634
Epoch 17/100
Training loss: 1.45579
Validation loss: 2.26521
Epoch 18/100
Training loss: 1.27794
Validation loss: 2.04848
Epoch 19/100
Training loss: 1.24559
Validation loss: 2.56680
Epoch 20/100
Training loss: 1.29452
Validation loss: 2.08797
Epoch 21/100
Training loss: 1.08252
Validation loss: 4.67590
Epoch 22/100
Training loss: 1.33515
Validation loss: 1.95528
Epoch 23/100
Training loss: 0.98586
Validation loss: 1.36187
New best model saved at epoch 23 with loss 1.36187
Epoch 24/100
Training loss: 1.21807
Validation loss: 2.64868
Epoch 25/100
Training loss: 1.14902
Validation loss: 2.04292
Epoch 26/100
Training loss: 1.29088
Validation loss: 2.96656
Epoch 27/100
Training loss: 1.26694
Validation loss: 3.40642
Epoch 28/100
Training loss: 1.47253
Validation loss: 2.86155
Epoch 29/100
Training loss: 0.97377
Validation loss: 2.14289
Epoch 30/100
Training loss: 1.32097
Validation loss: 1.35287
New best model saved at epoch 30 with loss 1.35287
Epoch 31/100
Training loss: 1.37482
Validation loss: 5.01651
Epoch 32/100
Training loss: 1.07630
Validation loss: 4.53110
Epoch 33/100
Training loss: 1.18837
Validation loss: 2.69596
Epoch 34/100
Training loss: 1.01065
Validation loss: 2.79196
Epoch 35/100
Training loss: 1.16260
Validation loss: 3.42801
Epoch 36/100
Training loss: 1.05532
Validation loss: 2.02491
Epoch 37/100
Training loss: 0.94784
Validation loss: 2.10264
Epoch 38/100
Training loss: 1.44355
Validation loss: 2.15502
Epoch 39/100
Training loss: 1.34219
Validation loss: 2.85617
Epoch 40/100
Training loss: 1.21027
Validation loss: 2.42539
Epoch 41/100
Training loss: 0.86367
Validation loss: 1.89279
Epoch 42/100
Training loss: 1.07839
Validation loss: 3.21027
Epoch 43/100
Training loss: 1.06159
Validation loss: 1.84310
Epoch 44/100
Training loss: 0.97328
Validation loss: 1.82913
Epoch 45/100
Training loss: 0.95333
Validation loss: 2.75812
Epoch 46/100
Training loss: 1.37187
Validation loss: 2.57048
Epoch 47/100
Training loss: 1.05942
Validation loss: 3.29830
Epoch 48/100
Training loss: 1.09852
Validation loss: 1.78163
Epoch 49/100
Training loss: 1.03998
Validation loss: 3.09452
Epoch 50/100
Training loss: 1.04161
Validation loss: 1.42740
Epoch 51/100
Training loss: 0.92560
Validation loss: 1.48444
Epoch 52/100
Training loss: 1.30521
Validation loss: 1.84118
Epoch 53/100
Training loss: 0.90715
Validation loss: 1.90751
Epoch 54/100
Training loss: 1.17648
Validation loss: 2.15483
Epoch 55/100
Training loss: 0.95016
Validation loss: 1.73294
Epoch 56/100
Training loss: 1.20689
Validation loss: 2.49507
Epoch 57/100
Training loss: 0.99670
Validation loss: 3.45694
Epoch 58/100
Training loss: 1.04890
Validation loss: 2.16268
Epoch 59/100
Training loss: 0.91829
Validation loss: 1.96453
Epoch 60/100
Training loss: 1.04020
Validation loss: 3.63047
Epoch 61/100
Training loss: 0.93134
Validation loss: 1.70365
Epoch 62/100
Training loss: 1.03161
Validation loss: 1.58499
Epoch 63/100
Training loss: 1.11498
Validation loss: 1.58731
Epoch 64/100
Training loss: 1.03260
Validation loss: 1.56070
Epoch 65/100
Training loss: 0.99898
Validation loss: 2.75855
Epoch 66/100
Training loss: 0.98113
Validation loss: 1.36742
Epoch 67/100
Training loss: 1.11492
Validation loss: 1.26730
New best model saved at epoch 67 with loss 1.26730
Epoch 68/100
Training loss: 1.00705
Validation loss: 3.33150
Epoch 69/100
Training loss: 0.85043
Validation loss: 1.79193
Epoch 70/100
Training loss: 0.90590
Validation loss: 1.65801
Epoch 71/100
Training loss: 1.00121
Validation loss: 1.49571
Epoch 72/100
Training loss: 0.87517
Validation loss: 2.43184
Epoch 73/100
Training loss: 1.20792
Validation loss: 1.84391
Epoch 74/100
Training loss: 0.97572
Validation loss: 2.32033
Epoch 75/100
Training loss: 1.08810
Validation loss: 1.66692
Epoch 76/100
Training loss: 0.88134
Validation loss: 2.52954
Epoch 77/100
Training loss: 1.16168
Validation loss: 1.82877
Epoch 78/100
Training loss: 0.88509
Validation loss: 1.51571
Epoch 79/100
Training loss: 0.89118
Validation loss: 1.11355
New best model saved at epoch 79 with loss 1.11355
Epoch 80/100
Training loss: 1.03521
Validation loss: 1.53720
Epoch 81/100
Training loss: 0.87811
Validation loss: 1.28944
Epoch 82/100
Training loss: 0.80501
Validation loss: 1.22504
Epoch 83/100
Training loss: 0.87491
Validation loss: 1.33645
Epoch 84/100
Training loss: 0.82596
Validation loss: 1.83965
Epoch 85/100
Training loss: 0.77707
Validation loss: 2.35631
Epoch 86/100
Training loss: 1.19621
Validation loss: 2.01290
Epoch 87/100
Training loss: 1.11712
Validation loss: 1.90462
Epoch 88/100
Training loss: 0.97004
Validation loss: 1.55575
Epoch 89/100
Training loss: 0.79805
Validation loss: 1.62168
Epoch 90/100
Training loss: 0.90210
Validation loss: 2.92520
Epoch 91/100
Training loss: 1.02960
Validation loss: 2.23266
Epoch 92/100
Training loss: 1.17367
Validation loss: 2.52764
Epoch 93/100
Training loss: 0.85667
Validation loss: 1.25142
Epoch 94/100
Training loss: 0.83363
Validation loss: 1.74684
Epoch 95/100
Training loss: 0.76258
Validation loss: 0.97474
New best model saved at epoch 95 with loss 0.97474
Epoch 96/100
Training loss: 0.93577
Validation loss: 2.51452
Epoch 97/100
Training loss: 0.85729
Validation loss: 2.61810
Epoch 98/100
Training loss: 0.89498
Validation loss: 1.96751
Epoch 99/100
Training loss: 1.00750
Validation loss: 2.44568
Epoch 100/100
Training loss: 0.81648
Validation loss: 1.84602
Best model for fold 4 saved from epoch 95 with f1 0.97474
Final training loss: 0.81648
Final test loss: 1.84602
Fold 5
Model loaded successfully from ./pretrained_model/64_to_256_3layers.ckpt
device : cuda
Model not found at ./model/decoder_output_wba_start_wba_input_line_plot_piece_size_1_fix_False_16frames/fold_5/fly_model.ckpt
Epoch 1/100
Training loss: 35.21827
Validation loss: 13.64307
New best model saved at epoch 1 with loss 13.64307
First epoch took 9.26 seconds.
Estimated total program duration: 1.29 hours
Estimated program end time (KST): 2024/11/03 21:41:36
Epoch 2/100
Training loss: 3.21850
Validation loss: 4.62260
New best model saved at epoch 2 with loss 4.62260
Epoch 3/100
Training loss: 2.11317
Validation loss: 2.31585
New best model saved at epoch 3 with loss 2.31585
Epoch 4/100
Training loss: 1.85960
Validation loss: 2.83097
Epoch 5/100
Training loss: 1.56660
Validation loss: 2.72827
Epoch 6/100
Training loss: 1.66533
Validation loss: 3.72267
Epoch 7/100
Training loss: 1.59981
Validation loss: 4.38584
Epoch 8/100
Training loss: 1.39214
Validation loss: 2.85309
Epoch 9/100
Training loss: 1.27056
Validation loss: 2.79801
Epoch 10/100
Training loss: 1.41301
Validation loss: 1.90352
New best model saved at epoch 10 with loss 1.90352
Epoch 11/100
Training loss: 1.42132
Validation loss: 3.55970
Epoch 12/100
Training loss: 1.27053
Validation loss: 1.84114
New best model saved at epoch 12 with loss 1.84114
Epoch 13/100
Training loss: 1.21879
Validation loss: 1.12521
New best model saved at epoch 13 with loss 1.12521
Epoch 14/100
Training loss: 1.04616
Validation loss: 1.73850
Epoch 15/100
Training loss: 1.25266
Validation loss: 4.52764
Epoch 16/100
Training loss: 1.41904
Validation loss: 2.65473
Epoch 17/100
Training loss: 1.31065
Validation loss: 2.06317
Epoch 18/100
Training loss: 1.16732
Validation loss: 1.97134
Epoch 19/100
Training loss: 1.05847
Validation loss: 5.39482
Epoch 20/100
Training loss: 1.22599
Validation loss: 6.34972
Epoch 21/100
Training loss: 1.28582
Validation loss: 3.21756
Epoch 22/100
Training loss: 1.12430
Validation loss: 5.39593
Epoch 23/100
Training loss: 1.11544
Validation loss: 1.72393
Epoch 24/100
Training loss: 1.10639
Validation loss: 2.24517
Epoch 25/100
Training loss: 1.16765
Validation loss: 3.35960
Epoch 26/100
Training loss: 1.07153
Validation loss: 2.05367
Epoch 27/100
Training loss: 1.05454
Validation loss: 1.94071
Epoch 28/100
Training loss: 1.16200
Validation loss: 1.74285
Epoch 29/100
Training loss: 1.13695
Validation loss: 6.59324
Epoch 30/100
Training loss: 1.12908
Validation loss: 2.32869
Epoch 31/100
Training loss: 1.47273
Validation loss: 2.59526
Epoch 32/100
Training loss: 1.12583
Validation loss: 3.16624
Epoch 33/100
Training loss: 0.99382
Validation loss: 4.18297
Epoch 34/100
Training loss: 1.45767
Validation loss: 1.84493
Epoch 35/100
Training loss: 0.96609
Validation loss: 2.99587
Epoch 36/100
Training loss: 1.05123
Validation loss: 2.03208
Epoch 37/100
Training loss: 0.98276
Validation loss: 2.90955
Epoch 38/100
Training loss: 1.02030
Validation loss: 1.94025
Epoch 39/100
Training loss: 1.03851
Validation loss: 5.04950
Epoch 40/100
Training loss: 0.99164
Validation loss: 1.79376
Epoch 41/100
Training loss: 1.25121
Validation loss: 2.47616
Epoch 42/100
Training loss: 1.11869
Validation loss: 2.34109
Epoch 43/100
Training loss: 1.08140
Validation loss: 1.92433
Epoch 44/100
Training loss: 1.02586
Validation loss: 2.01132
Epoch 45/100
Training loss: 1.30025
Validation loss: 2.01291
Epoch 46/100
Training loss: 0.98384
Validation loss: 2.51450
Epoch 47/100
Training loss: 0.99093
Validation loss: 2.28025
Epoch 48/100
Training loss: 0.95118
Validation loss: 3.05964
Epoch 49/100
Training loss: 1.31023
Validation loss: 4.78189
Epoch 50/100
Training loss: 0.97516
Validation loss: 2.16694
Epoch 51/100
Training loss: 0.92985
Validation loss: 4.37029
Epoch 52/100
Training loss: 0.91392
Validation loss: 1.83250
Epoch 53/100
Training loss: 0.93968
Validation loss: 1.76581
Epoch 54/100
Training loss: 0.92706
Validation loss: 1.89157
Epoch 55/100
Training loss: 0.97878
Validation loss: 1.45342
Epoch 56/100
Training loss: 0.90654
Validation loss: 5.26825
Epoch 57/100
Training loss: 0.94745
Validation loss: 2.53310
Epoch 58/100
Training loss: 0.97191
Validation loss: 1.44013
Epoch 59/100
Training loss: 0.99870
Validation loss: 2.73138
Epoch 60/100
Training loss: 1.05375
Validation loss: 1.85668
Epoch 61/100
Training loss: 1.22992
Validation loss: 5.08979
Epoch 62/100
Training loss: 0.99032
Validation loss: 2.42041
Epoch 63/100
Training loss: 1.13684
Validation loss: 2.80542
Epoch 64/100
Training loss: 0.78319
Validation loss: 1.37195
Epoch 65/100
Training loss: 0.85814
Validation loss: 2.91531
Epoch 66/100
Training loss: 0.85121
Validation loss: 2.47224
Epoch 67/100
Training loss: 1.01933
Validation loss: 2.26132
Epoch 68/100
Training loss: 0.88152
Validation loss: 1.75686
Epoch 69/100
Training loss: 1.11234
Validation loss: 2.94791
Epoch 70/100
Training loss: 1.17733
Validation loss: 2.13776
Epoch 71/100
Training loss: 0.88917
Validation loss: 3.38876
Epoch 72/100
Training loss: 0.87814
Validation loss: 1.93311
Epoch 73/100
Training loss: 0.90840
Validation loss: 0.99557
New best model saved at epoch 73 with loss 0.99557
Epoch 74/100
Training loss: 0.83733
Validation loss: 1.75551
Epoch 75/100
Training loss: 0.82180
Validation loss: 1.19128
Epoch 76/100
Training loss: 1.18205
Validation loss: 3.36254
Epoch 77/100
Training loss: 0.94684
Validation loss: 2.48256
Epoch 78/100
Training loss: 1.12525
Validation loss: 1.55540
Epoch 79/100
Training loss: 0.95106
Validation loss: 3.72304
Epoch 80/100
Training loss: 0.86021
Validation loss: 2.56335
Epoch 81/100
Training loss: 0.74033
Validation loss: 1.88304
Epoch 82/100
Training loss: 0.90070
Validation loss: 3.30374
Epoch 83/100
Training loss: 1.06880
Validation loss: 1.30236
Epoch 84/100
Training loss: 0.90924
Validation loss: 2.20112
Epoch 85/100
Training loss: 0.77904
Validation loss: 1.80923
Epoch 86/100
Training loss: 0.92143
Validation loss: 2.06880
Epoch 87/100
Training loss: 0.95623
Validation loss: 1.94326
Epoch 88/100
Training loss: 0.89863
Validation loss: 1.29019
Epoch 89/100
Training loss: 0.95124
Validation loss: 2.98839
Epoch 90/100
Training loss: 1.03230
Validation loss: 1.83909
Epoch 91/100
Training loss: 0.95734
Validation loss: 2.40264
Epoch 92/100
Training loss: 0.86477
Validation loss: 1.51460
Epoch 93/100
Training loss: 0.65742
Validation loss: 1.87090
Epoch 94/100
Training loss: 0.84165
Validation loss: 1.61797
Epoch 95/100
Training loss: 0.68207
Validation loss: 2.21064
Epoch 96/100
Training loss: 0.80050
Validation loss: 4.62269
Epoch 97/100
Training loss: 0.89045
Validation loss: 1.70546
Epoch 98/100
Training loss: 0.82909
Validation loss: 1.57807
Epoch 99/100
Training loss: 0.73685
Validation loss: 2.05810
Epoch 100/100
Training loss: 0.84319
Validation loss: 3.34095
Best model for fold 5 saved from epoch 73 with f1 0.99557
Final training loss: 0.84319
Final test loss: 3.34095
All fold val losses: [1.0801638563474019, 0.8504082063833872, 1.4157397349675496, 0.9747352401415507, 0.9955677191416422]
Average val loss: 1.06332
./naturalistic/01_Bird.avi                                   Loaded : (5, 3596, 64, 128, 1)
./naturalistic/02_City.avi                                   Loaded : (5, 3596, 64, 128, 1)
./naturalistic/03_Forest.avi                                 Loaded : (5, 3596, 64, 128, 1)
Video is allocated on memory!
Shape : (3, 3596, 64, 128, 5)
augmented shape : (24, 3596, 64, 128, 5)
augmented shape : (24, 3600)
Fold 1
Model loaded successfully from ./pretrained_model/64_to_256_3layers.ckpt
device : cuda
Model not found at ./model/./model/decoder_output_wba_start_wba_input_line_plot_piece_size_1_fix_False_16frames_piece_size_5_fix_False_16frames/fold_1/fly_model.ckpt
Epoch 1/100
Training loss: 38.10483
Validation loss: 6.62991
New best model saved at epoch 1 with loss 6.62991
First epoch took 9.45 seconds.
Estimated total program duration: 1.31 hours
Estimated program end time (KST): 2024/11/03 21:57:51
Epoch 2/100
Training loss: 4.02435
Validation loss: 5.55165
New best model saved at epoch 2 with loss 5.55165
Epoch 3/100
Training loss: 2.32347
Validation loss: 3.54584
New best model saved at epoch 3 with loss 3.54584
Epoch 4/100
Training loss: 1.86740
Validation loss: 4.69807
Epoch 5/100
Training loss: 1.81686
Validation loss: 4.20934
Epoch 6/100
Training loss: 1.74935
Validation loss: 3.17285
New best model saved at epoch 6 with loss 3.17285
Epoch 7/100
Training loss: 1.83118
Validation loss: 3.50731
Epoch 8/100
Training loss: 1.32209
Validation loss: 4.76914
Epoch 9/100
Training loss: 1.38963
Validation loss: 4.05341
Epoch 10/100
Training loss: 1.42745
Validation loss: 4.40948
Epoch 11/100
Training loss: 1.17638
Validation loss: 4.88862
Epoch 12/100
Training loss: 1.47249
Validation loss: 3.42997
Epoch 13/100
Training loss: 1.37496
Validation loss: 5.37964
Epoch 14/100
Training loss: 1.30830
Validation loss: 3.91578
Epoch 15/100
Training loss: 1.40000
Validation loss: 4.46033
Epoch 16/100
Training loss: 1.53028
Validation loss: 4.34131
Epoch 17/100
Training loss: 1.48265
Validation loss: 4.07549
Epoch 18/100
Training loss: 1.37114
Validation loss: 3.27858
Epoch 19/100
Training loss: 1.34780
Validation loss: 3.78958
Epoch 20/100
Training loss: 1.26291
Validation loss: 4.04811
Epoch 21/100
Training loss: 1.24736
Validation loss: 4.07987
Epoch 22/100
Training loss: 1.28435
Validation loss: 4.63644
Epoch 23/100
Training loss: 1.24495
Validation loss: 4.13240
Epoch 24/100
Training loss: 1.40928
Validation loss: 5.22856
Epoch 25/100
Training loss: 1.26197
Validation loss: 4.63437
Epoch 26/100
Training loss: 1.46494
Validation loss: 3.43456
Epoch 27/100
Training loss: 1.23331
Validation loss: 3.76370
Epoch 28/100
Training loss: 1.24552
Validation loss: 4.34802
Epoch 29/100
Training loss: 1.01601
Validation loss: 4.17503
Epoch 30/100
Training loss: 1.57395
Validation loss: 4.45147
Epoch 31/100
Training loss: 1.28750
Validation loss: 4.12700
Epoch 32/100
Training loss: 1.07917
Validation loss: 4.11956
Epoch 33/100
Training loss: 1.15818
Validation loss: 4.30016
Epoch 34/100
Training loss: 1.15942
Validation loss: 3.57745
Epoch 35/100
Training loss: 1.44776
Validation loss: 4.08978
Epoch 36/100
Training loss: 1.29926
Validation loss: 3.72525
Epoch 37/100
Training loss: 1.09765
Validation loss: 4.09094
Epoch 38/100
Training loss: 1.15960
Validation loss: 4.22070
Epoch 39/100
Training loss: 1.11031
Validation loss: 3.99871
Epoch 40/100
Training loss: 1.03973
Validation loss: 4.38606
Epoch 41/100
Training loss: 1.23465
Validation loss: 3.66937
Epoch 42/100
Training loss: 1.00176
Validation loss: 4.43972
Epoch 43/100
Training loss: 0.95701
Validation loss: 3.23945
Epoch 44/100
Training loss: 0.94286
Validation loss: 4.19080
Epoch 45/100
Training loss: 1.12313
Validation loss: 3.49881
Epoch 46/100
Training loss: 1.05148
Validation loss: 3.48159
Epoch 47/100
Training loss: 0.99099
Validation loss: 5.45946
Epoch 48/100
Training loss: 1.20984
Validation loss: 3.65215
Epoch 49/100
Training loss: 1.02952
Validation loss: 4.10823
Epoch 50/100
Training loss: 1.22173
Validation loss: 3.69938
Epoch 51/100
Training loss: 1.07335
Validation loss: 3.67372
Epoch 52/100
Training loss: 0.91049
Validation loss: 4.04454
Epoch 53/100
Training loss: 1.14504
Validation loss: 3.69972
Epoch 54/100
Training loss: 1.24803
Validation loss: 3.84252
Epoch 55/100
Training loss: 1.06487
Validation loss: 3.53823
Epoch 56/100
Training loss: 1.12741
Validation loss: 3.56507
Epoch 57/100
Training loss: 0.97142
Validation loss: 3.22528
Epoch 58/100
Training loss: 1.01203
Validation loss: 3.51488
Epoch 59/100
Training loss: 1.04174
Validation loss: 4.74687
Epoch 60/100
Training loss: 1.05490
Validation loss: 3.70480
Epoch 61/100
Training loss: 1.13465
Validation loss: 3.22225
Epoch 62/100
Training loss: 1.11471
Validation loss: 3.72048
Epoch 63/100
Training loss: 0.92933
Validation loss: 3.95361
Epoch 64/100
Training loss: 1.22682
Validation loss: 3.79232
Epoch 65/100
Training loss: 1.09622
Validation loss: 4.30616
Epoch 66/100
Training loss: 1.16475
Validation loss: 5.54399
Epoch 67/100
Training loss: 1.37626
Validation loss: 4.28403
Epoch 68/100
Training loss: 0.99171
Validation loss: 3.54460
Epoch 69/100
Training loss: 1.12947
Validation loss: 4.91879
Epoch 70/100
Training loss: 1.17373
Validation loss: 4.08162
Epoch 71/100
Training loss: 0.82497
Validation loss: 4.20329
Epoch 72/100
Training loss: 0.88547
Validation loss: 4.21388
Epoch 73/100
Training loss: 0.91749
Validation loss: 3.93633
Epoch 74/100
Training loss: 0.90031
Validation loss: 4.70240
Epoch 75/100
Training loss: 1.51296
Validation loss: 3.51968
Epoch 76/100
Training loss: 1.08290
Validation loss: 3.59156
Epoch 77/100
Training loss: 0.93915
Validation loss: 3.16711
New best model saved at epoch 77 with loss 3.16711
Epoch 78/100
Training loss: 1.07290
Validation loss: 4.45319
Epoch 79/100
Training loss: 0.79446
Validation loss: 4.59702
Epoch 80/100
Training loss: 1.16741
Validation loss: 4.11778
Epoch 81/100
Training loss: 1.31256
Validation loss: 3.73744
Epoch 82/100
Training loss: 1.04833
Validation loss: 3.92073
Epoch 83/100
Training loss: 0.94001
Validation loss: 3.68280
Epoch 84/100
Training loss: 1.03008
Validation loss: 4.27371
Epoch 85/100
Training loss: 1.34718
Validation loss: 3.88256
Epoch 86/100
Training loss: 1.01223
Validation loss: 4.43566
Epoch 87/100
Training loss: 1.15865
Validation loss: 3.85913
Epoch 88/100
Training loss: 0.96140
Validation loss: 4.46155
Epoch 89/100
Training loss: 1.07905
Validation loss: 4.91493
Epoch 90/100
Training loss: 0.86681
Validation loss: 4.78064
Epoch 91/100
Training loss: 1.00487
Validation loss: 3.40275
Epoch 92/100
Training loss: 0.87328
Validation loss: 4.21916
Epoch 93/100
Training loss: 0.95512
Validation loss: 3.72192
Epoch 94/100
Training loss: 1.21463
Validation loss: 3.72102
Epoch 95/100
Training loss: 1.09385
Validation loss: 3.88999
Epoch 96/100
Training loss: 0.89543
Validation loss: 3.40710
Epoch 97/100
Training loss: 0.84205
Validation loss: 3.53147
Epoch 98/100
Training loss: 1.17694
Validation loss: 4.47535
Epoch 99/100
Training loss: 0.77323
Validation loss: 4.26147
Epoch 100/100
Training loss: 0.77944
Validation loss: 4.68251
Best model for fold 1 saved from epoch 77 with f1 3.16711
Final training loss: 0.77944
Final test loss: 4.68251
Fold 2
Model loaded successfully from ./pretrained_model/64_to_256_3layers.ckpt
device : cuda
Model not found at ./model/./model/decoder_output_wba_start_wba_input_line_plot_piece_size_1_fix_False_16frames_piece_size_5_fix_False_16frames/fold_2/fly_model.ckpt
Epoch 1/100
Training loss: 34.26728
Validation loss: 3.48694
New best model saved at epoch 1 with loss 3.48694
First epoch took 9.44 seconds.
Estimated total program duration: 1.31 hours
Estimated program end time (KST): 2024/11/03 22:12:16
Epoch 2/100
Training loss: 4.77204
Validation loss: 5.50766
Epoch 3/100
Training loss: 2.80413
Validation loss: 2.60095
New best model saved at epoch 3 with loss 2.60095
Epoch 4/100
Training loss: 2.18558
Validation loss: 4.99657
Epoch 5/100
Training loss: 2.01585
Validation loss: 3.16565
Epoch 6/100
Training loss: 1.73654
Validation loss: 3.62641
Epoch 7/100
Training loss: 1.38740
Validation loss: 4.30495
Epoch 8/100
Training loss: 1.60401
Validation loss: 4.15122
Epoch 9/100
Training loss: 1.52149
Validation loss: 2.99420
Epoch 10/100
Training loss: 1.32029
Validation loss: 3.36919
Epoch 11/100
Training loss: 1.33960
Validation loss: 3.92520
Epoch 12/100
Training loss: 1.31757
Validation loss: 3.63088
Epoch 13/100
Training loss: 1.37378
Validation loss: 3.63526
Epoch 14/100
Training loss: 1.21273
Validation loss: 3.39864
Epoch 15/100
Training loss: 1.14071
Validation loss: 4.08858
Epoch 16/100
Training loss: 1.11982
Validation loss: 3.08882
Epoch 17/100
Training loss: 1.41068
Validation loss: 4.82187
Epoch 18/100
Training loss: 1.57982
Validation loss: 3.87291
Epoch 19/100
Training loss: 1.43008
Validation loss: 2.93006
Epoch 20/100
Training loss: 1.36254
Validation loss: 4.12920
Epoch 21/100
Training loss: 1.26328
Validation loss: 4.69202
Epoch 22/100
Training loss: 1.20695
Validation loss: 5.86464
Epoch 23/100
Training loss: 1.02256
Validation loss: 3.85399
Epoch 24/100
Training loss: 1.08926
Validation loss: 3.81201
Epoch 25/100
Training loss: 1.24547
Validation loss: 4.18093
Epoch 26/100
Training loss: 1.16861
Validation loss: 3.21998
Epoch 27/100
Training loss: 1.03540
Validation loss: 5.33387
Epoch 28/100
Training loss: 1.03443
Validation loss: 3.85971
Epoch 29/100
Training loss: 0.98398
Validation loss: 3.54896
Epoch 30/100
Training loss: 1.11095
Validation loss: 4.38088
Epoch 31/100
Training loss: 1.20747
Validation loss: 4.81442
Epoch 32/100
Training loss: 1.19179
Validation loss: 3.75917
Epoch 33/100
Training loss: 0.96751
Validation loss: 3.55073
Epoch 34/100
Training loss: 1.06316
Validation loss: 3.84200
Epoch 35/100
Training loss: 1.26254
Validation loss: 4.19313
Epoch 36/100
Training loss: 1.19789
Validation loss: 3.87409
Epoch 37/100
Training loss: 1.14604
Validation loss: 5.43348
Epoch 38/100
Training loss: 0.98056
Validation loss: 3.08602
Epoch 39/100
Training loss: 1.07058
Validation loss: 3.53858
Epoch 40/100
Training loss: 0.96261
Validation loss: 3.32850
Epoch 41/100
Training loss: 0.97680
Validation loss: 3.88112
Epoch 42/100
Training loss: 1.11896
Validation loss: 3.65255
Epoch 43/100
Training loss: 1.03530
Validation loss: 4.35626
Epoch 44/100
Training loss: 0.88652
Validation loss: 4.38347
Epoch 45/100
Training loss: 1.07134
Validation loss: 4.80376
Epoch 46/100
Training loss: 0.98955
Validation loss: 3.84494
Epoch 47/100
Training loss: 0.85146
Validation loss: 3.83874
Epoch 48/100
Training loss: 0.89120
Validation loss: 3.16406
Epoch 49/100
Training loss: 0.81843
Validation loss: 5.22597
Epoch 50/100
Training loss: 1.30393
Validation loss: 4.69087
Epoch 51/100
Training loss: 0.97374
Validation loss: 3.45845
Epoch 52/100
Training loss: 1.03521
Validation loss: 4.33974
Epoch 53/100
Training loss: 0.98905
Validation loss: 3.54358
Epoch 54/100
Training loss: 0.96022
Validation loss: 3.40752
Epoch 55/100
Training loss: 0.96763
Validation loss: 3.74729
Epoch 56/100
Training loss: 0.97393
Validation loss: 4.28955
Epoch 57/100
Training loss: 1.00448
Validation loss: 5.12035
Epoch 58/100
Training loss: 0.80655
Validation loss: 4.51149
Epoch 59/100
Training loss: 1.19623
Validation loss: 4.31255
Epoch 60/100
Training loss: 1.02701
Validation loss: 4.97338
Epoch 61/100
Training loss: 0.92541
Validation loss: 4.24325
Epoch 62/100
Training loss: 1.11849
Validation loss: 3.26536
Epoch 63/100
Training loss: 0.75513
Validation loss: 3.43313
Epoch 64/100
Training loss: 0.94291
Validation loss: 4.34254
Epoch 65/100
Training loss: 0.98757
Validation loss: 4.89503
Epoch 66/100
Training loss: 0.83213
Validation loss: 3.75814
Epoch 67/100
Training loss: 0.91775
Validation loss: 4.54578
Epoch 68/100
Training loss: 0.90438
Validation loss: 4.35711
Epoch 69/100
Training loss: 0.89327
Validation loss: 5.19827
Epoch 70/100
Training loss: 0.97273
Validation loss: 4.59890
Epoch 71/100
Training loss: 1.05059
Validation loss: 5.31159
Epoch 72/100
Training loss: 0.97422
Validation loss: 3.40554
Epoch 73/100
Training loss: 0.99213
Validation loss: 4.80644
Epoch 74/100
Training loss: 1.05976
Validation loss: 3.77785
Epoch 75/100
Training loss: 1.00443
Validation loss: 3.36639
Epoch 76/100
Training loss: 0.98316
Validation loss: 4.48708
Epoch 77/100
Training loss: 1.01405
Validation loss: 4.57948
Epoch 78/100
Training loss: 0.94927
Validation loss: 4.03099
Epoch 79/100
Training loss: 0.91338
Validation loss: 3.51043
Epoch 80/100
Training loss: 1.03404
Validation loss: 3.18463
Epoch 81/100
Training loss: 1.03569
Validation loss: 5.11725
Epoch 82/100
Training loss: 0.96531
Validation loss: 3.95178
Epoch 83/100
Training loss: 0.87799
Validation loss: 5.27002
Epoch 84/100
Training loss: 1.03539
Validation loss: 3.45779
Epoch 85/100
Training loss: 0.93155
Validation loss: 4.65614
Epoch 86/100
Training loss: 0.79313
Validation loss: 3.67219
Epoch 87/100
Training loss: 1.19812
Validation loss: 6.08629
Epoch 88/100
Training loss: 0.89409
Validation loss: 3.38051
Epoch 89/100
Training loss: 0.91416
Validation loss: 3.83122
Epoch 90/100
Training loss: 0.80559
Validation loss: 3.86182
Epoch 91/100
Training loss: 0.87378
Validation loss: 4.67841
Epoch 92/100
Training loss: 1.06450
Validation loss: 3.32031
Epoch 93/100
Training loss: 0.84904
Validation loss: 4.98022
Epoch 94/100
Training loss: 0.82422
Validation loss: 3.76994
Epoch 95/100
Training loss: 0.76852
Validation loss: 3.20579
Epoch 96/100
Training loss: 0.81560
Validation loss: 2.82832
Epoch 97/100
Training loss: 0.79853
Validation loss: 3.71112
Epoch 98/100
Training loss: 0.81524
Validation loss: 3.53119
Epoch 99/100
Training loss: 0.81747
Validation loss: 5.59330
Epoch 100/100
Training loss: 0.75967
Validation loss: 4.61147
Best model for fold 2 saved from epoch 3 with f1 2.60095
Final training loss: 0.75967
Final test loss: 4.61147
Fold 3
Model loaded successfully from ./pretrained_model/64_to_256_3layers.ckpt
device : cuda
Model not found at ./model/./model/decoder_output_wba_start_wba_input_line_plot_piece_size_1_fix_False_16frames_piece_size_5_fix_False_16frames/fold_3/fly_model.ckpt
Epoch 1/100
Training loss: 40.27749
Validation loss: 7.47598
New best model saved at epoch 1 with loss 7.47598
First epoch took 9.45 seconds.
Estimated total program duration: 1.31 hours
Estimated program end time (KST): 2024/11/03 22:26:46
Epoch 2/100
Training loss: 3.99258
Validation loss: 5.23909
New best model saved at epoch 2 with loss 5.23909
Epoch 3/100
Training loss: 2.23851
Validation loss: 4.84040
New best model saved at epoch 3 with loss 4.84040
Epoch 4/100
Training loss: 2.07387
Validation loss: 4.55933
New best model saved at epoch 4 with loss 4.55933
Epoch 5/100
Training loss: 1.62400
Validation loss: 2.97024
New best model saved at epoch 5 with loss 2.97024
Epoch 6/100
Training loss: 1.62742
Validation loss: 3.73702
Epoch 7/100
Training loss: 1.37524
Validation loss: 3.82778
Epoch 8/100
Training loss: 1.47762
Validation loss: 4.50911
Epoch 9/100
Training loss: 1.50835
Validation loss: 5.49290
Epoch 10/100
Training loss: 1.44737
Validation loss: 5.17439
Epoch 11/100
Training loss: 1.43754
Validation loss: 2.86108
New best model saved at epoch 11 with loss 2.86108
Epoch 12/100
Training loss: 1.47197
Validation loss: 6.20714
Epoch 13/100
Training loss: 1.29165
Validation loss: 4.20017
Epoch 14/100
Training loss: 1.14367
Validation loss: 2.42302
New best model saved at epoch 14 with loss 2.42302
Epoch 15/100
Training loss: 1.46233
Validation loss: 3.79138
Epoch 16/100
Training loss: 1.35063
Validation loss: 2.86673
Epoch 17/100
Training loss: 1.53707
Validation loss: 3.36201
Epoch 18/100
Training loss: 1.11832
Validation loss: 1.87539
New best model saved at epoch 18 with loss 1.87539
Epoch 19/100
Training loss: 1.12152
Validation loss: 2.44784
Epoch 20/100
Training loss: 1.13402
Validation loss: 2.03023
Epoch 21/100
Training loss: 1.10318
Validation loss: 1.78580
New best model saved at epoch 21 with loss 1.78580
Epoch 22/100
Training loss: 1.40348
Validation loss: 2.45860
Epoch 23/100
Training loss: 1.23548
Validation loss: 3.07308
Epoch 24/100
Training loss: 1.01614
Validation loss: 3.07870
Epoch 25/100
Training loss: 1.30909
Validation loss: 2.36565
Epoch 26/100
Training loss: 1.16843
Validation loss: 2.57399
Epoch 27/100
Training loss: 1.20694
Validation loss: 2.32341
Epoch 28/100
Training loss: 1.08692
Validation loss: 4.13237
Epoch 29/100
Training loss: 1.06524
Validation loss: 2.88975
Epoch 30/100
Training loss: 1.08977
Validation loss: 3.14935
Epoch 31/100
Training loss: 1.08228
Validation loss: 2.72661
Epoch 32/100
Training loss: 0.94809
Validation loss: 4.56134
Epoch 33/100
Training loss: 1.35953
Validation loss: 2.55515
Epoch 34/100
Training loss: 1.19653
Validation loss: 2.38519
Epoch 35/100
Training loss: 1.25783
Validation loss: 2.53871
Epoch 36/100
Training loss: 1.26156
Validation loss: 2.84661
Epoch 37/100
Training loss: 1.00710
Validation loss: 1.95115
Epoch 38/100
Training loss: 1.01807
Validation loss: 2.39930
Epoch 39/100
Training loss: 0.99416
Validation loss: 2.26717
Epoch 40/100
Training loss: 1.14819
Validation loss: 4.34559
Epoch 41/100
Training loss: 1.34650
Validation loss: 4.20800
Epoch 42/100
Training loss: 1.22470
Validation loss: 2.17873
Epoch 43/100
Training loss: 0.96741
Validation loss: 3.64107
Epoch 44/100
Training loss: 0.97915
Validation loss: 2.50960
Epoch 45/100
Training loss: 1.36050
Validation loss: 1.88793
Epoch 46/100
Training loss: 1.18793
Validation loss: 3.64495
Epoch 47/100
Training loss: 1.11510
Validation loss: 2.33078
Epoch 48/100
Training loss: 1.25582
Validation loss: 1.82855
Epoch 49/100
Training loss: 1.04036
Validation loss: 2.30158
Epoch 50/100
Training loss: 1.05207
Validation loss: 4.14682
Epoch 51/100
Training loss: 1.06613
Validation loss: 3.31727
Epoch 52/100
Training loss: 1.22891
Validation loss: 2.02309
Epoch 53/100
Training loss: 1.02077
Validation loss: 2.72934
Epoch 54/100
Training loss: 1.18433
Validation loss: 2.60526
Epoch 55/100
Training loss: 0.96834
Validation loss: 2.38754
Epoch 56/100
Training loss: 0.88459
Validation loss: 2.86038
Epoch 57/100
Training loss: 1.04475
Validation loss: 2.56487
Epoch 58/100
Training loss: 1.02563
Validation loss: 2.92486
Epoch 59/100
Training loss: 1.16284
Validation loss: 5.12915
Epoch 60/100
Training loss: 0.97012
Validation loss: 2.14918
Epoch 61/100
Training loss: 0.82755
Validation loss: 3.06776
Epoch 62/100
Training loss: 1.06980
Validation loss: 3.63345
Epoch 63/100
Training loss: 0.96970
Validation loss: 4.86839
Epoch 64/100
Training loss: 1.36375
Validation loss: 1.92137
Epoch 65/100
Training loss: 1.06794
Validation loss: 3.35507
Epoch 66/100
Training loss: 1.03402
Validation loss: 2.72853
Epoch 67/100
Training loss: 0.89505
Validation loss: 3.56402
Epoch 68/100
Training loss: 1.10991
Validation loss: 2.31790
Epoch 69/100
Training loss: 1.38028
Validation loss: 1.56789
New best model saved at epoch 69 with loss 1.56789
Epoch 70/100
Training loss: 1.10976
Validation loss: 3.76355
Epoch 71/100
Training loss: 1.18467
Validation loss: 2.26468
Epoch 72/100
Training loss: 1.12852
Validation loss: 2.83656
Epoch 73/100
Training loss: 0.85581
Validation loss: 3.42352
Epoch 74/100
Training loss: 0.87416
Validation loss: 3.21640
Epoch 75/100
Training loss: 1.03848
Validation loss: 5.74815
Epoch 76/100
Training loss: 0.99624
Validation loss: 4.71788
Epoch 77/100
Training loss: 0.98365
Validation loss: 2.03199
Epoch 78/100
Training loss: 0.89875
Validation loss: 3.49342
Epoch 79/100
Training loss: 0.84635
Validation loss: 2.93252
Epoch 80/100
Training loss: 0.88268
Validation loss: 2.42765
Epoch 81/100
Training loss: 0.86497
Validation loss: 3.76246
Epoch 82/100
Training loss: 0.95150
Validation loss: 3.17324
Epoch 83/100
Training loss: 0.89219
Validation loss: 3.61801
Epoch 84/100
Training loss: 0.85438
Validation loss: 2.94263
Epoch 85/100
Training loss: 0.96572
Validation loss: 3.26612
Epoch 86/100
Training loss: 0.94155
Validation loss: 2.04794
Epoch 87/100
Training loss: 1.04680
Validation loss: 3.17431
Epoch 88/100
Training loss: 0.84213
Validation loss: 5.10433
Epoch 89/100
Training loss: 0.96112
Validation loss: 3.30491
Epoch 90/100
Training loss: 0.87509
Validation loss: 4.74816
Epoch 91/100
Training loss: 1.03949
Validation loss: 5.63901
Epoch 92/100
Training loss: 1.11108
Validation loss: 2.36239
Epoch 93/100
Training loss: 0.89568
Validation loss: 3.71900
Epoch 94/100
Training loss: 0.90239
Validation loss: 4.09926
Epoch 95/100
Training loss: 0.94103
Validation loss: 4.30620
Epoch 96/100
Training loss: 0.94814
Validation loss: 3.20288
Epoch 97/100
Training loss: 0.79350
Validation loss: 5.53913
Epoch 98/100
Training loss: 0.83837
Validation loss: 3.10691
Epoch 99/100
Training loss: 0.84942
Validation loss: 2.84566
Epoch 100/100
Training loss: 0.88079
Validation loss: 2.60101
Best model for fold 3 saved from epoch 69 with f1 1.56789
Final training loss: 0.88079
Final test loss: 2.60101
Fold 4
Model loaded successfully from ./pretrained_model/64_to_256_3layers.ckpt
device : cuda
Model not found at ./model/./model/decoder_output_wba_start_wba_input_line_plot_piece_size_1_fix_False_16frames_piece_size_5_fix_False_16frames/fold_4/fly_model.ckpt
Epoch 1/100
Training loss: 31.64331
Validation loss: 13.89575
New best model saved at epoch 1 with loss 13.89575
First epoch took 9.46 seconds.
Estimated total program duration: 1.31 hours
Estimated program end time (KST): 2024/11/03 22:41:32
Epoch 2/100
Training loss: 5.04658
Validation loss: 3.35516
New best model saved at epoch 2 with loss 3.35516
Epoch 3/100
Training loss: 2.81477
Validation loss: 3.38199
Epoch 4/100
Training loss: 2.01166
Validation loss: 2.50220
New best model saved at epoch 4 with loss 2.50220
Epoch 5/100
Training loss: 2.19026
Validation loss: 3.17212
Epoch 6/100
Training loss: 1.63184
Validation loss: 2.70812
Epoch 7/100
Training loss: 1.71178
Validation loss: 3.38255
Epoch 8/100
Training loss: 1.85070
Validation loss: 3.61382
Epoch 9/100
Training loss: 1.38626
Validation loss: 3.16198
Epoch 10/100
Training loss: 1.47614
Validation loss: 2.15828
New best model saved at epoch 10 with loss 2.15828
Epoch 11/100
Training loss: 1.56248
Validation loss: 2.92127
Epoch 12/100
Training loss: 1.86938
Validation loss: 3.35375
Epoch 13/100
Training loss: 1.32577
Validation loss: 3.33179
Epoch 14/100
Training loss: 1.47104
Validation loss: 2.76863
Epoch 15/100
Training loss: 1.25014
Validation loss: 2.95229
Epoch 16/100
Training loss: 1.34126
Validation loss: 2.88600
Epoch 17/100
Training loss: 1.18806
Validation loss: 2.89497
Epoch 18/100
Training loss: 1.13126
Validation loss: 2.51129
Epoch 19/100
Training loss: 1.31073
Validation loss: 2.88691
Epoch 20/100
Training loss: 1.21323
Validation loss: 2.45472
Epoch 21/100
Training loss: 1.07800
Validation loss: 2.89663
Epoch 22/100
Training loss: 1.12319
Validation loss: 2.95163
Epoch 23/100
Training loss: 1.36231
Validation loss: 3.66473
Epoch 24/100
Training loss: 1.13068
Validation loss: 2.42693
Epoch 25/100
Training loss: 1.25163
Validation loss: 3.13864
Epoch 26/100
Training loss: 1.27891
Validation loss: 3.60904
Epoch 27/100
Training loss: 1.30737
Validation loss: 3.88708
Epoch 28/100
Training loss: 0.94881
Validation loss: 2.70733
Epoch 29/100
Training loss: 1.11245
Validation loss: 2.77213
Epoch 30/100
Training loss: 1.33890
Validation loss: 3.32808
Epoch 31/100
Training loss: 1.16542
Validation loss: 3.50965
Epoch 32/100
Training loss: 1.18861
Validation loss: 2.55661
Epoch 33/100
Training loss: 1.11141
Validation loss: 2.27016
Epoch 34/100
Training loss: 1.40352
Validation loss: 3.27203
Epoch 35/100
Training loss: 1.31865
Validation loss: 2.97247
Epoch 36/100
Training loss: 1.14488
Validation loss: 3.05069
Epoch 37/100
Training loss: 1.03262
Validation loss: 2.52819
Epoch 38/100
Training loss: 1.17453
Validation loss: 2.53869
Epoch 39/100
Training loss: 1.51914
Validation loss: 2.82370
Epoch 40/100
Training loss: 1.22005
Validation loss: 2.81231
Epoch 41/100
Training loss: 1.13379
Validation loss: 3.02771
Epoch 42/100
Training loss: 1.00305
Validation loss: 2.48205
Epoch 43/100
Training loss: 1.08293
Validation loss: 3.01522
Epoch 44/100
Training loss: 0.98183
Validation loss: 3.08607
Epoch 45/100
Training loss: 1.52786
Validation loss: 3.03693
Epoch 46/100
Training loss: 1.33511
Validation loss: 2.18695
Epoch 47/100
Training loss: 1.20532
Validation loss: 3.08631
Epoch 48/100
Training loss: 1.02027
Validation loss: 2.31308
Epoch 49/100
Training loss: 0.97713
Validation loss: 1.98927
New best model saved at epoch 49 with loss 1.98927
Epoch 50/100
Training loss: 1.17438
Validation loss: 2.14593
Epoch 51/100
Training loss: 1.10619
Validation loss: 3.04316
Epoch 52/100
Training loss: 1.03553
Validation loss: 2.99817
Epoch 53/100
Training loss: 1.12871
Validation loss: 2.33578
Epoch 54/100
Training loss: 1.18354
Validation loss: 2.76728
Epoch 55/100
Training loss: 0.89672
Validation loss: 3.50945
Epoch 56/100
Training loss: 1.11153
Validation loss: 3.37736
Epoch 57/100
Training loss: 1.02493
Validation loss: 2.21991
Epoch 58/100
Training loss: 1.12328
Validation loss: 2.89343
Epoch 59/100
Training loss: 1.07654
Validation loss: 2.78693
Epoch 60/100
Training loss: 1.23491
Validation loss: 2.25138
Epoch 61/100
Training loss: 1.01206
Validation loss: 2.46498
Epoch 62/100
Training loss: 1.00432
Validation loss: 2.85916
Epoch 63/100
Training loss: 1.09503
Validation loss: 3.01088
Epoch 64/100
Training loss: 1.07311
Validation loss: 1.91271
New best model saved at epoch 64 with loss 1.91271
Epoch 65/100
Training loss: 1.18833
Validation loss: 2.80262
Epoch 66/100
Training loss: 1.28943
Validation loss: 2.43190
Epoch 67/100
Training loss: 0.91141
Validation loss: 2.79584
Epoch 68/100
Training loss: 1.26217
Validation loss: 3.38973
Epoch 69/100
Training loss: 0.96415
Validation loss: 2.65111
Epoch 70/100
Training loss: 1.15543
Validation loss: 2.66326
Epoch 71/100
Training loss: 0.81861
Validation loss: 3.26103
Epoch 72/100
Training loss: 1.11118
Validation loss: 3.53904
Epoch 73/100
Training loss: 1.04583
Validation loss: 3.22860
Epoch 74/100
Training loss: 1.34675
Validation loss: 2.68100
Epoch 75/100
Training loss: 0.95583
Validation loss: 1.98664
Epoch 76/100
Training loss: 0.85136
Validation loss: 2.70532
Epoch 77/100
Training loss: 0.88616
Validation loss: 3.21782
Epoch 78/100
Training loss: 1.04812
Validation loss: 2.62882
Epoch 79/100
Training loss: 0.99923
Validation loss: 2.46648
Epoch 80/100
Training loss: 1.00004
Validation loss: 2.72507
Epoch 81/100
Training loss: 1.08210
Validation loss: 2.13431
Epoch 82/100
Training loss: 0.79854
Validation loss: 2.57907
Epoch 83/100
Training loss: 0.98841
Validation loss: 2.48751
Epoch 84/100
Training loss: 1.13482
Validation loss: 3.47920
Epoch 85/100
Training loss: 1.00409
Validation loss: 2.51315
Epoch 86/100
Training loss: 0.91768
Validation loss: 2.60463
Epoch 87/100
Training loss: 1.05697
Validation loss: 2.72433
Epoch 88/100
Training loss: 0.97876
Validation loss: 2.60018
Epoch 89/100
Training loss: 0.99059
Validation loss: 2.15917
Epoch 90/100
Training loss: 0.81562
Validation loss: 3.18073
Epoch 91/100
Training loss: 0.84018
Validation loss: 3.15324
Epoch 92/100
Training loss: 0.87451
Validation loss: 2.62762
Epoch 93/100
Training loss: 0.83256
Validation loss: 2.64981
Epoch 94/100
Training loss: 1.03675
Validation loss: 2.84433
Epoch 95/100
Training loss: 1.19305
Validation loss: 2.36603
Epoch 96/100
Training loss: 0.89787
Validation loss: 3.22178
Epoch 97/100
Training loss: 0.89125
Validation loss: 2.60875
Epoch 98/100
Training loss: 0.97632
Validation loss: 3.01519
Epoch 99/100
Training loss: 0.97847
Validation loss: 4.00930
Epoch 100/100
Training loss: 0.96968
Validation loss: 3.14777
Best model for fold 4 saved from epoch 64 with f1 1.91271
Final training loss: 0.96968
Final test loss: 3.14777
Fold 5
Model loaded successfully from ./pretrained_model/64_to_256_3layers.ckpt
device : cuda
Model not found at ./model/./model/decoder_output_wba_start_wba_input_line_plot_piece_size_1_fix_False_16frames_piece_size_5_fix_False_16frames/fold_5/fly_model.ckpt
Epoch 1/100
Training loss: 41.98681
Validation loss: 6.23767
New best model saved at epoch 1 with loss 6.23767
First epoch took 9.46 seconds.
Estimated total program duration: 1.31 hours
Estimated program end time (KST): 2024/11/03 22:56:00
Epoch 2/100
Training loss: 3.80225
Validation loss: 6.95797
Epoch 3/100
Training loss: 3.74420
Validation loss: 7.93826
Epoch 4/100
Training loss: 2.29991
Validation loss: 5.78035
New best model saved at epoch 4 with loss 5.78035
Epoch 5/100
Training loss: 1.83547
Validation loss: 5.17780
New best model saved at epoch 5 with loss 5.17780
Epoch 6/100
Training loss: 1.63187
Validation loss: 3.80043
New best model saved at epoch 6 with loss 3.80043
Epoch 7/100
Training loss: 1.93305
Validation loss: 4.21185
Epoch 8/100
Training loss: 1.59286
Validation loss: 4.86691
Epoch 9/100
Training loss: 1.44309
Validation loss: 4.96881
Epoch 10/100
Training loss: 1.55631
Validation loss: 5.53778
Epoch 11/100
Training loss: 1.72907
Validation loss: 3.92820
Epoch 12/100
Training loss: 1.36956
Validation loss: 5.80308
Epoch 13/100
Training loss: 1.51186
Validation loss: 2.85337
New best model saved at epoch 13 with loss 2.85337
Epoch 14/100
Training loss: 1.45775
Validation loss: 4.98943
Epoch 15/100
Training loss: 1.24381
Validation loss: 3.35814
Epoch 16/100
Training loss: 1.20821
Validation loss: 2.77601
New best model saved at epoch 16 with loss 2.77601
Epoch 17/100
Training loss: 1.29147
Validation loss: 4.14169
Epoch 18/100
Training loss: 1.48731
Validation loss: 3.96065
Epoch 19/100
Training loss: 1.34290
Validation loss: 3.69088
Epoch 20/100
Training loss: 1.06564
Validation loss: 3.10819
Epoch 21/100
Training loss: 1.29139
Validation loss: 2.91879
Epoch 22/100
Training loss: 1.33957
Validation loss: 3.54943
Epoch 23/100
Training loss: 1.31491
Validation loss: 3.65360
Epoch 24/100
Training loss: 1.36002
Validation loss: 3.49671
Epoch 25/100
Training loss: 1.01868
Validation loss: 2.63540
New best model saved at epoch 25 with loss 2.63540
Epoch 26/100
Training loss: 1.17212
Validation loss: 3.64759
Epoch 27/100
Training loss: 1.04446
Validation loss: 3.09124
Epoch 28/100
Training loss: 1.21790
Validation loss: 3.26412
Epoch 29/100
Training loss: 1.32146
Validation loss: 4.11245
Epoch 30/100
Training loss: 1.09252
Validation loss: 3.10189
Epoch 31/100
Training loss: 1.17858
Validation loss: 1.99912
New best model saved at epoch 31 with loss 1.99912
Epoch 32/100
Training loss: 1.09744
Validation loss: 3.58863
Epoch 33/100
Training loss: 1.15134
Validation loss: 2.52147
Epoch 34/100
Training loss: 1.23350
Validation loss: 2.83469
Epoch 35/100
Training loss: 1.09720
Validation loss: 5.51605
Epoch 36/100
Training loss: 1.32535
Validation loss: 5.16537
Epoch 37/100
Training loss: 1.19848
Validation loss: 3.85480
Epoch 38/100
Training loss: 1.09285
Validation loss: 2.59719
Epoch 39/100
Training loss: 1.06674
Validation loss: 2.88648
Epoch 40/100
Training loss: 0.99046
Validation loss: 3.05214
Epoch 41/100
Training loss: 1.18906
Validation loss: 2.99912
Epoch 42/100
Training loss: 1.33297
Validation loss: 2.50082
Epoch 43/100
Training loss: 1.47069
Validation loss: 3.76408
Epoch 44/100
Training loss: 1.14312
Validation loss: 2.62089
Epoch 45/100
Training loss: 1.08516
Validation loss: 2.61013
Epoch 46/100
Training loss: 0.99695
Validation loss: 2.59769
Epoch 47/100
Training loss: 1.05810
Validation loss: 2.29988
Epoch 48/100
Training loss: 0.98651
Validation loss: 3.92997
Epoch 49/100
Training loss: 1.13579
Validation loss: 2.57694
Epoch 50/100
Training loss: 1.08785
Validation loss: 3.14309
Epoch 51/100
Training loss: 1.12259
Validation loss: 2.58245
Epoch 52/100
Training loss: 1.05010
Validation loss: 3.22801
Epoch 53/100
Training loss: 1.03014
Validation loss: 2.08246
Epoch 54/100
Training loss: 0.92798
Validation loss: 2.63580
Epoch 55/100
Training loss: 1.20038
Validation loss: 3.87765
Epoch 56/100
Training loss: 1.12070
Validation loss: 2.70786
Epoch 57/100
Training loss: 1.01000
Validation loss: 2.59674
Epoch 58/100
Training loss: 0.96815
Validation loss: 2.86169
Epoch 59/100
Training loss: 0.93792
Validation loss: 3.32237
Epoch 60/100
Training loss: 1.02566
Validation loss: 2.90655
Epoch 61/100
Training loss: 1.06324
Validation loss: 2.24412
Epoch 62/100
Training loss: 1.02995
Validation loss: 2.22296
Epoch 63/100
Training loss: 0.99482
Validation loss: 2.27082
Epoch 64/100
Training loss: 1.11172
Validation loss: 2.25380
Epoch 65/100
Training loss: 1.03627
Validation loss: 3.97802
Epoch 66/100
Training loss: 0.92158
Validation loss: 2.65327
Epoch 67/100
Training loss: 0.88765
Validation loss: 3.58708
Epoch 68/100
Training loss: 1.03677
Validation loss: 3.22973
Epoch 69/100
Training loss: 0.97132
Validation loss: 3.64093
Epoch 70/100
Training loss: 0.88547
Validation loss: 2.92084
Epoch 71/100
Training loss: 1.12581
Validation loss: 4.20505
Epoch 72/100
Training loss: 0.95119
Validation loss: 2.71880
Epoch 73/100
Training loss: 1.08723
Validation loss: 1.90236
New best model saved at epoch 73 with loss 1.90236
Epoch 74/100
Training loss: 0.94110
Validation loss: 3.07929
Epoch 75/100
Training loss: 0.80786
Validation loss: 3.26322
Epoch 76/100
Training loss: 0.84087
Validation loss: 2.83878
Epoch 77/100
Training loss: 0.80936
Validation loss: 5.83358
Epoch 78/100
Training loss: 0.95268
Validation loss: 1.93489
Epoch 79/100
Training loss: 1.13887
Validation loss: 2.36659
Epoch 80/100
Training loss: 0.86174
Validation loss: 2.51321
Epoch 81/100
Training loss: 0.99390
Validation loss: 3.00538
Epoch 82/100
Training loss: 0.84524
Validation loss: 2.98452
Epoch 83/100
Training loss: 0.87126
Validation loss: 2.92868
Epoch 84/100
Training loss: 0.90788
Validation loss: 2.95513
Epoch 85/100
Training loss: 1.01412
Validation loss: 1.99355
Epoch 86/100
Training loss: 1.07529
Validation loss: 3.01902
Epoch 87/100
Training loss: 0.93736
Validation loss: 2.61081
Epoch 88/100
Training loss: 1.01436
Validation loss: 3.54762
Epoch 89/100
Training loss: 0.94860
Validation loss: 3.62277
Epoch 90/100
Training loss: 0.96224
Validation loss: 4.35068
Epoch 91/100
Training loss: 0.99870
Validation loss: 4.88356
Epoch 92/100
Training loss: 1.08795
Validation loss: 2.89101
Epoch 93/100
Training loss: 0.85343
Validation loss: 3.36860
Epoch 94/100
Training loss: 0.82311
Validation loss: 2.25888
Epoch 95/100
Training loss: 0.91582
Validation loss: 3.01676
Epoch 96/100
Training loss: 0.94529
Validation loss: 4.42041
Epoch 97/100
Training loss: 1.04162
Validation loss: 2.69234
Epoch 98/100
Training loss: 1.04804
Validation loss: 3.91549
Epoch 99/100
Training loss: 1.13930
Validation loss: 2.90455
Epoch 100/100
Training loss: 0.82179
Validation loss: 2.21954
Best model for fold 5 saved from epoch 73 with f1 1.90236
Final training loss: 0.82179
Final test loss: 2.21954
All fold val losses: [3.1671149730682373, 2.600948452949524, 1.5678885281085968, 1.912709891796112, 1.9023573398590088]
Average val loss: 2.23020
./naturalistic/01_Bird.avi                                   Loaded : (5, 3596, 64, 128, 1)
./naturalistic/02_City.avi                                   Loaded : (5, 3596, 64, 128, 1)
./naturalistic/03_Forest.avi                                 Loaded : (5, 3596, 64, 128, 1)
Video is allocated on memory!
Shape : (3, 3596, 64, 128, 5)
augmented shape : (24, 3596, 64, 128, 5)
augmented shape : (24, 3600)
Fold 1
Model loaded successfully from ./pretrained_model/64_to_256_3layers.ckpt
device : cuda
Model not found at ./model/./model/./model/decoder_output_wba_start_wba_input_line_plot_piece_size_1_fix_False_16frames_piece_size_5_fix_False_16frames_piece_size_10_fix_False_16frames/fold_1/fly_model.ckpt
Epoch 1/100
Training loss: 42.51409
Validation loss: 4.34134
New best model saved at epoch 1 with loss 4.34134
First epoch took 9.44 seconds.
Estimated total program duration: 1.31 hours
Estimated program end time (KST): 2024/11/03 23:10:47
Epoch 2/100
Training loss: 4.44049
Validation loss: 3.30321
New best model saved at epoch 2 with loss 3.30321
Epoch 3/100
Training loss: 2.92158
Validation loss: 2.02108
New best model saved at epoch 3 with loss 2.02108
Epoch 4/100
Training loss: 2.41428
Validation loss: 2.85901
Epoch 5/100
Training loss: 2.02527
Validation loss: 4.12229
Epoch 6/100
Training loss: 2.01509
Validation loss: 5.10623
Epoch 7/100
Training loss: 2.06362
Validation loss: 2.70691
Epoch 8/100
Training loss: 1.74447
Validation loss: 2.40306
Epoch 9/100
Training loss: 1.40613
Validation loss: 3.10858
Epoch 10/100
Training loss: 1.57877
Validation loss: 3.10597
Epoch 11/100
Training loss: 1.33002
Validation loss: 2.16179
Epoch 12/100
Training loss: 1.55711
Validation loss: 4.38601
Epoch 13/100
Training loss: 1.42911
Validation loss: 4.56842
Epoch 14/100
Training loss: 1.37684
Validation loss: 2.60475
Epoch 15/100
Training loss: 1.19492
Validation loss: 3.35834
Epoch 16/100
Training loss: 1.19262
Validation loss: 3.13969
Epoch 17/100
Training loss: 1.08870
Validation loss: 2.86569
Epoch 18/100
Training loss: 1.15256
Validation loss: 3.76040
Epoch 19/100
Training loss: 1.33947
Validation loss: 2.37080
Epoch 20/100
Training loss: 1.18557
Validation loss: 3.00563
Epoch 21/100
Training loss: 1.39330
Validation loss: 2.75746
Epoch 22/100
Training loss: 1.32028
Validation loss: 3.25454
Epoch 23/100
Training loss: 1.28649
Validation loss: 1.56657
New best model saved at epoch 23 with loss 1.56657
Epoch 24/100
Training loss: 0.95449
Validation loss: 3.28819
Epoch 25/100
Training loss: 1.30089
Validation loss: 2.68369
Epoch 26/100
Training loss: 1.08099
Validation loss: 3.63484
Epoch 27/100
Training loss: 0.99285
Validation loss: 6.87546
Epoch 28/100
Training loss: 1.26297
Validation loss: 2.78321
Epoch 29/100
Training loss: 1.03664
Validation loss: 3.02408
Epoch 30/100
Training loss: 1.05021
Validation loss: 2.24454
Epoch 31/100
Training loss: 0.99561
Validation loss: 5.38928
Epoch 32/100
Training loss: 1.11127
Validation loss: 4.00016
Epoch 33/100
Training loss: 1.00537
Validation loss: 3.81102
Epoch 34/100
Training loss: 1.35974
Validation loss: 3.77069
Epoch 35/100
Training loss: 1.31816
Validation loss: 1.84148
Epoch 36/100
Training loss: 1.17116
Validation loss: 5.91943
Epoch 37/100
Training loss: 1.27552
Validation loss: 3.33369
Epoch 38/100
Training loss: 0.92033
Validation loss: 3.25943
Epoch 39/100
Training loss: 1.24637
Validation loss: 3.63591
Epoch 40/100
Training loss: 1.19421
Validation loss: 4.09252
Epoch 41/100
Training loss: 1.42808
Validation loss: 4.11110
Epoch 42/100
Training loss: 1.16079
Validation loss: 2.82607
Epoch 43/100
Training loss: 0.92847
Validation loss: 4.98232
Epoch 44/100
Training loss: 1.09203
Validation loss: 3.51434
Epoch 45/100
Training loss: 1.11430
Validation loss: 3.14369
Epoch 46/100
Training loss: 1.10745
Validation loss: 3.35938
Epoch 47/100
Training loss: 1.14302
Validation loss: 6.88280
Epoch 48/100
Training loss: 1.02757
Validation loss: 3.32688
Epoch 49/100
Training loss: 1.01329
Validation loss: 6.03492
Epoch 50/100
Training loss: 1.01579
Validation loss: 5.79392
Epoch 51/100
Training loss: 1.12821
Validation loss: 2.63379
Epoch 52/100
Training loss: 0.97885
Validation loss: 3.17788
Epoch 53/100
Training loss: 0.72556
Validation loss: 3.73588
Epoch 54/100
Training loss: 0.88279
Validation loss: 4.32288
Epoch 55/100
Training loss: 1.03100
Validation loss: 4.02799
Epoch 56/100
Training loss: 1.02582
Validation loss: 3.72877
Epoch 57/100
Training loss: 0.98037
Validation loss: 2.82603
Epoch 58/100
Training loss: 1.00285
Validation loss: 4.34227
Epoch 59/100
Training loss: 1.18609
Validation loss: 6.28401
Epoch 60/100
Training loss: 1.17185
Validation loss: 5.24577
Epoch 61/100
Training loss: 1.07061
Validation loss: 2.61443
Epoch 62/100
Training loss: 0.87293
Validation loss: 4.58955
Epoch 63/100
Training loss: 1.09257
Validation loss: 5.10211
Epoch 64/100
Training loss: 1.19152
Validation loss: 4.46358
Epoch 65/100
Training loss: 0.94758
Validation loss: 6.31294
Epoch 66/100
Training loss: 0.97215
Validation loss: 6.54925
Epoch 67/100
Training loss: 1.10437
Validation loss: 2.75054
Epoch 68/100
Training loss: 1.07955
Validation loss: 6.04541
Epoch 69/100
Training loss: 0.86403
Validation loss: 4.26099
Epoch 70/100
Training loss: 1.05342
Validation loss: 3.85930
Epoch 71/100
Training loss: 0.82666
Validation loss: 3.54492
Epoch 72/100
Training loss: 1.16996
Validation loss: 5.37786
Epoch 73/100
Training loss: 1.14341
Validation loss: 2.45766
Epoch 74/100
Training loss: 1.23941
Validation loss: 5.59673
Epoch 75/100
Training loss: 1.05321
Validation loss: 5.46140
Epoch 76/100
Training loss: 0.90342
Validation loss: 4.57584
Epoch 77/100
Training loss: 0.88798
Validation loss: 3.05394
Epoch 78/100
Training loss: 0.80666
Validation loss: 4.08958
Epoch 79/100
Training loss: 0.88715
Validation loss: 2.28887
Epoch 80/100
Training loss: 0.87569
Validation loss: 2.72978
Epoch 81/100
Training loss: 0.80419
Validation loss: 2.75568
Epoch 82/100
Training loss: 0.91981
Validation loss: 7.88717
Epoch 83/100
Training loss: 0.90920
Validation loss: 2.88124
Epoch 84/100
Training loss: 1.01749
Validation loss: 5.26069
Epoch 85/100
Training loss: 0.84167
Validation loss: 4.46597
Epoch 86/100
Training loss: 1.06544
Validation loss: 3.07771
Epoch 87/100
Training loss: 0.91412
Validation loss: 2.89770
Epoch 88/100
Training loss: 0.86983
Validation loss: 5.97404
Epoch 89/100
Training loss: 0.84246
Validation loss: 3.04687
Epoch 90/100
Training loss: 0.91575
Validation loss: 5.16608
Epoch 91/100
Training loss: 0.95482
Validation loss: 4.25254
Epoch 92/100
Training loss: 0.87011
Validation loss: 2.93551
Epoch 93/100
Training loss: 0.88626
Validation loss: 5.70445
Epoch 94/100
Training loss: 0.96381
Validation loss: 4.72108
Epoch 95/100
Training loss: 1.15312
Validation loss: 2.53922
Epoch 96/100
Training loss: 1.00447
Validation loss: 7.40708
Epoch 97/100
Training loss: 0.86709
Validation loss: 4.40566
Epoch 98/100
Training loss: 0.92441
Validation loss: 3.63736
Epoch 99/100
Training loss: 0.94288
Validation loss: 3.21971
Epoch 100/100
Training loss: 0.91240
Validation loss: 5.70899
Best model for fold 1 saved from epoch 23 with f1 1.56657
Final training loss: 0.91240
Final test loss: 5.70899
Fold 2
Model loaded successfully from ./pretrained_model/64_to_256_3layers.ckpt
device : cuda
Model not found at ./model/./model/./model/decoder_output_wba_start_wba_input_line_plot_piece_size_1_fix_False_16frames_piece_size_5_fix_False_16frames_piece_size_10_fix_False_16frames/fold_2/fly_model.ckpt
Epoch 1/100
Training loss: 36.10460
Validation loss: 7.84714
New best model saved at epoch 1 with loss 7.84714
First epoch took 9.43 seconds.
Estimated total program duration: 1.31 hours
Estimated program end time (KST): 2024/11/03 23:25:10
Epoch 2/100
Training loss: 4.32649
Validation loss: 4.40795
New best model saved at epoch 2 with loss 4.40795
Epoch 3/100
Training loss: 2.71021
Validation loss: 1.66098
New best model saved at epoch 3 with loss 1.66098
Epoch 4/100
Training loss: 2.43503
Validation loss: 1.90273
Epoch 5/100
Training loss: 2.17039
Validation loss: 3.47489
Epoch 6/100
Training loss: 2.06920
Validation loss: 3.30186
Epoch 7/100
Training loss: 1.71650
Validation loss: 3.43907
Epoch 8/100
Training loss: 1.72318
Validation loss: 2.41771
Epoch 9/100
Training loss: 2.12151
Validation loss: 3.40534
Epoch 10/100
Training loss: 1.55916
Validation loss: 2.46840
Epoch 11/100
Training loss: 1.37652
Validation loss: 2.83162
Epoch 12/100
Training loss: 1.54496
Validation loss: 2.32531
Epoch 13/100
Training loss: 1.52327
Validation loss: 3.64596
Epoch 14/100
Training loss: 1.41830
Validation loss: 2.65015
Epoch 15/100
Training loss: 1.60390
Validation loss: 3.20800
Epoch 16/100
Training loss: 1.74496
Validation loss: 2.97819
Epoch 17/100
Training loss: 1.14281
Validation loss: 4.23261
Epoch 18/100
Training loss: 1.31122
Validation loss: 4.14900
Epoch 19/100
Training loss: 1.18975
Validation loss: 4.12324
Epoch 20/100
Training loss: 1.22448
Validation loss: 3.17448
Epoch 21/100
Training loss: 1.60091
Validation loss: 5.61424
Epoch 22/100
Training loss: 1.41087
Validation loss: 1.95042
Epoch 23/100
Training loss: 1.28277
Validation loss: 3.60656
Epoch 24/100
Training loss: 1.36092
Validation loss: 2.80069
Epoch 25/100
Training loss: 1.35240
Validation loss: 2.72517
Epoch 26/100
Training loss: 1.17768
Validation loss: 4.45098
Epoch 27/100
Training loss: 1.12786
Validation loss: 4.28549
Epoch 28/100
Training loss: 1.23449
Validation loss: 3.86571
Epoch 29/100
Training loss: 1.42551
Validation loss: 4.21003
Epoch 30/100
Training loss: 1.09790
Validation loss: 4.08305
Epoch 31/100
Training loss: 1.00776
Validation loss: 4.45895
Epoch 32/100
Training loss: 1.10270
Validation loss: 4.40755
Epoch 33/100
Training loss: 1.09445
Validation loss: 3.31147
Epoch 34/100
Training loss: 1.14720
Validation loss: 7.34489
Epoch 35/100
Training loss: 1.40742
Validation loss: 2.89488
Epoch 36/100
Training loss: 1.07396
Validation loss: 4.16076
Epoch 37/100
Training loss: 1.28337
Validation loss: 7.67313
Epoch 38/100
Training loss: 1.35130
Validation loss: 4.15852
Epoch 39/100
Training loss: 1.31792
Validation loss: 3.28388
Epoch 40/100
Training loss: 1.10989
Validation loss: 2.91766
Epoch 41/100
Training loss: 1.06083
Validation loss: 3.97549
Epoch 42/100
Training loss: 1.06709
Validation loss: 3.53690
Epoch 43/100
Training loss: 1.13214
Validation loss: 3.49758
Epoch 44/100
Training loss: 1.44382
Validation loss: 4.86475
Epoch 45/100
Training loss: 1.36750
Validation loss: 5.06455
Epoch 46/100
Training loss: 1.29265
Validation loss: 2.70360
Epoch 47/100
Training loss: 1.12752
Validation loss: 5.11286
Epoch 48/100
Training loss: 0.99199
Validation loss: 5.14211
Epoch 49/100
Training loss: 1.13947
Validation loss: 4.63253
Epoch 50/100
Training loss: 0.99597
Validation loss: 5.45098
Epoch 51/100
Training loss: 1.06992
Validation loss: 4.58869
Epoch 52/100
Training loss: 1.25716
Validation loss: 4.24353
Epoch 53/100
Training loss: 0.99255
Validation loss: 3.06285
Epoch 54/100
Training loss: 1.09386
Validation loss: 6.83739
Epoch 55/100
Training loss: 0.96914
Validation loss: 4.33031
Epoch 56/100
Training loss: 0.92747
Validation loss: 6.04778
Epoch 57/100
Training loss: 1.05383
Validation loss: 4.24615
Epoch 58/100
Training loss: 1.01481
Validation loss: 7.95511
Epoch 59/100
Training loss: 1.07101
Validation loss: 7.04804
Epoch 60/100
Training loss: 0.97792
Validation loss: 2.86568
Epoch 61/100
Training loss: 0.99175
Validation loss: 6.55869
Epoch 62/100
Training loss: 1.08020
Validation loss: 3.24309
Epoch 63/100
Training loss: 1.13885
Validation loss: 5.98770
Epoch 64/100
Training loss: 0.82852
Validation loss: 4.80289
Epoch 65/100
Training loss: 0.93190
Validation loss: 7.82019
Epoch 66/100
Training loss: 0.90663
Validation loss: 4.09891
Epoch 67/100
Training loss: 0.94704
Validation loss: 3.20923
Epoch 68/100
Training loss: 1.14074
Validation loss: 2.95227
Epoch 69/100
Training loss: 1.23249
Validation loss: 5.78743
Epoch 70/100
Training loss: 1.03997
Validation loss: 5.33626
Epoch 71/100
Training loss: 1.03872
Validation loss: 4.31280
Epoch 72/100
Training loss: 1.16084
Validation loss: 4.48810
Epoch 73/100
Training loss: 1.05124
Validation loss: 4.27957
Epoch 74/100
Training loss: 0.95074
Validation loss: 5.51695
Epoch 75/100
Training loss: 1.04290
Validation loss: 4.32800
Epoch 76/100
Training loss: 1.27305
Validation loss: 5.95196
Epoch 77/100
Training loss: 1.01720
Validation loss: 3.60104
Epoch 78/100
Training loss: 1.08751
Validation loss: 3.68774
Epoch 79/100
Training loss: 0.89383
Validation loss: 5.79366
Epoch 80/100
Training loss: 1.07069
Validation loss: 6.11582
Epoch 81/100
Training loss: 0.99080
Validation loss: 5.08760
Epoch 82/100
Training loss: 1.00193
Validation loss: 6.23034
Epoch 83/100
Training loss: 0.93941
Validation loss: 5.24018
Epoch 84/100
Training loss: 0.90918
Validation loss: 3.85416
Epoch 85/100
Training loss: 0.84415
Validation loss: 5.03910
Epoch 86/100
Training loss: 0.79131
Validation loss: 4.74162
Epoch 87/100
Training loss: 1.13295
Validation loss: 7.83391
Epoch 88/100
Training loss: 1.44174
Validation loss: 6.97315
Epoch 89/100
Training loss: 0.94193
Validation loss: 4.14082
Epoch 90/100
Training loss: 0.94175
Validation loss: 2.98399
Epoch 91/100
Training loss: 0.94593
Validation loss: 4.50063
Epoch 92/100
Training loss: 0.79305
Validation loss: 3.93633
Epoch 93/100
Training loss: 0.94829
Validation loss: 3.23738
Epoch 94/100
Training loss: 0.95068
Validation loss: 4.92834
Epoch 95/100
Training loss: 0.91543
Validation loss: 6.42786
Epoch 96/100
Training loss: 1.01975
Validation loss: 4.65477
Epoch 97/100
Training loss: 1.27101
Validation loss: 5.60425
Epoch 98/100
Training loss: 0.85953
Validation loss: 5.50275
Epoch 99/100
Training loss: 0.84230
Validation loss: 3.58586
Epoch 100/100
Training loss: 0.94988
Validation loss: 4.32729
Best model for fold 2 saved from epoch 3 with f1 1.66098
Final training loss: 0.94988
Final test loss: 4.32729
Fold 3
Model loaded successfully from ./pretrained_model/64_to_256_3layers.ckpt
device : cuda
Model not found at ./model/./model/./model/decoder_output_wba_start_wba_input_line_plot_piece_size_1_fix_False_16frames_piece_size_5_fix_False_16frames_piece_size_10_fix_False_16frames/fold_3/fly_model.ckpt
Epoch 1/100
Training loss: 40.52816
Validation loss: 21.47925
New best model saved at epoch 1 with loss 21.47925
First epoch took 9.49 seconds.
Estimated total program duration: 1.32 hours
Estimated program end time (KST): 2024/11/03 23:40:09
Epoch 2/100
Training loss: 3.92318
Validation loss: 4.60988
New best model saved at epoch 2 with loss 4.60988
Epoch 3/100
Training loss: 2.37963
Validation loss: 5.30547
Epoch 4/100
Training loss: 1.92753
Validation loss: 9.70638
Epoch 5/100
Training loss: 1.59563
Validation loss: 6.57655
Epoch 6/100
Training loss: 1.31161
Validation loss: 6.38371
Epoch 7/100
Training loss: 1.37846
Validation loss: 15.09167
Epoch 8/100
Training loss: 1.55588
Validation loss: 5.95208
Epoch 9/100
Training loss: 1.26959
Validation loss: 7.55619
Epoch 10/100
Training loss: 1.07440
Validation loss: 8.74349
Epoch 11/100
Training loss: 1.14655
Validation loss: 6.79542
Epoch 12/100
Training loss: 1.05934
Validation loss: 7.99065
Epoch 13/100
Training loss: 1.10968
Validation loss: 5.26969
Epoch 14/100
Training loss: 1.30445
Validation loss: 8.93164
Epoch 15/100
Training loss: 1.26999
Validation loss: 5.66629
Epoch 16/100
Training loss: 1.53343
Validation loss: 6.59863
Epoch 17/100
Training loss: 1.16703
Validation loss: 5.38978
Epoch 18/100
Training loss: 1.07240
Validation loss: 5.47839
Epoch 19/100
Training loss: 1.15257
Validation loss: 6.24348
Epoch 20/100
Training loss: 0.92555
Validation loss: 4.76210
Epoch 21/100
Training loss: 1.02407
Validation loss: 6.82638
Epoch 22/100
Training loss: 1.03543
Validation loss: 6.13792
Epoch 23/100
Training loss: 0.92898
Validation loss: 7.62852
Epoch 24/100
Training loss: 0.96544
Validation loss: 6.05963
Epoch 25/100
Training loss: 1.01632
Validation loss: 8.18426
Epoch 26/100
Training loss: 1.23832
Validation loss: 5.13462
Epoch 27/100
Training loss: 1.05359
Validation loss: 5.40109
Epoch 28/100
Training loss: 1.08298
Validation loss: 6.92647
Epoch 29/100
Training loss: 1.02899
Validation loss: 4.51092
New best model saved at epoch 29 with loss 4.51092
Epoch 30/100
Training loss: 0.91888
Validation loss: 5.73365
Epoch 31/100
Training loss: 0.94405
Validation loss: 5.45897
Epoch 32/100
Training loss: 1.05031
Validation loss: 6.68685
Epoch 33/100
Training loss: 1.36831
Validation loss: 5.19397
Epoch 34/100
Training loss: 0.99819
Validation loss: 4.85300
Epoch 35/100
Training loss: 0.97515
Validation loss: 10.11894
Epoch 36/100
Training loss: 0.96250
Validation loss: 5.57842
Epoch 37/100
Training loss: 0.93159
Validation loss: 6.69216
Epoch 38/100
Training loss: 0.92568
Validation loss: 7.41677
Epoch 39/100
Training loss: 1.11030
Validation loss: 10.10824
Epoch 40/100
Training loss: 1.05861
Validation loss: 7.97856
Epoch 41/100
Training loss: 0.81435
Validation loss: 6.32831
Epoch 42/100
Training loss: 0.96920
Validation loss: 4.60965
Epoch 43/100
Training loss: 0.97992
Validation loss: 5.51633
Epoch 44/100
Training loss: 0.95395
Validation loss: 6.12928
Epoch 45/100
Training loss: 0.96809
Validation loss: 7.21811
Epoch 46/100
Training loss: 1.13447
Validation loss: 5.63432
Epoch 47/100
Training loss: 0.99155
Validation loss: 6.44164
Epoch 48/100
Training loss: 0.94397
Validation loss: 8.24746
Epoch 49/100
Training loss: 0.89283
Validation loss: 7.23977
Epoch 50/100
Training loss: 0.81012
Validation loss: 5.61803
Epoch 51/100
Training loss: 0.78420
Validation loss: 6.44471
Epoch 52/100
Training loss: 0.87948
Validation loss: 6.51476
Epoch 53/100
Training loss: 0.86140
Validation loss: 8.44647
Epoch 54/100
Training loss: 0.84784
Validation loss: 8.77615
Epoch 55/100
Training loss: 0.93363
Validation loss: 6.82934
Epoch 56/100
Training loss: 0.94385
Validation loss: 6.65467
Epoch 57/100
Training loss: 0.96811
Validation loss: 6.55671
Epoch 58/100
Training loss: 0.81273
Validation loss: 8.30928
Epoch 59/100
Training loss: 0.89165
Validation loss: 7.98903
Epoch 60/100
Training loss: 0.99728
Validation loss: 5.55768
Epoch 61/100
Training loss: 0.87675
Validation loss: 7.77676
Epoch 62/100
Training loss: 1.03906
Validation loss: 5.84529
Epoch 63/100
Training loss: 0.89297
Validation loss: 6.44734
Epoch 64/100
Training loss: 0.83586
Validation loss: 7.13906
Epoch 65/100
Training loss: 0.73426
Validation loss: 6.19130
Epoch 66/100
Training loss: 0.94289
Validation loss: 13.65794
Epoch 67/100
Training loss: 0.75109
Validation loss: 6.70539
Epoch 68/100
Training loss: 0.77816
Validation loss: 6.63989
Epoch 69/100
Training loss: 0.84602
Validation loss: 7.71748
Epoch 70/100
Training loss: 0.77326
Validation loss: 5.57526
Epoch 71/100
Training loss: 0.90064
Validation loss: 6.36795
Epoch 72/100
Training loss: 0.78438
Validation loss: 5.42000
Epoch 73/100
Training loss: 0.99668
Validation loss: 9.05789
Epoch 74/100
Training loss: 0.89752
Validation loss: 5.92372
Epoch 75/100
Training loss: 0.67525
Validation loss: 6.93726
Epoch 76/100
Training loss: 1.00837
Validation loss: 5.62804
Epoch 77/100
Training loss: 0.77435
Validation loss: 6.30314
Epoch 78/100
Training loss: 0.98076
Validation loss: 5.59156
Epoch 79/100
Training loss: 0.85952
Validation loss: 6.96187
Epoch 80/100
Training loss: 0.77502
Validation loss: 8.89159
Epoch 81/100
Training loss: 0.78659
Validation loss: 11.77509
Epoch 82/100
Training loss: 0.77074
Validation loss: 7.46982
Epoch 83/100
Training loss: 0.89654
Validation loss: 6.66275
Epoch 84/100
Training loss: 0.78579
Validation loss: 6.98961
Epoch 85/100
Training loss: 0.82114
Validation loss: 13.17297
Epoch 86/100
Training loss: 1.21979
Validation loss: 4.50527
New best model saved at epoch 86 with loss 4.50527
Epoch 87/100
Training loss: 0.86840
Validation loss: 6.34900
Epoch 88/100
Training loss: 0.79436
Validation loss: 5.28503
Epoch 89/100
Training loss: 0.75667
Validation loss: 5.52934
Epoch 90/100
Training loss: 0.67525
Validation loss: 5.96771
Epoch 91/100
Training loss: 0.72191
Validation loss: 4.90905
Epoch 92/100
Training loss: 0.81467
Validation loss: 7.25880
Epoch 93/100
Training loss: 0.68556
Validation loss: 6.75071
Epoch 94/100
Training loss: 0.84815
Validation loss: 5.75955
Epoch 95/100
Training loss: 0.74429
Validation loss: 5.50523
Epoch 96/100
Training loss: 0.81334
Validation loss: 4.93054
Epoch 97/100
Training loss: 0.71801
Validation loss: 6.85184
Epoch 98/100
Training loss: 0.83280
Validation loss: 5.24227
Epoch 99/100
Training loss: 0.92943
Validation loss: 13.03917
Epoch 100/100
Training loss: 0.88481
Validation loss: 5.39766
Best model for fold 3 saved from epoch 86 with f1 4.50527
Final training loss: 0.88481
Final test loss: 5.39766
Fold 4
Model loaded successfully from ./pretrained_model/64_to_256_3layers.ckpt
device : cuda
Model not found at ./model/./model/./model/decoder_output_wba_start_wba_input_line_plot_piece_size_1_fix_False_16frames_piece_size_5_fix_False_16frames_piece_size_10_fix_False_16frames/fold_4/fly_model.ckpt
Epoch 1/100
Training loss: 47.58316
Validation loss: 10.12323
New best model saved at epoch 1 with loss 10.12323
First epoch took 9.46 seconds.
Estimated total program duration: 1.31 hours
Estimated program end time (KST): 2024/11/03 23:54:26
Epoch 2/100
Training loss: 5.54671
Validation loss: 3.54424
New best model saved at epoch 2 with loss 3.54424
Epoch 3/100
Training loss: 2.33835
Validation loss: 4.34875
Epoch 4/100
Training loss: 2.32827
Validation loss: 5.19039
Epoch 5/100
Training loss: 1.62564
Validation loss: 5.74255
Epoch 6/100
Training loss: 1.94159
Validation loss: 3.64062
Epoch 7/100
Training loss: 1.74605
Validation loss: 3.12612
New best model saved at epoch 7 with loss 3.12612
Epoch 8/100
Training loss: 1.55029
Validation loss: 4.56114
Epoch 9/100
Training loss: 1.92668
Validation loss: 5.24809
Epoch 10/100
Training loss: 2.07118
Validation loss: 5.81295
Epoch 11/100
Training loss: 1.57331
Validation loss: 6.22114
Epoch 12/100
Training loss: 1.43825
Validation loss: 4.71221
Epoch 13/100
Training loss: 1.25510
Validation loss: 6.12860
Epoch 14/100
Training loss: 1.36440
Validation loss: 3.49852
Epoch 15/100
Training loss: 1.56421
Validation loss: 5.89946
Epoch 16/100
Training loss: 1.18629
Validation loss: 4.44371
Epoch 17/100
Training loss: 1.37098
Validation loss: 2.91315
New best model saved at epoch 17 with loss 2.91315
Epoch 18/100
Training loss: 1.22997
Validation loss: 3.90039
Epoch 19/100
Training loss: 1.26513
Validation loss: 4.94491
Epoch 20/100
Training loss: 1.29769
Validation loss: 6.92955
Epoch 21/100
Training loss: 1.28635
Validation loss: 6.09682
Epoch 22/100
Training loss: 1.09808
Validation loss: 8.22618
Epoch 23/100
Training loss: 1.22481
Validation loss: 3.41740
Epoch 24/100
Training loss: 1.27722
Validation loss: 3.79955
Epoch 25/100
Training loss: 1.17883
Validation loss: 4.47693
Epoch 26/100
Training loss: 1.41857
Validation loss: 6.23837
Epoch 27/100
Training loss: 1.16798
Validation loss: 3.00142
Epoch 28/100
Training loss: 1.14102
Validation loss: 5.63258
Epoch 29/100
Training loss: 1.52780
Validation loss: 3.62598
Epoch 30/100
Training loss: 1.47282
Validation loss: 3.55544
Epoch 31/100
Training loss: 1.31546
Validation loss: 3.98384
Epoch 32/100
Training loss: 1.12620
Validation loss: 6.12538
Epoch 33/100
Training loss: 1.16336
Validation loss: 2.65616
New best model saved at epoch 33 with loss 2.65616
Epoch 34/100
Training loss: 1.29344
Validation loss: 3.91898
Epoch 35/100
Training loss: 1.29120
Validation loss: 5.23633
Epoch 36/100
Training loss: 1.20005
Validation loss: 5.02098
Epoch 37/100
Training loss: 1.17253
Validation loss: 3.74456
Epoch 38/100
Training loss: 1.11973
Validation loss: 4.70649
Epoch 39/100
Training loss: 1.11291
Validation loss: 5.83455
Epoch 40/100
Training loss: 1.27512
Validation loss: 2.95527
Epoch 41/100
Training loss: 1.13423
Validation loss: 3.65919
Epoch 42/100
Training loss: 1.28504
Validation loss: 4.06267
Epoch 43/100
Training loss: 1.00362
Validation loss: 4.39209
Epoch 44/100
Training loss: 1.06029
Validation loss: 3.97411
Epoch 45/100
Training loss: 1.21342
Validation loss: 5.99244
Epoch 46/100
Training loss: 1.25063
Validation loss: 4.31342
Epoch 47/100
Training loss: 1.09140
Validation loss: 2.88364
Epoch 48/100
Training loss: 1.01687
Validation loss: 3.79572
Epoch 49/100
Training loss: 1.23192
Validation loss: 6.15668
Epoch 50/100
Training loss: 1.07317
Validation loss: 4.35357
Epoch 51/100
Training loss: 1.20632
Validation loss: 3.90987
Epoch 52/100
Training loss: 1.11423
Validation loss: 3.35326
Epoch 53/100
Training loss: 1.07402
Validation loss: 3.96058
Epoch 54/100
Training loss: 1.68231
Validation loss: 4.27991
Epoch 55/100
Training loss: 1.01751
Validation loss: 4.27891
Epoch 56/100
Training loss: 1.33696
Validation loss: 4.30448
Epoch 57/100
Training loss: 1.10044
Validation loss: 5.01890
Epoch 58/100
Training loss: 1.09732
Validation loss: 2.89556
Epoch 59/100
Training loss: 1.20151
Validation loss: 3.31415
Epoch 60/100
Training loss: 1.16100
Validation loss: 2.64447
New best model saved at epoch 60 with loss 2.64447
Epoch 61/100
Training loss: 1.15362
Validation loss: 2.79498
Epoch 62/100
Training loss: 0.99726
Validation loss: 2.43974
New best model saved at epoch 62 with loss 2.43974
Epoch 63/100
Training loss: 1.03717
Validation loss: 1.94160
New best model saved at epoch 63 with loss 1.94160
Epoch 64/100
Training loss: 0.95006
Validation loss: 3.28139
Epoch 65/100
Training loss: 1.16343
Validation loss: 3.43990
Epoch 66/100
Training loss: 0.90674
Validation loss: 4.37640
Epoch 67/100
Training loss: 1.05056
Validation loss: 5.60669
Epoch 68/100
Training loss: 0.96661
Validation loss: 3.38488
Epoch 69/100
Training loss: 1.07978
Validation loss: 4.15816
Epoch 70/100
Training loss: 1.08700
Validation loss: 5.02895
Epoch 71/100
Training loss: 1.03712
Validation loss: 2.97020
Epoch 72/100
Training loss: 1.41784
Validation loss: 3.52048
Epoch 73/100
Training loss: 1.09618
Validation loss: 3.63973
Epoch 74/100
Training loss: 1.13314
Validation loss: 3.67462
Epoch 75/100
Training loss: 0.84863
Validation loss: 4.59214
Epoch 76/100
Training loss: 0.99933
Validation loss: 4.27266
Epoch 77/100
Training loss: 1.08448
Validation loss: 5.13897
Epoch 78/100
Training loss: 0.93647
Validation loss: 3.36840
Epoch 79/100
Training loss: 0.91688
Validation loss: 4.72522
Epoch 80/100
Training loss: 1.21315
Validation loss: 2.80758
Epoch 81/100
Training loss: 1.35230
Validation loss: 3.97394
Epoch 82/100
Training loss: 1.02406
Validation loss: 3.89596
Epoch 83/100
Training loss: 0.94501
Validation loss: 3.33605
Epoch 84/100
Training loss: 1.18249
Validation loss: 3.28567
Epoch 85/100
Training loss: 1.02938
Validation loss: 4.22580
Epoch 86/100
Training loss: 0.96923
Validation loss: 3.02043
Epoch 87/100
Training loss: 0.99386
Validation loss: 2.98531
Epoch 88/100
Training loss: 1.13971
Validation loss: 3.52204
Epoch 89/100
Training loss: 0.81816
Validation loss: 3.93700
Epoch 90/100
Training loss: 0.94233
Validation loss: 3.43475
Epoch 91/100
Training loss: 0.87505
Validation loss: 5.29558
Epoch 92/100
Training loss: 0.88274
Validation loss: 4.60248
Epoch 93/100
Training loss: 1.14016
Validation loss: 3.25118
Epoch 94/100
Training loss: 0.98877
Validation loss: 3.24551
Epoch 95/100
Training loss: 1.03116
Validation loss: 6.07294
Epoch 96/100
Training loss: 0.99111
Validation loss: 5.00645
Epoch 97/100
Training loss: 0.89625
Validation loss: 4.14004
Epoch 98/100
Training loss: 1.14714
Validation loss: 3.49987
Epoch 99/100
Training loss: 0.95984
Validation loss: 3.57531
Epoch 100/100
Training loss: 0.93884
Validation loss: 3.83548
Best model for fold 4 saved from epoch 63 with f1 1.94160
Final training loss: 0.93884
Final test loss: 3.83548
Fold 5
Model loaded successfully from ./pretrained_model/64_to_256_3layers.ckpt
device : cuda
Model not found at ./model/./model/./model/decoder_output_wba_start_wba_input_line_plot_piece_size_1_fix_False_16frames_piece_size_5_fix_False_16frames_piece_size_10_fix_False_16frames/fold_5/fly_model.ckpt
Epoch 1/100
Training loss: 33.12882
Validation loss: 15.94772
New best model saved at epoch 1 with loss 15.94772
First epoch took 9.46 seconds.
Estimated total program duration: 1.31 hours
Estimated program end time (KST): 2024/11/04 00:09:02
Epoch 2/100
Training loss: 3.37191
Validation loss: 9.48389
New best model saved at epoch 2 with loss 9.48389
Epoch 3/100
Training loss: 2.36452
Validation loss: 7.29480
New best model saved at epoch 3 with loss 7.29480
Epoch 4/100
Training loss: 1.93661
Validation loss: 7.52062
Epoch 5/100
Training loss: 2.15418
Validation loss: 8.04684
Epoch 6/100
Training loss: 1.80491
Validation loss: 8.57946
Epoch 7/100
Training loss: 1.62333
Validation loss: 5.67705
New best model saved at epoch 7 with loss 5.67705
Epoch 8/100
Training loss: 1.71102
Validation loss: 5.20485
New best model saved at epoch 8 with loss 5.20485
Epoch 9/100
Training loss: 1.48855
Validation loss: 6.05810
Epoch 10/100
Training loss: 1.55095
Validation loss: 6.34121
Epoch 11/100
Training loss: 1.39720
Validation loss: 6.14752
Epoch 12/100
Training loss: 1.64367
Validation loss: 7.20634
Epoch 13/100
Training loss: 1.42260
Validation loss: 5.65817
Epoch 14/100
Training loss: 1.47997
Validation loss: 10.16165
Epoch 15/100
Training loss: 1.47151
Validation loss: 9.99946
Epoch 16/100
Training loss: 1.23250
Validation loss: 6.92596
Epoch 17/100
Training loss: 1.62671
Validation loss: 7.05951
Epoch 18/100
Training loss: 1.52419
Validation loss: 7.27752
Epoch 19/100
Training loss: 1.34971
Validation loss: 5.21302
Epoch 20/100
Training loss: 1.26326
Validation loss: 5.94003
Epoch 21/100
Training loss: 1.32474
Validation loss: 7.22499
Epoch 22/100
Training loss: 1.18965
Validation loss: 6.19937
Epoch 23/100
Training loss: 1.14568
Validation loss: 7.19856
Epoch 24/100
Training loss: 1.11534
Validation loss: 8.62958
Epoch 25/100
Training loss: 1.30172
Validation loss: 6.45885
Epoch 26/100
Training loss: 1.37577
Validation loss: 4.65002
New best model saved at epoch 26 with loss 4.65002
Epoch 27/100
Training loss: 0.96143
Validation loss: 7.39171
Epoch 28/100
Training loss: 1.10701
Validation loss: 5.99355
Epoch 29/100
Training loss: 1.34546
Validation loss: 7.26926
Epoch 30/100
Training loss: 1.45537
Validation loss: 5.24106
Epoch 31/100
Training loss: 1.22896
Validation loss: 4.83521
Epoch 32/100
Training loss: 1.49066
Validation loss: 6.10984
Epoch 33/100
Training loss: 1.01575
Validation loss: 5.82698
Epoch 34/100
Training loss: 1.17695
Validation loss: 7.67278
Epoch 35/100
Training loss: 1.12879
Validation loss: 5.83936
Epoch 36/100
Training loss: 1.13272
Validation loss: 7.13997
Epoch 37/100
Training loss: 1.06935
Validation loss: 4.51847
New best model saved at epoch 37 with loss 4.51847
Epoch 38/100
Training loss: 0.94817
Validation loss: 6.98153
Epoch 39/100
Training loss: 0.91828
Validation loss: 6.45037
Epoch 40/100
Training loss: 0.98908
Validation loss: 6.27778
Epoch 41/100
Training loss: 1.11617
Validation loss: 5.55694
Epoch 42/100
Training loss: 1.19949
Validation loss: 6.07390
Epoch 43/100
Training loss: 0.95154
Validation loss: 8.81710
Epoch 44/100
Training loss: 0.89450
Validation loss: 6.12355
Epoch 45/100
Training loss: 1.25991
Validation loss: 4.73394
Epoch 46/100
Training loss: 1.11810
Validation loss: 7.17344
Epoch 47/100
Training loss: 1.26754
Validation loss: 4.74215
Epoch 48/100
Training loss: 1.06269
Validation loss: 5.09908
Epoch 49/100
Training loss: 1.03088
Validation loss: 4.14118
New best model saved at epoch 49 with loss 4.14118
Epoch 50/100
Training loss: 1.32067
Validation loss: 5.40615
Epoch 51/100
Training loss: 0.98443
Validation loss: 4.73779
Epoch 52/100
Training loss: 1.03836
Validation loss: 6.25953
Epoch 53/100
Training loss: 0.99423
Validation loss: 6.24860
Epoch 54/100
Training loss: 0.99959
Validation loss: 5.51450
Epoch 55/100
Training loss: 1.02936
Validation loss: 6.65342
Epoch 56/100
Training loss: 1.05150
Validation loss: 5.07727
Epoch 57/100
Training loss: 1.01055
Validation loss: 4.26100
Epoch 58/100
Training loss: 1.02163
Validation loss: 8.61335
Epoch 59/100
Training loss: 1.10493
Validation loss: 4.57926
Epoch 60/100
Training loss: 1.13773
Validation loss: 5.32595
Epoch 61/100
Training loss: 1.17457
Validation loss: 6.19470
Epoch 62/100
Training loss: 1.17993
Validation loss: 4.48124
Epoch 63/100
Training loss: 1.27170
Validation loss: 4.64784
Epoch 64/100
Training loss: 0.93590
Validation loss: 5.27290
Epoch 65/100
Training loss: 1.12240
Validation loss: 5.51777
Epoch 66/100
Training loss: 1.07068
Validation loss: 4.83486
Epoch 67/100
Training loss: 1.27107
Validation loss: 5.03093
Epoch 68/100
Training loss: 1.21358
Validation loss: 4.58299
Epoch 69/100
Training loss: 1.02869
Validation loss: 4.88379
Epoch 70/100
Training loss: 0.99234
Validation loss: 5.92695
Epoch 71/100
Training loss: 0.98293
Validation loss: 6.12072
Epoch 72/100
Training loss: 0.90225
Validation loss: 3.78803
New best model saved at epoch 72 with loss 3.78803
Epoch 73/100
Training loss: 0.92356
Validation loss: 6.60453
Epoch 74/100
Training loss: 0.92078
Validation loss: 6.00974
Epoch 75/100
Training loss: 0.84212
Validation loss: 7.88355
Epoch 76/100
Training loss: 0.92990
Validation loss: 5.53748
Epoch 77/100
Training loss: 1.03776
Validation loss: 5.38370
Epoch 78/100
Training loss: 1.07287
Validation loss: 7.93996
Epoch 79/100
Training loss: 1.08236
Validation loss: 3.75783
New best model saved at epoch 79 with loss 3.75783
Epoch 80/100
Training loss: 0.96770
Validation loss: 5.09793
Epoch 81/100
Training loss: 0.91227
Validation loss: 4.73654
Epoch 82/100
Training loss: 0.97340
Validation loss: 5.54148
Epoch 83/100
Training loss: 0.90271
Validation loss: 4.97683
Epoch 84/100
Training loss: 0.88135
Validation loss: 5.44604
Epoch 85/100
Training loss: 0.88560
Validation loss: 5.18522
Epoch 86/100
Training loss: 0.83377
Validation loss: 5.62186
Epoch 87/100
Training loss: 0.89983
Validation loss: 5.56500
Epoch 88/100
Training loss: 0.93380
Validation loss: 7.17034
Epoch 89/100
Training loss: 1.28646
Validation loss: 4.59868
Epoch 90/100
Training loss: 0.96531
Validation loss: 7.21013
Epoch 91/100
Training loss: 0.84081
Validation loss: 6.99042
Epoch 92/100
Training loss: 0.78924
Validation loss: 4.90680
Epoch 93/100
Training loss: 0.90177
Validation loss: 4.54304
Epoch 94/100
Training loss: 1.07653
Validation loss: 4.53990
Epoch 95/100
Training loss: 0.81332
Validation loss: 8.51693
Epoch 96/100
Training loss: 1.04622
Validation loss: 6.79666
Epoch 97/100
Training loss: 1.01490
Validation loss: 7.23867
Epoch 98/100
Training loss: 1.00913
Validation loss: 4.21436
Epoch 99/100
Training loss: 1.15019
Validation loss: 6.91782
Epoch 100/100
Training loss: 0.97105
Validation loss: 4.89608
Best model for fold 5 saved from epoch 79 with f1 3.75783
Final training loss: 0.97105
Final test loss: 4.89608
All fold val losses: [1.5665667057037354, 1.660975307226181, 4.505266904830933, 1.9415971636772156, 3.757825493812561]
Average val loss: 2.68645
./naturalistic/01_Bird.avi                                   Loaded : (5, 3596, 64, 128, 1)
./naturalistic/02_City.avi                                   Loaded : (5, 3596, 64, 128, 1)
./naturalistic/03_Forest.avi                                 Loaded : (5, 3596, 64, 128, 1)
Video is allocated on memory!
Shape : (3, 3596, 64, 128, 5)
augmented shape : (24, 3596, 64, 128, 5)
augmented shape : (24, 3600)
Fold 1
Model loaded successfully from ./pretrained_model/64_to_256_3layers.ckpt
device : cuda
Model not found at ./model/./model/./model/./model/decoder_output_wba_start_wba_input_line_plot_piece_size_1_fix_False_16frames_piece_size_5_fix_False_16frames_piece_size_10_fix_False_16frames_piece_size_20_fix_False_16frames/fold_1/fly_model.ckpt
Epoch 1/100
Training loss: 26.52259
Validation loss: 8.22265
New best model saved at epoch 1 with loss 8.22265
First epoch took 9.48 seconds.
Estimated total program duration: 1.32 hours
Estimated program end time (KST): 2024/11/04 00:24:07
Epoch 2/100
Training loss: 3.32282
Validation loss: 7.50101
New best model saved at epoch 2 with loss 7.50101
Epoch 3/100
Training loss: 2.42299
Validation loss: 6.87086
New best model saved at epoch 3 with loss 6.87086
Epoch 4/100
Training loss: 1.77292
Validation loss: 6.09114
New best model saved at epoch 4 with loss 6.09114
Epoch 5/100
Training loss: 1.69686
Validation loss: 5.85184
New best model saved at epoch 5 with loss 5.85184
Epoch 6/100
Training loss: 1.61503
Validation loss: 6.69367
Epoch 7/100
Training loss: 1.38492
Validation loss: 6.67347
Epoch 8/100
Training loss: 1.23583
Validation loss: 6.61201
Epoch 9/100
Training loss: 1.20872
Validation loss: 6.57762
Epoch 10/100
Training loss: 1.48410
Validation loss: 6.49293
Epoch 11/100
Training loss: 1.36338
Validation loss: 5.17874
New best model saved at epoch 11 with loss 5.17874
Epoch 12/100
Training loss: 1.33846
Validation loss: 5.87845
Epoch 13/100
Training loss: 1.27248
Validation loss: 4.32810
New best model saved at epoch 13 with loss 4.32810
Epoch 14/100
Training loss: 1.28032
Validation loss: 9.08879
Epoch 15/100
Training loss: 1.20015
Validation loss: 6.48747
Epoch 16/100
Training loss: 1.16587
Validation loss: 7.18609
Epoch 17/100
Training loss: 1.07104
Validation loss: 6.19126
Epoch 18/100
Training loss: 1.15377
Validation loss: 6.72414
Epoch 19/100
Training loss: 1.22131
Validation loss: 6.79033
Epoch 20/100
Training loss: 1.11512
Validation loss: 8.11296
Epoch 21/100
Training loss: 1.26395
Validation loss: 6.22587
Epoch 22/100
Training loss: 1.26180
Validation loss: 7.25721
Epoch 23/100
Training loss: 1.25187
Validation loss: 5.05272
Epoch 24/100
Training loss: 1.02937
Validation loss: 6.11226
Epoch 25/100
Training loss: 0.91787
Validation loss: 8.65381
Epoch 26/100
Training loss: 1.01830
Validation loss: 8.73334
Epoch 27/100
Training loss: 1.23731
Validation loss: 5.33833
Epoch 28/100
Training loss: 0.98211
Validation loss: 6.83337
Epoch 29/100
Training loss: 0.84004
Validation loss: 8.90411
Epoch 30/100
Training loss: 1.02609
Validation loss: 6.33349
Epoch 31/100
Training loss: 1.12955
Validation loss: 7.44781
Epoch 32/100
Training loss: 1.23086
Validation loss: 6.63557
Epoch 33/100
Training loss: 0.98740
Validation loss: 5.35815
Epoch 34/100
Training loss: 0.97256
Validation loss: 6.61696
Epoch 35/100
Training loss: 1.19517
Validation loss: 7.79910
Epoch 36/100
Training loss: 1.15956
Validation loss: 6.99717
Epoch 37/100
Training loss: 1.08922
Validation loss: 7.22945
Epoch 38/100
Training loss: 1.10813
Validation loss: 8.86918
Epoch 39/100
Training loss: 1.00504
Validation loss: 6.29130
Epoch 40/100
Training loss: 0.99764
Validation loss: 5.78675
Epoch 41/100
Training loss: 0.88351
Validation loss: 6.76692
Epoch 42/100
Training loss: 0.85024
Validation loss: 6.68563
Epoch 43/100
Training loss: 0.78340
Validation loss: 8.76538
Epoch 44/100
Training loss: 0.96695
Validation loss: 6.93706
Epoch 45/100
Training loss: 0.82276
Validation loss: 6.36355
Epoch 46/100
Training loss: 1.03676
Validation loss: 8.38166
Epoch 47/100
Training loss: 1.01555
Validation loss: 7.02403
Epoch 48/100
Training loss: 0.97598
Validation loss: 7.55712
Epoch 49/100
Training loss: 0.80367
Validation loss: 6.24250
Epoch 50/100
Training loss: 1.10261
Validation loss: 5.79030
Epoch 51/100
Training loss: 1.14214
Validation loss: 8.00307
Epoch 52/100
Training loss: 1.27525
Validation loss: 9.02143
Epoch 53/100
Training loss: 0.97291
Validation loss: 6.40482
Epoch 54/100
Training loss: 0.87663
Validation loss: 7.42136
Epoch 55/100
Training loss: 0.90071
Validation loss: 6.61376
Epoch 56/100
Training loss: 0.85627
Validation loss: 7.10080
Epoch 57/100
Training loss: 1.17878
Validation loss: 6.05990
Epoch 58/100
Training loss: 0.91070
Validation loss: 6.54831
Epoch 59/100
Training loss: 0.67206
Validation loss: 6.42927
Epoch 60/100
Training loss: 0.92750
Validation loss: 10.24831
Epoch 61/100
Training loss: 0.75046
Validation loss: 6.02063
Epoch 62/100
Training loss: 0.70194
Validation loss: 7.01260
Epoch 63/100
Training loss: 0.73608
Validation loss: 7.02948
Epoch 64/100
Training loss: 0.97595
Validation loss: 7.64325
Epoch 65/100
Training loss: 0.69013
Validation loss: 7.50766
Epoch 66/100
Training loss: 0.78954
Validation loss: 7.30020
Epoch 67/100
Training loss: 0.95442
Validation loss: 8.35580
Epoch 68/100
Training loss: 0.93170
Validation loss: 6.18043
Epoch 69/100
Training loss: 0.83761
Validation loss: 6.55170
Epoch 70/100
Training loss: 0.90700
Validation loss: 6.48558
Epoch 71/100
Training loss: 0.96388
Validation loss: 8.71424
Epoch 72/100
Training loss: 0.97068
Validation loss: 6.62069
Epoch 73/100
Training loss: 0.98243
Validation loss: 8.47453
Epoch 74/100
Training loss: 0.90331
Validation loss: 9.32385
Epoch 75/100
Training loss: 1.00916
Validation loss: 8.17172
Epoch 76/100
Training loss: 0.66891
Validation loss: 7.57881
Epoch 77/100
Training loss: 0.69934
Validation loss: 7.71323
Epoch 78/100
Training loss: 0.70989
Validation loss: 7.46111
Epoch 79/100
Training loss: 0.77863
Validation loss: 8.07651
Epoch 80/100
Training loss: 1.05031
Validation loss: 7.10179
Epoch 81/100
Training loss: 0.87830
Validation loss: 6.30699
Epoch 82/100
Training loss: 0.83010
Validation loss: 8.85257
Epoch 83/100
Training loss: 0.86814
Validation loss: 7.86884
Epoch 84/100
Training loss: 0.81445
Validation loss: 7.70895
Epoch 85/100
Training loss: 1.08745
Validation loss: 8.71030
Epoch 86/100
Training loss: 0.84056
Validation loss: 8.75996
Epoch 87/100
Training loss: 0.86890
Validation loss: 9.77708
Epoch 88/100
Training loss: 0.83240
Validation loss: 7.76209
Epoch 89/100
Training loss: 0.69480
Validation loss: 8.15732
Epoch 90/100
Training loss: 0.73554
Validation loss: 8.41422
Epoch 91/100
Training loss: 0.93661
Validation loss: 7.79308
Epoch 92/100
Training loss: 0.89691
Validation loss: 7.77713
Epoch 93/100
Training loss: 0.86648
Validation loss: 9.05534
Epoch 94/100
Training loss: 0.76041
Validation loss: 7.90701
Epoch 95/100
Training loss: 0.91027
Validation loss: 11.76212
Epoch 96/100
Training loss: 0.64403
Validation loss: 8.36673
Epoch 97/100
Training loss: 0.83588
Validation loss: 9.65033
Epoch 98/100
Training loss: 0.61733
Validation loss: 10.61404
Epoch 99/100
Training loss: 0.88577
Validation loss: 7.00264
Epoch 100/100
Training loss: 0.80301
Validation loss: 7.85222
Best model for fold 1 saved from epoch 13 with f1 4.32810
Final training loss: 0.80301
Final test loss: 7.85222
Fold 2
Model loaded successfully from ./pretrained_model/64_to_256_3layers.ckpt
device : cuda
Model not found at ./model/./model/./model/./model/decoder_output_wba_start_wba_input_line_plot_piece_size_1_fix_False_16frames_piece_size_5_fix_False_16frames_piece_size_10_fix_False_16frames_piece_size_20_fix_False_16frames/fold_2/fly_model.ckpt
Epoch 1/100
Training loss: 29.65035
Validation loss: 15.32938
New best model saved at epoch 1 with loss 15.32938
First epoch took 9.47 seconds.
Estimated total program duration: 1.32 hours
Estimated program end time (KST): 2024/11/04 00:38:37
Epoch 2/100
Training loss: 3.57997
Validation loss: 11.55766
New best model saved at epoch 2 with loss 11.55766
Epoch 3/100
Training loss: 2.17050
Validation loss: 16.98207
Epoch 4/100
Training loss: 2.29625
Validation loss: 8.77731
New best model saved at epoch 4 with loss 8.77731
Epoch 5/100
Training loss: 1.91095
Validation loss: 5.27605
New best model saved at epoch 5 with loss 5.27605
Epoch 6/100
Training loss: 1.77904
Validation loss: 5.75784
Epoch 7/100
Training loss: 1.48626
Validation loss: 5.73919
Epoch 8/100
Training loss: 1.38324
Validation loss: 6.59612
Epoch 9/100
Training loss: 1.25485
Validation loss: 13.09014
Epoch 10/100
Training loss: 1.69192
Validation loss: 6.24426
Epoch 11/100
Training loss: 1.20004
Validation loss: 11.20885
Epoch 12/100
Training loss: 1.76760
Validation loss: 3.94926
New best model saved at epoch 12 with loss 3.94926
Epoch 13/100
Training loss: 1.22275
Validation loss: 5.31204
Epoch 14/100
Training loss: 1.12080
Validation loss: 6.77206
Epoch 15/100
Training loss: 1.21956
Validation loss: 4.38351
Epoch 16/100
Training loss: 1.19527
Validation loss: 5.80055
Epoch 17/100
Training loss: 1.12556
Validation loss: 5.83310
Epoch 18/100
Training loss: 1.11579
Validation loss: 5.62047
Epoch 19/100
Training loss: 1.28707
Validation loss: 3.96884
Epoch 20/100
Training loss: 1.04415
Validation loss: 3.39577
New best model saved at epoch 20 with loss 3.39577
Epoch 21/100
Training loss: 0.91601
Validation loss: 4.57906
Epoch 22/100
Training loss: 1.12249
Validation loss: 3.98313
Epoch 23/100
Training loss: 1.24846
Validation loss: 3.59072
Epoch 24/100
Training loss: 1.09687
Validation loss: 4.96142
Epoch 25/100
Training loss: 0.96896
Validation loss: 5.70550
Epoch 26/100
Training loss: 1.08362
Validation loss: 5.33354
Epoch 27/100
Training loss: 0.98956
Validation loss: 3.74224
Epoch 28/100
Training loss: 0.97886
Validation loss: 12.46437
Epoch 29/100
Training loss: 1.42587
Validation loss: 6.55605
Epoch 30/100
Training loss: 0.99329
Validation loss: 4.32915
Epoch 31/100
Training loss: 1.25175
Validation loss: 7.74798
Epoch 32/100
Training loss: 1.03587
Validation loss: 5.64366
Epoch 33/100
Training loss: 0.98240
Validation loss: 4.78767
Epoch 34/100
Training loss: 1.16662
Validation loss: 3.95922
Epoch 35/100
Training loss: 1.13773
Validation loss: 5.14685
Epoch 36/100
Training loss: 1.23015
Validation loss: 6.44548
Epoch 37/100
Training loss: 1.08649
Validation loss: 4.57930
Epoch 38/100
Training loss: 0.96226
Validation loss: 4.40764
Epoch 39/100
Training loss: 0.91909
Validation loss: 5.75204
Epoch 40/100
Training loss: 1.07831
Validation loss: 5.46502
Epoch 41/100
Training loss: 1.08769
Validation loss: 8.67936
Epoch 42/100
Training loss: 0.87274
Validation loss: 8.00587
Epoch 43/100
Training loss: 1.05148
Validation loss: 5.66977
Epoch 44/100
Training loss: 0.95530
Validation loss: 5.08580
Epoch 45/100
Training loss: 0.82059
Validation loss: 4.53175
Epoch 46/100
Training loss: 0.80157
Validation loss: 4.68127
Epoch 47/100
Training loss: 0.78583
Validation loss: 8.74918
Epoch 48/100
Training loss: 0.93877
Validation loss: 8.73997
Epoch 49/100
Training loss: 0.84289
Validation loss: 6.93550
Epoch 50/100
Training loss: 1.00891
Validation loss: 6.56685
Epoch 51/100
Training loss: 0.94551
Validation loss: 6.92550
Epoch 52/100
Training loss: 0.91489
Validation loss: 6.43439
Epoch 53/100
Training loss: 0.77243
Validation loss: 8.36670
Epoch 54/100
Training loss: 0.90008
Validation loss: 10.31649
Epoch 55/100
Training loss: 1.02931
Validation loss: 5.63434
Epoch 56/100
Training loss: 0.78629
Validation loss: 4.71747
Epoch 57/100
Training loss: 0.93926
Validation loss: 7.48787
Epoch 58/100
Training loss: 1.15486
Validation loss: 13.46954
Epoch 59/100
Training loss: 0.98159
Validation loss: 7.29314
Epoch 60/100
Training loss: 0.78661
Validation loss: 6.11682
Epoch 61/100
Training loss: 0.82992
Validation loss: 5.60875
Epoch 62/100
Training loss: 0.78613
Validation loss: 8.58173
Epoch 63/100
Training loss: 0.80847
Validation loss: 5.98730
Epoch 64/100
Training loss: 0.86118
Validation loss: 7.80794
Epoch 65/100
Training loss: 1.24008
Validation loss: 15.32201
Epoch 66/100
Training loss: 0.88401
Validation loss: 7.30905
Epoch 67/100
Training loss: 1.03044
Validation loss: 6.61165
Epoch 68/100
Training loss: 0.84532
Validation loss: 7.52065
Epoch 69/100
Training loss: 0.71578
Validation loss: 5.14001
Epoch 70/100
Training loss: 0.88285
Validation loss: 6.10605
Epoch 71/100
Training loss: 0.69632
Validation loss: 6.75506
Epoch 72/100
Training loss: 0.88726
Validation loss: 5.35149
Epoch 73/100
Training loss: 0.76905
Validation loss: 6.26031
Epoch 74/100
Training loss: 0.73291
Validation loss: 14.26719
Epoch 75/100
Training loss: 0.84019
Validation loss: 5.44595
Epoch 76/100
Training loss: 0.86982
Validation loss: 7.62822
Epoch 77/100
Training loss: 0.87091
Validation loss: 9.65063
Epoch 78/100
Training loss: 0.89322
Validation loss: 8.10778
Epoch 79/100
Training loss: 0.92740
Validation loss: 5.94553
Epoch 80/100
Training loss: 0.91125
Validation loss: 8.10986
Epoch 81/100
Training loss: 0.73943
Validation loss: 10.84086
Epoch 82/100
Training loss: 0.91051
Validation loss: 5.93098
Epoch 83/100
Training loss: 0.70338
Validation loss: 11.21032
Epoch 84/100
Training loss: 0.95992
Validation loss: 7.60440
Epoch 85/100
Training loss: 0.82522
Validation loss: 8.10793
Epoch 86/100
Training loss: 0.82422
Validation loss: 7.77281
Epoch 87/100
Training loss: 0.90595
Validation loss: 10.60619
Epoch 88/100
Training loss: 0.85579
Validation loss: 7.79214
Epoch 89/100
Training loss: 0.73633
Validation loss: 8.73177
Epoch 90/100
Training loss: 0.68564
Validation loss: 7.18027
Epoch 91/100
Training loss: 0.85985
Validation loss: 9.08942
Epoch 92/100
Training loss: 0.84267
Validation loss: 7.53273
Epoch 93/100
Training loss: 0.80014
Validation loss: 9.50412
Epoch 94/100
Training loss: 0.70012
Validation loss: 12.10882
Epoch 95/100
Training loss: 1.02220
Validation loss: 5.96032
Epoch 96/100
Training loss: 0.95287
Validation loss: 12.90612
Epoch 97/100
Training loss: 0.89435
Validation loss: 16.22384
Epoch 98/100
Training loss: 0.67941
Validation loss: 5.76335
Epoch 99/100
Training loss: 0.83553
Validation loss: 17.22409
Epoch 100/100
Training loss: 0.89879
Validation loss: 6.59490
Best model for fold 2 saved from epoch 20 with f1 3.39577
Final training loss: 0.89879
Final test loss: 6.59490
Fold 3
Model loaded successfully from ./pretrained_model/64_to_256_3layers.ckpt
device : cuda
Model not found at ./model/./model/./model/./model/decoder_output_wba_start_wba_input_line_plot_piece_size_1_fix_False_16frames_piece_size_5_fix_False_16frames_piece_size_10_fix_False_16frames_piece_size_20_fix_False_16frames/fold_3/fly_model.ckpt
Epoch 1/100
Training loss: 27.29771
Validation loss: 25.29764
New best model saved at epoch 1 with loss 25.29764
First epoch took 9.46 seconds.
Estimated total program duration: 1.31 hours
Estimated program end time (KST): 2024/11/04 00:53:04
Epoch 2/100
Training loss: 2.74253
Validation loss: 8.75153
New best model saved at epoch 2 with loss 8.75153
Epoch 3/100
Training loss: 1.71197
Validation loss: 7.56347
New best model saved at epoch 3 with loss 7.56347
Epoch 4/100
Training loss: 1.45850
Validation loss: 10.47818
Epoch 5/100
Training loss: 1.35818
Validation loss: 9.55564
Epoch 6/100
Training loss: 1.60572
Validation loss: 9.91864
Epoch 7/100
Training loss: 1.36480
Validation loss: 9.37293
Epoch 8/100
Training loss: 1.29068
Validation loss: 7.65285
Epoch 9/100
Training loss: 1.24780
Validation loss: 8.63980
Epoch 10/100
Training loss: 1.15540
Validation loss: 8.07284
Epoch 11/100
Training loss: 1.18553
Validation loss: 8.60598
Epoch 12/100
Training loss: 1.15934
Validation loss: 9.00985
Epoch 13/100
Training loss: 1.31511
Validation loss: 7.07592
New best model saved at epoch 13 with loss 7.07592
Epoch 14/100
Training loss: 1.32635
Validation loss: 7.96975
Epoch 15/100
Training loss: 1.16909
Validation loss: 5.11603
New best model saved at epoch 15 with loss 5.11603
Epoch 16/100
Training loss: 1.08482
Validation loss: 8.52013
Epoch 17/100
Training loss: 1.24318
Validation loss: 7.71439
Epoch 18/100
Training loss: 1.17853
Validation loss: 7.45769
Epoch 19/100
Training loss: 1.14059
Validation loss: 9.56828
Epoch 20/100
Training loss: 1.26480
Validation loss: 4.42477
New best model saved at epoch 20 with loss 4.42477
Epoch 21/100
Training loss: 0.89708
Validation loss: 7.08362
Epoch 22/100
Training loss: 0.90151
Validation loss: 7.85061
Epoch 23/100
Training loss: 0.93575
Validation loss: 5.59234
Epoch 24/100
Training loss: 0.95665
Validation loss: 7.60110
Epoch 25/100
Training loss: 0.91200
Validation loss: 5.68983
Epoch 26/100
Training loss: 0.85789
Validation loss: 7.06838
Epoch 27/100
Training loss: 0.89658
Validation loss: 6.33266
Epoch 28/100
Training loss: 1.09782
Validation loss: 10.04586
Epoch 29/100
Training loss: 0.80406
Validation loss: 7.08797
Epoch 30/100
Training loss: 1.28392
Validation loss: 14.10327
Epoch 31/100
Training loss: 1.36502
Validation loss: 6.66812
Epoch 32/100
Training loss: 1.07261
Validation loss: 5.79962
Epoch 33/100
Training loss: 1.08379
Validation loss: 4.38203
New best model saved at epoch 33 with loss 4.38203
Epoch 34/100
Training loss: 0.85566
Validation loss: 7.12332
Epoch 35/100
Training loss: 1.04875
Validation loss: 8.14665
Epoch 36/100
Training loss: 0.92453
Validation loss: 5.92592
Epoch 37/100
Training loss: 0.83720
Validation loss: 5.83543
Epoch 38/100
Training loss: 0.93446
Validation loss: 7.90077
Epoch 39/100
Training loss: 0.92661
Validation loss: 6.71023
Epoch 40/100
Training loss: 0.95637
Validation loss: 5.94210
Epoch 41/100
Training loss: 0.81931
Validation loss: 9.71245
Epoch 42/100
Training loss: 0.83199
Validation loss: 5.76264
Epoch 43/100
Training loss: 0.97072
Validation loss: 6.14959
Epoch 44/100
Training loss: 0.96027
Validation loss: 7.23557
Epoch 45/100
Training loss: 1.02259
Validation loss: 3.44358
New best model saved at epoch 45 with loss 3.44358
Epoch 46/100
Training loss: 0.95507
Validation loss: 6.59392
Epoch 47/100
Training loss: 1.14967
Validation loss: 10.13075
Epoch 48/100
Training loss: 0.82691
Validation loss: 5.90013
Epoch 49/100
Training loss: 0.97424
Validation loss: 6.41270
Epoch 50/100
Training loss: 0.76891
Validation loss: 5.51421
Epoch 51/100
Training loss: 0.71792
Validation loss: 4.55243
Epoch 52/100
Training loss: 0.73409
Validation loss: 5.64767
Epoch 53/100
Training loss: 0.92625
Validation loss: 6.03730
Epoch 54/100
Training loss: 0.78540
Validation loss: 9.26192
Epoch 55/100
Training loss: 0.87117
Validation loss: 4.67831
Epoch 56/100
Training loss: 0.93737
Validation loss: 6.79419
Epoch 57/100
Training loss: 0.80244
Validation loss: 7.22118
Epoch 58/100
Training loss: 0.67286
Validation loss: 8.13924
Epoch 59/100
Training loss: 0.77296
Validation loss: 7.20700
Epoch 60/100
Training loss: 0.85192
Validation loss: 4.87648
Epoch 61/100
Training loss: 0.93758
Validation loss: 5.85209
Epoch 62/100
Training loss: 0.80302
Validation loss: 5.11763
Epoch 63/100
Training loss: 0.74297
Validation loss: 5.33557
Epoch 64/100
Training loss: 0.68541
Validation loss: 5.91471
Epoch 65/100
Training loss: 0.82675
Validation loss: 3.46705
Epoch 66/100
Training loss: 1.12996
Validation loss: 5.04703
Epoch 67/100
Training loss: 1.20560
Validation loss: 4.42113
Epoch 68/100
Training loss: 0.89039
Validation loss: 4.41140
Epoch 69/100
Training loss: 1.03656
Validation loss: 5.09568
Epoch 70/100
Training loss: 0.80689
Validation loss: 5.46318
Epoch 71/100
Training loss: 0.81883
Validation loss: 7.25388
Epoch 72/100
Training loss: 0.87401
Validation loss: 5.74406
Epoch 73/100
Training loss: 0.85265
Validation loss: 6.72817
Epoch 74/100
Training loss: 0.70750
Validation loss: 6.96977
Epoch 75/100
Training loss: 0.89274
Validation loss: 6.59751
Epoch 76/100
Training loss: 0.74053
Validation loss: 6.70423
Epoch 77/100
Training loss: 0.77955
Validation loss: 7.49291
Epoch 78/100
Training loss: 0.86301
Validation loss: 7.25350
Epoch 79/100
Training loss: 0.86396
Validation loss: 8.13616
Epoch 80/100
Training loss: 0.90242
Validation loss: 14.93229
Epoch 81/100
Training loss: 1.03654
Validation loss: 7.48552
Epoch 82/100
Training loss: 0.76260
Validation loss: 5.40989
Epoch 83/100
Training loss: 0.75672
Validation loss: 8.18132
Epoch 84/100
Training loss: 0.77015
Validation loss: 8.28475
Epoch 85/100
Training loss: 0.78624
Validation loss: 6.43244
Epoch 86/100
Training loss: 0.88511
Validation loss: 5.43927
Epoch 87/100
Training loss: 1.06248
Validation loss: 4.00949
Epoch 88/100
Training loss: 0.74286
Validation loss: 6.47790
Epoch 89/100
Training loss: 0.91042
Validation loss: 4.93522
Epoch 90/100
Training loss: 0.67832
Validation loss: 6.84098
Epoch 91/100
Training loss: 0.89105
Validation loss: 10.12385
Epoch 92/100
Training loss: 0.96856
Validation loss: 6.88419
Epoch 93/100
Training loss: 0.70476
Validation loss: 5.31617
Epoch 94/100
Training loss: 0.88422
Validation loss: 6.26680
Epoch 95/100
Training loss: 0.56859
Validation loss: 7.24585
Epoch 96/100
Training loss: 0.80477
Validation loss: 8.35557
Epoch 97/100
Training loss: 0.67914
Validation loss: 8.38967
Epoch 98/100
Training loss: 0.74857
Validation loss: 4.29501
Epoch 99/100
Training loss: 0.71589
Validation loss: 3.97725
Epoch 100/100
Training loss: 0.64943
Validation loss: 5.83251
Best model for fold 3 saved from epoch 45 with f1 3.44358
Final training loss: 0.64943
Final test loss: 5.83251
Fold 4
Model loaded successfully from ./pretrained_model/64_to_256_3layers.ckpt
device : cuda
Model not found at ./model/./model/./model/./model/decoder_output_wba_start_wba_input_line_plot_piece_size_1_fix_False_16frames_piece_size_5_fix_False_16frames_piece_size_10_fix_False_16frames_piece_size_20_fix_False_16frames/fold_4/fly_model.ckpt
Epoch 1/100
Training loss: 35.56152
Validation loss: 6.86580
New best model saved at epoch 1 with loss 6.86580
First epoch took 9.55 seconds.
Estimated total program duration: 1.33 hours
Estimated program end time (KST): 2024/11/04 01:08:25
Epoch 2/100
Training loss: 4.69547
Validation loss: 4.76179
New best model saved at epoch 2 with loss 4.76179
Epoch 3/100
Training loss: 3.37729
Validation loss: 3.07759
New best model saved at epoch 3 with loss 3.07759
Epoch 4/100
Training loss: 2.48332
Validation loss: 2.64964
New best model saved at epoch 4 with loss 2.64964
Epoch 5/100
Training loss: 2.01337
Validation loss: 3.88670
Epoch 6/100
Training loss: 1.95715
Validation loss: 3.70522
Epoch 7/100
Training loss: 1.78410
Validation loss: 4.34948
Epoch 8/100
Training loss: 1.41685
Validation loss: 6.19589
Epoch 9/100
Training loss: 1.85009
Validation loss: 2.68539
Epoch 10/100
Training loss: 1.57331
Validation loss: 3.19351
Epoch 11/100
Training loss: 1.44650
Validation loss: 5.34435
Epoch 12/100
Training loss: 1.42992
Validation loss: 4.05884
Epoch 13/100
Training loss: 1.33329
Validation loss: 4.48062
Epoch 14/100
Training loss: 1.41305
Validation loss: 4.55325
Epoch 15/100
Training loss: 1.32677
Validation loss: 4.88599
Epoch 16/100
Training loss: 1.53687
Validation loss: 5.51909
Epoch 17/100
Training loss: 1.34297
Validation loss: 2.71279
Epoch 18/100
Training loss: 1.39034
Validation loss: 5.03759
Epoch 19/100
Training loss: 1.16053
Validation loss: 2.94625
Epoch 20/100
Training loss: 1.30130
Validation loss: 3.50256
Epoch 21/100
Training loss: 1.42055
Validation loss: 3.07694
Epoch 22/100
Training loss: 1.37843
Validation loss: 2.34194
New best model saved at epoch 22 with loss 2.34194
Epoch 23/100
Training loss: 1.69547
Validation loss: 4.78729
Epoch 24/100
Training loss: 1.35980
Validation loss: 2.81553
Epoch 25/100
Training loss: 1.45169
Validation loss: 3.22526
Epoch 26/100
Training loss: 1.19906
Validation loss: 2.41755
Epoch 27/100
Training loss: 0.98864
Validation loss: 2.86129
Epoch 28/100
Training loss: 1.28190
Validation loss: 3.07957
Epoch 29/100
Training loss: 1.35843
Validation loss: 2.51160
Epoch 30/100
Training loss: 1.37779
Validation loss: 2.79272
Epoch 31/100
Training loss: 1.27768
Validation loss: 1.70332
New best model saved at epoch 31 with loss 1.70332
Epoch 32/100
Training loss: 1.37421
Validation loss: 3.31163
Epoch 33/100
Training loss: 1.15395
Validation loss: 2.25565
Epoch 34/100
Training loss: 1.42951
Validation loss: 3.39083
Epoch 35/100
Training loss: 1.66611
Validation loss: 4.17808
Epoch 36/100
Training loss: 1.26504
Validation loss: 7.16536
Epoch 37/100
Training loss: 1.48789
Validation loss: 4.56362
Epoch 38/100
Training loss: 1.53371
Validation loss: 2.69718
Epoch 39/100
Training loss: 1.08548
Validation loss: 4.07604
Epoch 40/100
Training loss: 1.13487
Validation loss: 2.77434
Epoch 41/100
Training loss: 1.10573
Validation loss: 3.81333
Epoch 42/100
Training loss: 1.02525
Validation loss: 4.51296
Epoch 43/100
Training loss: 1.14777
Validation loss: 2.81545
Epoch 44/100
Training loss: 1.18718
Validation loss: 3.99595
Epoch 45/100
Training loss: 1.16209
Validation loss: 2.91338
Epoch 46/100
Training loss: 1.25482
Validation loss: 3.58414
Epoch 47/100
Training loss: 1.15131
Validation loss: 2.95936
Epoch 48/100
Training loss: 1.14975
Validation loss: 3.04846
Epoch 49/100
Training loss: 1.01160
Validation loss: 3.04142
Epoch 50/100
Training loss: 1.00004
Validation loss: 3.77080
Epoch 51/100
Training loss: 1.10435
Validation loss: 2.74624
Epoch 52/100
Training loss: 0.96842
Validation loss: 2.87241
Epoch 53/100
Training loss: 0.90243
Validation loss: 3.51189
Epoch 54/100
Training loss: 1.12383
Validation loss: 5.34928
Epoch 55/100
Training loss: 0.97489
Validation loss: 2.92052
Epoch 56/100
Training loss: 1.08560
Validation loss: 4.70466
Epoch 57/100
Training loss: 1.17575
Validation loss: 3.79831
Epoch 58/100
Training loss: 1.15195
Validation loss: 3.31532
Epoch 59/100
Training loss: 1.03387
Validation loss: 4.72701
Epoch 60/100
Training loss: 1.28257
Validation loss: 3.21121
Epoch 61/100
Training loss: 1.08844
Validation loss: 3.98418
Epoch 62/100
Training loss: 1.07606
Validation loss: 3.58260
Epoch 63/100
Training loss: 1.08048
Validation loss: 3.61939
Epoch 64/100
Training loss: 1.02960
Validation loss: 3.58506
Epoch 65/100
Training loss: 0.94792
Validation loss: 2.96318
Epoch 66/100
Training loss: 1.15055
Validation loss: 4.17463
Epoch 67/100
Training loss: 1.05896
Validation loss: 3.98775
Epoch 68/100
Training loss: 1.05044
Validation loss: 3.45909
Epoch 69/100
Training loss: 1.05764
Validation loss: 5.22935
Epoch 70/100
Training loss: 1.08240
Validation loss: 4.25528
Epoch 71/100
Training loss: 1.03522
Validation loss: 5.08442
Epoch 72/100
Training loss: 0.90440
Validation loss: 3.80706
Epoch 73/100
Training loss: 1.07638
Validation loss: 3.70494
Epoch 74/100
Training loss: 0.99467
Validation loss: 2.99475
Epoch 75/100
Training loss: 1.10335
Validation loss: 5.85701
Epoch 76/100
Training loss: 1.01670
Validation loss: 2.44356
Epoch 77/100
Training loss: 0.84559
Validation loss: 3.48628
Epoch 78/100
Training loss: 1.01271
Validation loss: 4.43853
Epoch 79/100
Training loss: 0.96061
Validation loss: 6.86247
Epoch 80/100
Training loss: 1.02289
Validation loss: 4.54957
Epoch 81/100
Training loss: 1.35981
Validation loss: 5.01869
Epoch 82/100
Training loss: 1.00871
Validation loss: 3.21766
Epoch 83/100
Training loss: 1.01002
Validation loss: 5.25677
Epoch 84/100
Training loss: 0.97816
Validation loss: 4.19138
Epoch 85/100
Training loss: 1.34526
Validation loss: 4.19742
Epoch 86/100
Training loss: 1.04963
Validation loss: 3.61703
Epoch 87/100
Training loss: 1.06966
Validation loss: 4.79652
Epoch 88/100
Training loss: 0.85132
Validation loss: 5.16877
Epoch 89/100
Training loss: 0.91394
Validation loss: 4.50515
Epoch 90/100
Training loss: 0.86389
Validation loss: 6.21002
Epoch 91/100
Training loss: 0.88192
Validation loss: 4.81794
Epoch 92/100
Training loss: 1.15758
Validation loss: 4.23879
Epoch 93/100
Training loss: 1.05671
Validation loss: 4.62296
Epoch 94/100
Training loss: 1.11052
Validation loss: 3.23072
Epoch 95/100
Training loss: 0.93305
Validation loss: 4.36566
Epoch 96/100
Training loss: 0.89115
Validation loss: 6.08227
Epoch 97/100
Training loss: 0.86547
Validation loss: 4.96673
Epoch 98/100
Training loss: 0.79609
Validation loss: 4.95860
Epoch 99/100
Training loss: 0.78999
Validation loss: 6.16712
Epoch 100/100
Training loss: 0.76126
Validation loss: 4.53143
Best model for fold 4 saved from epoch 31 with f1 1.70332
Final training loss: 0.76126
Final test loss: 4.53143
Fold 5
Model loaded successfully from ./pretrained_model/64_to_256_3layers.ckpt
device : cuda
Model not found at ./model/./model/./model/./model/decoder_output_wba_start_wba_input_line_plot_piece_size_1_fix_False_16frames_piece_size_5_fix_False_16frames_piece_size_10_fix_False_16frames_piece_size_20_fix_False_16frames/fold_5/fly_model.ckpt
Epoch 1/100
Training loss: 32.36464
Validation loss: 4.91560
New best model saved at epoch 1 with loss 4.91560
First epoch took 9.46 seconds.
Estimated total program duration: 1.31 hours
Estimated program end time (KST): 2024/11/04 01:22:12
Epoch 2/100
Training loss: 3.49227
Validation loss: 4.62115
New best model saved at epoch 2 with loss 4.62115
Epoch 3/100
Training loss: 2.92582
Validation loss: 2.67717
New best model saved at epoch 3 with loss 2.67717
Epoch 4/100
Training loss: 1.89131
Validation loss: 3.79676
Epoch 5/100
Training loss: 1.76958
Validation loss: 2.99629
Epoch 6/100
Training loss: 1.53551
Validation loss: 3.72866
Epoch 7/100
Training loss: 1.63179
Validation loss: 3.58798
Epoch 8/100
Training loss: 1.56356
Validation loss: 3.80690
Epoch 9/100
Training loss: 1.45450
Validation loss: 2.67563
New best model saved at epoch 9 with loss 2.67563
Epoch 10/100
Training loss: 1.54720
Validation loss: 2.27940
New best model saved at epoch 10 with loss 2.27940
Epoch 11/100
Training loss: 1.57462
Validation loss: 3.17105
Epoch 12/100
Training loss: 1.56687
Validation loss: 2.22949
New best model saved at epoch 12 with loss 2.22949
Epoch 13/100
Training loss: 1.41389
Validation loss: 3.21329
Epoch 14/100
Training loss: 1.17825
Validation loss: 3.52265
Epoch 15/100
Training loss: 1.10684
Validation loss: 2.72583
Epoch 16/100
Training loss: 1.31546
Validation loss: 2.09016
New best model saved at epoch 16 with loss 2.09016
Epoch 17/100
Training loss: 1.11701
Validation loss: 2.46961
Epoch 18/100
Training loss: 1.25216
Validation loss: 3.49261
Epoch 19/100
Training loss: 1.49868
Validation loss: 3.43855
Epoch 20/100
Training loss: 1.52862
Validation loss: 3.64623
Epoch 21/100
Training loss: 1.18594
Validation loss: 3.82602
Epoch 22/100
Training loss: 1.11475
Validation loss: 2.45232
Epoch 23/100
Training loss: 1.26785
Validation loss: 2.35169
Epoch 24/100
Training loss: 1.57319
Validation loss: 2.11745
Epoch 25/100
Training loss: 1.24165
Validation loss: 2.36030
Epoch 26/100
Training loss: 1.17024
Validation loss: 3.72080
Epoch 27/100
Training loss: 1.32761
Validation loss: 5.45416
Epoch 28/100
Training loss: 1.21322
Validation loss: 4.26036
Epoch 29/100
Training loss: 1.38365
Validation loss: 2.56991
Epoch 30/100
Training loss: 1.19595
Validation loss: 3.12377
Epoch 31/100
Training loss: 1.41179
Validation loss: 2.76993
Epoch 32/100
Training loss: 1.19785
Validation loss: 3.53836
Epoch 33/100
Training loss: 1.12681
Validation loss: 3.17392
Epoch 34/100
Training loss: 1.07422
Validation loss: 3.49242
Epoch 35/100
Training loss: 1.08349
Validation loss: 3.11082
Epoch 36/100
Training loss: 1.22904
Validation loss: 3.18648
Epoch 37/100
Training loss: 1.17149
Validation loss: 2.43448
Epoch 38/100
Training loss: 1.13492
Validation loss: 2.80894
Epoch 39/100
Training loss: 1.35946
Validation loss: 3.93782
Epoch 40/100
Training loss: 1.20994
Validation loss: 2.85173
Epoch 41/100
Training loss: 1.24186
Validation loss: 2.98323
Epoch 42/100
Training loss: 1.00633
Validation loss: 2.88818
Epoch 43/100
Training loss: 0.91056
Validation loss: 2.16309
Epoch 44/100
Training loss: 1.13014
Validation loss: 2.34274
Epoch 45/100
Training loss: 1.12370
Validation loss: 2.99951
Epoch 46/100
Training loss: 1.08557
Validation loss: 2.01270
New best model saved at epoch 46 with loss 2.01270
Epoch 47/100
Training loss: 1.28425
Validation loss: 3.08762
Epoch 48/100
Training loss: 1.09348
Validation loss: 2.63871
Epoch 49/100
Training loss: 0.90950
Validation loss: 2.39441
Epoch 50/100
Training loss: 0.97700
Validation loss: 3.10511
Epoch 51/100
Training loss: 0.93490
Validation loss: 2.67833
Epoch 52/100
Training loss: 1.03234
Validation loss: 2.00309
New best model saved at epoch 52 with loss 2.00309
Epoch 53/100
Training loss: 0.91614
Validation loss: 2.42471
Epoch 54/100
Training loss: 1.04799
Validation loss: 4.57865
Epoch 55/100
Training loss: 1.08839
Validation loss: 4.46493
Epoch 56/100
Training loss: 0.84263
Validation loss: 2.61370
Epoch 57/100
Training loss: 1.09486
Validation loss: 2.73940
Epoch 58/100
Training loss: 1.21258
Validation loss: 1.95605
New best model saved at epoch 58 with loss 1.95605
Epoch 59/100
Training loss: 1.10123
Validation loss: 2.66867
Epoch 60/100
Training loss: 0.98069
Validation loss: 2.67419
Epoch 61/100
Training loss: 0.97867
Validation loss: 2.84148
Epoch 62/100
Training loss: 1.15483
Validation loss: 2.68922
Epoch 63/100
Training loss: 1.46742
Validation loss: 2.16070
Epoch 64/100
Training loss: 1.08531
Validation loss: 2.86021
Epoch 65/100
Training loss: 0.87255
Validation loss: 3.01117
Epoch 66/100
Training loss: 0.93826
Validation loss: 2.58143
Epoch 67/100
Training loss: 1.03628
Validation loss: 2.80157
Epoch 68/100
Training loss: 0.98568
Validation loss: 3.21599
Epoch 69/100
Training loss: 0.87956
Validation loss: 4.77047
Epoch 70/100
Training loss: 1.11307
Validation loss: 2.62634
Epoch 71/100
Training loss: 1.02323
Validation loss: 3.07284
Epoch 72/100
Training loss: 1.21669
Validation loss: 2.74986
Epoch 73/100
Training loss: 0.96669
Validation loss: 2.39874
Epoch 74/100
Training loss: 1.00297
Validation loss: 3.82568
Epoch 75/100
Training loss: 1.05686
Validation loss: 3.12952
Epoch 76/100
Training loss: 1.01231
Validation loss: 3.01450
Epoch 77/100
Training loss: 0.83066
Validation loss: 3.14757
Epoch 78/100
Training loss: 0.82531
Validation loss: 3.74582
Epoch 79/100
Training loss: 1.08783
Validation loss: 2.64391
Epoch 80/100
Training loss: 1.12655
Validation loss: 2.76701
Epoch 81/100
Training loss: 0.88470
Validation loss: 3.35602
Epoch 82/100
Training loss: 0.96980
Validation loss: 4.30532
Epoch 83/100
Training loss: 0.94024
Validation loss: 3.31133
Epoch 84/100
Training loss: 1.02624
Validation loss: 4.61250
Epoch 85/100
Training loss: 1.26855
Validation loss: 3.30974
Epoch 86/100
Training loss: 0.93425
Validation loss: 2.95783
Epoch 87/100
Training loss: 0.88934
Validation loss: 4.89338
Epoch 88/100
Training loss: 0.95626
Validation loss: 2.67728
Epoch 89/100
Training loss: 1.15296
Validation loss: 3.67251
Epoch 90/100
Training loss: 0.72314
Validation loss: 2.95984
Epoch 91/100
Training loss: 0.82010
Validation loss: 2.95822
Epoch 92/100
Training loss: 0.87473
Validation loss: 4.03826
Epoch 93/100
Training loss: 0.94245
Validation loss: 3.75395
Epoch 94/100
Training loss: 0.99238
Validation loss: 4.95376
Epoch 95/100
Training loss: 1.01373
Validation loss: 1.93395
New best model saved at epoch 95 with loss 1.93395
Epoch 96/100
Training loss: 0.90584
Validation loss: 2.48424
Epoch 97/100
Training loss: 0.92259
Validation loss: 4.88410
Epoch 98/100
Training loss: 1.00961
Validation loss: 3.49597
Epoch 99/100
Training loss: 0.83688
Validation loss: 2.69370
Epoch 100/100
Training loss: 0.98649
Validation loss: 4.40438
Best model for fold 5 saved from epoch 95 with f1 1.93395
Final training loss: 0.98649
Final test loss: 4.40438
All fold val losses: [4.328097224235535, 3.395773768424988, 3.4435797929763794, 1.7033224701881409, 1.9339525699615479]
Average val loss: 2.96095
./naturalistic/01_Bird.avi                                   Loaded : (5, 3596, 64, 128, 1)
./naturalistic/02_City.avi                                   Loaded : (5, 3596, 64, 128, 1)
./naturalistic/03_Forest.avi                                 Loaded : (5, 3596, 64, 128, 1)
Video is allocated on memory!
Shape : (3, 3596, 64, 128, 5)
augmented shape : (24, 3596, 64, 128, 5)
augmented shape : (24, 3600)
Fold 1
Model loaded successfully from ./pretrained_model/64_to_256_3layers.ckpt
device : cuda
Model not found at ./model/./model/./model/./model/./model/decoder_output_wba_start_wba_input_line_plot_piece_size_1_fix_False_16frames_piece_size_5_fix_False_16frames_piece_size_10_fix_False_16frames_piece_size_20_fix_False_16frames_piece_size_30_fix_False_16frames/fold_1/fly_model.ckpt
Epoch 1/100
Training loss: 30.23833
Validation loss: 15.27049
New best model saved at epoch 1 with loss 15.27049
First epoch took 9.88 seconds.
Estimated total program duration: 1.37 hours
Estimated program end time (KST): 2024/11/04 01:40:45
Epoch 2/100
Training loss: 3.86791
Validation loss: 10.09406
New best model saved at epoch 2 with loss 10.09406
Epoch 3/100
Training loss: 2.57670
Validation loss: 6.76886
New best model saved at epoch 3 with loss 6.76886
Epoch 4/100
Training loss: 2.05549
Validation loss: 11.76158
Epoch 5/100
Training loss: 1.85842
Validation loss: 7.88032
Epoch 6/100
Training loss: 1.61080
Validation loss: 9.30758
Epoch 7/100
Training loss: 1.61648
Validation loss: 14.24383
Epoch 8/100
Training loss: 1.30690
Validation loss: 7.33652
Epoch 9/100
Training loss: 1.63375
Validation loss: 10.08456
Epoch 10/100
Training loss: 1.42231
Validation loss: 6.95231
Epoch 11/100
Training loss: 1.37541
Validation loss: 9.53880
Epoch 12/100
Training loss: 1.27689
Validation loss: 7.82907
Epoch 13/100
Training loss: 1.34080
Validation loss: 6.35739
New best model saved at epoch 13 with loss 6.35739
Epoch 14/100
Training loss: 1.12735
Validation loss: 5.59792
New best model saved at epoch 14 with loss 5.59792
Epoch 15/100
Training loss: 1.04837
Validation loss: 5.34775
New best model saved at epoch 15 with loss 5.34775
Epoch 16/100
Training loss: 1.47106
Validation loss: 6.91824
Epoch 17/100
Training loss: 1.37437
Validation loss: 9.30518
Epoch 18/100
Training loss: 1.04507
Validation loss: 5.05126
New best model saved at epoch 18 with loss 5.05126
Epoch 19/100
Training loss: 1.01932
Validation loss: 7.33807
Epoch 20/100
Training loss: 1.08998
Validation loss: 7.98985
Epoch 21/100
Training loss: 1.15925
Validation loss: 6.96798
Epoch 22/100
Training loss: 1.12972
Validation loss: 7.93452
Epoch 23/100
Training loss: 0.97352
Validation loss: 5.52856
Epoch 24/100
Training loss: 1.17423
Validation loss: 6.41154
Epoch 25/100
Training loss: 1.02997
Validation loss: 7.01606
Epoch 26/100
Training loss: 1.16949
Validation loss: 6.24305
Epoch 27/100
Training loss: 1.05105
Validation loss: 6.42701
Epoch 28/100
Training loss: 1.52437
Validation loss: 7.65329
Epoch 29/100
Training loss: 1.10456
Validation loss: 5.09013
Epoch 30/100
Training loss: 0.94797
Validation loss: 8.38121
Epoch 31/100
Training loss: 1.18449
Validation loss: 6.08738
Epoch 32/100
Training loss: 1.14159
Validation loss: 8.17978
Epoch 33/100
Training loss: 1.12393
Validation loss: 5.54833
Epoch 34/100
Training loss: 0.95594
Validation loss: 7.63999
Epoch 35/100
Training loss: 0.95832
Validation loss: 5.08904
Epoch 36/100
Training loss: 0.87274
Validation loss: 6.59147
Epoch 37/100
Training loss: 0.95779
Validation loss: 7.31272
Epoch 38/100
Training loss: 0.88325
Validation loss: 6.88667
Epoch 39/100
Training loss: 0.98452
Validation loss: 7.33439
Epoch 40/100
Training loss: 0.94270
Validation loss: 8.62409
Epoch 41/100
Training loss: 0.86448
Validation loss: 6.90020
Epoch 42/100
Training loss: 1.02993
Validation loss: 8.67652
Epoch 43/100
Training loss: 0.88440
Validation loss: 6.49778
Epoch 44/100
Training loss: 0.97080
Validation loss: 7.38239
Epoch 45/100
Training loss: 1.49715
Validation loss: 8.99640
Epoch 46/100
Training loss: 1.09350
Validation loss: 6.74281
Epoch 47/100
Training loss: 0.89650
Validation loss: 8.83313
Epoch 48/100
Training loss: 1.08271
Validation loss: 8.12772
Epoch 49/100
Training loss: 0.88990
Validation loss: 4.22526
New best model saved at epoch 49 with loss 4.22526
Epoch 50/100
Training loss: 1.28173
Validation loss: 6.26383
Epoch 51/100
Training loss: 0.84680
Validation loss: 6.66823
Epoch 52/100
Training loss: 0.93215
Validation loss: 5.91713
Epoch 53/100
Training loss: 1.02539
Validation loss: 9.61916
Epoch 54/100
Training loss: 0.88591
Validation loss: 6.42715
Epoch 55/100
Training loss: 0.86686
Validation loss: 6.23986
Epoch 56/100
Training loss: 1.12544
Validation loss: 5.60760
Epoch 57/100
Training loss: 1.10644
Validation loss: 5.72263
Epoch 58/100
Training loss: 1.02116
Validation loss: 6.54888
Epoch 59/100
Training loss: 0.98129
Validation loss: 5.94788
Epoch 60/100
Training loss: 0.91311
Validation loss: 5.20283
Epoch 61/100
Training loss: 0.91497
Validation loss: 5.88680
Epoch 62/100
Training loss: 1.12575
Validation loss: 4.83267
Epoch 63/100
Training loss: 0.89307
Validation loss: 8.26284
Epoch 64/100
Training loss: 0.86933
Validation loss: 5.62418
Epoch 65/100
Training loss: 0.87731
Validation loss: 6.08650
Epoch 66/100
Training loss: 0.80315
Validation loss: 7.66603
Epoch 67/100
Training loss: 0.79570
Validation loss: 4.40159
Epoch 68/100
Training loss: 0.80700
Validation loss: 6.92283
Epoch 69/100
Training loss: 1.02050
Validation loss: 5.15617
Epoch 70/100
Training loss: 0.83252
Validation loss: 5.40860
Epoch 71/100
Training loss: 0.94116
Validation loss: 5.78861
Epoch 72/100
Training loss: 0.78191
Validation loss: 6.00021
Epoch 73/100
Training loss: 0.92244
Validation loss: 5.58918
Epoch 74/100
Training loss: 0.84806
Validation loss: 6.03656
Epoch 75/100
Training loss: 0.84110
Validation loss: 4.97550
Epoch 76/100
Training loss: 0.79681
Validation loss: 6.64098
Epoch 77/100
Training loss: 0.85668
Validation loss: 6.21020
Epoch 78/100
Training loss: 0.82869
Validation loss: 6.99202
Epoch 79/100
Training loss: 0.80791
Validation loss: 6.96979
Epoch 80/100
Training loss: 0.80063
Validation loss: 4.58816
Epoch 81/100
Training loss: 0.91394
Validation loss: 6.86485
Epoch 82/100
Training loss: 1.00944
Validation loss: 8.81079
Epoch 83/100
Training loss: 0.71535
Validation loss: 6.18226
Epoch 84/100
Training loss: 0.72322
Validation loss: 4.84841
Epoch 85/100
Training loss: 0.82652
Validation loss: 6.35658
Epoch 86/100
Training loss: 1.05877
Validation loss: 6.83513
Epoch 87/100
Training loss: 1.04193
Validation loss: 5.03103
Epoch 88/100
Training loss: 0.97373
Validation loss: 5.55863
Epoch 89/100
Training loss: 0.93129
Validation loss: 4.21020
New best model saved at epoch 89 with loss 4.21020
Epoch 90/100
Training loss: 0.80411
Validation loss: 5.34026
Epoch 91/100
Training loss: 0.82288
Validation loss: 4.92472
Epoch 92/100
Training loss: 0.94792
Validation loss: 6.29520
Epoch 93/100
Training loss: 0.99380
Validation loss: 6.15964
Epoch 94/100
Training loss: 1.14686
Validation loss: 7.45639
Epoch 95/100
Training loss: 1.03377
Validation loss: 5.46272
Epoch 96/100
Training loss: 0.98218
Validation loss: 5.62323
Epoch 97/100
Training loss: 0.84589
Validation loss: 7.16200
Epoch 98/100
Training loss: 0.70027
Validation loss: 4.92836
Epoch 99/100
Training loss: 0.84026
Validation loss: 5.40514
Epoch 100/100
Training loss: 0.79521
Validation loss: 4.57310
Best model for fold 1 saved from epoch 89 with f1 4.21020
Final training loss: 0.79521
Final test loss: 4.57310
Fold 2
Model loaded successfully from ./pretrained_model/64_to_256_3layers.ckpt
device : cuda
Model not found at ./model/./model/./model/./model/./model/decoder_output_wba_start_wba_input_line_plot_piece_size_1_fix_False_16frames_piece_size_5_fix_False_16frames_piece_size_10_fix_False_16frames_piece_size_20_fix_False_16frames_piece_size_30_fix_False_16frames/fold_2/fly_model.ckpt
Epoch 1/100
Training loss: 31.55840
Validation loss: 25.20403
New best model saved at epoch 1 with loss 25.20403
First epoch took 9.87 seconds.
Estimated total program duration: 1.37 hours
Estimated program end time (KST): 2024/11/04 01:55:58
Epoch 2/100
Training loss: 3.62006
Validation loss: 6.94080
New best model saved at epoch 2 with loss 6.94080
Epoch 3/100
Training loss: 1.85175
Validation loss: 5.50660
New best model saved at epoch 3 with loss 5.50660
Epoch 4/100
Training loss: 1.67688
Validation loss: 7.53951
Epoch 5/100
Training loss: 1.58790
Validation loss: 7.33514
Epoch 6/100
Training loss: 1.42538
Validation loss: 5.18218
New best model saved at epoch 6 with loss 5.18218
Epoch 7/100
Training loss: 1.28305
Validation loss: 7.94929
Epoch 8/100
Training loss: 1.27968
Validation loss: 7.38621
Epoch 9/100
Training loss: 1.49335
Validation loss: 6.02716
Epoch 10/100
Training loss: 1.21755
Validation loss: 8.23021
Epoch 11/100
Training loss: 1.27803
Validation loss: 4.74839
New best model saved at epoch 11 with loss 4.74839
Epoch 12/100
Training loss: 1.32053
Validation loss: 5.74327
Epoch 13/100
Training loss: 1.18665
Validation loss: 8.39271
Epoch 14/100
Training loss: 1.59050
Validation loss: 5.85325
Epoch 15/100
Training loss: 1.37151
Validation loss: 5.07449
Epoch 16/100
Training loss: 1.20699
Validation loss: 4.77040
Epoch 17/100
Training loss: 1.02420
Validation loss: 6.00227
Epoch 18/100
Training loss: 1.22083
Validation loss: 5.19618
Epoch 19/100
Training loss: 1.00809
Validation loss: 4.48490
New best model saved at epoch 19 with loss 4.48490
Epoch 20/100
Training loss: 1.10346
Validation loss: 4.35308
New best model saved at epoch 20 with loss 4.35308
Epoch 21/100
Training loss: 1.30472
Validation loss: 4.48572
Epoch 22/100
Training loss: 1.01241
Validation loss: 4.57739
Epoch 23/100
Training loss: 1.02693
Validation loss: 4.54941
Epoch 24/100
Training loss: 1.18109
Validation loss: 9.51109
Epoch 25/100
Training loss: 1.30521
Validation loss: 4.09070
New best model saved at epoch 25 with loss 4.09070
Epoch 26/100
Training loss: 1.29329
Validation loss: 5.00966
Epoch 27/100
Training loss: 1.25870
Validation loss: 3.46546
New best model saved at epoch 27 with loss 3.46546
Epoch 28/100
Training loss: 1.11198
Validation loss: 2.84029
New best model saved at epoch 28 with loss 2.84029
Epoch 29/100
Training loss: 0.86770
Validation loss: 3.78353
Epoch 30/100
Training loss: 1.19207
Validation loss: 3.43614
Epoch 31/100
Training loss: 1.07426
Validation loss: 4.08470
Epoch 32/100
Training loss: 1.11860
Validation loss: 3.15536
Epoch 33/100
Training loss: 0.97927
Validation loss: 3.42907
Epoch 34/100
Training loss: 1.13682
Validation loss: 4.47241
Epoch 35/100
Training loss: 1.06844
Validation loss: 4.63847
Epoch 36/100
Training loss: 1.00358
Validation loss: 6.03105
Epoch 37/100
Training loss: 0.94522
Validation loss: 5.37206
Epoch 38/100
Training loss: 1.04402
Validation loss: 3.93400
Epoch 39/100
Training loss: 1.01781
Validation loss: 3.62669
Epoch 40/100
Training loss: 1.05696
Validation loss: 3.58031
Epoch 41/100
Training loss: 1.34421
Validation loss: 3.45888
Epoch 42/100
Training loss: 1.06222
Validation loss: 4.65435
Epoch 43/100
Training loss: 1.04575
Validation loss: 6.91107
Epoch 44/100
Training loss: 0.95986
Validation loss: 4.62165
Epoch 45/100
Training loss: 0.79447
Validation loss: 5.46824
Epoch 46/100
Training loss: 1.16691
Validation loss: 4.02941
Epoch 47/100
Training loss: 0.78772
Validation loss: 4.22316
Epoch 48/100
Training loss: 0.96154
Validation loss: 4.44204
Epoch 49/100
Training loss: 1.09729
Validation loss: 4.27027
Epoch 50/100
Training loss: 1.31098
Validation loss: 3.53174
Epoch 51/100
Training loss: 0.98648
Validation loss: 3.52939
Epoch 52/100
Training loss: 0.84317
Validation loss: 3.71536
Epoch 53/100
Training loss: 0.85077
Validation loss: 4.81935
Epoch 54/100
Training loss: 0.97093
Validation loss: 5.11320
Epoch 55/100
Training loss: 0.95539
Validation loss: 3.99854
Epoch 56/100
Training loss: 1.00650
Validation loss: 4.65981
Epoch 57/100
Training loss: 0.85265
Validation loss: 4.27501
Epoch 58/100
Training loss: 0.96842
Validation loss: 2.89470
Epoch 59/100
Training loss: 1.10531
Validation loss: 5.31583
Epoch 60/100
Training loss: 1.10939
Validation loss: 6.14774
Epoch 61/100
Training loss: 0.98407
Validation loss: 4.32400
Epoch 62/100
Training loss: 0.98455
Validation loss: 2.50590
New best model saved at epoch 62 with loss 2.50590
Epoch 63/100
Training loss: 0.87173
Validation loss: 3.81433
Epoch 64/100
Training loss: 0.93408
Validation loss: 5.81658
Epoch 65/100
Training loss: 1.13009
Validation loss: 5.38463
Epoch 66/100
Training loss: 0.93993
Validation loss: 2.98987
Epoch 67/100
Training loss: 0.75507
Validation loss: 3.74939
Epoch 68/100
Training loss: 0.84445
Validation loss: 4.97337
Epoch 69/100
Training loss: 0.71672
Validation loss: 6.08175
Epoch 70/100
Training loss: 1.11830
Validation loss: 4.04544
Epoch 71/100
Training loss: 0.85222
Validation loss: 4.20016
Epoch 72/100
Training loss: 0.90185
Validation loss: 5.37295
Epoch 73/100
Training loss: 0.92419
Validation loss: 4.42512
Epoch 74/100
Training loss: 0.91515
Validation loss: 5.97566
Epoch 75/100
Training loss: 0.79575
Validation loss: 3.66368
Epoch 76/100
Training loss: 0.76394
Validation loss: 4.38051
Epoch 77/100
Training loss: 1.01533
Validation loss: 3.32471
Epoch 78/100
Training loss: 0.87602
Validation loss: 2.69578
Epoch 79/100
Training loss: 0.79117
Validation loss: 3.52159
Epoch 80/100
Training loss: 0.96594
Validation loss: 2.93425
Epoch 81/100
Training loss: 0.86234
Validation loss: 3.91054
Epoch 82/100
Training loss: 0.90242
Validation loss: 3.71714
Epoch 83/100
Training loss: 1.00892
Validation loss: 3.16909
Epoch 84/100
Training loss: 0.85750
Validation loss: 4.67944
Epoch 85/100
Training loss: 0.79739
Validation loss: 4.00901
Epoch 86/100
Training loss: 0.77037
Validation loss: 4.44078
Epoch 87/100
Training loss: 0.72207
Validation loss: 8.35583
Epoch 88/100
Training loss: 0.85921
Validation loss: 5.18159
Epoch 89/100
Training loss: 0.99542
Validation loss: 3.05913
Epoch 90/100
Training loss: 0.82385
Validation loss: 2.71547
Epoch 91/100
Training loss: 0.80005
Validation loss: 4.07542
Epoch 92/100
Training loss: 0.94445
Validation loss: 4.81101
Epoch 93/100
Training loss: 1.00029
Validation loss: 4.79011
Epoch 94/100
Training loss: 0.73363
Validation loss: 6.96272
Epoch 95/100
Training loss: 0.85656
Validation loss: 4.27226
Epoch 96/100
Training loss: 0.97365
Validation loss: 3.21646
Epoch 97/100
Training loss: 0.88498
Validation loss: 3.12005
Epoch 98/100
Training loss: 0.87408
Validation loss: 3.40727
Epoch 99/100
Training loss: 0.92351
Validation loss: 4.65806
Epoch 100/100
Training loss: 0.90246
Validation loss: 3.43064
Best model for fold 2 saved from epoch 62 with f1 2.50590
Final training loss: 0.90246
Final test loss: 3.43064
Fold 3
Model loaded successfully from ./pretrained_model/64_to_256_3layers.ckpt
device : cuda
Model not found at ./model/./model/./model/./model/./model/decoder_output_wba_start_wba_input_line_plot_piece_size_1_fix_False_16frames_piece_size_5_fix_False_16frames_piece_size_10_fix_False_16frames_piece_size_20_fix_False_16frames_piece_size_30_fix_False_16frames/fold_3/fly_model.ckpt
Epoch 1/100
Training loss: 28.37119
Validation loss: 13.92584
New best model saved at epoch 1 with loss 13.92584
First epoch took 9.91 seconds.
Estimated total program duration: 1.38 hours
Estimated program end time (KST): 2024/11/04 02:11:36
Epoch 2/100
Training loss: 3.61054
Validation loss: 17.10817
Epoch 3/100
Training loss: 2.39634
Validation loss: 19.78966
Epoch 4/100
Training loss: 1.87234
Validation loss: 24.06675
Epoch 5/100
Training loss: 1.68788
Validation loss: 27.04387
Epoch 6/100
Training loss: 1.42808
Validation loss: 9.81487
New best model saved at epoch 6 with loss 9.81487
Epoch 7/100
Training loss: 1.32905
Validation loss: 20.36042
Epoch 8/100
Training loss: 1.36647
Validation loss: 10.83018
Epoch 9/100
Training loss: 1.20341
Validation loss: 13.36772
Epoch 10/100
Training loss: 1.32695
Validation loss: 13.59579
Epoch 11/100
Training loss: 1.24866
Validation loss: 11.40944
Epoch 12/100
Training loss: 1.26023
Validation loss: 14.37234
Epoch 13/100
Training loss: 1.16798
Validation loss: 19.90587
Epoch 14/100
Training loss: 1.13173
Validation loss: 6.20050
New best model saved at epoch 14 with loss 6.20050
Epoch 15/100
Training loss: 1.09503
Validation loss: 9.63359
Epoch 16/100
Training loss: 0.93527
Validation loss: 19.20769
Epoch 17/100
Training loss: 0.93504
Validation loss: 33.79148
Epoch 18/100
Training loss: 1.18895
Validation loss: 15.56832
Epoch 19/100
Training loss: 1.09737
Validation loss: 7.41156
Epoch 20/100
Training loss: 1.07905
Validation loss: 16.21104
Epoch 21/100
Training loss: 1.11036
Validation loss: 11.97978
Epoch 22/100
Training loss: 1.14081
Validation loss: 13.40877
Epoch 23/100
Training loss: 1.05905
Validation loss: 14.25305
Epoch 24/100
Training loss: 0.88905
Validation loss: 18.08714
Epoch 25/100
Training loss: 1.04653
Validation loss: 13.34115
Epoch 26/100
Training loss: 1.03907
Validation loss: 9.92372
Epoch 27/100
Training loss: 0.89738
Validation loss: 6.13988
New best model saved at epoch 27 with loss 6.13988
Epoch 28/100
Training loss: 0.99765
Validation loss: 10.46024
Epoch 29/100
Training loss: 0.81865
Validation loss: 16.09866
Epoch 30/100
Training loss: 0.95739
Validation loss: 11.67757
Epoch 31/100
Training loss: 0.86802
Validation loss: 9.41742
Epoch 32/100
Training loss: 0.83302
Validation loss: 11.51030
Epoch 33/100
Training loss: 0.85541
Validation loss: 11.59622
Epoch 34/100
Training loss: 1.06330
Validation loss: 16.37910
Epoch 35/100
Training loss: 0.93242
Validation loss: 10.47238
Epoch 36/100
Training loss: 0.85374
Validation loss: 14.38682
Epoch 37/100
Training loss: 0.86565
Validation loss: 15.70029
Epoch 38/100
Training loss: 0.85860
Validation loss: 15.73078
Epoch 39/100
Training loss: 1.01243
Validation loss: 14.59309
Epoch 40/100
Training loss: 0.95319
Validation loss: 9.84067
Epoch 41/100
Training loss: 0.73233
Validation loss: 12.38158
Epoch 42/100
Training loss: 0.86838
Validation loss: 23.04831
Epoch 43/100
Training loss: 0.87363
Validation loss: 17.14611
Epoch 44/100
Training loss: 1.00649
Validation loss: 31.63092
Epoch 45/100
Training loss: 0.84754
Validation loss: 13.09395
Epoch 46/100
Training loss: 0.71806
Validation loss: 14.03238
Epoch 47/100
Training loss: 0.71346
Validation loss: 20.43762
Epoch 48/100
Training loss: 0.89737
Validation loss: 16.93589
Epoch 49/100
Training loss: 0.91136
Validation loss: 13.60320
Epoch 50/100
Training loss: 0.99410
Validation loss: 13.89540
Epoch 51/100
Training loss: 1.12914
Validation loss: 20.83233
Epoch 52/100
Training loss: 0.84853
Validation loss: 10.76938
Epoch 53/100
Training loss: 0.69304
Validation loss: 19.75392
Epoch 54/100
Training loss: 0.71122
Validation loss: 19.75202
Epoch 55/100
Training loss: 0.87049
Validation loss: 20.81551
Epoch 56/100
Training loss: 0.76684
Validation loss: 23.11607
Epoch 57/100
Training loss: 0.96185
Validation loss: 17.17778
Epoch 58/100
Training loss: 0.73988
Validation loss: 15.90740
Epoch 59/100
Training loss: 0.72093
Validation loss: 25.05279
Epoch 60/100
Training loss: 0.74358
Validation loss: 14.77960
Epoch 61/100
Training loss: 0.86655
Validation loss: 10.41173
Epoch 62/100
Training loss: 0.83732
Validation loss: 16.52366
Epoch 63/100
Training loss: 0.77407
Validation loss: 21.07294
Epoch 64/100
Training loss: 0.99126
Validation loss: 18.38367
Epoch 65/100
Training loss: 0.76130
Validation loss: 10.27916
Epoch 66/100
Training loss: 0.70759
Validation loss: 22.23711
Epoch 67/100
Training loss: 0.71367
Validation loss: 14.42013
Epoch 68/100
Training loss: 1.00761
Validation loss: 22.23111
Epoch 69/100
Training loss: 0.71966
Validation loss: 15.28722
Epoch 70/100
Training loss: 0.72526
Validation loss: 20.32995
Epoch 71/100
Training loss: 0.70765
Validation loss: 31.26944
Epoch 72/100
Training loss: 0.74951
Validation loss: 17.94675
Epoch 73/100
Training loss: 0.74117
Validation loss: 17.65762
Epoch 74/100
Training loss: 0.67929
Validation loss: 17.92129
Epoch 75/100
Training loss: 0.78989
Validation loss: 21.47303
Epoch 76/100
Training loss: 0.82406
Validation loss: 17.10952
Epoch 77/100
Training loss: 0.76812
Validation loss: 19.21014
Epoch 78/100
Training loss: 0.65415
Validation loss: 21.03918
Epoch 79/100
Training loss: 0.78470
Validation loss: 19.57482
Epoch 80/100
Training loss: 0.73690
Validation loss: 23.57274
Epoch 81/100
Training loss: 0.75282
Validation loss: 33.27762
Epoch 82/100
Training loss: 0.79514
Validation loss: 21.24038
Epoch 83/100
Training loss: 0.79522
Validation loss: 11.62051
Epoch 84/100
Training loss: 0.75923
Validation loss: 9.80886
Epoch 85/100
Training loss: 0.66054
Validation loss: 34.56594
Epoch 86/100
Training loss: 0.91243
Validation loss: 17.04486
Epoch 87/100
Training loss: 0.91446
Validation loss: 16.23246
Epoch 88/100
Training loss: 0.72589
Validation loss: 16.68027
Epoch 89/100
Training loss: 0.67906
Validation loss: 14.20275
Epoch 90/100
Training loss: 0.68470
Validation loss: 24.12863
Epoch 91/100
Training loss: 0.74949
Validation loss: 17.36843
Epoch 92/100
Training loss: 0.65585
Validation loss: 21.40360
Epoch 93/100
Training loss: 0.80447
Validation loss: 25.96716
Epoch 94/100
Training loss: 0.76088
Validation loss: 10.92181
Epoch 95/100
Training loss: 0.89505
Validation loss: 30.74306
Epoch 96/100
Training loss: 0.91259
Validation loss: 16.73250
Epoch 97/100
Training loss: 0.76442
Validation loss: 20.81491
Epoch 98/100
Training loss: 0.65103
Validation loss: 11.46035
Epoch 99/100
Training loss: 0.69591
Validation loss: 22.62624
Epoch 100/100
Training loss: 0.65575
Validation loss: 27.62256
Best model for fold 3 saved from epoch 27 with f1 6.13988
Final training loss: 0.65575
Final test loss: 27.62256
Fold 4
Model loaded successfully from ./pretrained_model/64_to_256_3layers.ckpt
device : cuda
Model not found at ./model/./model/./model/./model/./model/decoder_output_wba_start_wba_input_line_plot_piece_size_1_fix_False_16frames_piece_size_5_fix_False_16frames_piece_size_10_fix_False_16frames_piece_size_20_fix_False_16frames_piece_size_30_fix_False_16frames/fold_4/fly_model.ckpt
Epoch 1/100
Training loss: 26.24632
Validation loss: 8.46609
New best model saved at epoch 1 with loss 8.46609
First epoch took 9.87 seconds.
Estimated total program duration: 1.37 hours
Estimated program end time (KST): 2024/11/04 02:26:30
Epoch 2/100
Training loss: 3.43070
Validation loss: 6.68155
New best model saved at epoch 2 with loss 6.68155
Epoch 3/100
Training loss: 2.19179
Validation loss: 6.55519
New best model saved at epoch 3 with loss 6.55519
Epoch 4/100
Training loss: 2.14935
Validation loss: 5.01355
New best model saved at epoch 4 with loss 5.01355
Epoch 5/100
Training loss: 1.71853
Validation loss: 6.12743
Epoch 6/100
Training loss: 1.64062
Validation loss: 5.03823
Epoch 7/100
Training loss: 1.47433
Validation loss: 6.10405
Epoch 8/100
Training loss: 1.21130
Validation loss: 5.91569
Epoch 9/100
Training loss: 1.25133
Validation loss: 9.27049
Epoch 10/100
Training loss: 1.42608
Validation loss: 7.41257
Epoch 11/100
Training loss: 1.24169
Validation loss: 5.50307
Epoch 12/100
Training loss: 1.31461
Validation loss: 7.66129
Epoch 13/100
Training loss: 1.24755
Validation loss: 5.74141
Epoch 14/100
Training loss: 1.20151
Validation loss: 5.22594
Epoch 15/100
Training loss: 1.54972
Validation loss: 5.75489
Epoch 16/100
Training loss: 1.10083
Validation loss: 5.37727
Epoch 17/100
Training loss: 1.18667
Validation loss: 6.45756
Epoch 18/100
Training loss: 1.34508
Validation loss: 4.08833
New best model saved at epoch 18 with loss 4.08833
Epoch 19/100
Training loss: 1.14363
Validation loss: 6.46667
Epoch 20/100
Training loss: 1.15923
Validation loss: 6.47106
Epoch 21/100
Training loss: 1.58653
Validation loss: 5.91965
Epoch 22/100
Training loss: 1.17890
Validation loss: 5.26996
Epoch 23/100
Training loss: 0.97490
Validation loss: 6.07073
Epoch 24/100
Training loss: 1.03418
Validation loss: 4.84152
Epoch 25/100
Training loss: 0.97021
Validation loss: 7.28228
Epoch 26/100
Training loss: 1.21746
Validation loss: 5.19654
Epoch 27/100
Training loss: 1.31152
Validation loss: 4.47243
Epoch 28/100
Training loss: 1.14307
Validation loss: 7.05843
Epoch 29/100
Training loss: 1.15042
Validation loss: 5.27140
Epoch 30/100
Training loss: 1.04828
Validation loss: 5.39470
Epoch 31/100
Training loss: 1.27592
Validation loss: 5.28332
Epoch 32/100
Training loss: 1.02480
Validation loss: 4.68293
Epoch 33/100
Training loss: 1.14237
Validation loss: 6.80833
Epoch 34/100
Training loss: 0.88622
Validation loss: 5.36524
Epoch 35/100
Training loss: 1.02075
Validation loss: 7.38206
Epoch 36/100
Training loss: 1.06039
Validation loss: 6.04187
Epoch 37/100
Training loss: 0.91900
Validation loss: 8.19308
Epoch 38/100
Training loss: 0.83408
Validation loss: 5.39953
Epoch 39/100
Training loss: 1.06371
Validation loss: 6.82291
Epoch 40/100
Training loss: 0.88586
Validation loss: 5.09175
Epoch 41/100
Training loss: 0.91030
Validation loss: 8.00511
Epoch 42/100
Training loss: 1.09797
Validation loss: 8.27727
Epoch 43/100
Training loss: 0.96141
Validation loss: 5.64956
Epoch 44/100
Training loss: 0.85670
Validation loss: 6.62982
Epoch 45/100
Training loss: 0.90968
Validation loss: 5.57039
Epoch 46/100
Training loss: 1.34007
Validation loss: 4.27158
Epoch 47/100
Training loss: 1.10032
Validation loss: 7.40550
Epoch 48/100
Training loss: 0.86688
Validation loss: 5.43083
Epoch 49/100
Training loss: 0.89141
Validation loss: 5.94345
Epoch 50/100
Training loss: 0.93438
Validation loss: 5.18668
Epoch 51/100
Training loss: 0.91821
Validation loss: 5.38133
Epoch 52/100
Training loss: 1.02825
Validation loss: 8.81057
Epoch 53/100
Training loss: 0.95570
Validation loss: 5.51489
Epoch 54/100
Training loss: 0.95185
Validation loss: 5.33337
Epoch 55/100
Training loss: 0.92668
Validation loss: 5.78129
Epoch 56/100
Training loss: 1.07050
Validation loss: 4.39331
Epoch 57/100
Training loss: 1.02450
Validation loss: 6.02848
Epoch 58/100
Training loss: 0.92395
Validation loss: 5.01776
Epoch 59/100
Training loss: 0.73342
Validation loss: 5.61307
Epoch 60/100
Training loss: 0.74831
Validation loss: 6.31407
Epoch 61/100
Training loss: 0.80550
Validation loss: 6.11467
Epoch 62/100
Training loss: 0.77185
Validation loss: 5.93702
Epoch 63/100
Training loss: 0.81871
Validation loss: 9.61395
Epoch 64/100
Training loss: 0.87227
Validation loss: 9.51822
Epoch 65/100
Training loss: 0.77813
Validation loss: 4.74725
Epoch 66/100
Training loss: 0.81655
Validation loss: 5.46932
Epoch 67/100
Training loss: 0.90589
Validation loss: 4.80390
Epoch 68/100
Training loss: 0.79278
Validation loss: 5.53224
Epoch 69/100
Training loss: 0.94610
Validation loss: 5.31120
Epoch 70/100
Training loss: 0.90484
Validation loss: 5.64523
Epoch 71/100
Training loss: 0.90472
Validation loss: 3.76158
New best model saved at epoch 71 with loss 3.76158
Epoch 72/100
Training loss: 0.92940
Validation loss: 7.34492
Epoch 73/100
Training loss: 0.83553
Validation loss: 4.42881
Epoch 74/100
Training loss: 0.92301
Validation loss: 5.55842
Epoch 75/100
Training loss: 0.70052
Validation loss: 6.18518
Epoch 76/100
Training loss: 0.85818
Validation loss: 7.02521
Epoch 77/100
Training loss: 0.77341
Validation loss: 4.84729
Epoch 78/100
Training loss: 0.95950
Validation loss: 5.04474
Epoch 79/100
Training loss: 0.77486
Validation loss: 5.59685
Epoch 80/100
Training loss: 0.99736
Validation loss: 5.90072
Epoch 81/100
Training loss: 0.80399
Validation loss: 6.74747
Epoch 82/100
Training loss: 0.79457
Validation loss: 4.50056
Epoch 83/100
Training loss: 0.86067
Validation loss: 5.63736
Epoch 84/100
Training loss: 0.78189
Validation loss: 4.63752
Epoch 85/100
Training loss: 1.12847
Validation loss: 5.51535
Epoch 86/100
Training loss: 0.96905
Validation loss: 6.58072
Epoch 87/100
Training loss: 1.01009
Validation loss: 4.99729
Epoch 88/100
Training loss: 0.86994
Validation loss: 4.79023
Epoch 89/100
Training loss: 0.89602
Validation loss: 5.48605
Epoch 90/100
Training loss: 0.81570
Validation loss: 5.50403
Epoch 91/100
Training loss: 0.78085
Validation loss: 6.19355
Epoch 92/100
Training loss: 0.88600
Validation loss: 5.55392
Epoch 93/100
Training loss: 0.76289
Validation loss: 4.38849
Epoch 94/100
Training loss: 0.72534
Validation loss: 5.76790
Epoch 95/100
Training loss: 0.89947
Validation loss: 4.34260
Epoch 96/100
Training loss: 0.79049
Validation loss: 8.35985
Epoch 97/100
Training loss: 0.72781
Validation loss: 6.30266
Epoch 98/100
Training loss: 0.81583
Validation loss: 5.73959
Epoch 99/100
Training loss: 0.84569
Validation loss: 5.61599
Epoch 100/100
Training loss: 0.88566
Validation loss: 7.31736
Best model for fold 4 saved from epoch 71 with f1 3.76158
Final training loss: 0.88566
Final test loss: 7.31736
Fold 5
Model loaded successfully from ./pretrained_model/64_to_256_3layers.ckpt
device : cuda
Model not found at ./model/./model/./model/./model/./model/decoder_output_wba_start_wba_input_line_plot_piece_size_1_fix_False_16frames_piece_size_5_fix_False_16frames_piece_size_10_fix_False_16frames_piece_size_20_fix_False_16frames_piece_size_30_fix_False_16frames/fold_5/fly_model.ckpt
Epoch 1/100
Training loss: 30.07683
Validation loss: 74.31966
New best model saved at epoch 1 with loss 74.31966
First epoch took 9.89 seconds.
Estimated total program duration: 1.37 hours
Estimated program end time (KST): 2024/11/04 02:41:55
Epoch 2/100
Training loss: 3.76723
Validation loss: 27.66459
New best model saved at epoch 2 with loss 27.66459
Epoch 3/100
Training loss: 2.40288
Validation loss: 22.10725
New best model saved at epoch 3 with loss 22.10725
Epoch 4/100
Training loss: 1.90761
Validation loss: 13.74394
New best model saved at epoch 4 with loss 13.74394
Epoch 5/100
Training loss: 1.82461
Validation loss: 20.40901
Epoch 6/100
Training loss: 1.50493
Validation loss: 12.51576
New best model saved at epoch 6 with loss 12.51576
Epoch 7/100
Training loss: 1.47241
Validation loss: 17.63296
Epoch 8/100
Training loss: 1.58102
Validation loss: 7.58225
New best model saved at epoch 8 with loss 7.58225
Epoch 9/100
Training loss: 1.29506
Validation loss: 21.33453
Epoch 10/100
Training loss: 1.13708
Validation loss: 7.61239
Epoch 11/100
Training loss: 1.21602
Validation loss: 21.24483
Epoch 12/100
Training loss: 1.22091
Validation loss: 5.67191
New best model saved at epoch 12 with loss 5.67191
Epoch 13/100
Training loss: 1.28885
Validation loss: 10.86790
Epoch 14/100
Training loss: 1.02989
Validation loss: 11.96834
Epoch 15/100
Training loss: 0.95523
Validation loss: 19.04875
Epoch 16/100
Training loss: 0.99845
Validation loss: 18.16348
Epoch 17/100
Training loss: 0.87977
Validation loss: 12.90446
Epoch 18/100
Training loss: 0.90857
Validation loss: 23.59653
Epoch 19/100
Training loss: 0.88320
Validation loss: 13.24607
Epoch 20/100
Training loss: 0.83867
Validation loss: 13.42632
Epoch 21/100
Training loss: 0.90404
Validation loss: 9.15205
Epoch 22/100
Training loss: 0.98582
Validation loss: 24.10499
Epoch 23/100
Training loss: 0.96940
Validation loss: 20.75252
Epoch 24/100
Training loss: 0.90445
Validation loss: 20.26545
Epoch 25/100
Training loss: 1.12613
Validation loss: 22.33687
Epoch 26/100
Training loss: 1.06987
Validation loss: 12.80263
Epoch 27/100
Training loss: 0.90205
Validation loss: 11.62758
Epoch 28/100
Training loss: 0.91587
Validation loss: 11.07466
Epoch 29/100
Training loss: 0.83543
Validation loss: 12.80108
Epoch 30/100
Training loss: 0.77652
Validation loss: 19.26799
Epoch 31/100
Training loss: 0.92800
Validation loss: 22.02546
Epoch 32/100
Training loss: 1.06920
Validation loss: 26.77333
Epoch 33/100
Training loss: 0.84754
Validation loss: 13.40136
Epoch 34/100
Training loss: 0.96006
Validation loss: 14.42564
Epoch 35/100
Training loss: 1.06271
Validation loss: 10.69619
Epoch 36/100
Training loss: 0.97336
Validation loss: 6.07545
Epoch 37/100
Training loss: 0.83872
Validation loss: 22.96670
Epoch 38/100
Training loss: 1.12182
Validation loss: 13.86005
Epoch 39/100
Training loss: 0.85709
Validation loss: 14.04959
Epoch 40/100
Training loss: 0.97840
Validation loss: 9.99950
Epoch 41/100
Training loss: 0.77943
Validation loss: 15.30143
Epoch 42/100
Training loss: 0.84128
Validation loss: 9.29550
Epoch 43/100
Training loss: 1.20974
Validation loss: 10.57440
Epoch 44/100
Training loss: 1.08689
Validation loss: 24.55625
Epoch 45/100
Training loss: 1.05445
Validation loss: 11.33669
Epoch 46/100
Training loss: 0.79003
Validation loss: 13.76492
Epoch 47/100
Training loss: 0.86024
Validation loss: 17.44763
Epoch 48/100
Training loss: 0.98273
Validation loss: 9.84999
Epoch 49/100
Training loss: 0.68031
Validation loss: 15.53498
Epoch 50/100
Training loss: 0.79619
Validation loss: 22.45265
Epoch 51/100
Training loss: 0.81561
Validation loss: 22.39789
Epoch 52/100
Training loss: 0.92950
Validation loss: 14.93281
Epoch 53/100
Training loss: 0.91758
Validation loss: 5.71679
Epoch 54/100
Training loss: 0.77870
Validation loss: 20.38057
Epoch 55/100
Training loss: 0.74097
Validation loss: 17.84522
Epoch 56/100
Training loss: 0.76850
Validation loss: 16.60909
Epoch 57/100
Training loss: 0.88009
Validation loss: 15.53615
Epoch 58/100
Training loss: 0.74990
Validation loss: 18.46489
Epoch 59/100
Training loss: 0.70807
Validation loss: 30.21748
Epoch 60/100
Training loss: 0.86171
Validation loss: 23.60703
Epoch 61/100
Training loss: 0.76112
Validation loss: 29.29171
Epoch 62/100
Training loss: 0.77617
Validation loss: 12.11820
Epoch 63/100
Training loss: 0.64188
Validation loss: 13.18333
Epoch 64/100
Training loss: 0.70973
Validation loss: 16.06423
Epoch 65/100
Training loss: 0.80592
Validation loss: 29.00528
Epoch 66/100
Training loss: 0.81648
Validation loss: 21.27626
Epoch 67/100
Training loss: 0.70720
Validation loss: 20.75808
Epoch 68/100
Training loss: 0.69702
Validation loss: 15.90395
Epoch 69/100
Training loss: 0.78325
Validation loss: 12.10333
Epoch 70/100
Training loss: 0.82422
Validation loss: 12.99624
Epoch 71/100
Training loss: 0.67954
Validation loss: 17.70862
Epoch 72/100
Training loss: 0.63380
Validation loss: 18.53089
Epoch 73/100
Training loss: 0.59200
Validation loss: 17.53462
Epoch 74/100
Training loss: 0.67162
Validation loss: 33.05089
Epoch 75/100
Training loss: 1.07603
Validation loss: 24.75930
Epoch 76/100
Training loss: 0.78220
Validation loss: 16.53678
Epoch 77/100
Training loss: 0.96607
Validation loss: 31.69708
Epoch 78/100
Training loss: 0.69734
Validation loss: 28.42908
Epoch 79/100
Training loss: 0.75078
Validation loss: 14.08928
Epoch 80/100
Training loss: 0.87211
Validation loss: 17.40845
Epoch 81/100
Training loss: 0.79133
Validation loss: 8.13331
Epoch 82/100
Training loss: 0.67794
Validation loss: 27.93680
Epoch 83/100
Training loss: 0.79756
Validation loss: 20.89788
Epoch 84/100
Training loss: 0.77653
Validation loss: 18.25996
Epoch 85/100
Training loss: 0.71646
Validation loss: 17.39019
Epoch 86/100
Training loss: 0.65686
Validation loss: 16.30625
Epoch 87/100
Training loss: 0.81706
Validation loss: 32.78253
Epoch 88/100
Training loss: 0.64186
Validation loss: 20.45122
Epoch 89/100
Training loss: 0.76394
Validation loss: 13.37739
Epoch 90/100
Training loss: 0.93447
Validation loss: 14.75414
Epoch 91/100
Training loss: 0.77894
Validation loss: 12.37661
Epoch 92/100
Training loss: 0.61630
Validation loss: 18.50811
Epoch 93/100
Training loss: 0.72639
Validation loss: 26.61787
Epoch 94/100
Training loss: 0.66090
Validation loss: 27.17963
Epoch 95/100
Training loss: 0.89121
Validation loss: 30.20968
Epoch 96/100
Training loss: 0.88277
Validation loss: 37.42369
Epoch 97/100
Training loss: 0.82064
Validation loss: 27.57193
Epoch 98/100
Training loss: 0.62155
Validation loss: 22.46782
Epoch 99/100
Training loss: 0.80300
Validation loss: 24.00686
Epoch 100/100
Training loss: 0.71923
Validation loss: 18.76108
Best model for fold 5 saved from epoch 12 with f1 5.67191
Final training loss: 0.71923
Final test loss: 18.76108
All fold val losses: [4.2101970911026, 2.5058968663215637, 6.139876008033752, 3.761581301689148, 5.671911716461182]
Average val loss: 4.45789
./naturalistic/01_Bird.avi                                   Loaded : (5, 3596, 64, 128, 1)
./naturalistic/02_City.avi                                   Loaded : (5, 3596, 64, 128, 1)
./naturalistic/03_Forest.avi                                 Loaded : (5, 3596, 64, 128, 1)
Video is allocated on memory!
Shape : (3, 3596, 64, 128, 5)
augmented shape : (24, 3596, 64, 128, 5)
augmented shape : (24, 3600)
Fold 1
Model loaded successfully from ./pretrained_model/64_to_256_3layers.ckpt
device : cuda
Model not found at ./model/./model/./model/./model/./model/./model/decoder_output_wba_start_wba_input_line_plot_piece_size_1_fix_False_16frames_piece_size_5_fix_False_16frames_piece_size_10_fix_False_16frames_piece_size_20_fix_False_16frames_piece_size_30_fix_False_16frames_piece_size_40_fix_False_16frames/fold_1/fly_model.ckpt
Epoch 1/100
Training loss: 40.46675
Validation loss: 9.98858
New best model saved at epoch 1 with loss 9.98858
First epoch took 9.45 seconds.
Estimated total program duration: 1.31 hours
Estimated program end time (KST): 2024/11/04 02:53:49
Epoch 2/100
Training loss: 4.09993
Validation loss: 7.16183
New best model saved at epoch 2 with loss 7.16183
Epoch 3/100
Training loss: 2.23936
Validation loss: 4.61872
New best model saved at epoch 3 with loss 4.61872
Epoch 4/100
Training loss: 1.91457
Validation loss: 5.81638
Epoch 5/100
Training loss: 2.13700
Validation loss: 5.66408
Epoch 6/100
Training loss: 1.72214
Validation loss: 6.54655
Epoch 7/100
Training loss: 1.67664
Validation loss: 6.39390
Epoch 8/100
Training loss: 1.76695
Validation loss: 6.12654
Epoch 9/100
Training loss: 1.34633
Validation loss: 5.36837
Epoch 10/100
Training loss: 1.54356
Validation loss: 6.86732
Epoch 11/100
Training loss: 1.96007
Validation loss: 6.20949
Epoch 12/100
Training loss: 1.70499
Validation loss: 6.55137
Epoch 13/100
Training loss: 1.24087
Validation loss: 4.48732
New best model saved at epoch 13 with loss 4.48732
Epoch 14/100
Training loss: 1.36735
Validation loss: 5.55642
Epoch 15/100
Training loss: 1.04730
Validation loss: 4.69129
Epoch 16/100
Training loss: 1.28896
Validation loss: 6.84004
Epoch 17/100
Training loss: 1.25814
Validation loss: 5.79215
Epoch 18/100
Training loss: 1.34276
Validation loss: 6.77692
Epoch 19/100
Training loss: 1.02819
Validation loss: 4.09746
New best model saved at epoch 19 with loss 4.09746
Epoch 20/100
Training loss: 1.24262
Validation loss: 5.19725
Epoch 21/100
Training loss: 1.19878
Validation loss: 5.47823
Epoch 22/100
Training loss: 1.23368
Validation loss: 6.32409
Epoch 23/100
Training loss: 1.29709
Validation loss: 3.26951
New best model saved at epoch 23 with loss 3.26951
Epoch 24/100
Training loss: 1.30951
Validation loss: 5.61399
Epoch 25/100
Training loss: 1.38822
Validation loss: 4.71077
Epoch 26/100
Training loss: 1.13033
Validation loss: 4.98653
Epoch 27/100
Training loss: 1.15916
Validation loss: 4.07966
Epoch 28/100
Training loss: 1.38826
Validation loss: 6.71799
Epoch 29/100
Training loss: 1.05115
Validation loss: 6.40863
Epoch 30/100
Training loss: 1.12039
Validation loss: 5.28264
Epoch 31/100
Training loss: 1.26957
Validation loss: 4.95813
Epoch 32/100
Training loss: 1.37319
Validation loss: 5.57694
Epoch 33/100
Training loss: 1.10298
Validation loss: 5.36896
Epoch 34/100
Training loss: 1.37504
Validation loss: 4.80181
Epoch 35/100
Training loss: 1.32080
Validation loss: 5.57954
Epoch 36/100
Training loss: 2.11917
Validation loss: 6.51876
Epoch 37/100
Training loss: 1.24617
Validation loss: 4.59105
Epoch 38/100
Training loss: 1.13382
Validation loss: 3.95414
Epoch 39/100
Training loss: 1.10752
Validation loss: 3.78190
Epoch 40/100
Training loss: 0.95531
Validation loss: 4.89708
Epoch 41/100
Training loss: 0.92073
Validation loss: 4.34258
Epoch 42/100
Training loss: 0.98340
Validation loss: 5.70272
Epoch 43/100
Training loss: 1.12928
Validation loss: 4.92014
Epoch 44/100
Training loss: 1.12363
Validation loss: 4.05736
Epoch 45/100
Training loss: 1.14586
Validation loss: 5.24491
Epoch 46/100
Training loss: 1.06957
Validation loss: 6.29833
Epoch 47/100
Training loss: 1.13972
Validation loss: 6.09167
Epoch 48/100
Training loss: 0.92928
Validation loss: 5.58556
Epoch 49/100
Training loss: 0.92104
Validation loss: 4.86146
Epoch 50/100
Training loss: 1.08576
Validation loss: 4.55606
Epoch 51/100
Training loss: 1.12417
Validation loss: 5.22438
Epoch 52/100
Training loss: 1.13280
Validation loss: 4.63572
Epoch 53/100
Training loss: 1.05006
Validation loss: 4.20297
Epoch 54/100
Training loss: 0.96185
Validation loss: 3.60899
Epoch 55/100
Training loss: 1.12410
Validation loss: 4.08084
Epoch 56/100
Training loss: 1.16122
Validation loss: 4.27176
Epoch 57/100
Training loss: 1.13609
Validation loss: 4.41213
Epoch 58/100
Training loss: 0.94095
Validation loss: 5.18671
Epoch 59/100
Training loss: 1.14609
Validation loss: 4.82948
Epoch 60/100
Training loss: 1.02369
Validation loss: 4.80400
Epoch 61/100
Training loss: 0.89051
Validation loss: 8.33020
Epoch 62/100
Training loss: 0.96525
Validation loss: 4.92879
Epoch 63/100
Training loss: 0.87200
Validation loss: 5.60312
Epoch 64/100
Training loss: 0.89704
Validation loss: 4.24252
Epoch 65/100
Training loss: 1.10259
Validation loss: 4.89053
Epoch 66/100
Training loss: 1.37004
Validation loss: 6.94980
Epoch 67/100
Training loss: 1.63725
Validation loss: 7.27862
Epoch 68/100
Training loss: 1.07722
Validation loss: 4.30599
Epoch 69/100
Training loss: 1.13511
Validation loss: 5.98240
Epoch 70/100
Training loss: 1.09717
Validation loss: 4.51853
Epoch 71/100
Training loss: 0.99439
Validation loss: 4.24167
Epoch 72/100
Training loss: 0.89330
Validation loss: 5.49520
Epoch 73/100
Training loss: 0.92624
Validation loss: 4.30439
Epoch 74/100
Training loss: 0.93019
Validation loss: 5.91829
Epoch 75/100
Training loss: 0.83024
Validation loss: 7.67814
Epoch 76/100
Training loss: 0.93639
Validation loss: 7.64546
Epoch 77/100
Training loss: 0.91382
Validation loss: 4.39156
Epoch 78/100
Training loss: 0.89861
Validation loss: 5.46524
Epoch 79/100
Training loss: 0.81624
Validation loss: 5.16517
Epoch 80/100
Training loss: 0.90286
Validation loss: 5.88004
Epoch 81/100
Training loss: 1.07821
Validation loss: 5.44772
Epoch 82/100
Training loss: 0.80941
Validation loss: 5.67936
Epoch 83/100
Training loss: 0.91701
Validation loss: 5.11461
Epoch 84/100
Training loss: 1.15289
Validation loss: 4.16199
Epoch 85/100
Training loss: 1.05578
Validation loss: 5.94844
Epoch 86/100
Training loss: 0.94765
Validation loss: 4.28063
Epoch 87/100
Training loss: 0.77841
Validation loss: 3.59468
Epoch 88/100
Training loss: 0.88169
Validation loss: 4.58179
Epoch 89/100
Training loss: 1.13775
Validation loss: 4.80392
Epoch 90/100
Training loss: 0.83194
Validation loss: 6.68078
Epoch 91/100
Training loss: 0.86901
Validation loss: 5.05247
Epoch 92/100
Training loss: 0.92758
Validation loss: 4.12168
Epoch 93/100
Training loss: 0.99849
Validation loss: 6.05804
Epoch 94/100
Training loss: 0.97667
Validation loss: 4.59605
Epoch 95/100
Training loss: 1.09147
Validation loss: 3.69734
Epoch 96/100
Training loss: 0.91170
Validation loss: 5.26286
Epoch 97/100
Training loss: 0.98693
Validation loss: 6.09154
Epoch 98/100
Training loss: 0.95700
Validation loss: 4.26316
Epoch 99/100
Training loss: 1.07666
Validation loss: 4.98197
Epoch 100/100
Training loss: 0.90747
Validation loss: 4.17255
Best model for fold 1 saved from epoch 23 with f1 3.26951
Final training loss: 0.90747
Final test loss: 4.17255
Fold 2
Model loaded successfully from ./pretrained_model/64_to_256_3layers.ckpt
device : cuda
Model not found at ./model/./model/./model/./model/./model/./model/decoder_output_wba_start_wba_input_line_plot_piece_size_1_fix_False_16frames_piece_size_5_fix_False_16frames_piece_size_10_fix_False_16frames_piece_size_20_fix_False_16frames_piece_size_30_fix_False_16frames_piece_size_40_fix_False_16frames/fold_2/fly_model.ckpt
Epoch 1/100
Training loss: 32.60015
Validation loss: 4.65520
New best model saved at epoch 1 with loss 4.65520
First epoch took 9.49 seconds.
Estimated total program duration: 1.32 hours
Estimated program end time (KST): 2024/11/04 03:08:42
Epoch 2/100
Training loss: 3.68515
Validation loss: 6.61671
Epoch 3/100
Training loss: 2.10483
Validation loss: 8.15055
Epoch 4/100
Training loss: 1.92355
Validation loss: 7.41713
Epoch 5/100
Training loss: 1.67350
Validation loss: 9.15864
Epoch 6/100
Training loss: 1.85056
Validation loss: 5.41814
Epoch 7/100
Training loss: 1.89853
Validation loss: 5.74046
Epoch 8/100
Training loss: 1.40536
Validation loss: 5.46710
Epoch 9/100
Training loss: 1.33976
Validation loss: 6.27977
Epoch 10/100
Training loss: 1.31971
Validation loss: 5.83873
Epoch 11/100
Training loss: 1.58946
Validation loss: 6.34089
Epoch 12/100
Training loss: 1.32918
Validation loss: 6.00215
Epoch 13/100
Training loss: 1.22015
Validation loss: 4.77340
Epoch 14/100
Training loss: 1.13145
Validation loss: 6.58028
Epoch 15/100
Training loss: 1.28981
Validation loss: 5.86855
Epoch 16/100
Training loss: 1.07234
Validation loss: 4.80370
Epoch 17/100
Training loss: 1.00151
Validation loss: 5.60124
Epoch 18/100
Training loss: 1.32975
Validation loss: 6.61869
Epoch 19/100
Training loss: 1.16596
Validation loss: 5.30912
Epoch 20/100
Training loss: 1.25990
Validation loss: 5.32128
Epoch 21/100
Training loss: 1.31724
Validation loss: 6.22526
Epoch 22/100
Training loss: 1.13825
Validation loss: 6.93022
Epoch 23/100
Training loss: 0.84829
Validation loss: 5.46508
Epoch 24/100
Training loss: 0.97894
Validation loss: 6.27535
Epoch 25/100
Training loss: 1.13648
Validation loss: 6.92571
Epoch 26/100
Training loss: 0.95161
Validation loss: 6.19680
Epoch 27/100
Training loss: 1.26287
Validation loss: 6.68685
Epoch 28/100
Training loss: 1.15891
Validation loss: 4.27650
New best model saved at epoch 28 with loss 4.27650
Epoch 29/100
Training loss: 1.09381
Validation loss: 5.99006
Epoch 30/100
Training loss: 0.88107
Validation loss: 6.37549
Epoch 31/100
Training loss: 0.96130
Validation loss: 4.83817
Epoch 32/100
Training loss: 1.11561
Validation loss: 7.63974
Epoch 33/100
Training loss: 1.07741
Validation loss: 4.92169
Epoch 34/100
Training loss: 1.06612
Validation loss: 5.36005
Epoch 35/100
Training loss: 1.18002
Validation loss: 3.58389
New best model saved at epoch 35 with loss 3.58389
Epoch 36/100
Training loss: 0.91219
Validation loss: 6.18060
Epoch 37/100
Training loss: 1.01011
Validation loss: 6.53854
Epoch 38/100
Training loss: 0.98213
Validation loss: 4.52921
Epoch 39/100
Training loss: 0.88273
Validation loss: 5.44637
Epoch 40/100
Training loss: 0.88751
Validation loss: 7.47599
Epoch 41/100
Training loss: 0.89293
Validation loss: 5.41948
Epoch 42/100
Training loss: 0.86860
Validation loss: 8.86413
Epoch 43/100
Training loss: 0.86427
Validation loss: 7.65319
Epoch 44/100
Training loss: 1.05529
Validation loss: 5.85443
Epoch 45/100
Training loss: 1.01874
Validation loss: 4.62892
Epoch 46/100
Training loss: 0.81386
Validation loss: 5.91008
Epoch 47/100
Training loss: 1.00381
Validation loss: 7.68058
Epoch 48/100
Training loss: 1.15739
Validation loss: 4.96757
Epoch 49/100
Training loss: 0.88583
Validation loss: 5.31727
Epoch 50/100
Training loss: 1.07506
Validation loss: 4.71052
Epoch 51/100
Training loss: 0.86864
Validation loss: 7.61159
Epoch 52/100
Training loss: 1.02601
Validation loss: 9.46876
Epoch 53/100
Training loss: 0.78846
Validation loss: 6.26566
Epoch 54/100
Training loss: 0.92577
Validation loss: 5.90441
Epoch 55/100
Training loss: 0.95204
Validation loss: 5.34136
Epoch 56/100
Training loss: 0.92136
Validation loss: 5.17749
Epoch 57/100
Training loss: 0.85918
Validation loss: 6.48024
Epoch 58/100
Training loss: 0.91313
Validation loss: 6.79383
Epoch 59/100
Training loss: 0.86806
Validation loss: 6.67461
Epoch 60/100
Training loss: 0.79094
Validation loss: 7.30405
Epoch 61/100
Training loss: 0.77162
Validation loss: 8.57686
Epoch 62/100
Training loss: 0.97465
Validation loss: 5.12549
Epoch 63/100
Training loss: 1.11426
Validation loss: 7.62759
Epoch 64/100
Training loss: 0.99294
Validation loss: 5.44659
Epoch 65/100
Training loss: 0.99986
Validation loss: 5.79213
Epoch 66/100
Training loss: 0.88182
Validation loss: 5.87359
Epoch 67/100
Training loss: 0.92731
Validation loss: 5.88806
Epoch 68/100
Training loss: 0.91226
Validation loss: 6.13221
Epoch 69/100
Training loss: 0.92202
Validation loss: 5.10591
Epoch 70/100
Training loss: 1.01732
Validation loss: 7.19322
Epoch 71/100
Training loss: 1.09137
Validation loss: 5.05635
Epoch 72/100
Training loss: 1.06010
Validation loss: 5.21919
Epoch 73/100
Training loss: 0.90626
Validation loss: 4.66486
Epoch 74/100
Training loss: 0.79790
Validation loss: 6.36093
Epoch 75/100
Training loss: 0.79563
Validation loss: 5.61259
Epoch 76/100
Training loss: 0.78553
Validation loss: 5.00631
Epoch 77/100
Training loss: 0.84352
Validation loss: 6.70151
Epoch 78/100
Training loss: 0.81158
Validation loss: 5.48273
Epoch 79/100
Training loss: 1.01793
Validation loss: 4.28198
Epoch 80/100
Training loss: 0.95314
Validation loss: 5.90247
Epoch 81/100
Training loss: 0.90949
Validation loss: 4.67983
Epoch 82/100
Training loss: 1.02401
Validation loss: 7.77318
Epoch 83/100
Training loss: 0.74850
Validation loss: 5.96055
Epoch 84/100
Training loss: 0.72352
Validation loss: 5.30959
Epoch 85/100
Training loss: 0.69476
Validation loss: 7.33822
Epoch 86/100
Training loss: 0.87200
Validation loss: 5.61350
Epoch 87/100
Training loss: 0.72803
Validation loss: 4.94527
Epoch 88/100
Training loss: 0.73200
Validation loss: 4.85737
Epoch 89/100
Training loss: 1.09505
Validation loss: 7.27344
Epoch 90/100
Training loss: 0.87629
Validation loss: 7.35922
Epoch 91/100
Training loss: 0.82191
Validation loss: 7.45623
Epoch 92/100
Training loss: 0.78546
Validation loss: 6.94797
Epoch 93/100
Training loss: 0.99956
Validation loss: 6.64163
Epoch 94/100
Training loss: 0.76616
Validation loss: 6.49850
Epoch 95/100
Training loss: 0.89685
Validation loss: 5.93595
Epoch 96/100
Training loss: 0.71320
Validation loss: 6.09283
Epoch 97/100
Training loss: 0.90226
Validation loss: 5.46822
Epoch 98/100
Training loss: 1.02093
Validation loss: 5.71153
Epoch 99/100
Training loss: 0.74088
Validation loss: 7.59872
Epoch 100/100
Training loss: 0.83194
Validation loss: 7.22550
Best model for fold 2 saved from epoch 35 with f1 3.58389
Final training loss: 0.83194
Final test loss: 7.22550
Fold 3
Model loaded successfully from ./pretrained_model/64_to_256_3layers.ckpt
device : cuda
Model not found at ./model/./model/./model/./model/./model/./model/decoder_output_wba_start_wba_input_line_plot_piece_size_1_fix_False_16frames_piece_size_5_fix_False_16frames_piece_size_10_fix_False_16frames_piece_size_20_fix_False_16frames_piece_size_30_fix_False_16frames_piece_size_40_fix_False_16frames/fold_3/fly_model.ckpt
Epoch 1/100
Training loss: 63.41269
Validation loss: 10.85557
New best model saved at epoch 1 with loss 10.85557
First epoch took 9.47 seconds.
Estimated total program duration: 1.31 hours
Estimated program end time (KST): 2024/11/04 03:23:00
Epoch 2/100
Training loss: 5.59898
Validation loss: 9.43708
New best model saved at epoch 2 with loss 9.43708
Epoch 3/100
Training loss: 4.57325
Validation loss: 7.12672
New best model saved at epoch 3 with loss 7.12672
Epoch 4/100
Training loss: 2.84966
Validation loss: 6.02597
New best model saved at epoch 4 with loss 6.02597
Epoch 5/100
Training loss: 2.71254
Validation loss: 3.97380
New best model saved at epoch 5 with loss 3.97380
Epoch 6/100
Training loss: 2.33463
Validation loss: 4.33849
Epoch 7/100
Training loss: 2.33671
Validation loss: 5.40767
Epoch 8/100
Training loss: 2.63494
Validation loss: 3.36029
New best model saved at epoch 8 with loss 3.36029
Epoch 9/100
Training loss: 2.06077
Validation loss: 5.81425
Epoch 10/100
Training loss: 2.23222
Validation loss: 2.93319
New best model saved at epoch 10 with loss 2.93319
Epoch 11/100
Training loss: 2.09088
Validation loss: 3.66939
Epoch 12/100
Training loss: 2.07062
Validation loss: 3.88958
Epoch 13/100
Training loss: 1.96534
Validation loss: 3.39448
Epoch 14/100
Training loss: 1.71076
Validation loss: 3.91666
Epoch 15/100
Training loss: 1.58796
Validation loss: 3.34284
Epoch 16/100
Training loss: 1.62781
Validation loss: 2.65912
New best model saved at epoch 16 with loss 2.65912
Epoch 17/100
Training loss: 1.59736
Validation loss: 3.01537
Epoch 18/100
Training loss: 1.73761
Validation loss: 3.60757
Epoch 19/100
Training loss: 1.51724
Validation loss: 3.57787
Epoch 20/100
Training loss: 1.36691
Validation loss: 3.41531
Epoch 21/100
Training loss: 1.71710
Validation loss: 3.61468
Epoch 22/100
Training loss: 1.53292
Validation loss: 3.72366
Epoch 23/100
Training loss: 1.75089
Validation loss: 3.78333
Epoch 24/100
Training loss: 1.79105
Validation loss: 3.28338
Epoch 25/100
Training loss: 1.68557
Validation loss: 3.66322
Epoch 26/100
Training loss: 1.63729
Validation loss: 2.73632
Epoch 27/100
Training loss: 1.80716
Validation loss: 3.77345
Epoch 28/100
Training loss: 1.50741
Validation loss: 2.30796
New best model saved at epoch 28 with loss 2.30796
Epoch 29/100
Training loss: 1.54353
Validation loss: 2.42931
Epoch 30/100
Training loss: 1.26710
Validation loss: 2.65912
Epoch 31/100
Training loss: 1.64427
Validation loss: 2.30944
Epoch 32/100
Training loss: 1.41620
Validation loss: 2.98311
Epoch 33/100
Training loss: 1.14853
Validation loss: 2.06783
New best model saved at epoch 33 with loss 2.06783
Epoch 34/100
Training loss: 1.45572
Validation loss: 3.42991
Epoch 35/100
Training loss: 1.69710
Validation loss: 2.86811
Epoch 36/100
Training loss: 1.92597
Validation loss: 2.23033
Epoch 37/100
Training loss: 1.56090
Validation loss: 2.07930
Epoch 38/100
Training loss: 1.53569
Validation loss: 2.57255
Epoch 39/100
Training loss: 1.46808
Validation loss: 2.75186
Epoch 40/100
Training loss: 1.26344
Validation loss: 2.26407
Epoch 41/100
Training loss: 1.35941
Validation loss: 2.31065
Epoch 42/100
Training loss: 1.53001
Validation loss: 2.95444
Epoch 43/100
Training loss: 1.40446
Validation loss: 2.82705
Epoch 44/100
Training loss: 1.44821
Validation loss: 2.22926
Epoch 45/100
Training loss: 1.65195
Validation loss: 2.40817
Epoch 46/100
Training loss: 1.36775
Validation loss: 2.34874
Epoch 47/100
Training loss: 1.30124
Validation loss: 1.95809
New best model saved at epoch 47 with loss 1.95809
Epoch 48/100
Training loss: 1.30159
Validation loss: 1.88346
New best model saved at epoch 48 with loss 1.88346
Epoch 49/100
Training loss: 1.64400
Validation loss: 2.35449
Epoch 50/100
Training loss: 1.59659
Validation loss: 2.09866
Epoch 51/100
Training loss: 1.25407
Validation loss: 2.14209
Epoch 52/100
Training loss: 1.21243
Validation loss: 2.44778
Epoch 53/100
Training loss: 1.20849
Validation loss: 2.48924
Epoch 54/100
Training loss: 1.47156
Validation loss: 2.25954
Epoch 55/100
Training loss: 1.16155
Validation loss: 2.86356
Epoch 56/100
Training loss: 1.34495
Validation loss: 2.36095
Epoch 57/100
Training loss: 1.41644
Validation loss: 2.05311
Epoch 58/100
Training loss: 1.25399
Validation loss: 2.01140
Epoch 59/100
Training loss: 1.20952
Validation loss: 2.27769
Epoch 60/100
Training loss: 1.80022
Validation loss: 2.28493
Epoch 61/100
Training loss: 1.29364
Validation loss: 2.68031
Epoch 62/100
Training loss: 1.28110
Validation loss: 2.44761
Epoch 63/100
Training loss: 1.28431
Validation loss: 2.53839
Epoch 64/100
Training loss: 1.37919
Validation loss: 1.99044
Epoch 65/100
Training loss: 1.19354
Validation loss: 2.54053
Epoch 66/100
Training loss: 1.18121
Validation loss: 2.20883
Epoch 67/100
Training loss: 1.28284
Validation loss: 2.42781
Epoch 68/100
Training loss: 1.51013
Validation loss: 2.14863
Epoch 69/100
Training loss: 1.16875
Validation loss: 2.86054
Epoch 70/100
Training loss: 1.43537
Validation loss: 3.29692
Epoch 71/100
Training loss: 1.44695
Validation loss: 2.22421
Epoch 72/100
Training loss: 1.56925
Validation loss: 4.17095
Epoch 73/100
Training loss: 1.22022
Validation loss: 2.88652
Epoch 74/100
Training loss: 1.41588
Validation loss: 2.87161
Epoch 75/100
Training loss: 1.19842
Validation loss: 2.49033
Epoch 76/100
Training loss: 1.12357
Validation loss: 2.88783
Epoch 77/100
Training loss: 1.16560
Validation loss: 3.05984
Epoch 78/100
Training loss: 1.19243
Validation loss: 2.51102
Epoch 79/100
Training loss: 0.99019
Validation loss: 3.52574
Epoch 80/100
Training loss: 1.35543
Validation loss: 2.85285
Epoch 81/100
Training loss: 1.38345
Validation loss: 2.18341
Epoch 82/100
Training loss: 1.42939
Validation loss: 1.96209
Epoch 83/100
Training loss: 0.97078
Validation loss: 2.47339
Epoch 84/100
Training loss: 1.10264
Validation loss: 2.67142
Epoch 85/100
Training loss: 1.52473
Validation loss: 2.57291
Epoch 86/100
Training loss: 1.36455
Validation loss: 2.79083
Epoch 87/100
Training loss: 1.20133
Validation loss: 2.34936
Epoch 88/100
Training loss: 1.28324
Validation loss: 3.04324
Epoch 89/100
Training loss: 1.29503
Validation loss: 2.53483
Epoch 90/100
Training loss: 1.13735
Validation loss: 2.58564
Epoch 91/100
Training loss: 1.11062
Validation loss: 2.49086
Epoch 92/100
Training loss: 1.70358
Validation loss: 2.65228
Epoch 93/100
Training loss: 1.05481
Validation loss: 2.49926
Epoch 94/100
Training loss: 1.06293
Validation loss: 2.85309
Epoch 95/100
Training loss: 1.11472
Validation loss: 2.56692
Epoch 96/100
Training loss: 1.13755
Validation loss: 2.51137
Epoch 97/100
Training loss: 1.26038
Validation loss: 2.82992
Epoch 98/100
Training loss: 0.97005
Validation loss: 2.84367
Epoch 99/100
Training loss: 1.14780
Validation loss: 2.44094
Epoch 100/100
Training loss: 1.09485
Validation loss: 2.63026
Best model for fold 3 saved from epoch 48 with f1 1.88346
Final training loss: 1.09485
Final test loss: 2.63026
Fold 4
Model loaded successfully from ./pretrained_model/64_to_256_3layers.ckpt
device : cuda
Model not found at ./model/./model/./model/./model/./model/./model/decoder_output_wba_start_wba_input_line_plot_piece_size_1_fix_False_16frames_piece_size_5_fix_False_16frames_piece_size_10_fix_False_16frames_piece_size_20_fix_False_16frames_piece_size_30_fix_False_16frames_piece_size_40_fix_False_16frames/fold_4/fly_model.ckpt
Epoch 1/100
Training loss: 30.55590
Validation loss: 6.54074
New best model saved at epoch 1 with loss 6.54074
First epoch took 9.46 seconds.
Estimated total program duration: 1.31 hours
Estimated program end time (KST): 2024/11/04 03:37:40
Epoch 2/100
Training loss: 3.85497
Validation loss: 4.62700
New best model saved at epoch 2 with loss 4.62700
Epoch 3/100
Training loss: 2.50472
Validation loss: 5.61526
Epoch 4/100
Training loss: 2.08271
Validation loss: 6.49744
Epoch 5/100
Training loss: 1.70323
Validation loss: 6.07238
Epoch 6/100
Training loss: 1.58030
Validation loss: 5.45109
Epoch 7/100
Training loss: 1.42579
Validation loss: 6.29764
Epoch 8/100
Training loss: 1.31839
Validation loss: 5.84626
Epoch 9/100
Training loss: 1.66988
Validation loss: 8.95889
Epoch 10/100
Training loss: 1.45506
Validation loss: 4.39753
New best model saved at epoch 10 with loss 4.39753
Epoch 11/100
Training loss: 1.32362
Validation loss: 8.09058
Epoch 12/100
Training loss: 1.23740
Validation loss: 5.59276
Epoch 13/100
Training loss: 1.23257
Validation loss: 5.10807
Epoch 14/100
Training loss: 1.11434
Validation loss: 6.35069
Epoch 15/100
Training loss: 1.14209
Validation loss: 4.64205
Epoch 16/100
Training loss: 1.11582
Validation loss: 6.89235
Epoch 17/100
Training loss: 1.09071
Validation loss: 5.63082
Epoch 18/100
Training loss: 1.00639
Validation loss: 6.41220
Epoch 19/100
Training loss: 1.00565
Validation loss: 5.92021
Epoch 20/100
Training loss: 1.10916
Validation loss: 7.47483
Epoch 21/100
Training loss: 1.13126
Validation loss: 8.60244
Epoch 22/100
Training loss: 1.09831
Validation loss: 5.98396
Epoch 23/100
Training loss: 1.07040
Validation loss: 6.07521
Epoch 24/100
Training loss: 1.40815
Validation loss: 5.07415
Epoch 25/100
Training loss: 1.15559
Validation loss: 5.35514
Epoch 26/100
Training loss: 0.97387
Validation loss: 6.21817
Epoch 27/100
Training loss: 1.03786
Validation loss: 7.71585
Epoch 28/100
Training loss: 1.13733
Validation loss: 6.04934
Epoch 29/100
Training loss: 0.98733
Validation loss: 7.31068
Epoch 30/100
Training loss: 1.01538
Validation loss: 4.64556
Epoch 31/100
Training loss: 1.25380
Validation loss: 8.72333
Epoch 32/100
Training loss: 1.19804
Validation loss: 5.01436
Epoch 33/100
Training loss: 0.86914
Validation loss: 5.83724
Epoch 34/100
Training loss: 1.04031
Validation loss: 6.09061
Epoch 35/100
Training loss: 1.01775
Validation loss: 6.08868
Epoch 36/100
Training loss: 1.10407
Validation loss: 5.79663
Epoch 37/100
Training loss: 1.03961
Validation loss: 6.92771
Epoch 38/100
Training loss: 0.97266
Validation loss: 6.56531
Epoch 39/100
Training loss: 1.08276
Validation loss: 5.42490
Epoch 40/100
Training loss: 1.39465
Validation loss: 7.16552
Epoch 41/100
Training loss: 1.19107
Validation loss: 7.31898
Epoch 42/100
Training loss: 0.95917
Validation loss: 4.26842
New best model saved at epoch 42 with loss 4.26842
Epoch 43/100
Training loss: 0.80019
Validation loss: 7.36058
Epoch 44/100
Training loss: 0.81892
Validation loss: 9.69424
Epoch 45/100
Training loss: 1.12358
Validation loss: 7.55901
Epoch 46/100
Training loss: 1.05432
Validation loss: 6.42759
Epoch 47/100
Training loss: 0.92336
Validation loss: 5.25689
Epoch 48/100
Training loss: 1.16680
Validation loss: 6.84859
Epoch 49/100
Training loss: 0.84838
Validation loss: 7.89039
Epoch 50/100
Training loss: 0.88385
Validation loss: 6.08393
Epoch 51/100
Training loss: 0.72570
Validation loss: 5.44655
Epoch 52/100
Training loss: 0.78510
Validation loss: 7.58015
Epoch 53/100
Training loss: 1.05473
Validation loss: 8.47628
Epoch 54/100
Training loss: 1.00694
Validation loss: 5.93798
Epoch 55/100
Training loss: 0.89135
Validation loss: 5.91743
Epoch 56/100
Training loss: 0.88475
Validation loss: 5.26546
Epoch 57/100
Training loss: 0.68632
Validation loss: 5.07299
Epoch 58/100
Training loss: 0.90939
Validation loss: 7.35962
Epoch 59/100
Training loss: 0.91980
Validation loss: 6.27572
Epoch 60/100
Training loss: 1.00322
Validation loss: 4.92512
Epoch 61/100
Training loss: 0.96113
Validation loss: 9.15332
Epoch 62/100
Training loss: 0.83958
Validation loss: 6.91966
Epoch 63/100
Training loss: 0.85685
Validation loss: 8.20143
Epoch 64/100
Training loss: 0.90465
Validation loss: 8.52699
Epoch 65/100
Training loss: 0.77333
Validation loss: 7.74838
Epoch 66/100
Training loss: 0.85462
Validation loss: 6.44167
Epoch 67/100
Training loss: 0.92449
Validation loss: 10.89600
Epoch 68/100
Training loss: 1.07111
Validation loss: 6.82631
Epoch 69/100
Training loss: 0.94410
Validation loss: 6.97466
Epoch 70/100
Training loss: 1.02789
Validation loss: 5.08597
Epoch 71/100
Training loss: 0.84675
Validation loss: 5.73372
Epoch 72/100
Training loss: 0.85722
Validation loss: 5.71108
Epoch 73/100
Training loss: 0.96730
Validation loss: 8.50808
Epoch 74/100
Training loss: 0.93162
Validation loss: 8.10960
Epoch 75/100
Training loss: 0.96560
Validation loss: 9.27447
Epoch 76/100
Training loss: 0.81018
Validation loss: 6.19817
Epoch 77/100
Training loss: 0.78525
Validation loss: 5.16011
Epoch 78/100
Training loss: 1.09279
Validation loss: 8.24766
Epoch 79/100
Training loss: 0.92425
Validation loss: 8.44238
Epoch 80/100
Training loss: 1.09462
Validation loss: 6.81011
Epoch 81/100
Training loss: 0.93892
Validation loss: 6.51933
Epoch 82/100
Training loss: 1.09767
Validation loss: 6.02401
Epoch 83/100
Training loss: 0.92881
Validation loss: 7.66965
Epoch 84/100
Training loss: 0.92646
Validation loss: 6.23562
Epoch 85/100
Training loss: 0.84488
Validation loss: 6.58044
Epoch 86/100
Training loss: 0.75229
Validation loss: 5.84519
Epoch 87/100
Training loss: 0.85508
Validation loss: 7.20383
Epoch 88/100
Training loss: 0.72159
Validation loss: 7.69913
Epoch 89/100
Training loss: 0.81784
Validation loss: 6.28911
Epoch 90/100
Training loss: 0.75977
Validation loss: 8.90869
Epoch 91/100
Training loss: 0.81619
Validation loss: 5.94320
Epoch 92/100
Training loss: 0.83028
Validation loss: 6.85650
Epoch 93/100
Training loss: 0.80705
Validation loss: 6.42943
Epoch 94/100
Training loss: 0.84020
Validation loss: 5.95803
Epoch 95/100
Training loss: 0.75815
Validation loss: 6.11965
Epoch 96/100
Training loss: 0.97714
Validation loss: 5.54081
Epoch 97/100
Training loss: 0.90640
Validation loss: 4.17252
New best model saved at epoch 97 with loss 4.17252
Epoch 98/100
Training loss: 0.93736
Validation loss: 7.49843
Epoch 99/100
Training loss: 0.77946
Validation loss: 9.58090
Epoch 100/100
Training loss: 0.82893
Validation loss: 5.51551
Best model for fold 4 saved from epoch 97 with f1 4.17252
Final training loss: 0.82893
Final test loss: 5.51551
Fold 5
Model loaded successfully from ./pretrained_model/64_to_256_3layers.ckpt
device : cuda
Model not found at ./model/./model/./model/./model/./model/./model/decoder_output_wba_start_wba_input_line_plot_piece_size_1_fix_False_16frames_piece_size_5_fix_False_16frames_piece_size_10_fix_False_16frames_piece_size_20_fix_False_16frames_piece_size_30_fix_False_16frames_piece_size_40_fix_False_16frames/fold_5/fly_model.ckpt
Epoch 1/100
Training loss: 30.71138
Validation loss: 5.14623
New best model saved at epoch 1 with loss 5.14623
First epoch took 9.44 seconds.
Estimated total program duration: 1.31 hours
Estimated program end time (KST): 2024/11/04 03:52:00
Epoch 2/100
Training loss: 4.58373
Validation loss: 5.86629
Epoch 3/100
Training loss: 2.37908
Validation loss: 7.14402
Epoch 4/100
Training loss: 2.59704
Validation loss: 5.10555
New best model saved at epoch 4 with loss 5.10555
Epoch 5/100
Training loss: 1.99134
Validation loss: 4.88752
New best model saved at epoch 5 with loss 4.88752
Epoch 6/100
Training loss: 1.95240
Validation loss: 4.50417
New best model saved at epoch 6 with loss 4.50417
Epoch 7/100
Training loss: 1.71338
Validation loss: 6.77039
Epoch 8/100
Training loss: 1.81662
Validation loss: 3.82561
New best model saved at epoch 8 with loss 3.82561
Epoch 9/100
Training loss: 1.50506
Validation loss: 4.86020
Epoch 10/100
Training loss: 1.52400
Validation loss: 4.11496
Epoch 11/100
Training loss: 1.80832
Validation loss: 3.78560
New best model saved at epoch 11 with loss 3.78560
Epoch 12/100
Training loss: 1.38972
Validation loss: 5.37316
Epoch 13/100
Training loss: 1.32597
Validation loss: 4.52416
Epoch 14/100
Training loss: 1.53126
Validation loss: 3.82320
Epoch 15/100
Training loss: 1.44189
Validation loss: 3.00164
New best model saved at epoch 15 with loss 3.00164
Epoch 16/100
Training loss: 1.34884
Validation loss: 2.77344
New best model saved at epoch 16 with loss 2.77344
Epoch 17/100
Training loss: 1.27663
Validation loss: 6.68665
Epoch 18/100
Training loss: 1.35710
Validation loss: 4.01777
Epoch 19/100
Training loss: 1.37561
Validation loss: 4.29494
Epoch 20/100
Training loss: 1.28267
Validation loss: 4.31590
Epoch 21/100
Training loss: 1.36358
Validation loss: 3.73525
Epoch 22/100
Training loss: 1.14456
Validation loss: 3.55882
Epoch 23/100
Training loss: 1.52139
Validation loss: 3.01794
Epoch 24/100
Training loss: 1.10154
Validation loss: 5.50480
Epoch 25/100
Training loss: 1.30988
Validation loss: 3.23996
Epoch 26/100
Training loss: 1.13055
Validation loss: 3.97199
Epoch 27/100
Training loss: 1.12359
Validation loss: 2.50997
New best model saved at epoch 27 with loss 2.50997
Epoch 28/100
Training loss: 1.26004
Validation loss: 3.36981
Epoch 29/100
Training loss: 1.33014
Validation loss: 4.02040
Epoch 30/100
Training loss: 1.35052
Validation loss: 2.54646
Epoch 31/100
Training loss: 1.14195
Validation loss: 3.73682
Epoch 32/100
Training loss: 1.17659
Validation loss: 2.82469
Epoch 33/100
Training loss: 1.26692
Validation loss: 6.72059
Epoch 34/100
Training loss: 1.10165
Validation loss: 3.37920
Epoch 35/100
Training loss: 1.12326
Validation loss: 3.96610
Epoch 36/100
Training loss: 1.21498
Validation loss: 3.61266
Epoch 37/100
Training loss: 1.25571
Validation loss: 4.66674
Epoch 38/100
Training loss: 1.05154
Validation loss: 5.49670
Epoch 39/100
Training loss: 1.01369
Validation loss: 6.74143
Epoch 40/100
Training loss: 1.32765
Validation loss: 3.51936
Epoch 41/100
Training loss: 0.93880
Validation loss: 5.68662
Epoch 42/100
Training loss: 1.12076
Validation loss: 8.22242
Epoch 43/100
Training loss: 1.14050
Validation loss: 3.65955
Epoch 44/100
Training loss: 1.07825
Validation loss: 3.35318
Epoch 45/100
Training loss: 0.96312
Validation loss: 4.16135
Epoch 46/100
Training loss: 1.01383
Validation loss: 6.02996
Epoch 47/100
Training loss: 1.21093
Validation loss: 4.28428
Epoch 48/100
Training loss: 1.12602
Validation loss: 4.18098
Epoch 49/100
Training loss: 0.93143
Validation loss: 6.91761
Epoch 50/100
Training loss: 0.88297
Validation loss: 5.31280
Epoch 51/100
Training loss: 0.93482
Validation loss: 3.51991
Epoch 52/100
Training loss: 1.05168
Validation loss: 5.25261
Epoch 53/100
Training loss: 0.82597
Validation loss: 7.09706
Epoch 54/100
Training loss: 1.00133
Validation loss: 5.91297
Epoch 55/100
Training loss: 0.98784
Validation loss: 4.63370
Epoch 56/100
Training loss: 0.86409
Validation loss: 7.51889
Epoch 57/100
Training loss: 0.93273
Validation loss: 5.79415
Epoch 58/100
Training loss: 0.98765
Validation loss: 5.71748
Epoch 59/100
Training loss: 1.60177
Validation loss: 3.04083
Epoch 60/100
Training loss: 0.88332
Validation loss: 3.15858
Epoch 61/100
Training loss: 1.04013
Validation loss: 3.01475
Epoch 62/100
Training loss: 1.05762
Validation loss: 5.16027
Epoch 63/100
Training loss: 1.00682
Validation loss: 7.26809
Epoch 64/100
Training loss: 0.93738
Validation loss: 8.28007
Epoch 65/100
Training loss: 0.96888
Validation loss: 5.26866
Epoch 66/100
Training loss: 0.99664
Validation loss: 5.11506
Epoch 67/100
Training loss: 0.86590
Validation loss: 7.20061
Epoch 68/100
Training loss: 1.06701
Validation loss: 5.42125
Epoch 69/100
Training loss: 0.92121
Validation loss: 5.24413
Epoch 70/100
Training loss: 1.02494
Validation loss: 6.04202
Epoch 71/100
Training loss: 0.88560
Validation loss: 5.57004
Epoch 72/100
Training loss: 0.98165
Validation loss: 6.83423
Epoch 73/100
Training loss: 0.82395
Validation loss: 6.38171
Epoch 74/100
Training loss: 0.82042
Validation loss: 6.44004
Epoch 75/100
Training loss: 0.87986
Validation loss: 6.82856
Epoch 76/100
Training loss: 1.09504
Validation loss: 4.82669
Epoch 77/100
Training loss: 0.80675
Validation loss: 2.84858
Epoch 78/100
Training loss: 1.14353
Validation loss: 3.91609
Epoch 79/100
Training loss: 1.11959
Validation loss: 5.96719
Epoch 80/100
Training loss: 0.90564
Validation loss: 7.53689
Epoch 81/100
Training loss: 0.99167
Validation loss: 9.97054
Epoch 82/100
Training loss: 0.85478
Validation loss: 5.87375
Epoch 83/100
Training loss: 0.98769
Validation loss: 4.69518
Epoch 84/100
Training loss: 0.85355
Validation loss: 5.50032
Epoch 85/100
Training loss: 0.82393
Validation loss: 5.48419
Epoch 86/100
Training loss: 0.80199
Validation loss: 5.82994
Epoch 87/100
Training loss: 0.74767
Validation loss: 7.83726
Epoch 88/100
Training loss: 0.82343
Validation loss: 8.95584
Epoch 89/100
Training loss: 0.92313
Validation loss: 6.87008
Epoch 90/100
Training loss: 0.89696
Validation loss: 13.35454
Epoch 91/100
Training loss: 1.09537
Validation loss: 9.52580
Epoch 92/100
Training loss: 0.78574
Validation loss: 6.01159
Epoch 93/100
Training loss: 0.69250
Validation loss: 5.48184
Epoch 94/100
Training loss: 0.87371
Validation loss: 4.25543
Epoch 95/100
Training loss: 0.99075
Validation loss: 6.48803
Epoch 96/100
Training loss: 1.00997
Validation loss: 4.51293
Epoch 97/100
Training loss: 0.89508
Validation loss: 8.32306
Epoch 98/100
Training loss: 0.89276
Validation loss: 4.16765
Epoch 99/100
Training loss: 0.91388
Validation loss: 8.26029
Epoch 100/100
Training loss: 0.70125
Validation loss: 11.15999
Best model for fold 5 saved from epoch 27 with f1 2.50997
Final training loss: 0.70125
Final test loss: 11.15999
All fold val losses: [3.2695146799087524, 3.5838910341262817, 1.8834591507911682, 4.172515511512756, 2.50997394323349]
Average val loss: 3.08387
