./naturalistic/01_Bird.avi                                   Loaded : (5, 3596, 64, 128, 1)
./naturalistic/02_City.avi                                   Loaded : (5, 3596, 64, 128, 1)
./naturalistic/03_Forest.avi                                 Loaded : (5, 3596, 64, 128, 1)
Video is allocated on memory!
Shape : (3, 3596, 64, 128, 5)
augmented shape : (18, 3596, 64, 128, 5)
augmented shape : (18, 3600)
Fold 1
Model loaded successfully from ./pretrained_model/64_to_256_3layers.ckpt
device : cuda
Model not found at ./model/city_and_forest_co_training_wba_value_8frames/piece_size_1_fix_False_pretrained_True/fold_1/fly_model.ckpt
튜플 파일을 불러오는 중 문제가 발생했습니다 (./model/city_and_forest_co_training_wba_value_8frames/piece_size_1_fix_False_pretrained_True/fold_1): [Errno 2] No such file or directory: './model/city_and_forest_co_training_wba_value_8frames/piece_size_1_fix_False_pretrained_True/fold_1/training_tuples.pkl'
Epoch 1/100
Training loss: 21.31975 || Validation loss: 2.98780
New best model saved at epoch 1 with loss 2.98780
First epoch took 18.62 seconds.
Estimated total program duration: 7.76 hours
Estimated program end time (KST): 2024/11/21 12:21:40
Epoch 2/100
Training loss: 0.91693 || Validation loss: 1.87231
New best model saved at epoch 2 with loss 1.87231
Epoch 3/100
Training loss: 0.38897 || Validation loss: 1.20888
New best model saved at epoch 3 with loss 1.20888
Epoch 4/100
Training loss: 0.23899 || Validation loss: 1.28213
Epoch 5/100
Training loss: 0.17259 || Validation loss: 1.30500
Epoch 6/100
Training loss: 0.13528 || Validation loss: 1.72947
Epoch 7/100
Training loss: 0.09525 || Validation loss: 2.42764
Epoch 8/100
Training loss: 0.06501 || Validation loss: 3.55572
Epoch 9/100
Training loss: 0.03232 || Validation loss: 5.46372
Epoch 10/100
Training loss: 0.01700 || Validation loss: 8.02310
Epoch 11/100
Training loss: 0.00866 || Validation loss: 7.69250
Epoch 12/100
Training loss: 0.00287 || Validation loss: 8.00051
Epoch 13/100
Training loss: 0.00047 || Validation loss: 8.28246
Epoch 14/100
Training loss: 0.00011 || Validation loss: 8.09953
Epoch 15/100
Training loss: 0.00004 || Validation loss: 8.38980
Epoch 16/100
Training loss: 0.00000 || Validation loss: 8.32410
Epoch 17/100
Training loss: 0.00000 || Validation loss: 7.98101
Epoch 18/100
Training loss: 0.00000 || Validation loss: 8.35775
Epoch 19/100
Training loss: 0.00000 || Validation loss: 8.01312
Epoch 20/100
Training loss: 0.00000 || Validation loss: 8.01351
Epoch 21/100
Training loss: 0.00000 || Validation loss: 7.97777
Epoch 22/100
Training loss: 0.00000 || Validation loss: 8.09558
Epoch 23/100
Training loss: 0.00000 || Validation loss: 7.88351
Epoch 24/100
Training loss: 0.00000 || Validation loss: 8.13377
Epoch 25/100
Training loss: 0.00000 || Validation loss: 8.15938
Epoch 26/100
Training loss: 0.00000 || Validation loss: 7.91393
Epoch 27/100
Training loss: 0.00000 || Validation loss: 8.10043
Epoch 28/100
Training loss: 0.00000 || Validation loss: 7.97810
Epoch 29/100
Training loss: 0.00000 || Validation loss: 8.12388
Epoch 30/100
Training loss: 0.00000 || Validation loss: 8.16992
Epoch 31/100
Training loss: 0.00000 || Validation loss: 8.12904
Epoch 32/100
Training loss: 0.00017 || Validation loss: 8.64663
Epoch 33/100
Training loss: 0.00000 || Validation loss: 8.56692
Epoch 34/100
Training loss: 0.00000 || Validation loss: 8.55084
Epoch 35/100
Training loss: 0.00000 || Validation loss: 8.38817
Epoch 36/100
Training loss: 0.00000 || Validation loss: 8.34491
Epoch 37/100
Training loss: 0.00003 || Validation loss: 8.34999
Epoch 38/100
Training loss: 0.00001 || Validation loss: 8.20155
Epoch 39/100
Training loss: 0.00000 || Validation loss: 8.16138
Epoch 40/100
Training loss: 0.02256 || Validation loss: 8.33093
Epoch 41/100
Training loss: 0.00000 || Validation loss: 8.12625
Epoch 42/100
Training loss: 0.00000 || Validation loss: 8.01256
Epoch 43/100
Training loss: 0.00000 || Validation loss: 7.99077
Epoch 44/100
Training loss: 0.00000 || Validation loss: 8.10056
Epoch 45/100
Training loss: 0.00000 || Validation loss: 8.21184
Epoch 46/100
Training loss: 0.00000 || Validation loss: 8.51971
Epoch 47/100
Training loss: 0.00000 || Validation loss: 9.10780
Epoch 48/100
Training loss: 0.00000 || Validation loss: 9.95706
Epoch 49/100
Training loss: 0.00000 || Validation loss: 10.99576
Epoch 50/100
Training loss: 0.00000 || Validation loss: 12.45707
Epoch 51/100
Training loss: 0.00000 || Validation loss: 14.20282
Epoch 52/100
Training loss: 0.00000 || Validation loss: 16.49781
Epoch 53/100
Training loss: 0.00000 || Validation loss: 19.10493
Epoch 54/100
Training loss: 0.00000 || Validation loss: 21.86597
Epoch 55/100
Training loss: 0.00000 || Validation loss: 24.75374
Epoch 56/100
Training loss: 0.00043 || Validation loss: 27.76924
Epoch 57/100
Training loss: 0.00000 || Validation loss: 30.87374
Epoch 58/100
Training loss: 0.00000 || Validation loss: 33.79675
Epoch 59/100
Training loss: 0.00000 || Validation loss: 36.58037
Epoch 60/100
Training loss: 0.00000 || Validation loss: 38.61412
Epoch 61/100
Training loss: 0.00000 || Validation loss: 40.68189
Epoch 62/100
Training loss: 0.00000 || Validation loss: 42.48965
Epoch 63/100
Training loss: 0.00000 || Validation loss: 43.52910
Epoch 64/100
Training loss: 0.00001 || Validation loss: 44.20060
Epoch 65/100
Training loss: 0.00134 || Validation loss: 44.79420
Epoch 66/100
Training loss: 0.00000 || Validation loss: 45.61787
Epoch 67/100
Training loss: 0.00000 || Validation loss: 45.79699
Epoch 68/100
Training loss: 0.00000 || Validation loss: 45.76608
Epoch 69/100
Training loss: 0.00000 || Validation loss: 45.75911
Epoch 70/100
Training loss: 0.00000 || Validation loss: 45.71093
Epoch 71/100
Training loss: 0.00000 || Validation loss: 45.98098
Epoch 72/100
Training loss: 0.00000 || Validation loss: 45.62506
Epoch 73/100
Training loss: 0.00000 || Validation loss: 45.96458
Epoch 74/100
Training loss: 0.00000 || Validation loss: 45.91595
Epoch 75/100
Training loss: 0.00000 || Validation loss: 45.69666
Epoch 76/100
Training loss: 0.00002 || Validation loss: 46.35934
Epoch 77/100
Training loss: 0.00000 || Validation loss: 45.74863
Epoch 78/100
Training loss: 0.00005 || Validation loss: 45.75850
Epoch 79/100
Training loss: 0.00000 || Validation loss: 45.74187
Epoch 80/100
Training loss: 0.00000 || Validation loss: 46.15205
Epoch 81/100
Training loss: 0.00001 || Validation loss: 46.01819
Epoch 82/100
Training loss: 0.00001 || Validation loss: 45.89658
Epoch 83/100
Training loss: 0.00001 || Validation loss: 45.63946
Epoch 84/100
Training loss: 0.00001 || Validation loss: 45.74651
Epoch 85/100
Training loss: 0.00004 || Validation loss: 45.84365
Epoch 86/100
Training loss: 0.00000 || Validation loss: 45.73415
Epoch 87/100
Training loss: 0.00000 || Validation loss: 45.84825
Epoch 88/100
Training loss: 0.00001 || Validation loss: 45.96739
Epoch 89/100
Training loss: 0.00002 || Validation loss: 45.95603
Epoch 90/100
Training loss: 0.00001 || Validation loss: 45.89009
Epoch 91/100
Training loss: 0.00000 || Validation loss: 46.12298
Epoch 92/100
Training loss: 0.00001 || Validation loss: 45.94101
Epoch 93/100
Training loss: 0.00004 || Validation loss: 45.72649
Epoch 94/100
Training loss: 0.00000 || Validation loss: 45.79211
Epoch 95/100
Training loss: 0.00000 || Validation loss: 45.68272
Epoch 96/100
Training loss: 0.00001 || Validation loss: 45.75666
Epoch 97/100
Training loss: 0.00001 || Validation loss: 46.35161
Epoch 98/100
Training loss: 0.00003 || Validation loss: 45.84051
Epoch 99/100
Training loss: 0.00000 || Validation loss: 45.90337
Epoch 100/100
Training loss: 0.00000 || Validation loss: 45.85921
Best model for fold 1 saved from epoch 3 with f1 1.20888
Final training loss: 0.00000 || Final test loss: 45.85921
Fold 2
Model loaded successfully from ./pretrained_model/64_to_256_3layers.ckpt
device : cuda
Model not found at ./model/city_and_forest_co_training_wba_value_8frames/piece_size_1_fix_False_pretrained_True/fold_2/fly_model.ckpt
튜플 파일을 불러오는 중 문제가 발생했습니다 (./model/city_and_forest_co_training_wba_value_8frames/piece_size_1_fix_False_pretrained_True/fold_2): [Errno 2] No such file or directory: './model/city_and_forest_co_training_wba_value_8frames/piece_size_1_fix_False_pretrained_True/fold_2/training_tuples.pkl'
Epoch 1/100
Training loss: 17.36727 || Validation loss: 2.24911
New best model saved at epoch 1 with loss 2.24911
Epoch 2/100
Training loss: 0.81517 || Validation loss: 1.33900
New best model saved at epoch 2 with loss 1.33900
Epoch 3/100
Training loss: 0.34690 || Validation loss: 1.41725
Epoch 4/100
Training loss: 0.21497 || Validation loss: 1.39390
Epoch 5/100
Training loss: 0.16387 || Validation loss: 1.65671
Epoch 6/100
Training loss: 0.12093 || Validation loss: 2.49066
Epoch 7/100
Training loss: 0.08691 || Validation loss: 3.95315
Epoch 8/100
Training loss: 0.06217 || Validation loss: 5.27695
Epoch 9/100
Training loss: 0.04090 || Validation loss: 7.52483
Epoch 10/100
Training loss: 0.02999 || Validation loss: 7.78872
Epoch 11/100
Training loss: 0.02362 || Validation loss: 9.34596
Epoch 12/100
Training loss: 0.00889 || Validation loss: 9.58780
Epoch 13/100
Training loss: 0.00161 || Validation loss: 10.02220
Epoch 14/100
Training loss: 0.00029 || Validation loss: 9.91595
Epoch 15/100
Training loss: 0.00013 || Validation loss: 10.01797
Epoch 16/100
Training loss: 0.00009 || Validation loss: 9.92421
Epoch 17/100
Training loss: 0.00005 || Validation loss: 9.92906
Epoch 18/100
Training loss: 0.00000 || Validation loss: 9.85924
Epoch 19/100
Training loss: 0.00000 || Validation loss: 9.88534
Epoch 20/100
Training loss: 0.00000 || Validation loss: 9.71453
Epoch 21/100
Training loss: 0.00000 || Validation loss: 9.75754
Epoch 22/100
Training loss: 0.00000 || Validation loss: 9.89247
Epoch 23/100
Training loss: 0.00000 || Validation loss: 10.00452
Epoch 24/100
Training loss: 0.00000 || Validation loss: 9.88546
Epoch 25/100
Training loss: 0.00000 || Validation loss: 9.85762
Epoch 26/100
Training loss: 0.00000 || Validation loss: 9.72797
Epoch 27/100
Training loss: 0.00000 || Validation loss: 9.56110
Epoch 28/100
Training loss: 0.00000 || Validation loss: 9.59083
Epoch 29/100
Training loss: 0.00000 || Validation loss: 9.67608
Epoch 30/100
Training loss: 0.00001 || Validation loss: 9.52817
Epoch 31/100
Training loss: 0.00002 || Validation loss: 9.53116
Epoch 32/100
Training loss: 0.00002 || Validation loss: 9.42775
Epoch 33/100
Training loss: 0.00004 || Validation loss: 9.37878
Epoch 34/100
Training loss: 0.00006 || Validation loss: 9.43457
Epoch 35/100
Training loss: 0.00001 || Validation loss: 9.38181
Epoch 36/100
Training loss: 0.00002 || Validation loss: 9.27164
Epoch 37/100
Training loss: 0.00000 || Validation loss: 9.28867
Epoch 38/100
Training loss: 0.10809 || Validation loss: 9.39370
Epoch 39/100
Training loss: 0.00000 || Validation loss: 9.41131
Epoch 40/100
Training loss: 0.00000 || Validation loss: 9.48671
Epoch 41/100
Training loss: 0.00000 || Validation loss: 9.56973
Epoch 42/100
Training loss: 0.00000 || Validation loss: 9.57497
Epoch 43/100
Training loss: 0.00000 || Validation loss: 9.96154
Epoch 44/100
Training loss: 0.00000 || Validation loss: 10.37031
Epoch 45/100
Training loss: 0.00000 || Validation loss: 10.65319
Epoch 46/100
Training loss: 0.00000 || Validation loss: 11.30130
Epoch 47/100
Training loss: 0.00000 || Validation loss: 12.19230
Epoch 48/100
Training loss: 0.00000 || Validation loss: 12.74926
Epoch 49/100
Training loss: 0.00000 || Validation loss: 14.78140
Epoch 50/100
Training loss: 0.00000 || Validation loss: 17.06548
Epoch 51/100
Training loss: 0.00000 || Validation loss: 19.51741
Epoch 52/100
Training loss: 0.00000 || Validation loss: 22.34637
Epoch 53/100
Training loss: 0.00015 || Validation loss: 25.34784
Epoch 54/100
Training loss: 0.00000 || Validation loss: 28.92859
Epoch 55/100
Training loss: 0.00000 || Validation loss: 32.84617
Epoch 56/100
Training loss: 0.00007 || Validation loss: 36.23840
Epoch 57/100
Training loss: 0.00004 || Validation loss: 39.26825
Epoch 58/100
Training loss: 0.00000 || Validation loss: 42.07054
Epoch 59/100
Training loss: 0.00001 || Validation loss: 44.83896
Epoch 60/100
Training loss: 0.00001 || Validation loss: 46.61699
Epoch 61/100
Training loss: 0.00000 || Validation loss: 48.68088
Epoch 62/100
Training loss: 0.00706 || Validation loss: 49.78589
Epoch 63/100
Training loss: 0.00000 || Validation loss: 50.42495
Epoch 64/100
Training loss: 0.00000 || Validation loss: 51.17473
Epoch 65/100
Training loss: 0.00000 || Validation loss: 51.42002
Epoch 66/100
Training loss: 0.00000 || Validation loss: 51.48001
Epoch 67/100
Training loss: 0.00000 || Validation loss: 51.58632
Epoch 68/100
Training loss: 0.00000 || Validation loss: 51.55692
Epoch 69/100
Training loss: 0.00000 || Validation loss: 51.73665
Epoch 70/100
Training loss: 0.00000 || Validation loss: 52.60554
Epoch 71/100
Training loss: 0.00000 || Validation loss: 52.04549
Epoch 72/100
Training loss: 0.00000 || Validation loss: 51.74331
Epoch 73/100
Training loss: 0.00000 || Validation loss: 51.62893
Epoch 74/100
Training loss: 0.00000 || Validation loss: 51.71353
Epoch 75/100
Training loss: 0.00002 || Validation loss: 51.56529
Epoch 76/100
Training loss: 0.00002 || Validation loss: 51.83550
Epoch 77/100
Training loss: 0.00004 || Validation loss: 52.32248
Epoch 78/100
Training loss: 0.00000 || Validation loss: 52.38192
Epoch 79/100
Training loss: 0.00001 || Validation loss: 51.58877
Epoch 80/100
Training loss: 0.00002 || Validation loss: 51.76436
Epoch 81/100
Training loss: 0.00001 || Validation loss: 51.79359
Epoch 82/100
Training loss: 0.00004 || Validation loss: 51.80756
Epoch 83/100
Training loss: 0.00007 || Validation loss: 51.62917
Epoch 84/100
Training loss: 0.00000 || Validation loss: 51.49245
Epoch 85/100
Training loss: 0.00003 || Validation loss: 51.42224
Epoch 86/100
Training loss: 0.00013 || Validation loss: 51.54499
Epoch 87/100
Training loss: 0.00000 || Validation loss: 52.18099
Epoch 88/100
Training loss: 0.00000 || Validation loss: 51.47219
Epoch 89/100
Training loss: 0.00000 || Validation loss: 52.04832
Epoch 90/100
Training loss: 0.00003 || Validation loss: 51.57207
Epoch 91/100
Training loss: 0.00001 || Validation loss: 52.04108
Epoch 92/100
Training loss: 0.00003 || Validation loss: 51.78078
Epoch 93/100
Training loss: 0.00002 || Validation loss: 51.65911
Epoch 94/100
Training loss: 0.00001 || Validation loss: 51.82192
Epoch 95/100
Training loss: 0.00008 || Validation loss: 51.61491
Epoch 96/100
Training loss: 0.00008 || Validation loss: 51.56386
Epoch 97/100
Training loss: 0.00000 || Validation loss: 52.42154
Epoch 98/100
Training loss: 0.00000 || Validation loss: 52.08251
Epoch 99/100
Training loss: 0.00000 || Validation loss: 52.15768
Epoch 100/100
Training loss: 0.00003 || Validation loss: 51.51971
Best model for fold 2 saved from epoch 2 with f1 1.33900
Final training loss: 0.00003 || Final test loss: 51.51971
Fold 3
Model loaded successfully from ./pretrained_model/64_to_256_3layers.ckpt
device : cuda
Model not found at ./model/city_and_forest_co_training_wba_value_8frames/piece_size_1_fix_False_pretrained_True/fold_3/fly_model.ckpt
튜플 파일을 불러오는 중 문제가 발생했습니다 (./model/city_and_forest_co_training_wba_value_8frames/piece_size_1_fix_False_pretrained_True/fold_3): [Errno 2] No such file or directory: './model/city_and_forest_co_training_wba_value_8frames/piece_size_1_fix_False_pretrained_True/fold_3/training_tuples.pkl'
Epoch 1/100
Training loss: 15.73453 || Validation loss: 1.84398
New best model saved at epoch 1 with loss 1.84398
Epoch 2/100
Training loss: 0.79801 || Validation loss: 1.41354
New best model saved at epoch 2 with loss 1.41354
Epoch 3/100
Training loss: 0.31353 || Validation loss: 1.44305
Epoch 4/100
Training loss: 0.17955 || Validation loss: 1.34472
New best model saved at epoch 4 with loss 1.34472
Epoch 5/100
Training loss: 0.14707 || Validation loss: 1.32095
New best model saved at epoch 5 with loss 1.32095
Epoch 6/100
Training loss: 0.12620 || Validation loss: 1.40578
Epoch 7/100
Training loss: 0.10006 || Validation loss: 2.21883
Epoch 8/100
Training loss: 0.07717 || Validation loss: 3.10676
Epoch 9/100
Training loss: 0.05517 || Validation loss: 4.44544
Epoch 10/100
Training loss: 0.03806 || Validation loss: 5.09996
Epoch 11/100
Training loss: 0.01966 || Validation loss: 6.05255
Epoch 12/100
Training loss: 0.01273 || Validation loss: 7.37542
Epoch 13/100
Training loss: 0.00159 || Validation loss: 6.87885
Epoch 14/100
Training loss: 0.00052 || Validation loss: 7.16967
Epoch 15/100
Training loss: 0.00016 || Validation loss: 7.20267
Epoch 16/100
Training loss: 0.00008 || Validation loss: 7.49360
Epoch 17/100
Training loss: 0.00000 || Validation loss: 7.39263
Epoch 18/100
Training loss: 0.00000 || Validation loss: 7.48498
Epoch 19/100
Training loss: 0.00000 || Validation loss: 7.45689
Epoch 20/100
Training loss: 0.00000 || Validation loss: 7.54289
Epoch 21/100
Training loss: 0.00000 || Validation loss: 7.55914
Epoch 22/100
Training loss: 0.00000 || Validation loss: 7.72803
Epoch 23/100
Training loss: 0.00000 || Validation loss: 7.66328
Epoch 24/100
Training loss: 0.00000 || Validation loss: 7.81049
Epoch 25/100
Training loss: 0.00000 || Validation loss: 7.71449
Epoch 26/100
Training loss: 0.00000 || Validation loss: 7.80233
Epoch 27/100
Training loss: 0.00000 || Validation loss: 8.10120
Epoch 28/100
Training loss: 0.00000 || Validation loss: 8.04385
Epoch 29/100
Training loss: 0.00000 || Validation loss: 8.35392
Epoch 30/100
Training loss: 0.00000 || Validation loss: 8.40305
Epoch 31/100
Training loss: 0.00000 || Validation loss: 8.44997
Epoch 32/100
Training loss: 0.00005 || Validation loss: 8.58060
Epoch 33/100
Training loss: 0.00000 || Validation loss: 8.63618
Epoch 34/100
Training loss: 0.00018 || Validation loss: 8.59661
Epoch 35/100
Training loss: 0.00000 || Validation loss: 8.64757
Epoch 36/100
Training loss: 0.00000 || Validation loss: 8.54997
Epoch 37/100
Training loss: 0.00000 || Validation loss: 8.53507
Epoch 38/100
Training loss: 0.00006 || Validation loss: 8.48861
Epoch 39/100
Training loss: 0.00000 || Validation loss: 8.50379
Epoch 40/100
Training loss: 0.03641 || Validation loss: 9.02020
Epoch 41/100
Training loss: 0.00000 || Validation loss: 8.94357
Epoch 42/100
Training loss: 0.00000 || Validation loss: 9.03901
Epoch 43/100
Training loss: 0.00000 || Validation loss: 9.17074
Epoch 44/100
Training loss: 0.00000 || Validation loss: 9.42373
Epoch 45/100
Training loss: 0.00000 || Validation loss: 9.79304
Epoch 46/100
Training loss: 0.00000 || Validation loss: 10.33597
Epoch 47/100
Training loss: 0.00000 || Validation loss: 11.10276
Epoch 48/100
Training loss: 0.00000 || Validation loss: 12.16303
Epoch 49/100
Training loss: 0.00000 || Validation loss: 13.55251
Epoch 50/100
Training loss: 0.00000 || Validation loss: 15.11441
Epoch 51/100
Training loss: 0.00000 || Validation loss: 17.27855
Epoch 52/100
Training loss: 0.00000 || Validation loss: 19.78673
Epoch 53/100
Training loss: 0.00000 || Validation loss: 22.23055
Epoch 54/100
Training loss: 0.00000 || Validation loss: 25.38968
Epoch 55/100
Training loss: 0.00000 || Validation loss: 28.05627
Epoch 56/100
Training loss: 0.00000 || Validation loss: 31.18754
Epoch 57/100
Training loss: 0.00000 || Validation loss: 34.72209
Epoch 58/100
Training loss: 0.00033 || Validation loss: 36.95987
Epoch 59/100
Training loss: 0.00000 || Validation loss: 39.21685
Epoch 60/100
Training loss: 0.00000 || Validation loss: 41.28955
Epoch 61/100
Training loss: 0.00000 || Validation loss: 42.93819
Epoch 62/100
Training loss: 0.00026 || Validation loss: 44.52281
Epoch 63/100
Training loss: 0.00000 || Validation loss: 45.34008
Epoch 64/100
Training loss: 0.00000 || Validation loss: 46.62244
Epoch 65/100
Training loss: 0.00000 || Validation loss: 47.06395
Epoch 66/100
Training loss: 0.00000 || Validation loss: 46.72741
Epoch 67/100
Training loss: 0.00000 || Validation loss: 46.68787
Epoch 68/100
Training loss: 0.00092 || Validation loss: 46.92580
Epoch 69/100
Training loss: 0.00000 || Validation loss: 46.79424
Epoch 70/100
Training loss: 0.00000 || Validation loss: 46.82138
Epoch 71/100
Training loss: 0.00000 || Validation loss: 47.56875
Epoch 72/100
Training loss: 0.00000 || Validation loss: 46.98352
Epoch 73/100
Training loss: 0.00000 || Validation loss: 47.16840
Epoch 74/100
Training loss: 0.00000 || Validation loss: 46.97266
Epoch 75/100
Training loss: 0.00012 || Validation loss: 46.84584
Epoch 76/100
Training loss: 0.00000 || Validation loss: 47.14181
Epoch 77/100
Training loss: 0.00000 || Validation loss: 47.25496
Epoch 78/100
Training loss: 0.00001 || Validation loss: 46.77411
Epoch 79/100
Training loss: 0.00000 || Validation loss: 46.82345
Epoch 80/100
Training loss: 0.00001 || Validation loss: 47.18560
Epoch 81/100
Training loss: 0.00003 || Validation loss: 46.77924
Epoch 82/100
Training loss: 0.00001 || Validation loss: 46.82318
Epoch 83/100
Training loss: 0.00007 || Validation loss: 46.78287
Epoch 84/100
Training loss: 0.00000 || Validation loss: 46.76040
Epoch 85/100
Training loss: 0.00000 || Validation loss: 47.29409
Epoch 86/100
Training loss: 0.00000 || Validation loss: 46.77372
Epoch 87/100
Training loss: 0.00004 || Validation loss: 46.87049
Epoch 88/100
Training loss: 0.00000 || Validation loss: 47.20358
Epoch 89/100
Training loss: 0.00002 || Validation loss: 47.88941
Epoch 90/100
Training loss: 0.00003 || Validation loss: 46.98019
Epoch 91/100
Training loss: 0.00000 || Validation loss: 46.82984
Epoch 92/100
Training loss: 0.00001 || Validation loss: 46.92432
Epoch 93/100
Training loss: 0.00002 || Validation loss: 47.90404
Epoch 94/100
Training loss: 0.00001 || Validation loss: 47.07788
Epoch 95/100
Training loss: 0.00002 || Validation loss: 47.25060
Epoch 96/100
Training loss: 0.00001 || Validation loss: 46.96805
Epoch 97/100
Training loss: 0.00001 || Validation loss: 46.96972
Epoch 98/100
Training loss: 0.00001 || Validation loss: 47.52539
Epoch 99/100
Training loss: 0.00003 || Validation loss: 46.98966
Epoch 100/100
Training loss: 0.00000 || Validation loss: 47.42847
Best model for fold 3 saved from epoch 5 with f1 1.32095
Final training loss: 0.00000 || Final test loss: 47.42847
All fold val losses: [1.2088780375542465, 1.3389963927092376, 1.3209541417934276]
Average val loss: 1.28961
Fold 1
Model loaded successfully from ./pretrained_model/64_to_256_3layers.ckpt
device : cuda
Model not found at ./model/city_and_forest_co_training_wba_value_8frames/piece_size_5_fix_False_pretrained_True/fold_1/fly_model.ckpt
튜플 파일을 불러오는 중 문제가 발생했습니다 (./model/city_and_forest_co_training_wba_value_8frames/piece_size_5_fix_False_pretrained_True/fold_1): [Errno 2] No such file or directory: './model/city_and_forest_co_training_wba_value_8frames/piece_size_5_fix_False_pretrained_True/fold_1/training_tuples.pkl'
Epoch 1/100
Training loss: 15.13709 || Validation loss: 2.61348
New best model saved at epoch 1 with loss 2.61348
Epoch 2/100
Training loss: 0.72563 || Validation loss: 2.55912
New best model saved at epoch 2 with loss 2.55912
Epoch 3/100
Training loss: 0.30054 || Validation loss: 2.33485
New best model saved at epoch 3 with loss 2.33485
Epoch 4/100
Training loss: 0.20732 || Validation loss: 2.17410
New best model saved at epoch 4 with loss 2.17410
Epoch 5/100
Training loss: 0.15641 || Validation loss: 2.24819
Epoch 6/100
Training loss: 0.14524 || Validation loss: 2.41519
Epoch 7/100
Training loss: 0.10456 || Validation loss: 2.93142
Epoch 8/100
Training loss: 0.06341 || Validation loss: 4.04488
Epoch 9/100
Training loss: 0.03191 || Validation loss: 5.70632
Epoch 10/100
Training loss: 0.01409 || Validation loss: 6.80651
Epoch 11/100
Training loss: 0.00454 || Validation loss: 7.46570
Epoch 12/100
Training loss: 0.00202 || Validation loss: 7.85953
Epoch 13/100
Training loss: 0.00084 || Validation loss: 7.81156
Epoch 14/100
Training loss: 0.00031 || Validation loss: 8.31269
Epoch 15/100
Training loss: 0.00004 || Validation loss: 8.36579
Epoch 16/100
Training loss: 0.00000 || Validation loss: 8.29923
Epoch 17/100
Training loss: 0.00000 || Validation loss: 8.38232
Epoch 18/100
Training loss: 0.00000 || Validation loss: 8.48454
Epoch 19/100
Training loss: 0.00000 || Validation loss: 8.17804
Epoch 20/100
Training loss: 0.00000 || Validation loss: 8.45479
Epoch 21/100
Training loss: 0.00000 || Validation loss: 8.38669
Epoch 22/100
Training loss: 0.00000 || Validation loss: 8.44573
Epoch 23/100
Training loss: 0.00000 || Validation loss: 8.39324
Epoch 24/100
Training loss: 0.00000 || Validation loss: 8.45412
Epoch 25/100
Training loss: 0.00000 || Validation loss: 8.52359
Epoch 26/100
Training loss: 0.00000 || Validation loss: 8.55846
Epoch 27/100
Training loss: 0.00000 || Validation loss: 8.47307
Epoch 28/100
Training loss: 0.00000 || Validation loss: 8.58787
Epoch 29/100
Training loss: 0.00000 || Validation loss: 8.65648
Epoch 30/100
Training loss: 0.00000 || Validation loss: 8.82087
Epoch 31/100
Training loss: 0.00018 || Validation loss: 8.86606
Epoch 32/100
Training loss: 0.00000 || Validation loss: 8.74249
Epoch 33/100
Training loss: 0.00000 || Validation loss: 8.78666
Epoch 34/100
Training loss: 0.00000 || Validation loss: 8.82097
Epoch 35/100
Training loss: 0.00001 || Validation loss: 8.81205
Epoch 36/100
Training loss: 0.03615 || Validation loss: 9.38895
Epoch 37/100
Training loss: 0.00000 || Validation loss: 9.28705
Epoch 38/100
Training loss: 0.00000 || Validation loss: 9.18175
Epoch 39/100
Training loss: 0.00000 || Validation loss: 9.08774
Epoch 40/100
Training loss: 0.00000 || Validation loss: 9.01508
Epoch 41/100
Training loss: 0.00000 || Validation loss: 8.97543
Epoch 42/100
Training loss: 0.00000 || Validation loss: 8.99069
Epoch 43/100
Training loss: 0.00000 || Validation loss: 9.06124
Epoch 44/100
Training loss: 0.00000 || Validation loss: 9.20572
Epoch 45/100
Training loss: 0.00000 || Validation loss: 9.53313
Epoch 46/100
Training loss: 0.00000 || Validation loss: 10.10731
Epoch 47/100
Training loss: 0.00000 || Validation loss: 10.99148
Epoch 48/100
Training loss: 0.00000 || Validation loss: 12.20128
Epoch 49/100
Training loss: 0.00000 || Validation loss: 13.76728
Epoch 50/100
Training loss: 0.00000 || Validation loss: 15.65692
Epoch 51/100
Training loss: 0.00000 || Validation loss: 17.89021
Epoch 52/100
Training loss: 0.00000 || Validation loss: 20.44689
Epoch 53/100
Training loss: 0.00000 || Validation loss: 23.28213
Epoch 54/100
Training loss: 0.00092 || Validation loss: 26.29352
Epoch 55/100
Training loss: 0.00000 || Validation loss: 29.34612
Epoch 56/100
Training loss: 0.00000 || Validation loss: 32.32628
Epoch 57/100
Training loss: 0.00000 || Validation loss: 35.13730
Epoch 58/100
Training loss: 0.00000 || Validation loss: 37.68221
Epoch 59/100
Training loss: 0.00000 || Validation loss: 39.89631
Epoch 60/100
Training loss: 0.00000 || Validation loss: 41.74385
Epoch 61/100
Training loss: 0.00000 || Validation loss: 43.21122
Epoch 62/100
Training loss: 0.00000 || Validation loss: 44.33380
Epoch 63/100
Training loss: 0.00002 || Validation loss: 45.13268
Epoch 64/100
Training loss: 0.00000 || Validation loss: 45.63871
Epoch 65/100
Training loss: 0.00650 || Validation loss: 45.98303
Epoch 66/100
Training loss: 0.00000 || Validation loss: 46.15576
Epoch 67/100
Training loss: 0.00000 || Validation loss: 46.23861
Epoch 68/100
Training loss: 0.00000 || Validation loss: 46.27556
Epoch 69/100
Training loss: 0.00000 || Validation loss: 46.28968
Epoch 70/100
Training loss: 0.00000 || Validation loss: 46.29425
Epoch 71/100
Training loss: 0.00000 || Validation loss: 46.30053
Epoch 72/100
Training loss: 0.00000 || Validation loss: 46.31538
Epoch 73/100
Training loss: 0.00000 || Validation loss: 46.31569
Epoch 74/100
Training loss: 0.00000 || Validation loss: 46.31498
Epoch 75/100
Training loss: 0.00000 || Validation loss: 46.32255
Epoch 76/100
Training loss: 0.00000 || Validation loss: 46.32364
Epoch 77/100
Training loss: 0.00000 || Validation loss: 46.33529
Epoch 78/100
Training loss: 0.00007 || Validation loss: 46.32681
Epoch 79/100
Training loss: 0.00000 || Validation loss: 46.33827
Epoch 80/100
Training loss: 0.00000 || Validation loss: 46.34145
Epoch 81/100
Training loss: 0.00007 || Validation loss: 46.04157
Epoch 82/100
Training loss: 0.00004 || Validation loss: 46.35837
Epoch 83/100
Training loss: 0.00000 || Validation loss: 46.36073
Epoch 84/100
Training loss: 0.00000 || Validation loss: 46.36457
Epoch 85/100
Training loss: 0.00005 || Validation loss: 46.36792
Epoch 86/100
Training loss: 0.00000 || Validation loss: 46.37303
Epoch 87/100
Training loss: 0.00000 || Validation loss: 46.37580
Epoch 88/100
Training loss: 0.00001 || Validation loss: 46.35666
Epoch 89/100
Training loss: 0.00003 || Validation loss: 46.39462
Epoch 90/100
Training loss: 0.00000 || Validation loss: 46.39025
Epoch 91/100
Training loss: 0.00001 || Validation loss: 46.41539
Epoch 92/100
Training loss: 0.00008 || Validation loss: 46.47632
Epoch 93/100
Training loss: 0.00000 || Validation loss: 46.42287
Epoch 94/100
Training loss: 0.00000 || Validation loss: 46.42764
Epoch 95/100
Training loss: 0.00000 || Validation loss: 46.43384
Epoch 96/100
Training loss: 0.00001 || Validation loss: 46.44014
Epoch 97/100
Training loss: 0.00001 || Validation loss: 46.44734
Epoch 98/100
Training loss: 0.00003 || Validation loss: 46.45382
Epoch 99/100
Training loss: 0.00000 || Validation loss: 46.46001
Epoch 100/100
Training loss: 0.00001 || Validation loss: 46.47335
Best model for fold 1 saved from epoch 4 with f1 2.17410
Final training loss: 0.00001 || Final test loss: 46.47335
Fold 2
Model loaded successfully from ./pretrained_model/64_to_256_3layers.ckpt
device : cuda
Model not found at ./model/city_and_forest_co_training_wba_value_8frames/piece_size_5_fix_False_pretrained_True/fold_2/fly_model.ckpt
튜플 파일을 불러오는 중 문제가 발생했습니다 (./model/city_and_forest_co_training_wba_value_8frames/piece_size_5_fix_False_pretrained_True/fold_2): [Errno 2] No such file or directory: './model/city_and_forest_co_training_wba_value_8frames/piece_size_5_fix_False_pretrained_True/fold_2/training_tuples.pkl'
Epoch 1/100
Training loss: 15.61660 || Validation loss: 2.19532
New best model saved at epoch 1 with loss 2.19532
Epoch 2/100
Training loss: 0.70696 || Validation loss: 1.55129
New best model saved at epoch 2 with loss 1.55129
Epoch 3/100
Training loss: 0.32868 || Validation loss: 1.57049
Epoch 4/100
Training loss: 0.22908 || Validation loss: 1.40755
New best model saved at epoch 4 with loss 1.40755
Epoch 5/100
Training loss: 0.18002 || Validation loss: 1.58044
Epoch 6/100
Training loss: 0.14154 || Validation loss: 1.75424
Epoch 7/100
Training loss: 0.08920 || Validation loss: 2.31780
Epoch 8/100
Training loss: 0.04412 || Validation loss: 3.12410
Epoch 9/100
Training loss: 0.01432 || Validation loss: 4.55107
Epoch 10/100
Training loss: 0.00611 || Validation loss: 5.42002
Epoch 11/100
Training loss: 0.00472 || Validation loss: 4.99754
Epoch 12/100
Training loss: 0.00303 || Validation loss: 5.10932
Epoch 13/100
Training loss: 0.00035 || Validation loss: 5.41153
Epoch 14/100
Training loss: 0.00015 || Validation loss: 5.41237
Epoch 15/100
Training loss: 0.00010 || Validation loss: 5.57275
Epoch 16/100
Training loss: 0.00000 || Validation loss: 5.69109
Epoch 17/100
Training loss: 0.00000 || Validation loss: 5.60146
Epoch 18/100
Training loss: 0.00000 || Validation loss: 5.57355
Epoch 19/100
Training loss: 0.00000 || Validation loss: 5.52201
Epoch 20/100
Training loss: 0.00000 || Validation loss: 5.48343
Epoch 21/100
Training loss: 0.00000 || Validation loss: 5.56041
Epoch 22/100
Training loss: 0.00000 || Validation loss: 5.58405
Epoch 23/100
Training loss: 0.00000 || Validation loss: 5.50790
Epoch 24/100
Training loss: 0.00000 || Validation loss: 5.58216
Epoch 25/100
Training loss: 0.00000 || Validation loss: 5.77699
Epoch 26/100
Training loss: 0.00000 || Validation loss: 5.74406
Epoch 27/100
Training loss: 0.00000 || Validation loss: 5.88017
Epoch 28/100
Training loss: 0.00000 || Validation loss: 5.80055
Epoch 29/100
Training loss: 0.00000 || Validation loss: 5.87828
Epoch 30/100
Training loss: 0.00000 || Validation loss: 6.02522
Epoch 31/100
Training loss: 0.00019 || Validation loss: 6.60085
Epoch 32/100
Training loss: 0.00000 || Validation loss: 6.65109
Epoch 33/100
Training loss: 0.00000 || Validation loss: 6.61322
Epoch 34/100
Training loss: 0.00000 || Validation loss: 6.59104
Epoch 35/100
Training loss: 0.00000 || Validation loss: 6.56836
Epoch 36/100
Training loss: 0.00001 || Validation loss: 6.54015
Epoch 37/100
Training loss: 0.00622 || Validation loss: 6.30138
Epoch 38/100
Training loss: 0.07101 || Validation loss: 6.97389
Epoch 39/100
Training loss: 0.00000 || Validation loss: 6.88359
Epoch 40/100
Training loss: 0.00000 || Validation loss: 6.85930
Epoch 41/100
Training loss: 0.00000 || Validation loss: 6.88649
Epoch 42/100
Training loss: 0.00000 || Validation loss: 7.02807
Epoch 43/100
Training loss: 0.00000 || Validation loss: 7.30428
Epoch 44/100
Training loss: 0.00000 || Validation loss: 7.78925
Epoch 45/100
Training loss: 0.00000 || Validation loss: 8.63015
Epoch 46/100
Training loss: 0.00000 || Validation loss: 9.56848
Epoch 47/100
Training loss: 0.00000 || Validation loss: 10.87635
Epoch 48/100
Training loss: 0.00003 || Validation loss: 12.53501
Epoch 49/100
Training loss: 0.00000 || Validation loss: 14.77112
Epoch 50/100
Training loss: 0.00000 || Validation loss: 17.37208
Epoch 51/100
Training loss: 0.00000 || Validation loss: 20.37171
Epoch 52/100
Training loss: 0.00000 || Validation loss: 23.91494
Epoch 53/100
Training loss: 0.00000 || Validation loss: 27.73118
Epoch 54/100
Training loss: 0.00000 || Validation loss: 31.88218
Epoch 55/100
Training loss: 0.00000 || Validation loss: 36.05994
Epoch 56/100
Training loss: 0.00000 || Validation loss: 40.11301
Epoch 57/100
Training loss: 0.00248 || Validation loss: 43.43601
Epoch 58/100
Training loss: 0.00000 || Validation loss: 46.98681
Epoch 59/100
Training loss: 0.00000 || Validation loss: 50.12614
Epoch 60/100
Training loss: 0.00000 || Validation loss: 52.77488
Epoch 61/100
Training loss: 0.00000 || Validation loss: 54.96492
Epoch 62/100
Training loss: 0.00000 || Validation loss: 56.60845
Epoch 63/100
Training loss: 0.00000 || Validation loss: 57.69486
Epoch 64/100
Training loss: 0.00000 || Validation loss: 58.44361
Epoch 65/100
Training loss: 0.00000 || Validation loss: 58.81670
Epoch 66/100
Training loss: 0.00212 || Validation loss: 59.07019
Epoch 67/100
Training loss: 0.00000 || Validation loss: 59.18573
Epoch 68/100
Training loss: 0.00000 || Validation loss: 59.23548
Epoch 69/100
Training loss: 0.00000 || Validation loss: 59.25501
Epoch 70/100
Training loss: 0.00000 || Validation loss: 59.26235
Epoch 71/100
Training loss: 0.00000 || Validation loss: 59.26677
Epoch 72/100
Training loss: 0.00000 || Validation loss: 59.27092
Epoch 73/100
Training loss: 0.00000 || Validation loss: 59.27580
Epoch 74/100
Training loss: 0.00000 || Validation loss: 59.28118
Epoch 75/100
Training loss: 0.00000 || Validation loss: 59.28732
Epoch 76/100
Training loss: 0.00000 || Validation loss: 59.29425
Epoch 77/100
Training loss: 0.00000 || Validation loss: 59.30181
Epoch 78/100
Training loss: 0.00002 || Validation loss: 59.30978
Epoch 79/100
Training loss: 0.00001 || Validation loss: 59.32410
Epoch 80/100
Training loss: 0.00001 || Validation loss: 59.32472
Epoch 81/100
Training loss: 0.00003 || Validation loss: 59.33178
Epoch 82/100
Training loss: 0.00001 || Validation loss: 59.33214
Epoch 83/100
Training loss: 0.00001 || Validation loss: 59.31392
Epoch 84/100
Training loss: 0.00012 || Validation loss: 59.34967
Epoch 85/100
Training loss: 0.00001 || Validation loss: 59.35384
Epoch 86/100
Training loss: 0.00001 || Validation loss: 59.35830
Epoch 87/100
Training loss: 0.00000 || Validation loss: 59.36293
Epoch 88/100
Training loss: 0.00004 || Validation loss: 59.36659
Epoch 89/100
Training loss: 0.00000 || Validation loss: 59.36975
Epoch 90/100
Training loss: 0.00001 || Validation loss: 59.37725
Epoch 91/100
Training loss: 0.00001 || Validation loss: 59.39181
Epoch 92/100
Training loss: 0.00007 || Validation loss: 59.38523
Epoch 93/100
Training loss: 0.00000 || Validation loss: 59.39005
Epoch 94/100
Training loss: 0.00001 || Validation loss: 59.39401
Epoch 95/100
Training loss: 0.00000 || Validation loss: 59.39934
Epoch 96/100
Training loss: 0.00003 || Validation loss: 59.37869
Epoch 97/100
Training loss: 0.00001 || Validation loss: 59.40581
Epoch 98/100
Training loss: 0.00000 || Validation loss: 59.40948
Epoch 99/100
Training loss: 0.00001 || Validation loss: 59.40286
Epoch 100/100
Training loss: 0.00001 || Validation loss: 59.41143
Best model for fold 2 saved from epoch 4 with f1 1.40755
Final training loss: 0.00001 || Final test loss: 59.41143
Fold 3
Model loaded successfully from ./pretrained_model/64_to_256_3layers.ckpt
device : cuda
Model not found at ./model/city_and_forest_co_training_wba_value_8frames/piece_size_5_fix_False_pretrained_True/fold_3/fly_model.ckpt
튜플 파일을 불러오는 중 문제가 발생했습니다 (./model/city_and_forest_co_training_wba_value_8frames/piece_size_5_fix_False_pretrained_True/fold_3): [Errno 2] No such file or directory: './model/city_and_forest_co_training_wba_value_8frames/piece_size_5_fix_False_pretrained_True/fold_3/training_tuples.pkl'
Epoch 1/100
Training loss: 14.97180 || Validation loss: 2.69749
New best model saved at epoch 1 with loss 2.69749
Epoch 2/100
Training loss: 0.69398 || Validation loss: 2.06118
New best model saved at epoch 2 with loss 2.06118
Epoch 3/100
Training loss: 0.30227 || Validation loss: 1.99480
New best model saved at epoch 3 with loss 1.99480
Epoch 4/100
Training loss: 0.22850 || Validation loss: 1.94826
New best model saved at epoch 4 with loss 1.94826
Epoch 5/100
Training loss: 0.17069 || Validation loss: 1.81635
New best model saved at epoch 5 with loss 1.81635
Epoch 6/100
Training loss: 0.15064 || Validation loss: 2.12119
Epoch 7/100
Training loss: 0.11193 || Validation loss: 2.77298
Epoch 8/100
Training loss: 0.05796 || Validation loss: 5.22624
Epoch 9/100
Training loss: 0.02305 || Validation loss: 7.98751
Epoch 10/100
Training loss: 0.01690 || Validation loss: 9.58455
Epoch 11/100
Training loss: 0.00762 || Validation loss: 9.77451
Epoch 12/100
Training loss: 0.00700 || Validation loss: 9.72821
Epoch 13/100
Training loss: 0.00173 || Validation loss: 9.95251
Epoch 14/100
Training loss: 0.00101 || Validation loss: 10.04642
Epoch 15/100
Training loss: 0.00025 || Validation loss: 10.33949
Epoch 16/100
Training loss: 0.00007 || Validation loss: 10.35901
Epoch 17/100
Training loss: 0.00000 || Validation loss: 10.31465
Epoch 18/100
Training loss: 0.00000 || Validation loss: 10.23906
Epoch 19/100
Training loss: 0.00000 || Validation loss: 10.44085
Epoch 20/100
Training loss: 0.00000 || Validation loss: 10.01093
Epoch 21/100
Training loss: 0.00000 || Validation loss: 10.02833
Epoch 22/100
Training loss: 0.00000 || Validation loss: 9.98575
Epoch 23/100
Training loss: 0.00000 || Validation loss: 9.77160
Epoch 24/100
Training loss: 0.00000 || Validation loss: 9.86409
Epoch 25/100
Training loss: 0.00000 || Validation loss: 9.70473
Epoch 26/100
Training loss: 0.00000 || Validation loss: 9.67180
Epoch 27/100
Training loss: 0.00000 || Validation loss: 9.51280
Epoch 28/100
Training loss: 0.00000 || Validation loss: 9.52555
Epoch 29/100
Training loss: 0.00000 || Validation loss: 9.46272
Epoch 30/100
Training loss: 0.00000 || Validation loss: 9.54283
Epoch 31/100
Training loss: 0.00003 || Validation loss: 9.38737
Epoch 32/100
Training loss: 0.00000 || Validation loss: 9.44641
Epoch 33/100
Training loss: 0.00001 || Validation loss: 9.42293
Epoch 34/100
Training loss: 0.19073 || Validation loss: 10.15391
Epoch 35/100
Training loss: 0.00002 || Validation loss: 10.11646
Epoch 36/100
Training loss: 0.00001 || Validation loss: 10.05312
Epoch 37/100
Training loss: 0.00000 || Validation loss: 10.00259
Epoch 38/100
Training loss: 0.00000 || Validation loss: 9.95614
Epoch 39/100
Training loss: 0.00000 || Validation loss: 9.92590
Epoch 40/100
Training loss: 0.00000 || Validation loss: 9.91546
Epoch 41/100
Training loss: 0.00000 || Validation loss: 9.93856
Epoch 42/100
Training loss: 0.00000 || Validation loss: 10.02307
Epoch 43/100
Training loss: 0.00000 || Validation loss: 10.19407
Epoch 44/100
Training loss: 0.00000 || Validation loss: 10.47359
Epoch 45/100
Training loss: 0.00000 || Validation loss: 10.92877
Epoch 46/100
Training loss: 0.00000 || Validation loss: 11.58487
Epoch 47/100
Training loss: 0.00000 || Validation loss: 12.49631
Epoch 48/100
Training loss: 0.00000 || Validation loss: 13.70053
Epoch 49/100
Training loss: 0.00003 || Validation loss: 15.23470
Epoch 50/100
Training loss: 0.00000 || Validation loss: 17.12910
Epoch 51/100
Training loss: 0.00000 || Validation loss: 19.36867
Epoch 52/100
Training loss: 0.00000 || Validation loss: 21.91631
Epoch 53/100
Training loss: 0.00000 || Validation loss: 24.71867
Epoch 54/100
Training loss: 0.00000 || Validation loss: 27.54968
Epoch 55/100
Training loss: 0.00000 || Validation loss: 30.43755
Epoch 56/100
Training loss: 0.00007 || Validation loss: 33.05576
Epoch 57/100
Training loss: 0.00001 || Validation loss: 35.81690
Epoch 58/100
Training loss: 0.00000 || Validation loss: 37.78593
Epoch 59/100
Training loss: 0.00443 || Validation loss: 39.19185
Epoch 60/100
Training loss: 0.00000 || Validation loss: 40.43204
Epoch 61/100
Training loss: 0.00000 || Validation loss: 41.30574
Epoch 62/100
Training loss: 0.00000 || Validation loss: 41.88554
Epoch 63/100
Training loss: 0.00000 || Validation loss: 42.24211
Epoch 64/100
Training loss: 0.00000 || Validation loss: 42.43884
Epoch 65/100
Training loss: 0.00000 || Validation loss: 42.53850
Epoch 66/100
Training loss: 0.00000 || Validation loss: 42.58296
Epoch 67/100
Training loss: 0.00000 || Validation loss: 42.59887
Epoch 68/100
Training loss: 0.00001 || Validation loss: 42.60341
Epoch 69/100
Training loss: 0.00000 || Validation loss: 42.60362
Epoch 70/100
Training loss: 0.00000 || Validation loss: 42.60143
Epoch 71/100
Training loss: 0.00000 || Validation loss: 42.58933
Epoch 72/100
Training loss: 0.00067 || Validation loss: 42.59274
Epoch 73/100
Training loss: 0.00000 || Validation loss: 42.59406
Epoch 74/100
Training loss: 0.00000 || Validation loss: 42.59215
Epoch 75/100
Training loss: 0.00000 || Validation loss: 42.59141
Epoch 76/100
Training loss: 0.00000 || Validation loss: 42.59009
Epoch 77/100
Training loss: 0.00000 || Validation loss: 42.58931
Epoch 78/100
Training loss: 0.00000 || Validation loss: 42.58745
Epoch 79/100
Training loss: 0.00001 || Validation loss: 42.58592
Epoch 80/100
Training loss: 0.00001 || Validation loss: 42.58398
Epoch 81/100
Training loss: 0.00008 || Validation loss: 42.57894
Epoch 82/100
Training loss: 0.00000 || Validation loss: 42.57899
Epoch 83/100
Training loss: 0.00000 || Validation loss: 42.57868
Epoch 84/100
Training loss: 0.00001 || Validation loss: 42.54191
Epoch 85/100
Training loss: 0.00001 || Validation loss: 42.59804
Epoch 86/100
Training loss: 0.00001 || Validation loss: 42.57422
Epoch 87/100
Training loss: 0.00001 || Validation loss: 42.55505
Epoch 88/100
Training loss: 0.00001 || Validation loss: 42.56991
Epoch 89/100
Training loss: 0.00001 || Validation loss: 42.86444
Epoch 90/100
Training loss: 0.00006 || Validation loss: 42.56377
Epoch 91/100
Training loss: 0.00000 || Validation loss: 42.56278
Epoch 92/100
Training loss: 0.00000 || Validation loss: 42.55421
Epoch 93/100
Training loss: 0.00001 || Validation loss: 42.54767
Epoch 94/100
Training loss: 0.00002 || Validation loss: 42.55439
Epoch 95/100
Training loss: 0.00001 || Validation loss: 42.48552
Epoch 96/100
Training loss: 0.00001 || Validation loss: 42.55375
Epoch 97/100
Training loss: 0.00002 || Validation loss: 42.55093
Epoch 98/100
Training loss: 0.00001 || Validation loss: 42.57011
Epoch 99/100
Training loss: 0.00000 || Validation loss: 42.54822
Epoch 100/100
Training loss: 0.00002 || Validation loss: 42.54646
Best model for fold 3 saved from epoch 5 with f1 1.81635
Final training loss: 0.00002 || Final test loss: 42.54646
All fold val losses: [2.1741003531676073, 1.4075489869484534, 1.8163509575220256]
Average val loss: 1.79933
Fold 1
Model loaded successfully from ./pretrained_model/64_to_256_3layers.ckpt
device : cuda
Model not found at ./model/city_and_forest_co_training_wba_value_8frames/piece_size_10_fix_False_pretrained_True/fold_1/fly_model.ckpt
튜플 파일을 불러오는 중 문제가 발생했습니다 (./model/city_and_forest_co_training_wba_value_8frames/piece_size_10_fix_False_pretrained_True/fold_1): [Errno 2] No such file or directory: './model/city_and_forest_co_training_wba_value_8frames/piece_size_10_fix_False_pretrained_True/fold_1/training_tuples.pkl'
Epoch 1/100
Training loss: 16.87722 || Validation loss: 3.11589
New best model saved at epoch 1 with loss 3.11589
Epoch 2/100
Training loss: 0.66476 || Validation loss: 2.17442
New best model saved at epoch 2 with loss 2.17442
Epoch 3/100
Training loss: 0.29126 || Validation loss: 2.04038
New best model saved at epoch 3 with loss 2.04038
Epoch 4/100
Training loss: 0.19752 || Validation loss: 1.95697
New best model saved at epoch 4 with loss 1.95697
Epoch 5/100
Training loss: 0.17162 || Validation loss: 2.07868
Epoch 6/100
Training loss: 0.14688 || Validation loss: 2.84636
Epoch 7/100
Training loss: 0.10369 || Validation loss: 3.87869
Epoch 8/100
Training loss: 0.06884 || Validation loss: 5.12000
Epoch 9/100
Training loss: 0.03491 || Validation loss: 7.70700
Epoch 10/100
Training loss: 0.01531 || Validation loss: 9.31238
Epoch 11/100
Training loss: 0.01109 || Validation loss: 9.68064
Epoch 12/100
Training loss: 0.00389 || Validation loss: 9.50390
Epoch 13/100
Training loss: 0.00082 || Validation loss: 10.46841
Epoch 14/100
Training loss: 0.00017 || Validation loss: 10.20706
Epoch 15/100
Training loss: 0.00007 || Validation loss: 10.57726
Epoch 16/100
Training loss: 0.00001 || Validation loss: 10.36020
Epoch 17/100
Training loss: 0.00000 || Validation loss: 10.39083
Epoch 18/100
Training loss: 0.00000 || Validation loss: 10.35267
Epoch 19/100
Training loss: 0.00000 || Validation loss: 10.38121
Epoch 20/100
Training loss: 0.00000 || Validation loss: 10.26492
Epoch 21/100
Training loss: 0.00000 || Validation loss: 10.50003
Epoch 22/100
Training loss: 0.00000 || Validation loss: 10.45954
Epoch 23/100
Training loss: 0.00000 || Validation loss: 10.36683
Epoch 24/100
Training loss: 0.00000 || Validation loss: 10.22092
Epoch 25/100
Training loss: 0.00000 || Validation loss: 10.20733
Epoch 26/100
Training loss: 0.00000 || Validation loss: 10.29845
Epoch 27/100
Training loss: 0.00000 || Validation loss: 10.19560
Epoch 28/100
Training loss: 0.00000 || Validation loss: 10.15171
Epoch 29/100
Training loss: 0.00000 || Validation loss: 10.13071
Epoch 30/100
Training loss: 0.00000 || Validation loss: 9.86340
Epoch 31/100
Training loss: 0.00001 || Validation loss: 9.93548
Epoch 32/100
Training loss: 0.10736 || Validation loss: 9.91505
Epoch 33/100
Training loss: 0.00000 || Validation loss: 9.81562
Epoch 34/100
Training loss: 0.00000 || Validation loss: 9.78174
Epoch 35/100
Training loss: 0.00000 || Validation loss: 9.73679
Epoch 36/100
Training loss: 0.00000 || Validation loss: 9.69519
Epoch 37/100
Training loss: 0.00000 || Validation loss: 9.65153
Epoch 38/100
Training loss: 0.00000 || Validation loss: 9.62264
Epoch 39/100
Training loss: 0.00000 || Validation loss: 9.60463
Epoch 40/100
Training loss: 0.00000 || Validation loss: 9.57472
Epoch 41/100
Training loss: 0.00000 || Validation loss: 9.61952
Epoch 42/100
Training loss: 0.00000 || Validation loss: 9.65213
Epoch 43/100
Training loss: 0.00000 || Validation loss: 9.75103
Epoch 44/100
Training loss: 0.00000 || Validation loss: 9.94800
Epoch 45/100
Training loss: 0.00000 || Validation loss: 10.26642
Epoch 46/100
Training loss: 0.00000 || Validation loss: 10.72121
Epoch 47/100
Training loss: 0.00000 || Validation loss: 11.33816
Epoch 48/100
Training loss: 0.00067 || Validation loss: 12.31735
Epoch 49/100
Training loss: 0.00000 || Validation loss: 13.49071
Epoch 50/100
Training loss: 0.00000 || Validation loss: 14.90101
Epoch 51/100
Training loss: 0.00000 || Validation loss: 16.58267
Epoch 52/100
Training loss: 0.00000 || Validation loss: 18.50748
Epoch 53/100
Training loss: 0.00000 || Validation loss: 20.62501
Epoch 54/100
Training loss: 0.00000 || Validation loss: 22.85885
Epoch 55/100
Training loss: 0.00000 || Validation loss: 25.13135
Epoch 56/100
Training loss: 0.00000 || Validation loss: 27.27202
Epoch 57/100
Training loss: 0.00479 || Validation loss: 29.40705
Epoch 58/100
Training loss: 0.00008 || Validation loss: 31.25862
Epoch 59/100
Training loss: 0.00000 || Validation loss: 32.79560
Epoch 60/100
Training loss: 0.00000 || Validation loss: 34.04156
Epoch 61/100
Training loss: 0.00000 || Validation loss: 35.00426
Epoch 62/100
Training loss: 0.00000 || Validation loss: 35.70911
Epoch 63/100
Training loss: 0.00000 || Validation loss: 36.19492
Epoch 64/100
Training loss: 0.00000 || Validation loss: 36.51064
Epoch 65/100
Training loss: 0.00000 || Validation loss: 36.69748
Epoch 66/100
Training loss: 0.00000 || Validation loss: 36.79842
Epoch 67/100
Training loss: 0.00000 || Validation loss: 36.84637
Epoch 68/100
Training loss: 0.00000 || Validation loss: 36.86368
Epoch 69/100
Training loss: 0.00000 || Validation loss: 36.86925
Epoch 70/100
Training loss: 0.00001 || Validation loss: 36.87153
Epoch 71/100
Training loss: 0.00002 || Validation loss: 36.86991
Epoch 72/100
Training loss: 0.00000 || Validation loss: 36.86302
Epoch 73/100
Training loss: 0.00010 || Validation loss: 36.86454
Epoch 74/100
Training loss: 0.00000 || Validation loss: 36.86212
Epoch 75/100
Training loss: 0.00000 || Validation loss: 36.85899
Epoch 76/100
Training loss: 0.00001 || Validation loss: 36.85452
Epoch 77/100
Training loss: 0.00001 || Validation loss: 36.85256
Epoch 78/100
Training loss: 0.00005 || Validation loss: 36.84927
Epoch 79/100
Training loss: 0.00008 || Validation loss: 36.84786
Epoch 80/100
Training loss: 0.00000 || Validation loss: 36.84423
Epoch 81/100
Training loss: 0.00000 || Validation loss: 36.84814
Epoch 82/100
Training loss: 0.00001 || Validation loss: 36.84020
Epoch 83/100
Training loss: 0.00001 || Validation loss: 36.81828
Epoch 84/100
Training loss: 0.00002 || Validation loss: 36.83416
Epoch 85/100
Training loss: 0.00001 || Validation loss: 36.82987
Epoch 86/100
Training loss: 0.00002 || Validation loss: 36.84666
Epoch 87/100
Training loss: 0.00001 || Validation loss: 36.82416
Epoch 88/100
Training loss: 0.00001 || Validation loss: 36.82947
Epoch 89/100
Training loss: 0.00004 || Validation loss: 36.82685
Epoch 90/100
Training loss: 0.00000 || Validation loss: 36.82356
Epoch 91/100
Training loss: 0.00001 || Validation loss: 36.82107
Epoch 92/100
Training loss: 0.00001 || Validation loss: 36.82465
Epoch 93/100
Training loss: 0.00001 || Validation loss: 36.81912
Epoch 94/100
Training loss: 0.00004 || Validation loss: 36.81620
Epoch 95/100
Training loss: 0.00000 || Validation loss: 36.81397
Epoch 96/100
Training loss: 0.00001 || Validation loss: 36.81201
Epoch 97/100
Training loss: 0.00003 || Validation loss: 36.81006
Epoch 98/100
Training loss: 0.00001 || Validation loss: 36.80777
Epoch 99/100
Training loss: 0.00001 || Validation loss: 36.85082
Epoch 100/100
Training loss: 0.00001 || Validation loss: 36.79796
Best model for fold 1 saved from epoch 4 with f1 1.95697
Final training loss: 0.00001 || Final test loss: 36.79796
Fold 2
Model loaded successfully from ./pretrained_model/64_to_256_3layers.ckpt
device : cuda
Model not found at ./model/city_and_forest_co_training_wba_value_8frames/piece_size_10_fix_False_pretrained_True/fold_2/fly_model.ckpt
튜플 파일을 불러오는 중 문제가 발생했습니다 (./model/city_and_forest_co_training_wba_value_8frames/piece_size_10_fix_False_pretrained_True/fold_2): [Errno 2] No such file or directory: './model/city_and_forest_co_training_wba_value_8frames/piece_size_10_fix_False_pretrained_True/fold_2/training_tuples.pkl'
Epoch 1/100
Training loss: 15.26746 || Validation loss: 2.39096
New best model saved at epoch 1 with loss 2.39096
Epoch 2/100
Training loss: 0.79015 || Validation loss: 2.28962
New best model saved at epoch 2 with loss 2.28962
Epoch 3/100
Training loss: 0.25139 || Validation loss: 2.28369
New best model saved at epoch 3 with loss 2.28369
Epoch 4/100
Training loss: 0.13950 || Validation loss: 2.39381
Epoch 5/100
Training loss: 0.08344 || Validation loss: 2.26995
New best model saved at epoch 5 with loss 2.26995
Epoch 6/100
Training loss: 0.05274 || Validation loss: 2.45452
Epoch 7/100
Training loss: 0.02373 || Validation loss: 2.50806
Epoch 8/100
Training loss: 0.01673 || Validation loss: 2.52180
Epoch 9/100
Training loss: 0.01500 || Validation loss: 2.55333
Epoch 10/100
Training loss: 0.00525 || Validation loss: 2.70576
Epoch 11/100
Training loss: 0.00328 || Validation loss: 2.73470
Epoch 12/100
Training loss: 0.00058 || Validation loss: 2.62639
Epoch 13/100
Training loss: 0.00021 || Validation loss: 2.67049
Epoch 14/100
Training loss: 0.00006 || Validation loss: 2.60858
Epoch 15/100
Training loss: 0.00003 || Validation loss: 2.73862
Epoch 16/100
Training loss: 0.00000 || Validation loss: 2.62358
Epoch 17/100
Training loss: 0.00000 || Validation loss: 2.64776
Epoch 18/100
Training loss: 0.00000 || Validation loss: 2.62414
Epoch 19/100
Training loss: 0.00000 || Validation loss: 2.66994
Epoch 20/100
Training loss: 0.00000 || Validation loss: 2.74637
Epoch 21/100
Training loss: 0.00000 || Validation loss: 2.76016
Epoch 22/100
Training loss: 0.00000 || Validation loss: 2.70864
Epoch 23/100
Training loss: 0.00000 || Validation loss: 2.71543
Epoch 24/100
Training loss: 0.00002 || Validation loss: 2.74601
Epoch 25/100
Training loss: 0.00008 || Validation loss: 2.80717
Epoch 26/100
Training loss: 0.00001 || Validation loss: 2.87168
Epoch 27/100
Training loss: 0.00020 || Validation loss: 2.89147
Epoch 28/100
Training loss: 0.00000 || Validation loss: 2.90316
Epoch 29/100
Training loss: 0.00004 || Validation loss: 3.01201
Epoch 30/100
Training loss: 0.00004 || Validation loss: 3.03522
Epoch 31/100
Training loss: 0.00002 || Validation loss: 3.11746
Epoch 32/100
Training loss: 0.00016 || Validation loss: 3.19313
Epoch 33/100
Training loss: 0.00000 || Validation loss: 3.22445
Epoch 34/100
Training loss: 0.01199 || Validation loss: 3.32038
Epoch 35/100
Training loss: 0.00000 || Validation loss: 3.35500
Epoch 36/100
Training loss: 0.00000 || Validation loss: 3.41260
Epoch 37/100
Training loss: 0.00000 || Validation loss: 3.47951
Epoch 38/100
Training loss: 0.00000 || Validation loss: 3.56089
Epoch 39/100
Training loss: 0.00000 || Validation loss: 3.67904
Epoch 40/100
Training loss: 0.00000 || Validation loss: 3.82250
Epoch 41/100
Training loss: 0.00000 || Validation loss: 4.01427
Epoch 42/100
Training loss: 0.00000 || Validation loss: 4.25770
Epoch 43/100
Training loss: 0.00000 || Validation loss: 4.57494
Epoch 44/100
Training loss: 0.00000 || Validation loss: 4.97411
Epoch 45/100
Training loss: 0.00075 || Validation loss: 5.58026
Epoch 46/100
Training loss: 0.00000 || Validation loss: 6.20050
Epoch 47/100
Training loss: 0.00000 || Validation loss: 7.00446
Epoch 48/100
Training loss: 0.00000 || Validation loss: 7.97794
Epoch 49/100
Training loss: 0.00000 || Validation loss: 9.12160
Epoch 50/100
Training loss: 0.00006 || Validation loss: 10.48313
Epoch 51/100
Training loss: 0.00000 || Validation loss: 12.00265
Epoch 52/100
Training loss: 0.01650 || Validation loss: 13.76632
Epoch 53/100
Training loss: 0.00000 || Validation loss: 15.53322
Epoch 54/100
Training loss: 0.00000 || Validation loss: 17.35123
Epoch 55/100
Training loss: 0.00000 || Validation loss: 19.19355
Epoch 56/100
Training loss: 0.00000 || Validation loss: 20.99937
Epoch 57/100
Training loss: 0.00000 || Validation loss: 22.67300
Epoch 58/100
Training loss: 0.00000 || Validation loss: 24.19950
Epoch 59/100
Training loss: 0.00000 || Validation loss: 25.53409
Epoch 60/100
Training loss: 0.00000 || Validation loss: 26.66386
Epoch 61/100
Training loss: 0.00000 || Validation loss: 27.58367
Epoch 62/100
Training loss: 0.00000 || Validation loss: 28.29340
Epoch 63/100
Training loss: 0.00005 || Validation loss: 28.82337
Epoch 64/100
Training loss: 0.00000 || Validation loss: 29.16672
Epoch 65/100
Training loss: 0.00006 || Validation loss: 29.42751
Epoch 66/100
Training loss: 0.00022 || Validation loss: 29.55862
Epoch 67/100
Training loss: 0.00000 || Validation loss: 29.64406
Epoch 68/100
Training loss: 0.00000 || Validation loss: 29.67909
Epoch 69/100
Training loss: 0.00003 || Validation loss: 29.69582
Epoch 70/100
Training loss: 0.00012 || Validation loss: 29.69720
Epoch 71/100
Training loss: 0.00001 || Validation loss: 29.69299
Epoch 72/100
Training loss: 0.00003 || Validation loss: 29.69822
Epoch 73/100
Training loss: 0.00003 || Validation loss: 29.68621
Epoch 74/100
Training loss: 0.00015 || Validation loss: 29.69755
Epoch 75/100
Training loss: 0.00001 || Validation loss: 29.69738
Epoch 76/100
Training loss: 0.00002 || Validation loss: 29.69784
Epoch 77/100
Training loss: 0.00006 || Validation loss: 29.70702
Epoch 78/100
Training loss: 0.00003 || Validation loss: 29.69592
Epoch 79/100
Training loss: 0.00003 || Validation loss: 29.69922
Epoch 80/100
Training loss: 0.00008 || Validation loss: 29.69567
Epoch 81/100
Training loss: 0.00003 || Validation loss: 29.68813
Epoch 82/100
Training loss: 0.00003 || Validation loss: 29.69564
Epoch 83/100
Training loss: 0.00003 || Validation loss: 29.69993
Epoch 84/100
Training loss: 0.00004 || Validation loss: 29.68834
Epoch 85/100
Training loss: 0.00003 || Validation loss: 29.69336
Epoch 86/100
Training loss: 0.00005 || Validation loss: 29.69396
Epoch 87/100
Training loss: 0.00005 || Validation loss: 29.69704
Epoch 88/100
Training loss: 0.00005 || Validation loss: 29.69595
Epoch 89/100
Training loss: 0.00003 || Validation loss: 29.69516
Epoch 90/100
Training loss: 0.00002 || Validation loss: 29.69668
Epoch 91/100
Training loss: 0.00004 || Validation loss: 29.70988
Epoch 92/100
Training loss: 0.00004 || Validation loss: 29.69786
Epoch 93/100
Training loss: 0.00005 || Validation loss: 29.69642
Epoch 94/100
Training loss: 0.00003 || Validation loss: 29.69971
Epoch 95/100
Training loss: 0.00004 || Validation loss: 29.69400
Epoch 96/100
Training loss: 0.00004 || Validation loss: 29.70362
Epoch 97/100
Training loss: 0.00003 || Validation loss: 29.69682
Epoch 98/100
Training loss: 0.00004 || Validation loss: 29.70972
Epoch 99/100
Training loss: 0.00002 || Validation loss: 29.72022
Epoch 100/100
Training loss: 0.00005 || Validation loss: 29.70663
Best model for fold 2 saved from epoch 5 with f1 2.26995
Final training loss: 0.00005 || Final test loss: 29.70663
Fold 3
Model loaded successfully from ./pretrained_model/64_to_256_3layers.ckpt
device : cuda
Model not found at ./model/city_and_forest_co_training_wba_value_8frames/piece_size_10_fix_False_pretrained_True/fold_3/fly_model.ckpt
튜플 파일을 불러오는 중 문제가 발생했습니다 (./model/city_and_forest_co_training_wba_value_8frames/piece_size_10_fix_False_pretrained_True/fold_3): [Errno 2] No such file or directory: './model/city_and_forest_co_training_wba_value_8frames/piece_size_10_fix_False_pretrained_True/fold_3/training_tuples.pkl'
Epoch 1/100
Training loss: 12.42695 || Validation loss: 8.20866
New best model saved at epoch 1 with loss 8.20866
Epoch 2/100
Training loss: 0.59471 || Validation loss: 6.64453
New best model saved at epoch 2 with loss 6.64453
Epoch 3/100
Training loss: 0.31950 || Validation loss: 3.69685
New best model saved at epoch 3 with loss 3.69685
Epoch 4/100
Training loss: 0.21311 || Validation loss: 3.04275
New best model saved at epoch 4 with loss 3.04275
Epoch 5/100
Training loss: 0.16405 || Validation loss: 2.31531
New best model saved at epoch 5 with loss 2.31531
Epoch 6/100
Training loss: 0.10490 || Validation loss: 2.68807
Epoch 7/100
Training loss: 0.07572 || Validation loss: 3.22738
Epoch 8/100
Training loss: 0.03780 || Validation loss: 4.55137
Epoch 9/100
Training loss: 0.02515 || Validation loss: 5.05946
Epoch 10/100
Training loss: 0.01171 || Validation loss: 6.40022
Epoch 11/100
Training loss: 0.00561 || Validation loss: 7.04120
Epoch 12/100
Training loss: 0.00311 || Validation loss: 7.21721
Epoch 13/100
Training loss: 0.00102 || Validation loss: 7.38518
Epoch 14/100
Training loss: 0.00028 || Validation loss: 7.79283
Epoch 15/100
Training loss: 0.00016 || Validation loss: 7.69851
Epoch 16/100
Training loss: 0.00002 || Validation loss: 7.87190
Epoch 17/100
Training loss: 0.00000 || Validation loss: 7.96041
Epoch 18/100
Training loss: 0.00000 || Validation loss: 7.81922
Epoch 19/100
Training loss: 0.00000 || Validation loss: 7.68411
Epoch 20/100
Training loss: 0.00000 || Validation loss: 7.73099
Epoch 21/100
Training loss: 0.00000 || Validation loss: 7.66412
Epoch 22/100
Training loss: 0.00000 || Validation loss: 7.62668
Epoch 23/100
Training loss: 0.00000 || Validation loss: 7.55290
Epoch 24/100
Training loss: 0.00000 || Validation loss: 7.51028
Epoch 25/100
Training loss: 0.00000 || Validation loss: 7.39716
Epoch 26/100
Training loss: 0.00000 || Validation loss: 7.37772
Epoch 27/100
Training loss: 0.00000 || Validation loss: 7.23725
Epoch 28/100
Training loss: 0.00000 || Validation loss: 7.10916
Epoch 29/100
Training loss: 0.00000 || Validation loss: 7.13637
Epoch 30/100
Training loss: 0.00000 || Validation loss: 7.14720
Epoch 31/100
Training loss: 0.00000 || Validation loss: 7.02696
Epoch 32/100
Training loss: 0.00026 || Validation loss: 7.44582
Epoch 33/100
Training loss: 0.00000 || Validation loss: 7.41195
Epoch 34/100
Training loss: 0.00000 || Validation loss: 7.40304
Epoch 35/100
Training loss: 0.00000 || Validation loss: 7.45253
Epoch 36/100
Training loss: 0.00000 || Validation loss: 7.45036
Epoch 37/100
Training loss: 0.00000 || Validation loss: 7.39085
Epoch 38/100
Training loss: 0.00000 || Validation loss: 7.38852
Epoch 39/100
Training loss: 0.01389 || Validation loss: 7.58160
Epoch 40/100
Training loss: 0.00000 || Validation loss: 7.58477
Epoch 41/100
Training loss: 0.00000 || Validation loss: 7.68640
Epoch 42/100
Training loss: 0.00000 || Validation loss: 7.93366
Epoch 43/100
Training loss: 0.00000 || Validation loss: 8.38518
Epoch 44/100
Training loss: 0.00000 || Validation loss: 9.11218
Epoch 45/100
Training loss: 0.00000 || Validation loss: 10.17149
Epoch 46/100
Training loss: 0.00000 || Validation loss: 11.66083
Epoch 47/100
Training loss: 0.00000 || Validation loss: 13.64588
Epoch 48/100
Training loss: 0.00000 || Validation loss: 16.19061
Epoch 49/100
Training loss: 0.00000 || Validation loss: 19.32336
Epoch 50/100
Training loss: 0.00000 || Validation loss: 23.07622
Epoch 51/100
Training loss: 0.00000 || Validation loss: 27.37470
Epoch 52/100
Training loss: 0.00000 || Validation loss: 32.13072
Epoch 53/100
Training loss: 0.00000 || Validation loss: 37.18987
Epoch 54/100
Training loss: 0.00000 || Validation loss: 42.32912
Epoch 55/100
Training loss: 0.00000 || Validation loss: 47.55793
Epoch 56/100
Training loss: 0.00006 || Validation loss: 52.56542
Epoch 57/100
Training loss: 0.00000 || Validation loss: 57.18103
Epoch 58/100
Training loss: 0.00000 || Validation loss: 61.32007
Epoch 59/100
Training loss: 0.00000 || Validation loss: 64.82878
Epoch 60/100
Training loss: 0.00111 || Validation loss: 67.78913
Epoch 61/100
Training loss: 0.00000 || Validation loss: 69.99359
Epoch 62/100
Training loss: 0.00000 || Validation loss: 71.62355
Epoch 63/100
Training loss: 0.00000 || Validation loss: 72.72770
Epoch 64/100
Training loss: 0.00000 || Validation loss: 73.41300
Epoch 65/100
Training loss: 0.00000 || Validation loss: 73.79665
Epoch 66/100
Training loss: 0.00000 || Validation loss: 73.98622
Epoch 67/100
Training loss: 0.00000 || Validation loss: 74.06658
Epoch 68/100
Training loss: 0.00000 || Validation loss: 74.09429
Epoch 69/100
Training loss: 0.00000 || Validation loss: 74.09875
Epoch 70/100
Training loss: 0.00000 || Validation loss: 74.10093
Epoch 71/100
Training loss: 0.00001 || Validation loss: 74.07120
Epoch 72/100
Training loss: 0.00001 || Validation loss: 74.09627
Epoch 73/100
Training loss: 0.00003 || Validation loss: 74.08976
Epoch 74/100
Training loss: 0.00000 || Validation loss: 74.09256
Epoch 75/100
Training loss: 0.00000 || Validation loss: 74.09177
Epoch 76/100
Training loss: 0.00002 || Validation loss: 74.08825
Epoch 77/100
Training loss: 0.00003 || Validation loss: 74.09198
Epoch 78/100
Training loss: 0.00000 || Validation loss: 74.08484
Epoch 79/100
Training loss: 0.00000 || Validation loss: 74.07566
Epoch 80/100
Training loss: 0.00001 || Validation loss: 74.08128
Epoch 81/100
Training loss: 0.00004 || Validation loss: 74.08068
Epoch 82/100
Training loss: 0.00000 || Validation loss: 74.07912
Epoch 83/100
Training loss: 0.00001 || Validation loss: 74.04440
Epoch 84/100
Training loss: 0.00000 || Validation loss: 74.07563
Epoch 85/100
Training loss: 0.00001 || Validation loss: 74.07459
Epoch 86/100
Training loss: 0.00002 || Validation loss: 74.07173
Epoch 87/100
Training loss: 0.00000 || Validation loss: 74.07145
Epoch 88/100
Training loss: 0.00001 || Validation loss: 74.07010
Epoch 89/100
Training loss: 0.00001 || Validation loss: 74.04041
Epoch 90/100
Training loss: 0.00001 || Validation loss: 74.06738
Epoch 91/100
Training loss: 0.00000 || Validation loss: 74.06629
Epoch 92/100
Training loss: 0.00001 || Validation loss: 74.06516
Epoch 93/100
Training loss: 0.00001 || Validation loss: 74.06405
Epoch 94/100
Training loss: 0.00001 || Validation loss: 74.07473
Epoch 95/100
Training loss: 0.00001 || Validation loss: 74.06227
Epoch 96/100
Training loss: 0.00001 || Validation loss: 74.06116
Epoch 97/100
Training loss: 0.00001 || Validation loss: 74.06083
Epoch 98/100
Training loss: 0.00001 || Validation loss: 74.06377
Epoch 99/100
Training loss: 0.00001 || Validation loss: 74.08315
Epoch 100/100
Training loss: 0.00000 || Validation loss: 74.05826
Best model for fold 3 saved from epoch 5 with f1 2.31531
Final training loss: 0.00000 || Final test loss: 74.05826
All fold val losses: [1.9569675509746258, 2.2699540440852823, 2.3153091554458323]
Average val loss: 2.18074
Fold 1
Model loaded successfully from ./pretrained_model/64_to_256_3layers.ckpt
device : cuda
Model not found at ./model/city_and_forest_co_training_wba_value_8frames/piece_size_20_fix_False_pretrained_True/fold_1/fly_model.ckpt
튜플 파일을 불러오는 중 문제가 발생했습니다 (./model/city_and_forest_co_training_wba_value_8frames/piece_size_20_fix_False_pretrained_True/fold_1): [Errno 2] No such file or directory: './model/city_and_forest_co_training_wba_value_8frames/piece_size_20_fix_False_pretrained_True/fold_1/training_tuples.pkl'
Epoch 1/100
Training loss: 20.32931 || Validation loss: 13.87882
New best model saved at epoch 1 with loss 13.87882
Epoch 2/100
Training loss: 1.06597 || Validation loss: 6.46324
New best model saved at epoch 2 with loss 6.46324
Epoch 3/100
Training loss: 0.35859 || Validation loss: 3.41107
New best model saved at epoch 3 with loss 3.41107
Epoch 4/100
Training loss: 0.17337 || Validation loss: 1.93309
New best model saved at epoch 4 with loss 1.93309
Epoch 5/100
Training loss: 0.07020 || Validation loss: 1.48227
New best model saved at epoch 5 with loss 1.48227
Epoch 6/100
Training loss: 0.01906 || Validation loss: 1.55230
Epoch 7/100
Training loss: 0.00633 || Validation loss: 1.60279
Epoch 8/100
Training loss: 0.00286 || Validation loss: 1.68059
Epoch 9/100
Training loss: 0.00067 || Validation loss: 1.58229
Epoch 10/100
Training loss: 0.00028 || Validation loss: 1.62265
Epoch 11/100
Training loss: 0.00008 || Validation loss: 1.61895
Epoch 12/100
Training loss: 0.00003 || Validation loss: 1.60329
Epoch 13/100
Training loss: 0.00003 || Validation loss: 1.67940
Epoch 14/100
Training loss: 0.00000 || Validation loss: 1.65532
Epoch 15/100
Training loss: 0.00000 || Validation loss: 1.61749
Epoch 16/100
Training loss: 0.00000 || Validation loss: 1.65212
Epoch 17/100
Training loss: 0.00000 || Validation loss: 1.64734
Epoch 18/100
Training loss: 0.00000 || Validation loss: 1.60561
Epoch 19/100
Training loss: 0.00000 || Validation loss: 1.68368
Epoch 20/100
Training loss: 0.00000 || Validation loss: 1.59995
Epoch 21/100
Training loss: 0.00000 || Validation loss: 1.58298
Epoch 22/100
Training loss: 0.00000 || Validation loss: 1.65311
Epoch 23/100
Training loss: 0.00000 || Validation loss: 1.61712
Epoch 24/100
Training loss: 0.00000 || Validation loss: 1.65719
Epoch 25/100
Training loss: 0.00000 || Validation loss: 1.66350
Epoch 26/100
Training loss: 0.00012 || Validation loss: 1.66865
Epoch 27/100
Training loss: 0.00000 || Validation loss: 1.51717
Epoch 28/100
Training loss: 0.00000 || Validation loss: 1.63681
Epoch 29/100
Training loss: 0.00059 || Validation loss: 1.47251
New best model saved at epoch 29 with loss 1.47251
Epoch 30/100
Training loss: 0.00000 || Validation loss: 1.50593
Epoch 31/100
Training loss: 0.00000 || Validation loss: 1.46873
New best model saved at epoch 31 with loss 1.46873
Epoch 32/100
Training loss: 0.00000 || Validation loss: 1.54753
Epoch 33/100
Training loss: 0.00000 || Validation loss: 1.56476
Epoch 34/100
Training loss: 0.00000 || Validation loss: 1.64424
Epoch 35/100
Training loss: 0.14699 || Validation loss: 2.00758
Epoch 36/100
Training loss: 0.00017 || Validation loss: 1.97875
Epoch 37/100
Training loss: 0.00000 || Validation loss: 2.18873
Epoch 38/100
Training loss: 0.00000 || Validation loss: 2.49064
Epoch 39/100
Training loss: 0.00000 || Validation loss: 2.90945
Epoch 40/100
Training loss: 0.00000 || Validation loss: 3.48696
Epoch 41/100
Training loss: 0.00000 || Validation loss: 4.27057
Epoch 42/100
Training loss: 0.00000 || Validation loss: 5.32079
Epoch 43/100
Training loss: 0.00000 || Validation loss: 6.71069
Epoch 44/100
Training loss: 0.00000 || Validation loss: 8.50886
Epoch 45/100
Training loss: 0.00000 || Validation loss: 10.77661
Epoch 46/100
Training loss: 0.00000 || Validation loss: 13.58708
Epoch 47/100
Training loss: 0.00000 || Validation loss: 16.99007
Epoch 48/100
Training loss: 0.00000 || Validation loss: 20.99517
Epoch 49/100
Training loss: 0.00000 || Validation loss: 25.55761
Epoch 50/100
Training loss: 0.00000 || Validation loss: 30.64251
Epoch 51/100
Training loss: 0.00021 || Validation loss: 35.97715
Epoch 52/100
Training loss: 0.00000 || Validation loss: 41.65963
Epoch 53/100
Training loss: 0.00000 || Validation loss: 47.34940
Epoch 54/100
Training loss: 0.00000 || Validation loss: 52.83279
Epoch 55/100
Training loss: 0.00000 || Validation loss: 57.89257
Epoch 56/100
Training loss: 0.00002 || Validation loss: 62.35569
Epoch 57/100
Training loss: 0.00012 || Validation loss: 66.11466
Epoch 58/100
Training loss: 0.00000 || Validation loss: 69.11432
Epoch 59/100
Training loss: 0.00000 || Validation loss: 71.36228
Epoch 60/100
Training loss: 0.00163 || Validation loss: 72.92549
Epoch 61/100
Training loss: 0.00000 || Validation loss: 73.96616
Epoch 62/100
Training loss: 0.00000 || Validation loss: 74.60910
Epoch 63/100
Training loss: 0.00000 || Validation loss: 74.97496
Epoch 64/100
Training loss: 0.00000 || Validation loss: 75.15000
Epoch 65/100
Training loss: 0.00000 || Validation loss: 75.22806
Epoch 66/100
Training loss: 0.00000 || Validation loss: 75.26098
Epoch 67/100
Training loss: 0.00000 || Validation loss: 75.27187
Epoch 68/100
Training loss: 0.00036 || Validation loss: 75.27310
Epoch 69/100
Training loss: 0.00000 || Validation loss: 75.27346
Epoch 70/100
Training loss: 0.00000 || Validation loss: 75.28242
Epoch 71/100
Training loss: 0.00000 || Validation loss: 75.26989
Epoch 72/100
Training loss: 0.00000 || Validation loss: 75.26889
Epoch 73/100
Training loss: 0.00002 || Validation loss: 75.26678
Epoch 74/100
Training loss: 0.00003 || Validation loss: 75.26439
Epoch 75/100
Training loss: 0.00004 || Validation loss: 75.26102
Epoch 76/100
Training loss: 0.00001 || Validation loss: 75.25890
Epoch 77/100
Training loss: 0.00002 || Validation loss: 75.25674
Epoch 78/100
Training loss: 0.00019 || Validation loss: 75.25456
Epoch 79/100
Training loss: 0.00000 || Validation loss: 75.25334
Epoch 80/100
Training loss: 0.00000 || Validation loss: 75.25187
Epoch 81/100
Training loss: 0.00000 || Validation loss: 75.24956
Epoch 82/100
Training loss: 0.00002 || Validation loss: 75.24821
Epoch 83/100
Training loss: 0.00002 || Validation loss: 75.24628
Epoch 84/100
Training loss: 0.00004 || Validation loss: 75.24464
Epoch 85/100
Training loss: 0.00001 || Validation loss: 75.24289
Epoch 86/100
Training loss: 0.00005 || Validation loss: 75.24122
Epoch 87/100
Training loss: 0.00001 || Validation loss: 75.23957
Epoch 88/100
Training loss: 0.00012 || Validation loss: 75.23819
Epoch 89/100
Training loss: 0.00000 || Validation loss: 75.23692
Epoch 90/100
Training loss: 0.00000 || Validation loss: 75.23641
Epoch 91/100
Training loss: 0.00004 || Validation loss: 75.23407
Epoch 92/100
Training loss: 0.00002 || Validation loss: 75.23249
Epoch 93/100
Training loss: 0.00001 || Validation loss: 75.23136
Epoch 94/100
Training loss: 0.00003 || Validation loss: 75.23378
Epoch 95/100
Training loss: 0.00002 || Validation loss: 75.22802
Epoch 96/100
Training loss: 0.00003 || Validation loss: 75.22659
Epoch 97/100
Training loss: 0.00002 || Validation loss: 75.22513
Epoch 98/100
Training loss: 0.00002 || Validation loss: 75.22367
Epoch 99/100
Training loss: 0.00002 || Validation loss: 75.22216
Epoch 100/100
Training loss: 0.00003 || Validation loss: 75.22055
Best model for fold 1 saved from epoch 31 with f1 1.46873
Final training loss: 0.00003 || Final test loss: 75.22055
Fold 2
Model loaded successfully from ./pretrained_model/64_to_256_3layers.ckpt
device : cuda
Model not found at ./model/city_and_forest_co_training_wba_value_8frames/piece_size_20_fix_False_pretrained_True/fold_2/fly_model.ckpt
튜플 파일을 불러오는 중 문제가 발생했습니다 (./model/city_and_forest_co_training_wba_value_8frames/piece_size_20_fix_False_pretrained_True/fold_2): [Errno 2] No such file or directory: './model/city_and_forest_co_training_wba_value_8frames/piece_size_20_fix_False_pretrained_True/fold_2/training_tuples.pkl'
Epoch 1/100
Training loss: 13.65290 || Validation loss: 2.40516
New best model saved at epoch 1 with loss 2.40516
Epoch 2/100
Training loss: 0.74760 || Validation loss: 2.56109
Epoch 3/100
Training loss: 0.33982 || Validation loss: 2.35386
New best model saved at epoch 3 with loss 2.35386
Epoch 4/100
Training loss: 0.21516 || Validation loss: 2.15445
New best model saved at epoch 4 with loss 2.15445
Epoch 5/100
Training loss: 0.17207 || Validation loss: 1.82620
New best model saved at epoch 5 with loss 1.82620
Epoch 6/100
Training loss: 0.13988 || Validation loss: 2.02682
Epoch 7/100
Training loss: 0.10707 || Validation loss: 2.50923
Epoch 8/100
Training loss: 0.07048 || Validation loss: 3.65536
Epoch 9/100
Training loss: 0.03685 || Validation loss: 4.69100
Epoch 10/100
Training loss: 0.01697 || Validation loss: 6.16033
Epoch 11/100
Training loss: 0.00411 || Validation loss: 7.48757
Epoch 12/100
Training loss: 0.00173 || Validation loss: 7.74530
Epoch 13/100
Training loss: 0.00035 || Validation loss: 7.84920
Epoch 14/100
Training loss: 0.00027 || Validation loss: 7.85453
Epoch 15/100
Training loss: 0.00000 || Validation loss: 7.83088
Epoch 16/100
Training loss: 0.00000 || Validation loss: 7.91714
Epoch 17/100
Training loss: 0.00000 || Validation loss: 8.00372
Epoch 18/100
Training loss: 0.00000 || Validation loss: 7.95613
Epoch 19/100
Training loss: 0.00000 || Validation loss: 7.90653
Epoch 20/100
Training loss: 0.00000 || Validation loss: 7.95845
Epoch 21/100
Training loss: 0.00000 || Validation loss: 8.08262
Epoch 22/100
Training loss: 0.00000 || Validation loss: 8.05335
Epoch 23/100
Training loss: 0.00000 || Validation loss: 8.00204
Epoch 24/100
Training loss: 0.00000 || Validation loss: 8.00146
Epoch 25/100
Training loss: 0.00000 || Validation loss: 8.00698
Epoch 26/100
Training loss: 0.00000 || Validation loss: 8.05111
Epoch 27/100
Training loss: 0.00000 || Validation loss: 8.01545
Epoch 28/100
Training loss: 0.00000 || Validation loss: 8.01026
Epoch 29/100
Training loss: 0.00000 || Validation loss: 8.02415
Epoch 30/100
Training loss: 0.00027 || Validation loss: 8.37788
Epoch 31/100
Training loss: 0.00000 || Validation loss: 8.33186
Epoch 32/100
Training loss: 0.00000 || Validation loss: 8.46007
Epoch 33/100
Training loss: 0.00000 || Validation loss: 8.53899
Epoch 34/100
Training loss: 0.00000 || Validation loss: 8.76431
Epoch 35/100
Training loss: 0.00000 || Validation loss: 8.75198
Epoch 36/100
Training loss: 0.01641 || Validation loss: 9.55894
Epoch 37/100
Training loss: 0.00000 || Validation loss: 9.55346
Epoch 38/100
Training loss: 0.00000 || Validation loss: 9.58136
Epoch 39/100
Training loss: 0.00000 || Validation loss: 9.63580
Epoch 40/100
Training loss: 0.00000 || Validation loss: 9.72642
Epoch 41/100
Training loss: 0.00000 || Validation loss: 9.86774
Epoch 42/100
Training loss: 0.00000 || Validation loss: 10.08192
Epoch 43/100
Training loss: 0.00000 || Validation loss: 10.40046
Epoch 44/100
Training loss: 0.00000 || Validation loss: 10.84408
Epoch 45/100
Training loss: 0.00000 || Validation loss: 11.43545
Epoch 46/100
Training loss: 0.00000 || Validation loss: 12.22379
Epoch 47/100
Training loss: 0.00000 || Validation loss: 13.23607
Epoch 48/100
Training loss: 0.00000 || Validation loss: 14.49720
Epoch 49/100
Training loss: 0.00029 || Validation loss: 15.95182
Epoch 50/100
Training loss: 0.00000 || Validation loss: 17.68323
Epoch 51/100
Training loss: 0.00000 || Validation loss: 19.62185
Epoch 52/100
Training loss: 0.00000 || Validation loss: 21.71749
Epoch 53/100
Training loss: 0.00000 || Validation loss: 23.89139
Epoch 54/100
Training loss: 0.00624 || Validation loss: 26.04353
Epoch 55/100
Training loss: 0.00003 || Validation loss: 28.22703
Epoch 56/100
Training loss: 0.00000 || Validation loss: 30.10801
Epoch 57/100
Training loss: 0.00000 || Validation loss: 31.75773
Epoch 58/100
Training loss: 0.00000 || Validation loss: 33.13617
Epoch 59/100
Training loss: 0.00000 || Validation loss: 34.21585
Epoch 60/100
Training loss: 0.00000 || Validation loss: 35.02256
Epoch 61/100
Training loss: 0.00000 || Validation loss: 35.58292
Epoch 62/100
Training loss: 0.00000 || Validation loss: 35.95567
Epoch 63/100
Training loss: 0.00000 || Validation loss: 36.16931
Epoch 64/100
Training loss: 0.00000 || Validation loss: 36.28722
Epoch 65/100
Training loss: 0.00000 || Validation loss: 36.33849
Epoch 66/100
Training loss: 0.00000 || Validation loss: 36.38340
Epoch 67/100
Training loss: 0.00002 || Validation loss: 36.25537
Epoch 68/100
Training loss: 0.00001 || Validation loss: 36.39063
Epoch 69/100
Training loss: 0.00020 || Validation loss: 36.37576
Epoch 70/100
Training loss: 0.00000 || Validation loss: 36.37630
Epoch 71/100
Training loss: 0.00000 || Validation loss: 36.37585
Epoch 72/100
Training loss: 0.00000 || Validation loss: 36.38159
Epoch 73/100
Training loss: 0.00001 || Validation loss: 36.36216
Epoch 74/100
Training loss: 0.00001 || Validation loss: 36.38114
Epoch 75/100
Training loss: 0.00002 || Validation loss: 36.38246
Epoch 76/100
Training loss: 0.00000 || Validation loss: 36.38247
Epoch 77/100
Training loss: 0.00010 || Validation loss: 36.38206
Epoch 78/100
Training loss: 0.00000 || Validation loss: 36.38718
Epoch 79/100
Training loss: 0.00000 || Validation loss: 36.37358
Epoch 80/100
Training loss: 0.00002 || Validation loss: 36.38595
Epoch 81/100
Training loss: 0.00004 || Validation loss: 36.38613
Epoch 82/100
Training loss: 0.00000 || Validation loss: 36.38723
Epoch 83/100
Training loss: 0.00000 || Validation loss: 36.40867
Epoch 84/100
Training loss: 0.00006 || Validation loss: 36.38952
Epoch 85/100
Training loss: 0.00000 || Validation loss: 36.39078
Epoch 86/100
Training loss: 0.00000 || Validation loss: 36.38098
Epoch 87/100
Training loss: 0.00003 || Validation loss: 36.39417
Epoch 88/100
Training loss: 0.00000 || Validation loss: 36.39367
Epoch 89/100
Training loss: 0.00001 || Validation loss: 36.39530
Epoch 90/100
Training loss: 0.00004 || Validation loss: 36.39714
Epoch 91/100
Training loss: 0.00000 || Validation loss: 36.40000
Epoch 92/100
Training loss: 0.00001 || Validation loss: 36.40289
Epoch 93/100
Training loss: 0.00001 || Validation loss: 36.40157
Epoch 94/100
Training loss: 0.00002 || Validation loss: 36.39989
Epoch 95/100
Training loss: 0.00001 || Validation loss: 36.41570
Epoch 96/100
Training loss: 0.00001 || Validation loss: 36.39206
Epoch 97/100
Training loss: 0.00002 || Validation loss: 36.41072
Epoch 98/100
Training loss: 0.00001 || Validation loss: 36.40674
Epoch 99/100
Training loss: 0.00001 || Validation loss: 36.41606
Epoch 100/100
Training loss: 0.00001 || Validation loss: 36.41827
Best model for fold 2 saved from epoch 5 with f1 1.82620
Final training loss: 0.00001 || Final test loss: 36.41827
Fold 3
Model loaded successfully from ./pretrained_model/64_to_256_3layers.ckpt
device : cuda
Model not found at ./model/city_and_forest_co_training_wba_value_8frames/piece_size_20_fix_False_pretrained_True/fold_3/fly_model.ckpt
튜플 파일을 불러오는 중 문제가 발생했습니다 (./model/city_and_forest_co_training_wba_value_8frames/piece_size_20_fix_False_pretrained_True/fold_3): [Errno 2] No such file or directory: './model/city_and_forest_co_training_wba_value_8frames/piece_size_20_fix_False_pretrained_True/fold_3/training_tuples.pkl'
Epoch 1/100
Training loss: 15.60866 || Validation loss: 2.83183
New best model saved at epoch 1 with loss 2.83183
Epoch 2/100
Training loss: 0.68078 || Validation loss: 2.71218
New best model saved at epoch 2 with loss 2.71218
Epoch 3/100
Training loss: 0.27570 || Validation loss: 2.89992
Epoch 4/100
Training loss: 0.18703 || Validation loss: 3.10857
Epoch 5/100
Training loss: 0.14126 || Validation loss: 3.64416
Epoch 6/100
Training loss: 0.10707 || Validation loss: 4.44173
Epoch 7/100
Training loss: 0.07992 || Validation loss: 4.74740
Epoch 8/100
Training loss: 0.05513 || Validation loss: 5.87805
Epoch 9/100
Training loss: 0.02908 || Validation loss: 7.69143
Epoch 10/100
Training loss: 0.01066 || Validation loss: 8.69376
Epoch 11/100
Training loss: 0.00624 || Validation loss: 9.28583
Epoch 12/100
Training loss: 0.00116 || Validation loss: 9.14230
Epoch 13/100
Training loss: 0.00088 || Validation loss: 9.36790
Epoch 14/100
Training loss: 0.00020 || Validation loss: 9.61486
Epoch 15/100
Training loss: 0.00004 || Validation loss: 9.68373
Epoch 16/100
Training loss: 0.00000 || Validation loss: 9.63309
Epoch 17/100
Training loss: 0.00000 || Validation loss: 9.66641
Epoch 18/100
Training loss: 0.00000 || Validation loss: 9.58119
Epoch 19/100
Training loss: 0.00000 || Validation loss: 9.71742
Epoch 20/100
Training loss: 0.00000 || Validation loss: 9.75924
Epoch 21/100
Training loss: 0.00000 || Validation loss: 9.54788
Epoch 22/100
Training loss: 0.00000 || Validation loss: 9.56306
Epoch 23/100
Training loss: 0.00000 || Validation loss: 9.51205
Epoch 24/100
Training loss: 0.00000 || Validation loss: 9.40675
Epoch 25/100
Training loss: 0.00000 || Validation loss: 9.49849
Epoch 26/100
Training loss: 0.00000 || Validation loss: 9.40165
Epoch 27/100
Training loss: 0.00000 || Validation loss: 9.46669
Epoch 28/100
Training loss: 0.00000 || Validation loss: 9.33403
Epoch 29/100
Training loss: 0.00000 || Validation loss: 9.24823
Epoch 30/100
Training loss: 0.00002 || Validation loss: 9.20512
Epoch 31/100
Training loss: 0.00000 || Validation loss: 9.19595
Epoch 32/100
Training loss: 0.00003 || Validation loss: 9.16183
Epoch 33/100
Training loss: 0.00000 || Validation loss: 9.04448
Epoch 34/100
Training loss: 0.00004 || Validation loss: 8.98295
Epoch 35/100
Training loss: 0.00000 || Validation loss: 8.89778
Epoch 36/100
Training loss: 0.00003 || Validation loss: 8.82291
Epoch 37/100
Training loss: 0.00000 || Validation loss: 8.71950
Epoch 38/100
Training loss: 0.11022 || Validation loss: 8.73985
Epoch 39/100
Training loss: 0.00000 || Validation loss: 8.65955
Epoch 40/100
Training loss: 0.00000 || Validation loss: 8.61362
Epoch 41/100
Training loss: 0.00000 || Validation loss: 8.63406
Epoch 42/100
Training loss: 0.00000 || Validation loss: 8.74098
Epoch 43/100
Training loss: 0.00000 || Validation loss: 8.97758
Epoch 44/100
Training loss: 0.00000 || Validation loss: 9.39156
Epoch 45/100
Training loss: 0.00000 || Validation loss: 10.03026
Epoch 46/100
Training loss: 0.00000 || Validation loss: 10.94009
Epoch 47/100
Training loss: 0.00000 || Validation loss: 12.17831
Epoch 48/100
Training loss: 0.00000 || Validation loss: 13.78173
Epoch 49/100
Training loss: 0.00000 || Validation loss: 15.73287
Epoch 50/100
Training loss: 0.00000 || Validation loss: 18.03616
Epoch 51/100
Training loss: 0.00000 || Validation loss: 20.57316
Epoch 52/100
Training loss: 0.00000 || Validation loss: 23.35229
Epoch 53/100
Training loss: 0.00000 || Validation loss: 26.14033
Epoch 54/100
Training loss: 0.00000 || Validation loss: 28.87424
Epoch 55/100
Training loss: 0.00000 || Validation loss: 31.44565
Epoch 56/100
Training loss: 0.00000 || Validation loss: 33.74137
Epoch 57/100
Training loss: 0.00000 || Validation loss: 35.70122
Epoch 58/100
Training loss: 0.00003 || Validation loss: 37.35245
Epoch 59/100
Training loss: 0.00101 || Validation loss: 38.61259
Epoch 60/100
Training loss: 0.00000 || Validation loss: 39.56367
Epoch 61/100
Training loss: 0.00000 || Validation loss: 40.21378
Epoch 62/100
Training loss: 0.00000 || Validation loss: 40.61931
Epoch 63/100
Training loss: 0.00000 || Validation loss: 40.86165
Epoch 64/100
Training loss: 0.00000 || Validation loss: 40.98398
Epoch 65/100
Training loss: 0.00001 || Validation loss: 41.04742
Epoch 66/100
Training loss: 0.00019 || Validation loss: 41.06713
Epoch 67/100
Training loss: 0.00000 || Validation loss: 41.08112
Epoch 68/100
Training loss: 0.00000 || Validation loss: 41.08447
Epoch 69/100
Training loss: 0.00002 || Validation loss: 41.08610
Epoch 70/100
Training loss: 0.00000 || Validation loss: 41.08271
Epoch 71/100
Training loss: 0.00002 || Validation loss: 41.08843
Epoch 72/100
Training loss: 0.00001 || Validation loss: 41.09024
Epoch 73/100
Training loss: 0.00001 || Validation loss: 41.08987
Epoch 74/100
Training loss: 0.00002 || Validation loss: 41.09273
Epoch 75/100
Training loss: 0.00001 || Validation loss: 41.08285
Epoch 76/100
Training loss: 0.00001 || Validation loss: 41.09605
Epoch 77/100
Training loss: 0.00001 || Validation loss: 41.11363
Epoch 78/100
Training loss: 0.00002 || Validation loss: 41.09769
Epoch 79/100
Training loss: 0.00001 || Validation loss: 41.10460
Epoch 80/100
Training loss: 0.00002 || Validation loss: 41.10463
Epoch 81/100
Training loss: 0.00001 || Validation loss: 41.10519
Epoch 82/100
Training loss: 0.00002 || Validation loss: 41.11103
Epoch 83/100
Training loss: 0.00000 || Validation loss: 41.11096
Epoch 84/100
Training loss: 0.00001 || Validation loss: 41.11101
Epoch 85/100
Training loss: 0.00008 || Validation loss: 41.20755
Epoch 86/100
Training loss: 0.00003 || Validation loss: 41.11563
Epoch 87/100
Training loss: 0.00001 || Validation loss: 41.11395
Epoch 88/100
Training loss: 0.00000 || Validation loss: 41.12018
Epoch 89/100
Training loss: 0.00001 || Validation loss: 41.11586
Epoch 90/100
Training loss: 0.00001 || Validation loss: 41.11799
Epoch 91/100
Training loss: 0.00006 || Validation loss: 41.12149
Epoch 92/100
Training loss: 0.00000 || Validation loss: 41.12226
Epoch 93/100
Training loss: 0.00000 || Validation loss: 41.12215
Epoch 94/100
Training loss: 0.00001 || Validation loss: 41.12623
Epoch 95/100
Training loss: 0.00001 || Validation loss: 41.04593
Epoch 96/100
Training loss: 0.00001 || Validation loss: 41.13081
Epoch 97/100
Training loss: 0.00001 || Validation loss: 41.14326
Epoch 98/100
Training loss: 0.00001 || Validation loss: 41.13315
Epoch 99/100
Training loss: 0.00001 || Validation loss: 41.11871
Epoch 100/100
Training loss: 0.00001 || Validation loss: 41.14091
Best model for fold 3 saved from epoch 2 with f1 2.71218
Final training loss: 0.00001 || Final test loss: 41.14091
All fold val losses: [1.46872671165814, 1.8262016288936138, 2.712179054816564]
Average val loss: 2.00237
Fold 1
Model loaded successfully from ./pretrained_model/64_to_256_3layers.ckpt
device : cuda
Model not found at ./model/city_and_forest_co_training_wba_value_8frames/piece_size_40_fix_False_pretrained_True/fold_1/fly_model.ckpt
튜플 파일을 불러오는 중 문제가 발생했습니다 (./model/city_and_forest_co_training_wba_value_8frames/piece_size_40_fix_False_pretrained_True/fold_1): [Errno 2] No such file or directory: './model/city_and_forest_co_training_wba_value_8frames/piece_size_40_fix_False_pretrained_True/fold_1/training_tuples.pkl'
Epoch 1/100
Training loss: 13.51711 || Validation loss: 4.97872
New best model saved at epoch 1 with loss 4.97872
Epoch 2/100
Training loss: 0.56867 || Validation loss: 4.04881
New best model saved at epoch 2 with loss 4.04881
Epoch 3/100
Training loss: 0.24000 || Validation loss: 2.73161
New best model saved at epoch 3 with loss 2.73161
Epoch 4/100
Training loss: 0.18328 || Validation loss: 2.54204
New best model saved at epoch 4 with loss 2.54204
Epoch 5/100
Training loss: 0.15578 || Validation loss: 2.72020
Epoch 6/100
Training loss: 0.14111 || Validation loss: 2.86725
Epoch 7/100
Training loss: 0.10979 || Validation loss: 3.92124
Epoch 8/100
Training loss: 0.06827 || Validation loss: 5.93192
Epoch 9/100
Training loss: 0.03765 || Validation loss: 8.07122
Epoch 10/100
Training loss: 0.01321 || Validation loss: 10.80684
Epoch 11/100
Training loss: 0.00985 || Validation loss: 11.78489
Epoch 12/100
Training loss: 0.00307 || Validation loss: 12.32193
Epoch 13/100
Training loss: 0.00232 || Validation loss: 12.39815
Epoch 14/100
Training loss: 0.00069 || Validation loss: 12.49680
Epoch 15/100
Training loss: 0.00000 || Validation loss: 12.23991
Epoch 16/100
Training loss: 0.00000 || Validation loss: 12.33435
Epoch 17/100
Training loss: 0.00000 || Validation loss: 12.29814
Epoch 18/100
Training loss: 0.00000 || Validation loss: 12.21387
Epoch 19/100
Training loss: 0.00000 || Validation loss: 12.34909
Epoch 20/100
Training loss: 0.00000 || Validation loss: 12.22838
Epoch 21/100
Training loss: 0.00000 || Validation loss: 12.26032
Epoch 22/100
Training loss: 0.00000 || Validation loss: 12.15127
Epoch 23/100
Training loss: 0.00000 || Validation loss: 12.14831
Epoch 24/100
Training loss: 0.00000 || Validation loss: 12.12077
Epoch 25/100
Training loss: 0.00000 || Validation loss: 12.10120
Epoch 26/100
Training loss: 0.00000 || Validation loss: 12.08059
Epoch 27/100
Training loss: 0.00000 || Validation loss: 11.96139
Epoch 28/100
Training loss: 0.00000 || Validation loss: 11.93310
Epoch 29/100
Training loss: 0.00000 || Validation loss: 11.85826
Epoch 30/100
Training loss: 0.00000 || Validation loss: 11.78253
Epoch 31/100
Training loss: 0.00000 || Validation loss: 11.87150
Epoch 32/100
Training loss: 0.02959 || Validation loss: 10.91638
Epoch 33/100
Training loss: 0.00035 || Validation loss: 12.72736
Epoch 34/100
Training loss: 0.00000 || Validation loss: 12.71720
Epoch 35/100
Training loss: 0.00000 || Validation loss: 12.66402
Epoch 36/100
Training loss: 0.00000 || Validation loss: 12.53979
Epoch 37/100
Training loss: 0.00000 || Validation loss: 12.44099
Epoch 38/100
Training loss: 0.00000 || Validation loss: 12.38741
Epoch 39/100
Training loss: 0.00000 || Validation loss: 12.45293
Epoch 40/100
Training loss: 0.00000 || Validation loss: 12.56743
Epoch 41/100
Training loss: 0.00000 || Validation loss: 12.95042
Epoch 42/100
Training loss: 0.00000 || Validation loss: 13.47991
Epoch 43/100
Training loss: 0.00000 || Validation loss: 14.33067
Epoch 44/100
Training loss: 0.00000 || Validation loss: 15.53755
Epoch 45/100
Training loss: 0.00000 || Validation loss: 17.13059
Epoch 46/100
Training loss: 0.00000 || Validation loss: 19.22110
Epoch 47/100
Training loss: 0.00000 || Validation loss: 21.71222
Epoch 48/100
Training loss: 0.00000 || Validation loss: 24.83068
Epoch 49/100
Training loss: 0.00000 || Validation loss: 28.28518
Epoch 50/100
Training loss: 0.00001 || Validation loss: 32.11581
Epoch 51/100
Training loss: 0.01072 || Validation loss: 36.27325
Epoch 52/100
Training loss: 0.00000 || Validation loss: 40.55994
Epoch 53/100
Training loss: 0.00000 || Validation loss: 44.82994
Epoch 54/100
Training loss: 0.00000 || Validation loss: 48.92089
Epoch 55/100
Training loss: 0.00000 || Validation loss: 52.67699
Epoch 56/100
Training loss: 0.00000 || Validation loss: 55.98001
Epoch 57/100
Training loss: 0.00000 || Validation loss: 58.75754
Epoch 58/100
Training loss: 0.00000 || Validation loss: 60.96645
Epoch 59/100
Training loss: 0.00000 || Validation loss: 62.60975
Epoch 60/100
Training loss: 0.00000 || Validation loss: 63.74879
Epoch 61/100
Training loss: 0.00007 || Validation loss: 63.34968
Epoch 62/100
Training loss: 0.00124 || Validation loss: 64.76446
Epoch 63/100
Training loss: 0.00000 || Validation loss: 64.98278
Epoch 64/100
Training loss: 0.00000 || Validation loss: 65.08201
Epoch 65/100
Training loss: 0.00000 || Validation loss: 65.11867
Epoch 66/100
Training loss: 0.00000 || Validation loss: 65.12887
Epoch 67/100
Training loss: 0.00000 || Validation loss: 65.12983
Epoch 68/100
Training loss: 0.00000 || Validation loss: 65.12941
Epoch 69/100
Training loss: 0.00000 || Validation loss: 65.12823
Epoch 70/100
Training loss: 0.00006 || Validation loss: 65.12906
Epoch 71/100
Training loss: 0.00000 || Validation loss: 65.12537
Epoch 72/100
Training loss: 0.00000 || Validation loss: 65.12373
Epoch 73/100
Training loss: 0.00000 || Validation loss: 65.12051
Epoch 74/100
Training loss: 0.00002 || Validation loss: 65.02679
Epoch 75/100
Training loss: 0.00000 || Validation loss: 65.18706
Epoch 76/100
Training loss: 0.00002 || Validation loss: 65.07873
Epoch 77/100
Training loss: 0.00001 || Validation loss: 65.10549
Epoch 78/100
Training loss: 0.00001 || Validation loss: 65.11898
Epoch 79/100
Training loss: 0.00001 || Validation loss: 65.10049
Epoch 80/100
Training loss: 0.00032 || Validation loss: 65.11674
Epoch 81/100
Training loss: 0.00000 || Validation loss: 65.11085
Epoch 82/100
Training loss: 0.00000 || Validation loss: 65.11516
Epoch 83/100
Training loss: 0.00000 || Validation loss: 65.11227
Epoch 84/100
Training loss: 0.00000 || Validation loss: 65.11164
Epoch 85/100
Training loss: 0.00000 || Validation loss: 65.10938
Epoch 86/100
Training loss: 0.00000 || Validation loss: 65.10799
Epoch 87/100
Training loss: 0.00002 || Validation loss: 65.10889
Epoch 88/100
Training loss: 0.00001 || Validation loss: 65.10840
Epoch 89/100
Training loss: 0.00000 || Validation loss: 65.10271
Epoch 90/100
Training loss: 0.00001 || Validation loss: 65.15250
Epoch 91/100
Training loss: 0.00006 || Validation loss: 65.07044
Epoch 92/100
Training loss: 0.00000 || Validation loss: 65.10165
Epoch 93/100
Training loss: 0.00002 || Validation loss: 65.10021
Epoch 94/100
Training loss: 0.00001 || Validation loss: 65.09286
Epoch 95/100
Training loss: 0.00001 || Validation loss: 65.09708
Epoch 96/100
Training loss: 0.00002 || Validation loss: 65.09884
Epoch 97/100
Training loss: 0.00001 || Validation loss: 65.19517
Epoch 98/100
Training loss: 0.00003 || Validation loss: 65.09354
Epoch 99/100
Training loss: 0.00000 || Validation loss: 65.08282
Epoch 100/100
Training loss: 0.00000 || Validation loss: 65.08726
Best model for fold 1 saved from epoch 4 with f1 2.54204
Final training loss: 0.00000 || Final test loss: 65.08726
Fold 2
Model loaded successfully from ./pretrained_model/64_to_256_3layers.ckpt
device : cuda
Model not found at ./model/city_and_forest_co_training_wba_value_8frames/piece_size_40_fix_False_pretrained_True/fold_2/fly_model.ckpt
튜플 파일을 불러오는 중 문제가 발생했습니다 (./model/city_and_forest_co_training_wba_value_8frames/piece_size_40_fix_False_pretrained_True/fold_2): [Errno 2] No such file or directory: './model/city_and_forest_co_training_wba_value_8frames/piece_size_40_fix_False_pretrained_True/fold_2/training_tuples.pkl'
Epoch 1/100
Training loss: 11.61916 || Validation loss: 4.97938
New best model saved at epoch 1 with loss 4.97938
Epoch 2/100
Training loss: 0.86655 || Validation loss: 6.89102
Epoch 3/100
Training loss: 0.29965 || Validation loss: 6.35299
Epoch 4/100
Training loss: 0.19378 || Validation loss: 7.86976
Epoch 5/100
Training loss: 0.14306 || Validation loss: 8.42005
Epoch 6/100
Training loss: 0.10037 || Validation loss: 9.07361
Epoch 7/100
Training loss: 0.07293 || Validation loss: 9.71925
Epoch 8/100
Training loss: 0.04571 || Validation loss: 9.61470
Epoch 9/100
Training loss: 0.02401 || Validation loss: 9.60126
Epoch 10/100
Training loss: 0.01352 || Validation loss: 9.33710
Epoch 11/100
Training loss: 0.00686 || Validation loss: 9.10914
Epoch 12/100
Training loss: 0.00431 || Validation loss: 8.91581
Epoch 13/100
Training loss: 0.00165 || Validation loss: 9.31029
Epoch 14/100
Training loss: 0.00058 || Validation loss: 9.04777
Epoch 15/100
Training loss: 0.00029 || Validation loss: 9.07505
Epoch 16/100
Training loss: 0.00000 || Validation loss: 9.13689
Epoch 17/100
Training loss: 0.00000 || Validation loss: 9.10477
Epoch 18/100
Training loss: 0.00000 || Validation loss: 8.97875
Epoch 19/100
Training loss: 0.00000 || Validation loss: 9.14381
Epoch 20/100
Training loss: 0.00000 || Validation loss: 9.12755
Epoch 21/100
Training loss: 0.00000 || Validation loss: 8.97345
Epoch 22/100
Training loss: 0.00000 || Validation loss: 9.49592
Epoch 23/100
Training loss: 0.00000 || Validation loss: 9.45993
Epoch 24/100
Training loss: 0.00000 || Validation loss: 9.55267
Epoch 25/100
Training loss: 0.00001 || Validation loss: 9.34533
Epoch 26/100
Training loss: 0.00003 || Validation loss: 9.54910
Epoch 27/100
Training loss: 0.00003 || Validation loss: 9.38703
Epoch 28/100
Training loss: 0.00009 || Validation loss: 9.76334
Epoch 29/100
Training loss: 0.00000 || Validation loss: 9.65070
Epoch 30/100
Training loss: 0.00002 || Validation loss: 9.57027
Epoch 31/100
Training loss: 0.00004 || Validation loss: 9.90221
Epoch 32/100
Training loss: 0.00015 || Validation loss: 9.91373
Epoch 33/100
Training loss: 0.00000 || Validation loss: 9.90257
Epoch 34/100
Training loss: 0.00780 || Validation loss: 9.96785
Epoch 35/100
Training loss: 0.00000 || Validation loss: 10.11989
Epoch 36/100
Training loss: 0.00000 || Validation loss: 10.38658
Epoch 37/100
Training loss: 0.00000 || Validation loss: 10.79137
Epoch 38/100
Training loss: 0.00000 || Validation loss: 11.18133
Epoch 39/100
Training loss: 0.00000 || Validation loss: 11.72084
Epoch 40/100
Training loss: 0.00000 || Validation loss: 12.40704
Epoch 41/100
Training loss: 0.00000 || Validation loss: 13.24359
Epoch 42/100
Training loss: 0.00000 || Validation loss: 14.27331
Epoch 43/100
Training loss: 0.00000 || Validation loss: 15.57569
Epoch 44/100
Training loss: 0.00000 || Validation loss: 17.16591
Epoch 45/100
Training loss: 0.00000 || Validation loss: 19.07261
Epoch 46/100
Training loss: 0.00016 || Validation loss: 21.37869
Epoch 47/100
Training loss: 0.00000 || Validation loss: 24.04341
Epoch 48/100
Training loss: 0.00674 || Validation loss: 27.28602
Epoch 49/100
Training loss: 0.00001 || Validation loss: 30.66870
Epoch 50/100
Training loss: 0.00000 || Validation loss: 34.31401
Epoch 51/100
Training loss: 0.00000 || Validation loss: 38.11185
Epoch 52/100
Training loss: 0.00000 || Validation loss: 41.98372
Epoch 53/100
Training loss: 0.00000 || Validation loss: 45.77552
Epoch 54/100
Training loss: 0.00000 || Validation loss: 49.34280
Epoch 55/100
Training loss: 0.00000 || Validation loss: 52.57310
Epoch 56/100
Training loss: 0.00000 || Validation loss: 55.36930
Epoch 57/100
Training loss: 0.00000 || Validation loss: 57.69210
Epoch 58/100
Training loss: 0.00000 || Validation loss: 59.51119
Epoch 59/100
Training loss: 0.00000 || Validation loss: 60.85488
Epoch 60/100
Training loss: 0.00004 || Validation loss: 61.81804
Epoch 61/100
Training loss: 0.00005 || Validation loss: 62.43392
Epoch 62/100
Training loss: 0.00012 || Validation loss: 62.79764
Epoch 63/100
Training loss: 0.00008 || Validation loss: 62.99927
Epoch 64/100
Training loss: 0.00000 || Validation loss: 63.10469
Epoch 65/100
Training loss: 0.00000 || Validation loss: 63.14601
Epoch 66/100
Training loss: 0.00244 || Validation loss: 63.16494
Epoch 67/100
Training loss: 0.00000 || Validation loss: 63.17552
Epoch 68/100
Training loss: 0.00000 || Validation loss: 63.17598
Epoch 69/100
Training loss: 0.00000 || Validation loss: 63.18005
Epoch 70/100
Training loss: 0.00000 || Validation loss: 63.17699
Epoch 71/100
Training loss: 0.00000 || Validation loss: 63.18339
Epoch 72/100
Training loss: 0.00000 || Validation loss: 63.18615
Epoch 73/100
Training loss: 0.00002 || Validation loss: 63.18789
Epoch 74/100
Training loss: 0.00001 || Validation loss: 63.16871
Epoch 75/100
Training loss: 0.00004 || Validation loss: 63.19717
Epoch 76/100
Training loss: 0.00003 || Validation loss: 63.19590
Epoch 77/100
Training loss: 0.00003 || Validation loss: 63.19332
Epoch 78/100
Training loss: 0.00004 || Validation loss: 63.21048
Epoch 79/100
Training loss: 0.00002 || Validation loss: 63.15844
Epoch 80/100
Training loss: 0.00005 || Validation loss: 63.21139
Epoch 81/100
Training loss: 0.00001 || Validation loss: 63.21144
Epoch 82/100
Training loss: 0.00004 || Validation loss: 63.23467
Epoch 83/100
Training loss: 0.00003 || Validation loss: 63.21833
Epoch 84/100
Training loss: 0.00003 || Validation loss: 63.22102
Epoch 85/100
Training loss: 0.00004 || Validation loss: 63.22230
Epoch 86/100
Training loss: 0.00018 || Validation loss: 63.22698
Epoch 87/100
Training loss: 0.00000 || Validation loss: 63.22587
Epoch 88/100
Training loss: 0.00007 || Validation loss: 63.22963
Epoch 89/100
Training loss: 0.00000 || Validation loss: 63.23021
Epoch 90/100
Training loss: 0.00000 || Validation loss: 63.23122
Epoch 91/100
Training loss: 0.00006 || Validation loss: 63.23323
Epoch 92/100
Training loss: 0.00003 || Validation loss: 63.23435
Epoch 93/100
Training loss: 0.00001 || Validation loss: 63.24372
Epoch 94/100
Training loss: 0.00005 || Validation loss: 63.23781
Epoch 95/100
Training loss: 0.00002 || Validation loss: 63.23742
Epoch 96/100
Training loss: 0.00007 || Validation loss: 63.20989
Epoch 97/100
Training loss: 0.00005 || Validation loss: 63.23941
Epoch 98/100
Training loss: 0.00000 || Validation loss: 63.22130
Epoch 99/100
Training loss: 0.00002 || Validation loss: 63.23758
Epoch 100/100
Training loss: 0.00011 || Validation loss: 63.24273
Best model for fold 2 saved from epoch 1 with f1 4.97938
Final training loss: 0.00011 || Final test loss: 63.24273
Fold 3
Model loaded successfully from ./pretrained_model/64_to_256_3layers.ckpt
device : cuda
Model not found at ./model/city_and_forest_co_training_wba_value_8frames/piece_size_40_fix_False_pretrained_True/fold_3/fly_model.ckpt
튜플 파일을 불러오는 중 문제가 발생했습니다 (./model/city_and_forest_co_training_wba_value_8frames/piece_size_40_fix_False_pretrained_True/fold_3): [Errno 2] No such file or directory: './model/city_and_forest_co_training_wba_value_8frames/piece_size_40_fix_False_pretrained_True/fold_3/training_tuples.pkl'
Epoch 1/100
Training loss: 18.89019 || Validation loss: 10.69580
New best model saved at epoch 1 with loss 10.69580
Epoch 2/100
Training loss: 1.25007 || Validation loss: 5.08172
New best model saved at epoch 2 with loss 5.08172
Epoch 3/100
Training loss: 0.43012 || Validation loss: 2.92769
New best model saved at epoch 3 with loss 2.92769
Epoch 4/100
Training loss: 0.25511 || Validation loss: 1.73736
New best model saved at epoch 4 with loss 1.73736
Epoch 5/100
Training loss: 0.17230 || Validation loss: 1.54521
New best model saved at epoch 5 with loss 1.54521
Epoch 6/100
Training loss: 0.11985 || Validation loss: 1.69047
Epoch 7/100
Training loss: 0.09123 || Validation loss: 1.98576
Epoch 8/100
Training loss: 0.06183 || Validation loss: 3.18087
Epoch 9/100
Training loss: 0.04160 || Validation loss: 4.67394
Epoch 10/100
Training loss: 0.01769 || Validation loss: 6.63774
Epoch 11/100
Training loss: 0.01092 || Validation loss: 8.06388
Epoch 12/100
Training loss: 0.00230 || Validation loss: 8.56014
Epoch 13/100
Training loss: 0.00077 || Validation loss: 9.22791
Epoch 14/100
Training loss: 0.00035 || Validation loss: 8.82243
Epoch 15/100
Training loss: 0.00014 || Validation loss: 9.09271
Epoch 16/100
Training loss: 0.00003 || Validation loss: 9.00136
Epoch 17/100
Training loss: 0.00001 || Validation loss: 9.23936
Epoch 18/100
Training loss: 0.00000 || Validation loss: 9.25280
Epoch 19/100
Training loss: 0.00000 || Validation loss: 9.31258
Epoch 20/100
Training loss: 0.00000 || Validation loss: 9.25197
Epoch 21/100
Training loss: 0.00000 || Validation loss: 9.25004
Epoch 22/100
Training loss: 0.00000 || Validation loss: 9.42288
Epoch 23/100
Training loss: 0.00000 || Validation loss: 9.15009
Epoch 24/100
Training loss: 0.00000 || Validation loss: 9.08804
Epoch 25/100
Training loss: 0.00000 || Validation loss: 9.09931
Epoch 26/100
Training loss: 0.00000 || Validation loss: 9.28940
Epoch 27/100
Training loss: 0.00000 || Validation loss: 9.16917
Epoch 28/100
Training loss: 0.00000 || Validation loss: 9.24930
Epoch 29/100
Training loss: 0.00000 || Validation loss: 9.20947
Epoch 30/100
Training loss: 0.00000 || Validation loss: 9.19503
Epoch 31/100
Training loss: 0.00000 || Validation loss: 9.28104
Epoch 32/100
Training loss: 0.00000 || Validation loss: 9.47137
Epoch 33/100
Training loss: 0.00007 || Validation loss: 9.40609
Epoch 34/100
Training loss: 0.00000 || Validation loss: 9.40385
Epoch 35/100
Training loss: 0.00000 || Validation loss: 9.43996
Epoch 36/100
Training loss: 0.00366 || Validation loss: 9.80487
Epoch 37/100
Training loss: 0.00000 || Validation loss: 9.79502
Epoch 38/100
Training loss: 0.00000 || Validation loss: 9.75505
Epoch 39/100
Training loss: 0.00000 || Validation loss: 9.74075
Epoch 40/100
Training loss: 0.00000 || Validation loss: 9.76531
Epoch 41/100
Training loss: 0.00000 || Validation loss: 9.84927
Epoch 42/100
Training loss: 0.00000 || Validation loss: 10.01647
Epoch 43/100
Training loss: 0.00000 || Validation loss: 10.29799
Epoch 44/100
Training loss: 0.00000 || Validation loss: 10.72971
Epoch 45/100
Training loss: 0.00000 || Validation loss: 11.34372
Epoch 46/100
Training loss: 0.00000 || Validation loss: 12.17724
Epoch 47/100
Training loss: 0.00000 || Validation loss: 13.22984
Epoch 48/100
Training loss: 0.00000 || Validation loss: 14.57354
Epoch 49/100
Training loss: 0.00180 || Validation loss: 16.20520
Epoch 50/100
Training loss: 0.00000 || Validation loss: 18.07115
Epoch 51/100
Training loss: 0.00000 || Validation loss: 20.14063
Epoch 52/100
Training loss: 0.00000 || Validation loss: 22.34696
Epoch 53/100
Training loss: 0.00000 || Validation loss: 24.60176
Epoch 54/100
Training loss: 0.00000 || Validation loss: 26.81207
Epoch 55/100
Training loss: 0.00000 || Validation loss: 28.88674
Epoch 56/100
Training loss: 0.00000 || Validation loss: 30.74904
Epoch 57/100
Training loss: 0.00000 || Validation loss: 32.34466
Epoch 58/100
Training loss: 0.00000 || Validation loss: 33.64532
Epoch 59/100
Training loss: 0.00001 || Validation loss: 34.64459
Epoch 60/100
Training loss: 0.00001 || Validation loss: 35.36944
Epoch 61/100
Training loss: 0.00002 || Validation loss: 35.85365
Epoch 62/100
Training loss: 0.00000 || Validation loss: 36.10233
Epoch 63/100
Training loss: 0.00001 || Validation loss: 36.30477
Epoch 64/100
Training loss: 0.00002 || Validation loss: 36.40059
Epoch 65/100
Training loss: 0.00000 || Validation loss: 36.46745
Epoch 66/100
Training loss: 0.00001 || Validation loss: 36.41369
Epoch 67/100
Training loss: 0.00001 || Validation loss: 36.46648
Epoch 68/100
Training loss: 0.00002 || Validation loss: 36.42788
Epoch 69/100
Training loss: 0.00003 || Validation loss: 36.43740
Epoch 70/100
Training loss: 0.00000 || Validation loss: 36.43513
Epoch 71/100
Training loss: 0.00000 || Validation loss: 36.43132
Epoch 72/100
Training loss: 0.00001 || Validation loss: 36.42607
Epoch 73/100
Training loss: 0.00004 || Validation loss: 36.42205
Epoch 74/100
Training loss: 0.00000 || Validation loss: 36.42083
Epoch 75/100
Training loss: 0.00000 || Validation loss: 36.41947
Epoch 76/100
Training loss: 0.00001 || Validation loss: 36.41747
Epoch 77/100
Training loss: 0.00001 || Validation loss: 36.48849
Epoch 78/100
Training loss: 0.00002 || Validation loss: 36.40924
Epoch 79/100
Training loss: 0.00000 || Validation loss: 36.41175
Epoch 80/100
Training loss: 0.00001 || Validation loss: 36.39557
Epoch 81/100
Training loss: 0.00000 || Validation loss: 36.38052
Epoch 82/100
Training loss: 0.00001 || Validation loss: 36.39687
Epoch 83/100
Training loss: 0.00001 || Validation loss: 36.40751
Epoch 84/100
Training loss: 0.00001 || Validation loss: 36.39068
Epoch 85/100
Training loss: 0.00001 || Validation loss: 36.40350
Epoch 86/100
Training loss: 0.00001 || Validation loss: 36.38577
Epoch 87/100
Training loss: 0.00001 || Validation loss: 36.32680
Epoch 88/100
Training loss: 0.00001 || Validation loss: 36.39509
Epoch 89/100
Training loss: 0.00001 || Validation loss: 36.41539
Epoch 90/100
Training loss: 0.00001 || Validation loss: 36.36917
Epoch 91/100
Training loss: 0.00001 || Validation loss: 36.37653
Epoch 92/100
Training loss: 0.00001 || Validation loss: 36.36732
Epoch 93/100
Training loss: 0.00001 || Validation loss: 36.37655
Epoch 94/100
Training loss: 0.00001 || Validation loss: 36.36912
Epoch 95/100
Training loss: 0.00001 || Validation loss: 36.35679
Epoch 96/100
Training loss: 0.00001 || Validation loss: 36.40586
Epoch 97/100
Training loss: 0.00001 || Validation loss: 36.35488
Epoch 98/100
Training loss: 0.00001 || Validation loss: 36.35292
Epoch 99/100
Training loss: 0.00001 || Validation loss: 36.35100
Epoch 100/100
Training loss: 0.00001 || Validation loss: 36.34825
Best model for fold 3 saved from epoch 5 with f1 1.54521
Final training loss: 0.00001 || Final test loss: 36.34825
All fold val losses: [2.5420443763335547, 4.9793750792741776, 1.5452144170800846]
Average val loss: 3.02221
./naturalistic/01_Bird.avi                                   Loaded : (5, 3596, 64, 128, 1)
./naturalistic/02_City.avi                                   Loaded : (5, 3596, 64, 128, 1)
./naturalistic/03_Forest.avi                                 Loaded : (5, 3596, 64, 128, 1)
Video is allocated on memory!
Shape : (3, 3596, 64, 128, 5)
device : cuda
load model
epoch : 2
learning rate : 0.0001
device : cuda
load model
epoch : 3
learning rate : 0.0001
device : cuda
load model
epoch : 3
learning rate : 0.0001
device : cuda
load model
epoch : 30
learning rate : 0.0001
device : cuda
load model
epoch : 3
learning rate : 0.0001
프레임 0/3593 처리 중...
프레임 100/3593 처리 중...
프레임 200/3593 처리 중...
프레임 300/3593 처리 중...
프레임 400/3593 처리 중...
프레임 500/3593 처리 중...
프레임 600/3593 처리 중...
프레임 700/3593 처리 중...
프레임 800/3593 처리 중...
프레임 900/3593 처리 중...
프레임 1000/3593 처리 중...
프레임 1100/3593 처리 중...
프레임 1200/3593 처리 중...
프레임 1300/3593 처리 중...
프레임 1400/3593 처리 중...
프레임 1500/3593 처리 중...
프레임 1600/3593 처리 중...
프레임 1700/3593 처리 중...
프레임 1800/3593 처리 중...
프레임 1900/3593 처리 중...
프레임 2000/3593 처리 중...
프레임 2100/3593 처리 중...
프레임 2200/3593 처리 중...
프레임 2300/3593 처리 중...
프레임 2400/3593 처리 중...
프레임 2500/3593 처리 중...
프레임 2600/3593 처리 중...
프레임 2700/3593 처리 중...
프레임 2800/3593 처리 중...
프레임 2900/3593 처리 중...
프레임 3000/3593 처리 중...
프레임 3100/3593 처리 중...
프레임 3200/3593 처리 중...
프레임 3300/3593 처리 중...
프레임 3400/3593 처리 중...
프레임 3500/3593 처리 중...
성공적으로 저장되었습니다: ./visualization_video/city_city_and_forest_co_training_wba_value_8frames_fix_False_pretrained_True.avi
./naturalistic/01_Bird.avi                                   Loaded : (5, 3596, 64, 128, 1)
./naturalistic/02_City.avi                                   Loaded : (5, 3596, 64, 128, 1)
./naturalistic/03_Forest.avi                                 Loaded : (5, 3596, 64, 128, 1)
Video is allocated on memory!
Shape : (3, 3596, 64, 128, 5)
device : cuda
load model
epoch : 2
learning rate : 0.0001
device : cuda
load model
epoch : 3
learning rate : 0.0001
device : cuda
load model
epoch : 3
learning rate : 0.0001
device : cuda
load model
epoch : 30
learning rate : 0.0001
device : cuda
load model
epoch : 3
learning rate : 0.0001
프레임 0/3593 처리 중...
프레임 100/3593 처리 중...
프레임 200/3593 처리 중...
프레임 300/3593 처리 중...
프레임 400/3593 처리 중...
프레임 500/3593 처리 중...
프레임 600/3593 처리 중...
프레임 700/3593 처리 중...
프레임 800/3593 처리 중...
프레임 900/3593 처리 중...
프레임 1000/3593 처리 중...
프레임 1100/3593 처리 중...
프레임 1200/3593 처리 중...
프레임 1300/3593 처리 중...
프레임 1400/3593 처리 중...
프레임 1500/3593 처리 중...
프레임 1600/3593 처리 중...
프레임 1700/3593 처리 중...
프레임 1800/3593 처리 중...
프레임 1900/3593 처리 중...
프레임 2000/3593 처리 중...
프레임 2100/3593 처리 중...
프레임 2200/3593 처리 중...
프레임 2300/3593 처리 중...
프레임 2400/3593 처리 중...
프레임 2500/3593 처리 중...
프레임 2600/3593 처리 중...
프레임 2700/3593 처리 중...
프레임 2800/3593 처리 중...
프레임 2900/3593 처리 중...
프레임 3000/3593 처리 중...
프레임 3100/3593 처리 중...
프레임 3200/3593 처리 중...
프레임 3300/3593 처리 중...
프레임 3400/3593 처리 중...
프레임 3500/3593 처리 중...
성공적으로 저장되었습니다: ./visualization_video/forest_city_and_forest_co_training_wba_value_8frames_fix_False_pretrained_True.avi
Fold 1
device : cuda
Model not found at ./model/city_and_forest_co_training_wba_value_8frames/piece_size_1_fix_False_pretrained_False/fold_1/fly_model.ckpt
튜플 파일을 불러오는 중 문제가 발생했습니다 (./model/city_and_forest_co_training_wba_value_8frames/piece_size_1_fix_False_pretrained_False/fold_1): [Errno 2] No such file or directory: './model/city_and_forest_co_training_wba_value_8frames/piece_size_1_fix_False_pretrained_False/fold_1/training_tuples.pkl'
Epoch 1/100
Training loss: 23.94002 || Validation loss: 1.97545
New best model saved at epoch 1 with loss 1.97545
First epoch took 18.65 seconds.
Estimated total program duration: 7.77 hours
Estimated program end time (KST): 2024/11/21 21:37:35
Epoch 2/100
Training loss: 0.88523 || Validation loss: 1.36063
New best model saved at epoch 2 with loss 1.36063
Epoch 3/100
Training loss: 0.31225 || Validation loss: 1.58238
Epoch 4/100
Training loss: 0.15036 || Validation loss: 1.33503
New best model saved at epoch 4 with loss 1.33503
Epoch 5/100
Training loss: 0.11454 || Validation loss: 1.31789
New best model saved at epoch 5 with loss 1.31789
Epoch 6/100
Training loss: 0.08672 || Validation loss: 1.53909
Epoch 7/100
Training loss: 0.07220 || Validation loss: 1.77992
Epoch 8/100
Training loss: 0.05888 || Validation loss: 2.40937
Epoch 9/100
Training loss: 0.03629 || Validation loss: 3.72195
Epoch 10/100
Training loss: 0.02500 || Validation loss: 4.46464
Epoch 11/100
Training loss: 0.01054 || Validation loss: 6.84139
Epoch 12/100
Training loss: 0.00278 || Validation loss: 7.76432
Epoch 13/100
Training loss: 0.00474 || Validation loss: 8.50005
Epoch 14/100
Training loss: 0.00944 || Validation loss: 8.11344
Epoch 15/100
Training loss: 0.00408 || Validation loss: 7.47233
Epoch 16/100
Training loss: 0.00012 || Validation loss: 7.67964
Epoch 17/100
Training loss: 0.00001 || Validation loss: 7.84404
Epoch 18/100
Training loss: 0.00000 || Validation loss: 7.93016
Epoch 19/100
Training loss: 0.00000 || Validation loss: 7.81395
Epoch 20/100
Training loss: 0.00000 || Validation loss: 7.89443
Epoch 21/100
Training loss: 0.00000 || Validation loss: 8.17658
Epoch 22/100
Training loss: 0.00000 || Validation loss: 8.14216
Epoch 23/100
Training loss: 0.00000 || Validation loss: 8.31409
Epoch 24/100
Training loss: 0.00000 || Validation loss: 8.25222
Epoch 25/100
Training loss: 0.00000 || Validation loss: 8.22723
Epoch 26/100
Training loss: 0.00000 || Validation loss: 8.38856
Epoch 27/100
Training loss: 0.00000 || Validation loss: 8.40278
Epoch 28/100
Training loss: 0.00000 || Validation loss: 8.52824
Epoch 29/100
Training loss: 0.00000 || Validation loss: 8.50971
Epoch 30/100
Training loss: 0.00000 || Validation loss: 8.87358
Epoch 31/100
Training loss: 0.00000 || Validation loss: 8.83294
Epoch 32/100
Training loss: 0.00000 || Validation loss: 8.80062
Epoch 33/100
Training loss: 0.00000 || Validation loss: 8.83282
Epoch 34/100
Training loss: 0.00001 || Validation loss: 8.81173
Epoch 35/100
Training loss: 0.00001 || Validation loss: 8.95326
Epoch 36/100
Training loss: 0.00008 || Validation loss: 8.89680
Epoch 37/100
Training loss: 0.00000 || Validation loss: 8.82763
Epoch 38/100
Training loss: 0.00000 || Validation loss: 8.74713
Epoch 39/100
Training loss: 0.00000 || Validation loss: 8.55833
Epoch 40/100
Training loss: 0.00005 || Validation loss: 8.42667
Epoch 41/100
Training loss: 0.00000 || Validation loss: 8.27085
Epoch 42/100
Training loss: 0.00000 || Validation loss: 8.20559
Epoch 43/100
Training loss: 0.00005 || Validation loss: 8.12541
Epoch 44/100
Training loss: 0.00001 || Validation loss: 8.21186
Epoch 45/100
Training loss: 0.00000 || Validation loss: 8.26825
Epoch 46/100
Training loss: 0.00005 || Validation loss: 8.56531
Epoch 47/100
Training loss: 0.00000 || Validation loss: 9.04016
Epoch 48/100
Training loss: 0.00670 || Validation loss: 9.89223
Epoch 49/100
Training loss: 0.00000 || Validation loss: 10.92659
Epoch 50/100
Training loss: 0.00000 || Validation loss: 12.45996
Epoch 51/100
Training loss: 0.00000 || Validation loss: 14.45997
Epoch 52/100
Training loss: 0.00000 || Validation loss: 16.63232
Epoch 53/100
Training loss: 0.00000 || Validation loss: 19.60376
Epoch 54/100
Training loss: 0.00000 || Validation loss: 22.62309
Epoch 55/100
Training loss: 0.00000 || Validation loss: 26.20105
Epoch 56/100
Training loss: 0.00000 || Validation loss: 29.91294
Epoch 57/100
Training loss: 0.00000 || Validation loss: 33.69002
Epoch 58/100
Training loss: 0.00000 || Validation loss: 37.33769
Epoch 59/100
Training loss: 0.00000 || Validation loss: 41.27345
Epoch 60/100
Training loss: 0.00000 || Validation loss: 44.26678
Epoch 61/100
Training loss: 0.00003 || Validation loss: 46.95022
Epoch 62/100
Training loss: 0.00000 || Validation loss: 49.54770
Epoch 63/100
Training loss: 0.00002 || Validation loss: 51.27017
Epoch 64/100
Training loss: 0.00004 || Validation loss: 52.84074
Epoch 65/100
Training loss: 0.00002 || Validation loss: 53.88438
Epoch 66/100
Training loss: 0.00003 || Validation loss: 54.33419
Epoch 67/100
Training loss: 0.00000 || Validation loss: 54.67126
Epoch 68/100
Training loss: 0.00009 || Validation loss: 54.95644
Epoch 69/100
Training loss: 0.00000 || Validation loss: 55.35616
Epoch 70/100
Training loss: 0.00000 || Validation loss: 55.29654
Epoch 71/100
Training loss: 0.00000 || Validation loss: 55.51622
Epoch 72/100
Training loss: 0.00001 || Validation loss: 55.30523
Epoch 73/100
Training loss: 0.00002 || Validation loss: 55.30040
Epoch 74/100
Training loss: 0.00002 || Validation loss: 55.60761
Epoch 75/100
Training loss: 0.00000 || Validation loss: 56.06232
Epoch 76/100
Training loss: 0.00001 || Validation loss: 55.29597
Epoch 77/100
Training loss: 0.00001 || Validation loss: 55.74642
Epoch 78/100
Training loss: 0.00001 || Validation loss: 55.79131
Epoch 79/100
Training loss: 0.00001 || Validation loss: 55.38653
Epoch 80/100
Training loss: 0.00001 || Validation loss: 55.18366
Epoch 81/100
Training loss: 0.00001 || Validation loss: 55.73413
Epoch 82/100
Training loss: 0.00002 || Validation loss: 55.27878
Epoch 83/100
Training loss: 0.00000 || Validation loss: 55.27413
Epoch 84/100
Training loss: 0.00001 || Validation loss: 55.37411
Epoch 85/100
Training loss: 0.00001 || Validation loss: 55.46469
Epoch 86/100
Training loss: 0.00001 || Validation loss: 55.32917
Epoch 87/100
Training loss: 0.00003 || Validation loss: 55.15014
Epoch 88/100
Training loss: 0.00000 || Validation loss: 55.41367
Epoch 89/100
Training loss: 0.00001 || Validation loss: 55.12095
Epoch 90/100
Training loss: 0.00002 || Validation loss: 55.54461
Epoch 91/100
Training loss: 0.00002 || Validation loss: 55.38819
Epoch 92/100
Training loss: 0.00000 || Validation loss: 55.30492
Epoch 93/100
Training loss: 0.00002 || Validation loss: 55.39340
Epoch 94/100
Training loss: 0.00000 || Validation loss: 55.22444
Epoch 95/100
Training loss: 0.00001 || Validation loss: 55.40671
Epoch 96/100
Training loss: 0.00001 || Validation loss: 55.30208
Epoch 97/100
Training loss: 0.00001 || Validation loss: 55.64661
Epoch 98/100
Training loss: 0.00001 || Validation loss: 55.66428
Epoch 99/100
Training loss: 0.00001 || Validation loss: 55.35539
Epoch 100/100
Training loss: 0.00001 || Validation loss: 55.62185
Best model for fold 1 saved from epoch 5 with f1 1.31789
Final training loss: 0.00001 || Final test loss: 55.62185
Fold 2
device : cuda
Model not found at ./model/city_and_forest_co_training_wba_value_8frames/piece_size_1_fix_False_pretrained_False/fold_2/fly_model.ckpt
튜플 파일을 불러오는 중 문제가 발생했습니다 (./model/city_and_forest_co_training_wba_value_8frames/piece_size_1_fix_False_pretrained_False/fold_2): [Errno 2] No such file or directory: './model/city_and_forest_co_training_wba_value_8frames/piece_size_1_fix_False_pretrained_False/fold_2/training_tuples.pkl'
Epoch 1/100
Training loss: 24.86671 || Validation loss: 2.36135
New best model saved at epoch 1 with loss 2.36135
Epoch 2/100
Training loss: 0.99589 || Validation loss: 1.78713
New best model saved at epoch 2 with loss 1.78713
Epoch 3/100
Training loss: 0.33880 || Validation loss: 1.39816
New best model saved at epoch 3 with loss 1.39816
Epoch 4/100
Training loss: 0.17040 || Validation loss: 1.33569
New best model saved at epoch 4 with loss 1.33569
Epoch 5/100
Training loss: 0.11476 || Validation loss: 1.52499
Epoch 6/100
Training loss: 0.08785 || Validation loss: 1.97415
Epoch 7/100
Training loss: 0.06423 || Validation loss: 3.09118
Epoch 8/100
Training loss: 0.04214 || Validation loss: 4.03876
Epoch 9/100
Training loss: 0.02500 || Validation loss: 6.07901
Epoch 10/100
Training loss: 0.01361 || Validation loss: 6.67590
Epoch 11/100
Training loss: 0.00757 || Validation loss: 8.17221
Epoch 12/100
Training loss: 0.00211 || Validation loss: 9.14368
Epoch 13/100
Training loss: 0.00071 || Validation loss: 8.88900
Epoch 14/100
Training loss: 0.00031 || Validation loss: 9.09424
Epoch 15/100
Training loss: 0.00010 || Validation loss: 9.13540
Epoch 16/100
Training loss: 0.00000 || Validation loss: 9.30584
Epoch 17/100
Training loss: 0.00000 || Validation loss: 9.32625
Epoch 18/100
Training loss: 0.00000 || Validation loss: 9.04292
Epoch 19/100
Training loss: 0.00000 || Validation loss: 9.11621
Epoch 20/100
Training loss: 0.00000 || Validation loss: 9.18023
Epoch 21/100
Training loss: 0.00000 || Validation loss: 9.12438
Epoch 22/100
Training loss: 0.00000 || Validation loss: 9.17272
Epoch 23/100
Training loss: 0.00000 || Validation loss: 9.04907
Epoch 24/100
Training loss: 0.00000 || Validation loss: 9.43041
Epoch 25/100
Training loss: 0.00000 || Validation loss: 9.26036
Epoch 26/100
Training loss: 0.00000 || Validation loss: 9.04240
Epoch 27/100
Training loss: 0.00000 || Validation loss: 9.18408
Epoch 28/100
Training loss: 0.00000 || Validation loss: 9.27662
Epoch 29/100
Training loss: 0.00000 || Validation loss: 9.14562
Epoch 30/100
Training loss: 0.00000 || Validation loss: 9.22067
Epoch 31/100
Training loss: 0.00000 || Validation loss: 9.25330
Epoch 32/100
Training loss: 0.00000 || Validation loss: 9.27197
Epoch 33/100
Training loss: 0.00002 || Validation loss: 9.34912
Epoch 34/100
Training loss: 0.00000 || Validation loss: 9.32143
Epoch 35/100
Training loss: 0.00001 || Validation loss: 9.32161
Epoch 36/100
Training loss: 0.00001 || Validation loss: 9.33808
Epoch 37/100
Training loss: 0.00098 || Validation loss: 9.64230
Epoch 38/100
Training loss: 0.00000 || Validation loss: 9.56845
Epoch 39/100
Training loss: 0.00000 || Validation loss: 9.46252
Epoch 40/100
Training loss: 0.00000 || Validation loss: 9.36161
Epoch 41/100
Training loss: 0.00000 || Validation loss: 9.39321
Epoch 42/100
Training loss: 0.00000 || Validation loss: 9.33144
Epoch 43/100
Training loss: 0.00000 || Validation loss: 9.39134
Epoch 44/100
Training loss: 0.00000 || Validation loss: 9.53239
Epoch 45/100
Training loss: 0.00000 || Validation loss: 9.70718
Epoch 46/100
Training loss: 0.00003 || Validation loss: 10.03359
Epoch 47/100
Training loss: 0.00000 || Validation loss: 10.49791
Epoch 48/100
Training loss: 0.00001 || Validation loss: 11.21984
Epoch 49/100
Training loss: 0.00000 || Validation loss: 12.14418
Epoch 50/100
Training loss: 0.00001 || Validation loss: 13.39969
Epoch 51/100
Training loss: 0.00002 || Validation loss: 14.82401
Epoch 52/100
Training loss: 0.00000 || Validation loss: 16.70501
Epoch 53/100
Training loss: 0.00002 || Validation loss: 18.74868
Epoch 54/100
Training loss: 0.00038 || Validation loss: 21.22804
Epoch 55/100
Training loss: 0.00000 || Validation loss: 23.86934
Epoch 56/100
Training loss: 0.00000 || Validation loss: 26.75381
Epoch 57/100
Training loss: 0.00000 || Validation loss: 29.47765
Epoch 58/100
Training loss: 0.00000 || Validation loss: 32.29992
Epoch 59/100
Training loss: 0.00000 || Validation loss: 34.79756
Epoch 60/100
Training loss: 0.00000 || Validation loss: 37.36242
Epoch 61/100
Training loss: 0.00002 || Validation loss: 39.42405
Epoch 62/100
Training loss: 0.00000 || Validation loss: 41.38838
Epoch 63/100
Training loss: 0.00004 || Validation loss: 43.18621
Epoch 64/100
Training loss: 0.00000 || Validation loss: 44.24297
Epoch 65/100
Training loss: 0.00000 || Validation loss: 45.27440
Epoch 66/100
Training loss: 0.00002 || Validation loss: 46.06768
Epoch 67/100
Training loss: 0.00000 || Validation loss: 45.62182
Epoch 68/100
Training loss: 0.00006 || Validation loss: 46.10798
Epoch 69/100
Training loss: 0.00001 || Validation loss: 46.00282
Epoch 70/100
Training loss: 0.00000 || Validation loss: 46.10949
Epoch 71/100
Training loss: 0.00004 || Validation loss: 46.21312
Epoch 72/100
Training loss: 0.00001 || Validation loss: 46.53216
Epoch 73/100
Training loss: 0.00001 || Validation loss: 46.38036
Epoch 74/100
Training loss: 0.00000 || Validation loss: 46.13908
Epoch 75/100
Training loss: 0.00001 || Validation loss: 46.04038
Epoch 76/100
Training loss: 0.00002 || Validation loss: 46.42228
Epoch 77/100
Training loss: 0.00000 || Validation loss: 46.61738
Epoch 78/100
Training loss: 0.00001 || Validation loss: 46.32564
Epoch 79/100
Training loss: 0.00000 || Validation loss: 46.15182
Epoch 80/100
Training loss: 0.00001 || Validation loss: 46.74299
Epoch 81/100
Training loss: 0.00001 || Validation loss: 46.35668
Epoch 82/100
Training loss: 0.00001 || Validation loss: 46.27457
Epoch 83/100
Training loss: 0.00001 || Validation loss: 46.56932
Epoch 84/100
Training loss: 0.00001 || Validation loss: 46.31721
Epoch 85/100
Training loss: 0.00001 || Validation loss: 46.54234
Epoch 86/100
Training loss: 0.00001 || Validation loss: 46.36670
Epoch 87/100
Training loss: 0.00001 || Validation loss: 46.29216
Epoch 88/100
Training loss: 0.00001 || Validation loss: 46.52088
Epoch 89/100
Training loss: 0.00001 || Validation loss: 47.01008
Epoch 90/100
Training loss: 0.00001 || Validation loss: 46.17099
Epoch 91/100
Training loss: 0.00001 || Validation loss: 46.57484
Epoch 92/100
Training loss: 0.00001 || Validation loss: 46.31497
Epoch 93/100
Training loss: 0.00001 || Validation loss: 46.10822
Epoch 94/100
Training loss: 0.00001 || Validation loss: 47.20523
Epoch 95/100
Training loss: 0.00001 || Validation loss: 46.59126
Epoch 96/100
Training loss: 0.00001 || Validation loss: 46.31676
Epoch 97/100
Training loss: 0.00001 || Validation loss: 46.40313
Epoch 98/100
Training loss: 0.00001 || Validation loss: 46.86754
Epoch 99/100
Training loss: 0.00001 || Validation loss: 46.30523
Epoch 100/100
Training loss: 0.00001 || Validation loss: 46.69043
Best model for fold 2 saved from epoch 4 with f1 1.33569
Final training loss: 0.00001 || Final test loss: 46.69043
Fold 3
device : cuda
Model not found at ./model/city_and_forest_co_training_wba_value_8frames/piece_size_1_fix_False_pretrained_False/fold_3/fly_model.ckpt
튜플 파일을 불러오는 중 문제가 발생했습니다 (./model/city_and_forest_co_training_wba_value_8frames/piece_size_1_fix_False_pretrained_False/fold_3): [Errno 2] No such file or directory: './model/city_and_forest_co_training_wba_value_8frames/piece_size_1_fix_False_pretrained_False/fold_3/training_tuples.pkl'
Epoch 1/100
Training loss: 25.50697 || Validation loss: 1.62406
New best model saved at epoch 1 with loss 1.62406
Epoch 2/100
Training loss: 0.93396 || Validation loss: 1.85270
Epoch 3/100
Training loss: 0.32753 || Validation loss: 1.64487
Epoch 4/100
Training loss: 0.20111 || Validation loss: 1.70155
Epoch 5/100
Training loss: 0.13382 || Validation loss: 1.97872
Epoch 6/100
Training loss: 0.09330 || Validation loss: 2.52561
Epoch 7/100
Training loss: 0.07679 || Validation loss: 3.19329
Epoch 8/100
Training loss: 0.04910 || Validation loss: 5.30098
Epoch 9/100
Training loss: 0.02932 || Validation loss: 7.15649
Epoch 10/100
Training loss: 0.01598 || Validation loss: 7.88687
Epoch 11/100
Training loss: 0.01146 || Validation loss: 8.15876
Epoch 12/100
Training loss: 0.00307 || Validation loss: 8.84593
Epoch 13/100
Training loss: 0.00077 || Validation loss: 9.03081
Epoch 14/100
Training loss: 0.00020 || Validation loss: 8.99710
Epoch 15/100
Training loss: 0.00003 || Validation loss: 8.80720
Epoch 16/100
Training loss: 0.00007 || Validation loss: 9.00766
Epoch 17/100
Training loss: 0.00002 || Validation loss: 9.10271
Epoch 18/100
Training loss: 0.00000 || Validation loss: 8.90951
Epoch 19/100
Training loss: 0.00000 || Validation loss: 8.79221
Epoch 20/100
Training loss: 0.00000 || Validation loss: 8.83140
Epoch 21/100
Training loss: 0.00000 || Validation loss: 8.74376
Epoch 22/100
Training loss: 0.00000 || Validation loss: 8.90570
Epoch 23/100
Training loss: 0.00000 || Validation loss: 8.93149
Epoch 24/100
Training loss: 0.00000 || Validation loss: 8.81903
Epoch 25/100
Training loss: 0.00000 || Validation loss: 8.80034
Epoch 26/100
Training loss: 0.00000 || Validation loss: 8.73662
Epoch 27/100
Training loss: 0.00000 || Validation loss: 8.93838
Epoch 28/100
Training loss: 0.00000 || Validation loss: 8.81990
Epoch 29/100
Training loss: 0.00000 || Validation loss: 8.81110
Epoch 30/100
Training loss: 0.00000 || Validation loss: 8.69009
Epoch 31/100
Training loss: 0.00000 || Validation loss: 8.78117
Epoch 32/100
Training loss: 0.00001 || Validation loss: 8.73139
Epoch 33/100
Training loss: 0.00002 || Validation loss: 8.85039
Epoch 34/100
Training loss: 0.00001 || Validation loss: 8.84868
Epoch 35/100
Training loss: 0.00494 || Validation loss: 9.21033
Epoch 36/100
Training loss: 0.00000 || Validation loss: 9.18134
Epoch 37/100
Training loss: 0.00000 || Validation loss: 9.13719
Epoch 38/100
Training loss: 0.00000 || Validation loss: 9.08760
Epoch 39/100
Training loss: 0.00000 || Validation loss: 9.01720
Epoch 40/100
Training loss: 0.00000 || Validation loss: 9.02521
Epoch 41/100
Training loss: 0.00000 || Validation loss: 8.97843
Epoch 42/100
Training loss: 0.00000 || Validation loss: 8.98430
Epoch 43/100
Training loss: 0.00000 || Validation loss: 9.06544
Epoch 44/100
Training loss: 0.00000 || Validation loss: 9.26172
Epoch 45/100
Training loss: 0.00000 || Validation loss: 9.48488
Epoch 46/100
Training loss: 0.00000 || Validation loss: 9.79924
Epoch 47/100
Training loss: 0.00000 || Validation loss: 10.36815
Epoch 48/100
Training loss: 0.00002 || Validation loss: 11.06861
Epoch 49/100
Training loss: 0.00001 || Validation loss: 12.16278
Epoch 50/100
Training loss: 0.00001 || Validation loss: 13.47920
Epoch 51/100
Training loss: 0.00008 || Validation loss: 15.03198
Epoch 52/100
Training loss: 0.00000 || Validation loss: 17.24515
Epoch 53/100
Training loss: 0.00000 || Validation loss: 19.24946
Epoch 54/100
Training loss: 0.00006 || Validation loss: 21.94189
Epoch 55/100
Training loss: 0.00000 || Validation loss: 24.90550
Epoch 56/100
Training loss: 0.00000 || Validation loss: 27.67277
Epoch 57/100
Training loss: 0.00006 || Validation loss: 31.21043
Epoch 58/100
Training loss: 0.00000 || Validation loss: 33.70619
Epoch 59/100
Training loss: 0.00006 || Validation loss: 36.32588
Epoch 60/100
Training loss: 0.00000 || Validation loss: 39.05743
Epoch 61/100
Training loss: 0.00006 || Validation loss: 41.10194
Epoch 62/100
Training loss: 0.00000 || Validation loss: 43.27030
Epoch 63/100
Training loss: 0.00003 || Validation loss: 44.57840
Epoch 64/100
Training loss: 0.00004 || Validation loss: 45.64102
Epoch 65/100
Training loss: 0.00000 || Validation loss: 46.52483
Epoch 66/100
Training loss: 0.00006 || Validation loss: 46.98200
Epoch 67/100
Training loss: 0.00000 || Validation loss: 46.80413
Epoch 68/100
Training loss: 0.00000 || Validation loss: 46.98622
Epoch 69/100
Training loss: 0.00001 || Validation loss: 47.24162
Epoch 70/100
Training loss: 0.00013 || Validation loss: 47.04327
Epoch 71/100
Training loss: 0.00001 || Validation loss: 47.85291
Epoch 72/100
Training loss: 0.00000 || Validation loss: 47.17895
Epoch 73/100
Training loss: 0.00001 || Validation loss: 47.04275
Epoch 74/100
Training loss: 0.00001 || Validation loss: 46.94977
Epoch 75/100
Training loss: 0.00005 || Validation loss: 47.27437
Epoch 76/100
Training loss: 0.00000 || Validation loss: 47.05350
Epoch 77/100
Training loss: 0.00002 || Validation loss: 47.05982
Epoch 78/100
Training loss: 0.00001 || Validation loss: 47.73631
Epoch 79/100
Training loss: 0.00002 || Validation loss: 47.15841
Epoch 80/100
Training loss: 0.00001 || Validation loss: 47.12682
Epoch 81/100
Training loss: 0.00002 || Validation loss: 47.05492
Epoch 82/100
Training loss: 0.00001 || Validation loss: 47.66220
Epoch 83/100
Training loss: 0.00001 || Validation loss: 47.02950
Epoch 84/100
Training loss: 0.00001 || Validation loss: 47.09404
Epoch 85/100
Training loss: 0.00002 || Validation loss: 47.10027
Epoch 86/100
Training loss: 0.00001 || Validation loss: 47.04820
Epoch 87/100
Training loss: 0.00001 || Validation loss: 47.22072
Epoch 88/100
Training loss: 0.00001 || Validation loss: 47.13145
Epoch 89/100
Training loss: 0.00001 || Validation loss: 47.09571
Epoch 90/100
Training loss: 0.00001 || Validation loss: 47.39170
Epoch 91/100
Training loss: 0.00001 || Validation loss: 47.28572
Epoch 92/100
Training loss: 0.00001 || Validation loss: 47.14561
Epoch 93/100
Training loss: 0.00001 || Validation loss: 47.94214
Epoch 94/100
Training loss: 0.00002 || Validation loss: 47.41489
Epoch 95/100
Training loss: 0.00001 || Validation loss: 47.41567
Epoch 96/100
Training loss: 0.00001 || Validation loss: 47.60444
Epoch 97/100
Training loss: 0.00001 || Validation loss: 46.97357
Epoch 98/100
Training loss: 0.00001 || Validation loss: 47.17048
Epoch 99/100
Training loss: 0.00001 || Validation loss: 47.05658
Epoch 100/100
Training loss: 0.00001 || Validation loss: 47.29438
Best model for fold 3 saved from epoch 1 with f1 1.62406
Final training loss: 0.00001 || Final test loss: 47.29438
All fold val losses: [1.3178859021928575, 1.3356886991748103, 1.6240630999759391]
Average val loss: 1.42588
Fold 1
device : cuda
Model not found at ./model/city_and_forest_co_training_wba_value_8frames/piece_size_5_fix_False_pretrained_False/fold_1/fly_model.ckpt
튜플 파일을 불러오는 중 문제가 발생했습니다 (./model/city_and_forest_co_training_wba_value_8frames/piece_size_5_fix_False_pretrained_False/fold_1): [Errno 2] No such file or directory: './model/city_and_forest_co_training_wba_value_8frames/piece_size_5_fix_False_pretrained_False/fold_1/training_tuples.pkl'
Epoch 1/100
Training loss: 23.25765 || Validation loss: 3.04076
New best model saved at epoch 1 with loss 3.04076
Epoch 2/100
Training loss: 0.94103 || Validation loss: 2.28214
New best model saved at epoch 2 with loss 2.28214
Epoch 3/100
Training loss: 0.34012 || Validation loss: 1.61065
New best model saved at epoch 3 with loss 1.61065
Epoch 4/100
Training loss: 0.19124 || Validation loss: 1.75816
Epoch 5/100
Training loss: 0.12866 || Validation loss: 2.17349
Epoch 6/100
Training loss: 0.08793 || Validation loss: 2.99814
Epoch 7/100
Training loss: 0.06662 || Validation loss: 4.21694
Epoch 8/100
Training loss: 0.03782 || Validation loss: 5.65286
Epoch 9/100
Training loss: 0.01861 || Validation loss: 7.27892
Epoch 10/100
Training loss: 0.00900 || Validation loss: 8.42945
Epoch 11/100
Training loss: 0.00384 || Validation loss: 9.58665
Epoch 12/100
Training loss: 0.00112 || Validation loss: 10.48451
Epoch 13/100
Training loss: 0.00039 || Validation loss: 10.41982
Epoch 14/100
Training loss: 0.00004 || Validation loss: 10.68094
Epoch 15/100
Training loss: 0.00004 || Validation loss: 10.60184
Epoch 16/100
Training loss: 0.00001 || Validation loss: 10.59118
Epoch 17/100
Training loss: 0.00000 || Validation loss: 10.80719
Epoch 18/100
Training loss: 0.00000 || Validation loss: 10.58104
Epoch 19/100
Training loss: 0.00000 || Validation loss: 10.75186
Epoch 20/100
Training loss: 0.00000 || Validation loss: 10.66259
Epoch 21/100
Training loss: 0.00000 || Validation loss: 10.65632
Epoch 22/100
Training loss: 0.00000 || Validation loss: 10.43740
Epoch 23/100
Training loss: 0.00000 || Validation loss: 10.55785
Epoch 24/100
Training loss: 0.00000 || Validation loss: 10.29662
Epoch 25/100
Training loss: 0.00000 || Validation loss: 10.40658
Epoch 26/100
Training loss: 0.00000 || Validation loss: 10.44796
Epoch 27/100
Training loss: 0.00000 || Validation loss: 10.20931
Epoch 28/100
Training loss: 0.00000 || Validation loss: 10.29730
Epoch 29/100
Training loss: 0.00000 || Validation loss: 10.19737
Epoch 30/100
Training loss: 0.00000 || Validation loss: 10.07237
Epoch 31/100
Training loss: 0.00000 || Validation loss: 9.91859
Epoch 32/100
Training loss: 0.00001 || Validation loss: 9.87197
Epoch 33/100
Training loss: 0.00000 || Validation loss: 9.79894
Epoch 34/100
Training loss: 0.00001 || Validation loss: 9.64584
Epoch 35/100
Training loss: 0.00002 || Validation loss: 9.50765
Epoch 36/100
Training loss: 0.00000 || Validation loss: 9.38619
Epoch 37/100
Training loss: 0.00064 || Validation loss: 9.35151
Epoch 38/100
Training loss: 0.00000 || Validation loss: 9.24716
Epoch 39/100
Training loss: 0.00000 || Validation loss: 9.15011
Epoch 40/100
Training loss: 0.00000 || Validation loss: 9.06281
Epoch 41/100
Training loss: 0.00000 || Validation loss: 9.00328
Epoch 42/100
Training loss: 0.00000 || Validation loss: 8.99325
Epoch 43/100
Training loss: 0.00000 || Validation loss: 9.05133
Epoch 44/100
Training loss: 0.00000 || Validation loss: 9.21018
Epoch 45/100
Training loss: 0.00000 || Validation loss: 9.51086
Epoch 46/100
Training loss: 0.00003 || Validation loss: 9.99517
Epoch 47/100
Training loss: 0.00000 || Validation loss: 10.70643
Epoch 48/100
Training loss: 0.00000 || Validation loss: 11.69606
Epoch 49/100
Training loss: 0.00002 || Validation loss: 12.97994
Epoch 50/100
Training loss: 0.00000 || Validation loss: 14.59615
Epoch 51/100
Training loss: 0.00001 || Validation loss: 16.54549
Epoch 52/100
Training loss: 0.00001 || Validation loss: 18.81074
Epoch 53/100
Training loss: 0.00003 || Validation loss: 21.32603
Epoch 54/100
Training loss: 0.00000 || Validation loss: 24.04408
Epoch 55/100
Training loss: 0.00003 || Validation loss: 26.87446
Epoch 56/100
Training loss: 0.00000 || Validation loss: 29.74510
Epoch 57/100
Training loss: 0.00000 || Validation loss: 32.50350
Epoch 58/100
Training loss: 0.00001 || Validation loss: 35.13137
Epoch 59/100
Training loss: 0.00004 || Validation loss: 37.54049
Epoch 60/100
Training loss: 0.00000 || Validation loss: 39.64959
Epoch 61/100
Training loss: 0.00000 || Validation loss: 41.43954
Epoch 62/100
Training loss: 0.00001 || Validation loss: 42.88701
Epoch 63/100
Training loss: 0.00003 || Validation loss: 43.99856
Epoch 64/100
Training loss: 0.00000 || Validation loss: 44.80287
Epoch 65/100
Training loss: 0.00003 || Validation loss: 45.31041
Epoch 66/100
Training loss: 0.00000 || Validation loss: 45.69073
Epoch 67/100
Training loss: 0.00000 || Validation loss: 45.88832
Epoch 68/100
Training loss: 0.00002 || Validation loss: 45.99876
Epoch 69/100
Training loss: 0.00000 || Validation loss: 46.05623
Epoch 70/100
Training loss: 0.00000 || Validation loss: 46.08972
Epoch 71/100
Training loss: 0.00001 || Validation loss: 46.11034
Epoch 72/100
Training loss: 0.00001 || Validation loss: 46.07251
Epoch 73/100
Training loss: 0.00001 || Validation loss: 46.13875
Epoch 74/100
Training loss: 0.00001 || Validation loss: 46.21224
Epoch 75/100
Training loss: 0.00001 || Validation loss: 46.14824
Epoch 76/100
Training loss: 0.00001 || Validation loss: 46.15686
Epoch 77/100
Training loss: 0.00001 || Validation loss: 46.18425
Epoch 78/100
Training loss: 0.00001 || Validation loss: 46.17369
Epoch 79/100
Training loss: 0.00001 || Validation loss: 46.16869
Epoch 80/100
Training loss: 0.00001 || Validation loss: 46.18092
Epoch 81/100
Training loss: 0.00001 || Validation loss: 46.17875
Epoch 82/100
Training loss: 0.00001 || Validation loss: 46.18710
Epoch 83/100
Training loss: 0.00001 || Validation loss: 46.19001
Epoch 84/100
Training loss: 0.00001 || Validation loss: 46.19398
Epoch 85/100
Training loss: 0.00001 || Validation loss: 46.19843
Epoch 86/100
Training loss: 0.00001 || Validation loss: 46.19961
Epoch 87/100
Training loss: 0.00000 || Validation loss: 46.20599
Epoch 88/100
Training loss: 0.00001 || Validation loss: 46.20970
Epoch 89/100
Training loss: 0.00001 || Validation loss: 46.21351
Epoch 90/100
Training loss: 0.00001 || Validation loss: 46.21675
Epoch 91/100
Training loss: 0.00001 || Validation loss: 46.22202
Epoch 92/100
Training loss: 0.00001 || Validation loss: 46.20179
Epoch 93/100
Training loss: 0.00001 || Validation loss: 46.22928
Epoch 94/100
Training loss: 0.00001 || Validation loss: 46.23384
Epoch 95/100
Training loss: 0.00001 || Validation loss: 46.24743
Epoch 96/100
Training loss: 0.00001 || Validation loss: 46.27936
Epoch 97/100
Training loss: 0.00000 || Validation loss: 46.24488
Epoch 98/100
Training loss: 0.00001 || Validation loss: 46.24898
Epoch 99/100
Training loss: 0.00001 || Validation loss: 46.25301
Epoch 100/100
Training loss: 0.00001 || Validation loss: 46.25724
Best model for fold 1 saved from epoch 3 with f1 1.61065
Final training loss: 0.00001 || Final test loss: 46.25724
Fold 2
device : cuda
Model not found at ./model/city_and_forest_co_training_wba_value_8frames/piece_size_5_fix_False_pretrained_False/fold_2/fly_model.ckpt
튜플 파일을 불러오는 중 문제가 발생했습니다 (./model/city_and_forest_co_training_wba_value_8frames/piece_size_5_fix_False_pretrained_False/fold_2): [Errno 2] No such file or directory: './model/city_and_forest_co_training_wba_value_8frames/piece_size_5_fix_False_pretrained_False/fold_2/training_tuples.pkl'
Epoch 1/100
Training loss: 29.53092 || Validation loss: 4.55285
New best model saved at epoch 1 with loss 4.55285
Epoch 2/100
Training loss: 1.08038 || Validation loss: 2.55163
New best model saved at epoch 2 with loss 2.55163
Epoch 3/100
Training loss: 0.33912 || Validation loss: 1.99977
New best model saved at epoch 3 with loss 1.99977
Epoch 4/100
Training loss: 0.14598 || Validation loss: 2.19140
Epoch 5/100
Training loss: 0.07775 || Validation loss: 2.03286
Epoch 6/100
Training loss: 0.05627 || Validation loss: 2.74158
Epoch 7/100
Training loss: 0.03100 || Validation loss: 2.91428
Epoch 8/100
Training loss: 0.02085 || Validation loss: 3.09989
Epoch 9/100
Training loss: 0.01336 || Validation loss: 2.92952
Epoch 10/100
Training loss: 0.00811 || Validation loss: 3.03101
Epoch 11/100
Training loss: 0.00275 || Validation loss: 3.29737
Epoch 12/100
Training loss: 0.00175 || Validation loss: 3.24454
Epoch 13/100
Training loss: 0.00110 || Validation loss: 3.27282
Epoch 14/100
Training loss: 0.00019 || Validation loss: 3.31007
Epoch 15/100
Training loss: 0.00001 || Validation loss: 3.22191
Epoch 16/100
Training loss: 0.00000 || Validation loss: 3.27375
Epoch 17/100
Training loss: 0.00000 || Validation loss: 3.17541
Epoch 18/100
Training loss: 0.00000 || Validation loss: 3.22439
Epoch 19/100
Training loss: 0.00000 || Validation loss: 3.23479
Epoch 20/100
Training loss: 0.00000 || Validation loss: 3.19733
Epoch 21/100
Training loss: 0.00000 || Validation loss: 3.13516
Epoch 22/100
Training loss: 0.00000 || Validation loss: 3.18832
Epoch 23/100
Training loss: 0.00000 || Validation loss: 3.17414
Epoch 24/100
Training loss: 0.00000 || Validation loss: 3.10068
Epoch 25/100
Training loss: 0.00000 || Validation loss: 3.09298
Epoch 26/100
Training loss: 0.00000 || Validation loss: 3.08724
Epoch 27/100
Training loss: 0.00006 || Validation loss: 3.02209
Epoch 28/100
Training loss: 0.00002 || Validation loss: 2.95517
Epoch 29/100
Training loss: 0.00004 || Validation loss: 2.95255
Epoch 30/100
Training loss: 0.00004 || Validation loss: 2.88741
Epoch 31/100
Training loss: 0.00007 || Validation loss: 2.86829
Epoch 32/100
Training loss: 0.00001 || Validation loss: 2.79226
Epoch 33/100
Training loss: 0.00003 || Validation loss: 2.73683
Epoch 34/100
Training loss: 0.00014 || Validation loss: 2.78558
Epoch 35/100
Training loss: 0.00000 || Validation loss: 2.71829
Epoch 36/100
Training loss: 0.02033 || Validation loss: 2.53003
Epoch 37/100
Training loss: 0.00000 || Validation loss: 2.52466
Epoch 38/100
Training loss: 0.00000 || Validation loss: 2.53646
Epoch 39/100
Training loss: 0.00000 || Validation loss: 2.56603
Epoch 40/100
Training loss: 0.00000 || Validation loss: 2.61694
Epoch 41/100
Training loss: 0.00000 || Validation loss: 2.70275
Epoch 42/100
Training loss: 0.00000 || Validation loss: 2.84070
Epoch 43/100
Training loss: 0.00000 || Validation loss: 3.04728
Epoch 44/100
Training loss: 0.00000 || Validation loss: 3.34529
Epoch 45/100
Training loss: 0.00000 || Validation loss: 3.76842
Epoch 46/100
Training loss: 0.00000 || Validation loss: 4.34238
Epoch 47/100
Training loss: 0.00000 || Validation loss: 5.10373
Epoch 48/100
Training loss: 0.00000 || Validation loss: 6.09185
Epoch 49/100
Training loss: 0.00000 || Validation loss: 7.33901
Epoch 50/100
Training loss: 0.00022 || Validation loss: 8.88476
Epoch 51/100
Training loss: 0.00000 || Validation loss: 10.74351
Epoch 52/100
Training loss: 0.00000 || Validation loss: 12.91795
Epoch 53/100
Training loss: 0.00006 || Validation loss: 15.39673
Epoch 54/100
Training loss: 0.00008 || Validation loss: 18.11753
Epoch 55/100
Training loss: 0.00005 || Validation loss: 21.08005
Epoch 56/100
Training loss: 0.00000 || Validation loss: 24.14107
Epoch 57/100
Training loss: 0.00005 || Validation loss: 27.22953
Epoch 58/100
Training loss: 0.00006 || Validation loss: 30.24882
Epoch 59/100
Training loss: 0.00004 || Validation loss: 33.09473
Epoch 60/100
Training loss: 0.00024 || Validation loss: 35.66735
Epoch 61/100
Training loss: 0.00000 || Validation loss: 37.91789
Epoch 62/100
Training loss: 0.00342 || Validation loss: 39.79818
Epoch 63/100
Training loss: 0.00000 || Validation loss: 41.29260
Epoch 64/100
Training loss: 0.00000 || Validation loss: 42.42401
Epoch 65/100
Training loss: 0.00000 || Validation loss: 43.23163
Epoch 66/100
Training loss: 0.00000 || Validation loss: 43.76213
Epoch 67/100
Training loss: 0.00000 || Validation loss: 44.08441
Epoch 68/100
Training loss: 0.00000 || Validation loss: 44.26461
Epoch 69/100
Training loss: 0.00000 || Validation loss: 44.34098
Epoch 70/100
Training loss: 0.00001 || Validation loss: 44.37608
Epoch 71/100
Training loss: 0.00008 || Validation loss: 44.38768
Epoch 72/100
Training loss: 0.00000 || Validation loss: 44.39024
Epoch 73/100
Training loss: 0.00011 || Validation loss: 44.39057
Epoch 74/100
Training loss: 0.00000 || Validation loss: 44.38391
Epoch 75/100
Training loss: 0.00017 || Validation loss: 44.38958
Epoch 76/100
Training loss: 0.00000 || Validation loss: 44.38853
Epoch 77/100
Training loss: 0.00001 || Validation loss: 44.38844
Epoch 78/100
Training loss: 0.00007 || Validation loss: 44.36061
Epoch 79/100
Training loss: 0.00002 || Validation loss: 44.38919
Epoch 80/100
Training loss: 0.00002 || Validation loss: 44.38695
Epoch 81/100
Training loss: 0.00008 || Validation loss: 44.38603
Epoch 82/100
Training loss: 0.00002 || Validation loss: 44.38277
Epoch 83/100
Training loss: 0.00004 || Validation loss: 44.38229
Epoch 84/100
Training loss: 0.00015 || Validation loss: 44.38414
Epoch 85/100
Training loss: 0.00000 || Validation loss: 44.38357
Epoch 86/100
Training loss: 0.00000 || Validation loss: 44.38732
Epoch 87/100
Training loss: 0.00004 || Validation loss: 44.38592
Epoch 88/100
Training loss: 0.00003 || Validation loss: 44.38203
Epoch 89/100
Training loss: 0.00004 || Validation loss: 44.38096
Epoch 90/100
Training loss: 0.00004 || Validation loss: 44.37869
Epoch 91/100
Training loss: 0.00004 || Validation loss: 44.37996
Epoch 92/100
Training loss: 0.00005 || Validation loss: 44.37828
Epoch 93/100
Training loss: 0.00003 || Validation loss: 44.38016
Epoch 94/100
Training loss: 0.00004 || Validation loss: 44.37892
Epoch 95/100
Training loss: 0.00008 || Validation loss: 44.37792
Epoch 96/100
Training loss: 0.00000 || Validation loss: 44.37725
Epoch 97/100
Training loss: 0.00008 || Validation loss: 44.33538
Epoch 98/100
Training loss: 0.00001 || Validation loss: 44.37637
Epoch 99/100
Training loss: 0.00002 || Validation loss: 44.37629
Epoch 100/100
Training loss: 0.00010 || Validation loss: 44.37527
Best model for fold 2 saved from epoch 3 with f1 1.99977
Final training loss: 0.00010 || Final test loss: 44.37527
Fold 3
device : cuda
Model not found at ./model/city_and_forest_co_training_wba_value_8frames/piece_size_5_fix_False_pretrained_False/fold_3/fly_model.ckpt
튜플 파일을 불러오는 중 문제가 발생했습니다 (./model/city_and_forest_co_training_wba_value_8frames/piece_size_5_fix_False_pretrained_False/fold_3): [Errno 2] No such file or directory: './model/city_and_forest_co_training_wba_value_8frames/piece_size_5_fix_False_pretrained_False/fold_3/training_tuples.pkl'
Epoch 1/100
Training loss: 29.38676 || Validation loss: 2.34144
New best model saved at epoch 1 with loss 2.34144
Epoch 2/100
Training loss: 0.95368 || Validation loss: 1.52725
New best model saved at epoch 2 with loss 1.52725
Epoch 3/100
Training loss: 0.29282 || Validation loss: 1.45540
New best model saved at epoch 3 with loss 1.45540
Epoch 4/100
Training loss: 0.15728 || Validation loss: 1.22704
New best model saved at epoch 4 with loss 1.22704
Epoch 5/100
Training loss: 0.09908 || Validation loss: 2.19866
Epoch 6/100
Training loss: 0.07225 || Validation loss: 2.99212
Epoch 7/100
Training loss: 0.04799 || Validation loss: 3.74111
Epoch 8/100
Training loss: 0.02479 || Validation loss: 4.50757
Epoch 9/100
Training loss: 0.01708 || Validation loss: 5.79031
Epoch 10/100
Training loss: 0.00924 || Validation loss: 5.90888
Epoch 11/100
Training loss: 0.00437 || Validation loss: 6.75208
Epoch 12/100
Training loss: 0.00140 || Validation loss: 6.90629
Epoch 13/100
Training loss: 0.00055 || Validation loss: 7.13508
Epoch 14/100
Training loss: 0.00009 || Validation loss: 7.07031
Epoch 15/100
Training loss: 0.00021 || Validation loss: 6.97159
Epoch 16/100
Training loss: 0.00011 || Validation loss: 7.03730
Epoch 17/100
Training loss: 0.00000 || Validation loss: 7.11970
Epoch 18/100
Training loss: 0.00000 || Validation loss: 7.08201
Epoch 19/100
Training loss: 0.00000 || Validation loss: 7.03754
Epoch 20/100
Training loss: 0.00000 || Validation loss: 7.03839
Epoch 21/100
Training loss: 0.00000 || Validation loss: 7.01403
Epoch 22/100
Training loss: 0.00000 || Validation loss: 7.04327
Epoch 23/100
Training loss: 0.00000 || Validation loss: 7.06273
Epoch 24/100
Training loss: 0.00000 || Validation loss: 7.07320
Epoch 25/100
Training loss: 0.00000 || Validation loss: 7.12741
Epoch 26/100
Training loss: 0.00000 || Validation loss: 7.09847
Epoch 27/100
Training loss: 0.00000 || Validation loss: 7.14700
Epoch 28/100
Training loss: 0.00000 || Validation loss: 7.15160
Epoch 29/100
Training loss: 0.00000 || Validation loss: 7.19008
Epoch 30/100
Training loss: 0.00000 || Validation loss: 7.22634
Epoch 31/100
Training loss: 0.00000 || Validation loss: 7.25521
Epoch 32/100
Training loss: 0.00000 || Validation loss: 7.31844
Epoch 33/100
Training loss: 0.00006 || Validation loss: 7.35741
Epoch 34/100
Training loss: 0.00000 || Validation loss: 7.34791
Epoch 35/100
Training loss: 0.00000 || Validation loss: 7.33097
Epoch 36/100
Training loss: 0.00002 || Validation loss: 7.34248
Epoch 37/100
Training loss: 0.00002 || Validation loss: 7.33096
Epoch 38/100
Training loss: 0.00028 || Validation loss: 7.36970
Epoch 39/100
Training loss: 0.00000 || Validation loss: 7.35816
Epoch 40/100
Training loss: 0.00000 || Validation loss: 7.36146
Epoch 41/100
Training loss: 0.00000 || Validation loss: 7.38718
Epoch 42/100
Training loss: 0.00000 || Validation loss: 7.45574
Epoch 43/100
Training loss: 0.00000 || Validation loss: 7.58256
Epoch 44/100
Training loss: 0.00150 || Validation loss: 7.83825
Epoch 45/100
Training loss: 0.00000 || Validation loss: 8.23362
Epoch 46/100
Training loss: 0.00000 || Validation loss: 8.75898
Epoch 47/100
Training loss: 0.00000 || Validation loss: 9.51394
Epoch 48/100
Training loss: 0.00000 || Validation loss: 10.54458
Epoch 49/100
Training loss: 0.00000 || Validation loss: 11.93071
Epoch 50/100
Training loss: 0.00000 || Validation loss: 13.69206
Epoch 51/100
Training loss: 0.00000 || Validation loss: 15.87331
Epoch 52/100
Training loss: 0.00007 || Validation loss: 18.49401
Epoch 53/100
Training loss: 0.00000 || Validation loss: 21.62040
Epoch 54/100
Training loss: 0.00000 || Validation loss: 25.14388
Epoch 55/100
Training loss: 0.00000 || Validation loss: 28.97093
Epoch 56/100
Training loss: 0.00007 || Validation loss: 32.99975
Epoch 57/100
Training loss: 0.00000 || Validation loss: 37.07579
Epoch 58/100
Training loss: 0.00000 || Validation loss: 41.02383
Epoch 59/100
Training loss: 0.00003 || Validation loss: 44.71440
Epoch 60/100
Training loss: 0.00000 || Validation loss: 48.02772
Epoch 61/100
Training loss: 0.00001 || Validation loss: 50.87467
Epoch 62/100
Training loss: 0.00032 || Validation loss: 53.19756
Epoch 63/100
Training loss: 0.00000 || Validation loss: 55.01476
Epoch 64/100
Training loss: 0.00000 || Validation loss: 56.39191
Epoch 65/100
Training loss: 0.00006 || Validation loss: 57.29421
Epoch 66/100
Training loss: 0.00000 || Validation loss: 57.90675
Epoch 67/100
Training loss: 0.00000 || Validation loss: 58.27771
Epoch 68/100
Training loss: 0.00000 || Validation loss: 58.47790
Epoch 69/100
Training loss: 0.00001 || Validation loss: 58.58798
Epoch 70/100
Training loss: 0.00008 || Validation loss: 58.62151
Epoch 71/100
Training loss: 0.00000 || Validation loss: 58.63777
Epoch 72/100
Training loss: 0.00001 || Validation loss: 58.64387
Epoch 73/100
Training loss: 0.00004 || Validation loss: 58.64859
Epoch 74/100
Training loss: 0.00001 || Validation loss: 58.65008
Epoch 75/100
Training loss: 0.00002 || Validation loss: 58.64996
Epoch 76/100
Training loss: 0.00000 || Validation loss: 58.65058
Epoch 77/100
Training loss: 0.00001 || Validation loss: 58.65175
Epoch 78/100
Training loss: 0.00003 || Validation loss: 58.65652
Epoch 79/100
Training loss: 0.00001 || Validation loss: 58.63297
Epoch 80/100
Training loss: 0.00000 || Validation loss: 58.66366
Epoch 81/100
Training loss: 0.00001 || Validation loss: 58.66240
Epoch 82/100
Training loss: 0.00001 || Validation loss: 58.66363
Epoch 83/100
Training loss: 0.00002 || Validation loss: 58.66822
Epoch 84/100
Training loss: 0.00000 || Validation loss: 58.67848
Epoch 85/100
Training loss: 0.00001 || Validation loss: 58.65884
Epoch 86/100
Training loss: 0.00001 || Validation loss: 58.67149
Epoch 87/100
Training loss: 0.00001 || Validation loss: 58.67252
Epoch 88/100
Training loss: 0.00002 || Validation loss: 58.64013
Epoch 89/100
Training loss: 0.00000 || Validation loss: 58.67729
Epoch 90/100
Training loss: 0.00001 || Validation loss: 58.67916
Epoch 91/100
Training loss: 0.00001 || Validation loss: 58.68086
Epoch 92/100
Training loss: 0.00001 || Validation loss: 58.67852
Epoch 93/100
Training loss: 0.00001 || Validation loss: 58.66248
Epoch 94/100
Training loss: 0.00001 || Validation loss: 58.68138
Epoch 95/100
Training loss: 0.00001 || Validation loss: 58.68781
Epoch 96/100
Training loss: 0.00001 || Validation loss: 58.69120
Epoch 97/100
Training loss: 0.00001 || Validation loss: 58.69022
Epoch 98/100
Training loss: 0.00001 || Validation loss: 58.69318
Epoch 99/100
Training loss: 0.00001 || Validation loss: 58.69572
Epoch 100/100
Training loss: 0.00001 || Validation loss: 58.67340
Best model for fold 3 saved from epoch 4 with f1 1.22704
Final training loss: 0.00001 || Final test loss: 58.67340
All fold val losses: [1.6106546349250352, 1.9997738897800446, 1.2270448849751399]
Average val loss: 1.61249
Fold 1
device : cuda
Model not found at ./model/city_and_forest_co_training_wba_value_8frames/piece_size_10_fix_False_pretrained_False/fold_1/fly_model.ckpt
./model/city_and_forest_co_training_wba_value_8frames/piece_size_10_fix_False_pretrained_True/fold_1에서 튜플 파일을 불러왔습니다.
Epoch 1/100
Training loss: 30.25429 || Validation loss: 5.24170
New best model saved at epoch 1 with loss 5.24170
Epoch 2/100
Training loss: 1.06854 || Validation loss: 2.65678
New best model saved at epoch 2 with loss 2.65678
Epoch 3/100
Training loss: 0.33960 || Validation loss: 2.26896
New best model saved at epoch 3 with loss 2.26896
Epoch 4/100
Training loss: 0.18133 || Validation loss: 2.31954
Epoch 5/100
Training loss: 0.11978 || Validation loss: 2.67847
Epoch 6/100
Training loss: 0.09726 || Validation loss: 3.12870
Epoch 7/100
Training loss: 0.06586 || Validation loss: 4.97129
Epoch 8/100
Training loss: 0.03710 || Validation loss: 6.67137
Epoch 9/100
Training loss: 0.02066 || Validation loss: 7.63760
Epoch 10/100
Training loss: 0.01063 || Validation loss: 8.85284
Epoch 11/100
Training loss: 0.00256 || Validation loss: 9.99951
Epoch 12/100
Training loss: 0.00345 || Validation loss: 9.46742
Epoch 13/100
Training loss: 0.00274 || Validation loss: 8.63789
Epoch 14/100
Training loss: 0.00046 || Validation loss: 8.54839
Epoch 15/100
Training loss: 0.00001 || Validation loss: 8.70218
Epoch 16/100
Training loss: 0.00009 || Validation loss: 8.34481
Epoch 17/100
Training loss: 0.00000 || Validation loss: 8.36995
Epoch 18/100
Training loss: 0.00000 || Validation loss: 8.40241
Epoch 19/100
Training loss: 0.00000 || Validation loss: 8.26455
Epoch 20/100
Training loss: 0.00000 || Validation loss: 8.26374
Epoch 21/100
Training loss: 0.00000 || Validation loss: 8.20056
Epoch 22/100
Training loss: 0.00000 || Validation loss: 8.26273
Epoch 23/100
Training loss: 0.00000 || Validation loss: 8.30390
Epoch 24/100
Training loss: 0.00000 || Validation loss: 8.38234
Epoch 25/100
Training loss: 0.00000 || Validation loss: 8.24056
Epoch 26/100
Training loss: 0.00000 || Validation loss: 8.31469
Epoch 27/100
Training loss: 0.00000 || Validation loss: 8.41305
Epoch 28/100
Training loss: 0.00000 || Validation loss: 8.28114
Epoch 29/100
Training loss: 0.00000 || Validation loss: 8.48320
Epoch 30/100
Training loss: 0.00000 || Validation loss: 8.45857
Epoch 31/100
Training loss: 0.00000 || Validation loss: 8.52559
Epoch 32/100
Training loss: 0.00008 || Validation loss: 8.52495
Epoch 33/100
Training loss: 0.00000 || Validation loss: 8.66579
Epoch 34/100
Training loss: 0.00000 || Validation loss: 8.69073
Epoch 35/100
Training loss: 0.00000 || Validation loss: 8.78660
Epoch 36/100
Training loss: 0.00001 || Validation loss: 8.78926
Epoch 37/100
Training loss: 0.00001 || Validation loss: 8.86934
Epoch 38/100
Training loss: 0.00002 || Validation loss: 8.96506
Epoch 39/100
Training loss: 0.00001 || Validation loss: 9.03210
Epoch 40/100
Training loss: 0.00552 || Validation loss: 9.29950
Epoch 41/100
Training loss: 0.00000 || Validation loss: 9.33038
Epoch 42/100
Training loss: 0.00000 || Validation loss: 9.39444
Epoch 43/100
Training loss: 0.00000 || Validation loss: 9.50063
Epoch 44/100
Training loss: 0.00000 || Validation loss: 9.66926
Epoch 45/100
Training loss: 0.00000 || Validation loss: 9.91500
Epoch 46/100
Training loss: 0.00000 || Validation loss: 10.27395
Epoch 47/100
Training loss: 0.00000 || Validation loss: 10.76911
Epoch 48/100
Training loss: 0.00000 || Validation loss: 11.43891
Epoch 49/100
Training loss: 0.00000 || Validation loss: 12.31210
Epoch 50/100
Training loss: 0.00000 || Validation loss: 13.42672
Epoch 51/100
Training loss: 0.00000 || Validation loss: 14.78325
Epoch 52/100
Training loss: 0.00000 || Validation loss: 16.39311
Epoch 53/100
Training loss: 0.00001 || Validation loss: 18.22807
Epoch 54/100
Training loss: 0.00000 || Validation loss: 20.22713
Epoch 55/100
Training loss: 0.00003 || Validation loss: 22.37515
Epoch 56/100
Training loss: 0.00000 || Validation loss: 24.53971
Epoch 57/100
Training loss: 0.00002 || Validation loss: 26.64694
Epoch 58/100
Training loss: 0.00001 || Validation loss: 28.63671
Epoch 59/100
Training loss: 0.00001 || Validation loss: 30.44696
Epoch 60/100
Training loss: 0.00004 || Validation loss: 31.92595
Epoch 61/100
Training loss: 0.00000 || Validation loss: 33.18307
Epoch 62/100
Training loss: 0.00001 || Validation loss: 34.16944
Epoch 63/100
Training loss: 0.00001 || Validation loss: 34.90028
Epoch 64/100
Training loss: 0.00004 || Validation loss: 35.42656
Epoch 65/100
Training loss: 0.00002 || Validation loss: 35.76860
Epoch 66/100
Training loss: 0.00000 || Validation loss: 35.97842
Epoch 67/100
Training loss: 0.00002 || Validation loss: 36.10242
Epoch 68/100
Training loss: 0.00001 || Validation loss: 36.16604
Epoch 69/100
Training loss: 0.00001 || Validation loss: 36.18899
Epoch 70/100
Training loss: 0.00010 || Validation loss: 36.21542
Epoch 71/100
Training loss: 0.00000 || Validation loss: 36.22336
Epoch 72/100
Training loss: 0.00000 || Validation loss: 36.22879
Epoch 73/100
Training loss: 0.00000 || Validation loss: 36.23226
Epoch 74/100
Training loss: 0.00004 || Validation loss: 36.23685
Epoch 75/100
Training loss: 0.00000 || Validation loss: 36.24290
Epoch 76/100
Training loss: 0.00000 || Validation loss: 36.24269
Epoch 77/100
Training loss: 0.00002 || Validation loss: 36.25360
Epoch 78/100
Training loss: 0.00000 || Validation loss: 36.25837
Epoch 79/100
Training loss: 0.00001 || Validation loss: 36.27418
Epoch 80/100
Training loss: 0.00001 || Validation loss: 36.24392
Epoch 81/100
Training loss: 0.00001 || Validation loss: 36.26667
Epoch 82/100
Training loss: 0.00001 || Validation loss: 36.28272
Epoch 83/100
Training loss: 0.00001 || Validation loss: 36.27386
Epoch 84/100
Training loss: 0.00001 || Validation loss: 36.28817
Epoch 85/100
Training loss: 0.00001 || Validation loss: 36.29997
Epoch 86/100
Training loss: 0.00001 || Validation loss: 36.30566
Epoch 87/100
Training loss: 0.00001 || Validation loss: 36.25961
Epoch 88/100
Training loss: 0.00001 || Validation loss: 36.31457
Epoch 89/100
Training loss: 0.00001 || Validation loss: 36.32562
Epoch 90/100
Training loss: 0.00001 || Validation loss: 36.33093
Epoch 91/100
Training loss: 0.00001 || Validation loss: 36.34449
Epoch 92/100
Training loss: 0.00001 || Validation loss: 36.38480
Epoch 93/100
Training loss: 0.00001 || Validation loss: 36.34895
Epoch 94/100
Training loss: 0.00001 || Validation loss: 36.35249
Epoch 95/100
Training loss: 0.00001 || Validation loss: 36.35939
Epoch 96/100
Training loss: 0.00001 || Validation loss: 36.36815
Epoch 97/100
Training loss: 0.00001 || Validation loss: 36.37278
Epoch 98/100
Training loss: 0.00001 || Validation loss: 36.37858
Epoch 99/100
Training loss: 0.00001 || Validation loss: 36.36217
Epoch 100/100
Training loss: 0.00001 || Validation loss: 36.38646
Best model for fold 1 saved from epoch 3 with f1 2.26896
Final training loss: 0.00001 || Final test loss: 36.38646
Fold 2
device : cuda
Model not found at ./model/city_and_forest_co_training_wba_value_8frames/piece_size_10_fix_False_pretrained_False/fold_2/fly_model.ckpt
./model/city_and_forest_co_training_wba_value_8frames/piece_size_10_fix_False_pretrained_True/fold_2에서 튜플 파일을 불러왔습니다.
Epoch 1/100
Training loss: 17.94675 || Validation loss: 5.84382
New best model saved at epoch 1 with loss 5.84382
Epoch 2/100
Training loss: 0.78532 || Validation loss: 3.97475
New best model saved at epoch 2 with loss 3.97475
Epoch 3/100
Training loss: 0.26994 || Validation loss: 3.19025
New best model saved at epoch 3 with loss 3.19025
Epoch 4/100
Training loss: 0.13151 || Validation loss: 2.75011
New best model saved at epoch 4 with loss 2.75011
Epoch 5/100
Training loss: 0.06851 || Validation loss: 2.46555
New best model saved at epoch 5 with loss 2.46555
Epoch 6/100
Training loss: 0.03493 || Validation loss: 2.05909
New best model saved at epoch 6 with loss 2.05909
Epoch 7/100
Training loss: 0.01842 || Validation loss: 2.19761
Epoch 8/100
Training loss: 0.00995 || Validation loss: 2.33784
Epoch 9/100
Training loss: 0.00608 || Validation loss: 2.24742
Epoch 10/100
Training loss: 0.00301 || Validation loss: 2.37812
Epoch 11/100
Training loss: 0.00084 || Validation loss: 2.38674
Epoch 12/100
Training loss: 0.00042 || Validation loss: 2.46881
Epoch 13/100
Training loss: 0.00017 || Validation loss: 2.49215
Epoch 14/100
Training loss: 0.00003 || Validation loss: 2.35188
Epoch 15/100
Training loss: 0.00002 || Validation loss: 2.35185
Epoch 16/100
Training loss: 0.00001 || Validation loss: 2.39877
Epoch 17/100
Training loss: 0.00000 || Validation loss: 2.33376
Epoch 18/100
Training loss: 0.00000 || Validation loss: 2.48345
Epoch 19/100
Training loss: 0.00000 || Validation loss: 2.33288
Epoch 20/100
Training loss: 0.00000 || Validation loss: 2.39266
Epoch 21/100
Training loss: 0.00000 || Validation loss: 2.33258
Epoch 22/100
Training loss: 0.00000 || Validation loss: 2.38697
Epoch 23/100
Training loss: 0.00000 || Validation loss: 2.51602
Epoch 24/100
Training loss: 0.00000 || Validation loss: 2.51759
Epoch 25/100
Training loss: 0.00000 || Validation loss: 2.55760
Epoch 26/100
Training loss: 0.00000 || Validation loss: 2.57191
Epoch 27/100
Training loss: 0.00000 || Validation loss: 2.60988
Epoch 28/100
Training loss: 0.00001 || Validation loss: 2.56914
Epoch 29/100
Training loss: 0.00002 || Validation loss: 2.68666
Epoch 30/100
Training loss: 0.00002 || Validation loss: 2.71434
Epoch 31/100
Training loss: 0.00001 || Validation loss: 2.76414
Epoch 32/100
Training loss: 0.00003 || Validation loss: 2.86709
Epoch 33/100
Training loss: 0.00002 || Validation loss: 2.89834
Epoch 34/100
Training loss: 0.00001 || Validation loss: 2.96234
Epoch 35/100
Training loss: 0.00001 || Validation loss: 3.09963
Epoch 36/100
Training loss: 0.00004 || Validation loss: 3.19677
Epoch 37/100
Training loss: 0.00000 || Validation loss: 3.31759
Epoch 38/100
Training loss: 0.00002 || Validation loss: 3.47684
Epoch 39/100
Training loss: 0.01230 || Validation loss: 3.85502
Epoch 40/100
Training loss: 0.00000 || Validation loss: 4.06164
Epoch 41/100
Training loss: 0.00000 || Validation loss: 4.32577
Epoch 42/100
Training loss: 0.00000 || Validation loss: 4.66830
Epoch 43/100
Training loss: 0.00000 || Validation loss: 5.10422
Epoch 44/100
Training loss: 0.00000 || Validation loss: 5.65442
Epoch 45/100
Training loss: 0.00000 || Validation loss: 6.33789
Epoch 46/100
Training loss: 0.00000 || Validation loss: 7.17802
Epoch 47/100
Training loss: 0.00000 || Validation loss: 8.18629
Epoch 48/100
Training loss: 0.00000 || Validation loss: 9.37245
Epoch 49/100
Training loss: 0.00000 || Validation loss: 10.73768
Epoch 50/100
Training loss: 0.00000 || Validation loss: 12.27232
Epoch 51/100
Training loss: 0.00000 || Validation loss: 13.95058
Epoch 52/100
Training loss: 0.00013 || Validation loss: 15.74427
Epoch 53/100
Training loss: 0.00000 || Validation loss: 17.60789
Epoch 54/100
Training loss: 0.00000 || Validation loss: 19.47797
Epoch 55/100
Training loss: 0.00000 || Validation loss: 21.30550
Epoch 56/100
Training loss: 0.00000 || Validation loss: 23.03465
Epoch 57/100
Training loss: 0.00023 || Validation loss: 24.62052
Epoch 58/100
Training loss: 0.00000 || Validation loss: 26.00956
Epoch 59/100
Training loss: 0.00000 || Validation loss: 27.18185
Epoch 60/100
Training loss: 0.00003 || Validation loss: 28.12849
Epoch 61/100
Training loss: 0.00000 || Validation loss: 28.84474
Epoch 62/100
Training loss: 0.00000 || Validation loss: 29.36164
Epoch 63/100
Training loss: 0.00015 || Validation loss: 29.70904
Epoch 64/100
Training loss: 0.00000 || Validation loss: 29.92549
Epoch 65/100
Training loss: 0.00000 || Validation loss: 30.04816
Epoch 66/100
Training loss: 0.00001 || Validation loss: 30.11058
Epoch 67/100
Training loss: 0.00002 || Validation loss: 30.13860
Epoch 68/100
Training loss: 0.00001 || Validation loss: 30.14770
Epoch 69/100
Training loss: 0.00008 || Validation loss: 30.15013
Epoch 70/100
Training loss: 0.00000 || Validation loss: 30.14967
Epoch 71/100
Training loss: 0.00000 || Validation loss: 30.14705
Epoch 72/100
Training loss: 0.00002 || Validation loss: 30.14175
Epoch 73/100
Training loss: 0.00001 || Validation loss: 30.13987
Epoch 74/100
Training loss: 0.00004 || Validation loss: 30.14250
Epoch 75/100
Training loss: 0.00000 || Validation loss: 30.13806
Epoch 76/100
Training loss: 0.00002 || Validation loss: 30.13792
Epoch 77/100
Training loss: 0.00003 || Validation loss: 30.13551
Epoch 78/100
Training loss: 0.00001 || Validation loss: 30.14379
Epoch 79/100
Training loss: 0.00001 || Validation loss: 30.14667
Epoch 80/100
Training loss: 0.00001 || Validation loss: 30.13327
Epoch 81/100
Training loss: 0.00005 || Validation loss: 30.13049
Epoch 82/100
Training loss: 0.00001 || Validation loss: 30.12908
Epoch 83/100
Training loss: 0.00001 || Validation loss: 30.12702
Epoch 84/100
Training loss: 0.00002 || Validation loss: 30.13741
Epoch 85/100
Training loss: 0.00001 || Validation loss: 30.12316
Epoch 86/100
Training loss: 0.00001 || Validation loss: 30.12241
Epoch 87/100
Training loss: 0.00002 || Validation loss: 30.12105
Epoch 88/100
Training loss: 0.00002 || Validation loss: 30.11974
Epoch 89/100
Training loss: 0.00001 || Validation loss: 30.12393
Epoch 90/100
Training loss: 0.00001 || Validation loss: 30.14019
Epoch 91/100
Training loss: 0.00002 || Validation loss: 30.11527
Epoch 92/100
Training loss: 0.00002 || Validation loss: 30.11717
Epoch 93/100
Training loss: 0.00001 || Validation loss: 30.11188
Epoch 94/100
Training loss: 0.00002 || Validation loss: 30.11076
Epoch 95/100
Training loss: 0.00002 || Validation loss: 30.10922
Epoch 96/100
Training loss: 0.00002 || Validation loss: 30.10806
Epoch 97/100
Training loss: 0.00001 || Validation loss: 30.10667
Epoch 98/100
Training loss: 0.00001 || Validation loss: 30.10560
Epoch 99/100
Training loss: 0.00001 || Validation loss: 30.10688
Epoch 100/100
Training loss: 0.00002 || Validation loss: 30.10702
Best model for fold 2 saved from epoch 6 with f1 2.05909
Final training loss: 0.00002 || Final test loss: 30.10702
Fold 3
device : cuda
Model not found at ./model/city_and_forest_co_training_wba_value_8frames/piece_size_10_fix_False_pretrained_False/fold_3/fly_model.ckpt
./model/city_and_forest_co_training_wba_value_8frames/piece_size_10_fix_False_pretrained_True/fold_3에서 튜플 파일을 불러왔습니다.
Epoch 1/100
Training loss: 18.64750 || Validation loss: 4.41740
New best model saved at epoch 1 with loss 4.41740
Epoch 2/100
Training loss: 0.86058 || Validation loss: 3.63096
New best model saved at epoch 2 with loss 3.63096
Epoch 3/100
Training loss: 0.28560 || Validation loss: 3.64821
Epoch 4/100
Training loss: 0.20754 || Validation loss: 2.38883
New best model saved at epoch 4 with loss 2.38883
Epoch 5/100
Training loss: 0.15049 || Validation loss: 2.60385
Epoch 6/100
Training loss: 0.12226 || Validation loss: 2.53854
Epoch 7/100
Training loss: 0.09016 || Validation loss: 3.51830
Epoch 8/100
Training loss: 0.05649 || Validation loss: 4.31100
Epoch 9/100
Training loss: 0.03965 || Validation loss: 5.87300
Epoch 10/100
Training loss: 0.00865 || Validation loss: 8.48025
Epoch 11/100
Training loss: 0.00306 || Validation loss: 8.69763
Epoch 12/100
Training loss: 0.00061 || Validation loss: 8.86867
Epoch 13/100
Training loss: 0.00038 || Validation loss: 8.95872
Epoch 14/100
Training loss: 0.00008 || Validation loss: 9.09199
Epoch 15/100
Training loss: 0.00005 || Validation loss: 9.07272
Epoch 16/100
Training loss: 0.00024 || Validation loss: 9.01760
Epoch 17/100
Training loss: 0.00001 || Validation loss: 9.08201
Epoch 18/100
Training loss: 0.00000 || Validation loss: 9.10728
Epoch 19/100
Training loss: 0.00000 || Validation loss: 9.13772
Epoch 20/100
Training loss: 0.00000 || Validation loss: 9.24482
Epoch 21/100
Training loss: 0.00000 || Validation loss: 9.06821
Epoch 22/100
Training loss: 0.00000 || Validation loss: 9.15301
Epoch 23/100
Training loss: 0.00000 || Validation loss: 9.22980
Epoch 24/100
Training loss: 0.00000 || Validation loss: 9.09146
Epoch 25/100
Training loss: 0.00000 || Validation loss: 9.33227
Epoch 26/100
Training loss: 0.00000 || Validation loss: 9.25811
Epoch 27/100
Training loss: 0.00000 || Validation loss: 9.34942
Epoch 28/100
Training loss: 0.00000 || Validation loss: 9.34142
Epoch 29/100
Training loss: 0.00000 || Validation loss: 9.35566
Epoch 30/100
Training loss: 0.00000 || Validation loss: 9.35345
Epoch 31/100
Training loss: 0.00001 || Validation loss: 9.31403
Epoch 32/100
Training loss: 0.00493 || Validation loss: 9.47732
Epoch 33/100
Training loss: 0.00000 || Validation loss: 9.39176
Epoch 34/100
Training loss: 0.00000 || Validation loss: 9.29564
Epoch 35/100
Training loss: 0.00000 || Validation loss: 9.19042
Epoch 36/100
Training loss: 0.00000 || Validation loss: 9.07769
Epoch 37/100
Training loss: 0.00000 || Validation loss: 8.95884
Epoch 38/100
Training loss: 0.00000 || Validation loss: 8.84102
Epoch 39/100
Training loss: 0.00000 || Validation loss: 8.73662
Epoch 40/100
Training loss: 0.00000 || Validation loss: 8.65572
Epoch 41/100
Training loss: 0.00000 || Validation loss: 8.61883
Epoch 42/100
Training loss: 0.00000 || Validation loss: 8.65100
Epoch 43/100
Training loss: 0.00000 || Validation loss: 8.79003
Epoch 44/100
Training loss: 0.00011 || Validation loss: 9.08955
Epoch 45/100
Training loss: 0.00000 || Validation loss: 9.59105
Epoch 46/100
Training loss: 0.00000 || Validation loss: 10.36840
Epoch 47/100
Training loss: 0.00001 || Validation loss: 11.49805
Epoch 48/100
Training loss: 0.00001 || Validation loss: 13.05650
Epoch 49/100
Training loss: 0.00012 || Validation loss: 15.13505
Epoch 50/100
Training loss: 0.00000 || Validation loss: 17.73864
Epoch 51/100
Training loss: 0.00000 || Validation loss: 20.91689
Epoch 52/100
Training loss: 0.00002 || Validation loss: 24.63203
Epoch 53/100
Training loss: 0.00000 || Validation loss: 28.92082
Epoch 54/100
Training loss: 0.00002 || Validation loss: 33.59071
Epoch 55/100
Training loss: 0.00002 || Validation loss: 38.57693
Epoch 56/100
Training loss: 0.00001 || Validation loss: 43.62587
Epoch 57/100
Training loss: 0.00003 || Validation loss: 48.71728
Epoch 58/100
Training loss: 0.00000 || Validation loss: 53.47609
Epoch 59/100
Training loss: 0.00004 || Validation loss: 57.93537
Epoch 60/100
Training loss: 0.00001 || Validation loss: 61.90802
Epoch 61/100
Training loss: 0.00001 || Validation loss: 65.32276
Epoch 62/100
Training loss: 0.00002 || Validation loss: 68.09568
Epoch 63/100
Training loss: 0.00009 || Validation loss: 70.26823
Epoch 64/100
Training loss: 0.00001 || Validation loss: 71.86044
Epoch 65/100
Training loss: 0.00001 || Validation loss: 73.05810
Epoch 66/100
Training loss: 0.00004 || Validation loss: 73.63990
Epoch 67/100
Training loss: 0.00000 || Validation loss: 74.03288
Epoch 68/100
Training loss: 0.00002 || Validation loss: 74.24171
Epoch 69/100
Training loss: 0.00003 || Validation loss: 74.42400
Epoch 70/100
Training loss: 0.00001 || Validation loss: 74.36319
Epoch 71/100
Training loss: 0.00003 || Validation loss: 74.37597
Epoch 72/100
Training loss: 0.00001 || Validation loss: 74.37902
Epoch 73/100
Training loss: 0.00001 || Validation loss: 74.38308
Epoch 74/100
Training loss: 0.00002 || Validation loss: 74.40566
Epoch 75/100
Training loss: 0.00002 || Validation loss: 74.42524
Epoch 76/100
Training loss: 0.00001 || Validation loss: 74.38212
Epoch 77/100
Training loss: 0.00001 || Validation loss: 74.38239
Epoch 78/100
Training loss: 0.00001 || Validation loss: 74.38620
Epoch 79/100
Training loss: 0.00001 || Validation loss: 74.39467
Epoch 80/100
Training loss: 0.00002 || Validation loss: 74.38392
Epoch 81/100
Training loss: 0.00002 || Validation loss: 74.38432
Epoch 82/100
Training loss: 0.00001 || Validation loss: 74.38382
Epoch 83/100
Training loss: 0.00001 || Validation loss: 74.38483
Epoch 84/100
Training loss: 0.00001 || Validation loss: 74.38407
Epoch 85/100
Training loss: 0.00001 || Validation loss: 74.38528
Epoch 86/100
Training loss: 0.00002 || Validation loss: 74.38664
Epoch 87/100
Training loss: 0.00002 || Validation loss: 74.37927
Epoch 88/100
Training loss: 0.00001 || Validation loss: 74.38977
Epoch 89/100
Training loss: 0.00001 || Validation loss: 74.39054
Epoch 90/100
Training loss: 0.00001 || Validation loss: 74.39139
Epoch 91/100
Training loss: 0.00001 || Validation loss: 74.39520
Epoch 92/100
Training loss: 0.00001 || Validation loss: 74.39496
Epoch 93/100
Training loss: 0.00001 || Validation loss: 74.39509
Epoch 94/100
Training loss: 0.00001 || Validation loss: 74.39631
Epoch 95/100
Training loss: 0.00001 || Validation loss: 74.39800
Epoch 96/100
Training loss: 0.00001 || Validation loss: 74.38551
Epoch 97/100
Training loss: 0.00002 || Validation loss: 74.40012
Epoch 98/100
Training loss: 0.00002 || Validation loss: 74.40343
Epoch 99/100
Training loss: 0.00001 || Validation loss: 74.39856
Epoch 100/100
Training loss: 0.00001 || Validation loss: 74.36051
Best model for fold 3 saved from epoch 4 with f1 2.38883
Final training loss: 0.00001 || Final test loss: 74.36051
All fold val losses: [2.268960122878735, 2.0590907564530005, 2.3888281755722485]
Average val loss: 2.23896
Fold 1
device : cuda
Model not found at ./model/city_and_forest_co_training_wba_value_8frames/piece_size_20_fix_False_pretrained_False/fold_1/fly_model.ckpt
튜플 파일을 불러오는 중 문제가 발생했습니다 (./model/city_and_forest_co_training_wba_value_8frames/piece_size_20_fix_False_pretrained_False/fold_1): [Errno 2] No such file or directory: './model/city_and_forest_co_training_wba_value_8frames/piece_size_20_fix_False_pretrained_False/fold_1/training_tuples.pkl'
Epoch 1/100
Training loss: 25.95844 || Validation loss: 3.51084
New best model saved at epoch 1 with loss 3.51084
Epoch 2/100
Training loss: 1.08726 || Validation loss: 2.37382
New best model saved at epoch 2 with loss 2.37382
Epoch 3/100
Training loss: 0.36603 || Validation loss: 1.96925
New best model saved at epoch 3 with loss 1.96925
Epoch 4/100
Training loss: 0.17391 || Validation loss: 1.69733
New best model saved at epoch 4 with loss 1.69733
Epoch 5/100
Training loss: 0.13561 || Validation loss: 1.95702
Epoch 6/100
Training loss: 0.09593 || Validation loss: 2.33623
Epoch 7/100
Training loss: 0.06121 || Validation loss: 3.78915
Epoch 8/100
Training loss: 0.04436 || Validation loss: 4.71476
Epoch 9/100
Training loss: 0.02997 || Validation loss: 5.31240
Epoch 10/100
Training loss: 0.01435 || Validation loss: 7.00431
Epoch 11/100
Training loss: 0.01320 || Validation loss: 7.04078
Epoch 12/100
Training loss: 0.00608 || Validation loss: 6.53082
Epoch 13/100
Training loss: 0.00132 || Validation loss: 6.53006
Epoch 14/100
Training loss: 0.00070 || Validation loss: 6.16223
Epoch 15/100
Training loss: 0.00003 || Validation loss: 6.43582
Epoch 16/100
Training loss: 0.00000 || Validation loss: 6.57716
Epoch 17/100
Training loss: 0.00000 || Validation loss: 6.53708
Epoch 18/100
Training loss: 0.00000 || Validation loss: 6.60182
Epoch 19/100
Training loss: 0.00000 || Validation loss: 6.69771
Epoch 20/100
Training loss: 0.00000 || Validation loss: 6.53868
Epoch 21/100
Training loss: 0.00000 || Validation loss: 6.70594
Epoch 22/100
Training loss: 0.00000 || Validation loss: 6.76662
Epoch 23/100
Training loss: 0.00000 || Validation loss: 6.87117
Epoch 24/100
Training loss: 0.00000 || Validation loss: 6.98565
Epoch 25/100
Training loss: 0.00000 || Validation loss: 7.10036
Epoch 26/100
Training loss: 0.00000 || Validation loss: 7.01587
Epoch 27/100
Training loss: 0.00000 || Validation loss: 7.32929
Epoch 28/100
Training loss: 0.00000 || Validation loss: 7.43648
Epoch 29/100
Training loss: 0.00000 || Validation loss: 7.55022
Epoch 30/100
Training loss: 0.00000 || Validation loss: 7.61028
Epoch 31/100
Training loss: 0.00001 || Validation loss: 7.64880
Epoch 32/100
Training loss: 0.00005 || Validation loss: 7.77954
Epoch 33/100
Training loss: 0.00000 || Validation loss: 7.89632
Epoch 34/100
Training loss: 0.00001 || Validation loss: 7.97135
Epoch 35/100
Training loss: 0.00006 || Validation loss: 8.11220
Epoch 36/100
Training loss: 0.00000 || Validation loss: 8.18470
Epoch 37/100
Training loss: 0.00162 || Validation loss: 8.46369
Epoch 38/100
Training loss: 0.00000 || Validation loss: 8.60550
Epoch 39/100
Training loss: 0.00000 || Validation loss: 8.80571
Epoch 40/100
Training loss: 0.00000 || Validation loss: 9.08617
Epoch 41/100
Training loss: 0.00000 || Validation loss: 9.47801
Epoch 42/100
Training loss: 0.00000 || Validation loss: 10.01774
Epoch 43/100
Training loss: 0.00000 || Validation loss: 10.75114
Epoch 44/100
Training loss: 0.00000 || Validation loss: 11.73109
Epoch 45/100
Training loss: 0.00000 || Validation loss: 13.01866
Epoch 46/100
Training loss: 0.00004 || Validation loss: 14.70752
Epoch 47/100
Training loss: 0.00000 || Validation loss: 16.81570
Epoch 48/100
Training loss: 0.00115 || Validation loss: 19.55185
Epoch 49/100
Training loss: 0.00000 || Validation loss: 22.72108
Epoch 50/100
Training loss: 0.00000 || Validation loss: 26.45258
Epoch 51/100
Training loss: 0.00000 || Validation loss: 30.72674
Epoch 52/100
Training loss: 0.00000 || Validation loss: 35.48157
Epoch 53/100
Training loss: 0.00000 || Validation loss: 40.60088
Epoch 54/100
Training loss: 0.00000 || Validation loss: 45.94330
Epoch 55/100
Training loss: 0.00000 || Validation loss: 51.32020
Epoch 56/100
Training loss: 0.00001 || Validation loss: 56.51327
Epoch 57/100
Training loss: 0.00002 || Validation loss: 61.41867
Epoch 58/100
Training loss: 0.00001 || Validation loss: 65.85607
Epoch 59/100
Training loss: 0.00013 || Validation loss: 69.56894
Epoch 60/100
Training loss: 0.00000 || Validation loss: 72.63661
Epoch 61/100
Training loss: 0.00000 || Validation loss: 75.03230
Epoch 62/100
Training loss: 0.00002 || Validation loss: 76.77855
Epoch 63/100
Training loss: 0.00000 || Validation loss: 77.97957
Epoch 64/100
Training loss: 0.00001 || Validation loss: 78.73215
Epoch 65/100
Training loss: 0.00002 || Validation loss: 79.14633
Epoch 66/100
Training loss: 0.00007 || Validation loss: 79.36148
Epoch 67/100
Training loss: 0.00000 || Validation loss: 79.46090
Epoch 68/100
Training loss: 0.00006 || Validation loss: 79.50446
Epoch 69/100
Training loss: 0.00000 || Validation loss: 79.50983
Epoch 70/100
Training loss: 0.00000 || Validation loss: 79.48748
Epoch 71/100
Training loss: 0.00001 || Validation loss: 79.50951
Epoch 72/100
Training loss: 0.00002 || Validation loss: 79.51030
Epoch 73/100
Training loss: 0.00000 || Validation loss: 79.48556
Epoch 74/100
Training loss: 0.00001 || Validation loss: 79.49845
Epoch 75/100
Training loss: 0.00002 || Validation loss: 79.48941
Epoch 76/100
Training loss: 0.00001 || Validation loss: 79.49337
Epoch 77/100
Training loss: 0.00001 || Validation loss: 79.47681
Epoch 78/100
Training loss: 0.00002 || Validation loss: 79.49795
Epoch 79/100
Training loss: 0.00001 || Validation loss: 79.49702
Epoch 80/100
Training loss: 0.00002 || Validation loss: 79.49479
Epoch 81/100
Training loss: 0.00001 || Validation loss: 79.48149
Epoch 82/100
Training loss: 0.00001 || Validation loss: 79.53215
Epoch 83/100
Training loss: 0.00002 || Validation loss: 79.49233
Epoch 84/100
Training loss: 0.00001 || Validation loss: 79.49703
Epoch 85/100
Training loss: 0.00001 || Validation loss: 79.48723
Epoch 86/100
Training loss: 0.00002 || Validation loss: 79.49113
Epoch 87/100
Training loss: 0.00000 || Validation loss: 79.56641
Epoch 88/100
Training loss: 0.00001 || Validation loss: 79.48257
Epoch 89/100
Training loss: 0.00001 || Validation loss: 79.49121
Epoch 90/100
Training loss: 0.00001 || Validation loss: 79.47823
Epoch 91/100
Training loss: 0.00001 || Validation loss: 79.48556
Epoch 92/100
Training loss: 0.00001 || Validation loss: 79.48374
Epoch 93/100
Training loss: 0.00001 || Validation loss: 79.48282
Epoch 94/100
Training loss: 0.00001 || Validation loss: 79.48297
Epoch 95/100
Training loss: 0.00001 || Validation loss: 79.48194
Epoch 96/100
Training loss: 0.00002 || Validation loss: 79.48095
Epoch 97/100
Training loss: 0.00001 || Validation loss: 79.45863
Epoch 98/100
Training loss: 0.00002 || Validation loss: 79.47934
Epoch 99/100
Training loss: 0.00001 || Validation loss: 79.47975
Epoch 100/100
Training loss: 0.00001 || Validation loss: 79.48525
Best model for fold 1 saved from epoch 4 with f1 1.69733
Final training loss: 0.00001 || Final test loss: 79.48525
Fold 2
device : cuda
Model not found at ./model/city_and_forest_co_training_wba_value_8frames/piece_size_20_fix_False_pretrained_False/fold_2/fly_model.ckpt
튜플 파일을 불러오는 중 문제가 발생했습니다 (./model/city_and_forest_co_training_wba_value_8frames/piece_size_20_fix_False_pretrained_False/fold_2): [Errno 2] No such file or directory: './model/city_and_forest_co_training_wba_value_8frames/piece_size_20_fix_False_pretrained_False/fold_2/training_tuples.pkl'
Epoch 1/100
Training loss: 25.90939 || Validation loss: 16.69548
New best model saved at epoch 1 with loss 16.69548
Epoch 2/100
Training loss: 0.97906 || Validation loss: 8.10255
New best model saved at epoch 2 with loss 8.10255
Epoch 3/100
Training loss: 0.32834 || Validation loss: 5.20102
New best model saved at epoch 3 with loss 5.20102
Epoch 4/100
Training loss: 0.14057 || Validation loss: 2.83098
New best model saved at epoch 4 with loss 2.83098
Epoch 5/100
Training loss: 0.05787 || Validation loss: 2.08457
New best model saved at epoch 5 with loss 2.08457
Epoch 6/100
Training loss: 0.02004 || Validation loss: 1.98284
New best model saved at epoch 6 with loss 1.98284
Epoch 7/100
Training loss: 0.00664 || Validation loss: 2.06703
Epoch 8/100
Training loss: 0.00241 || Validation loss: 2.18085
Epoch 9/100
Training loss: 0.00097 || Validation loss: 2.10093
Epoch 10/100
Training loss: 0.00023 || Validation loss: 2.13972
Epoch 11/100
Training loss: 0.00008 || Validation loss: 2.13547
Epoch 12/100
Training loss: 0.00002 || Validation loss: 2.15498
Epoch 13/100
Training loss: 0.00001 || Validation loss: 2.12223
Epoch 14/100
Training loss: 0.00000 || Validation loss: 2.11121
Epoch 15/100
Training loss: 0.00000 || Validation loss: 2.07902
Epoch 16/100
Training loss: 0.00000 || Validation loss: 2.10588
Epoch 17/100
Training loss: 0.00000 || Validation loss: 2.06041
Epoch 18/100
Training loss: 0.00000 || Validation loss: 2.11669
Epoch 19/100
Training loss: 0.00000 || Validation loss: 2.09708
Epoch 20/100
Training loss: 0.00000 || Validation loss: 2.07694
Epoch 21/100
Training loss: 0.00000 || Validation loss: 2.05674
Epoch 22/100
Training loss: 0.00000 || Validation loss: 2.07303
Epoch 23/100
Training loss: 0.00000 || Validation loss: 2.07289
Epoch 24/100
Training loss: 0.00000 || Validation loss: 2.02626
Epoch 25/100
Training loss: 0.00000 || Validation loss: 2.05450
Epoch 26/100
Training loss: 0.00000 || Validation loss: 2.06517
Epoch 27/100
Training loss: 0.00001 || Validation loss: 2.09442
Epoch 28/100
Training loss: 0.00016 || Validation loss: 2.00028
Epoch 29/100
Training loss: 0.00000 || Validation loss: 2.00652
Epoch 30/100
Training loss: 0.00000 || Validation loss: 2.02737
Epoch 31/100
Training loss: 0.00018 || Validation loss: 2.04340
Epoch 32/100
Training loss: 0.00000 || Validation loss: 2.04575
Epoch 33/100
Training loss: 0.00000 || Validation loss: 2.04795
Epoch 34/100
Training loss: 0.00006 || Validation loss: 2.09591
Epoch 35/100
Training loss: 0.05032 || Validation loss: 2.26882
Epoch 36/100
Training loss: 0.00000 || Validation loss: 2.30767
Epoch 37/100
Training loss: 0.00000 || Validation loss: 2.37417
Epoch 38/100
Training loss: 0.00000 || Validation loss: 2.47853
Epoch 39/100
Training loss: 0.00000 || Validation loss: 2.63925
Epoch 40/100
Training loss: 0.00000 || Validation loss: 2.87452
Epoch 41/100
Training loss: 0.00000 || Validation loss: 3.22207
Epoch 42/100
Training loss: 0.00000 || Validation loss: 3.71639
Epoch 43/100
Training loss: 0.00000 || Validation loss: 4.38585
Epoch 44/100
Training loss: 0.00000 || Validation loss: 5.27984
Epoch 45/100
Training loss: 0.00000 || Validation loss: 6.42043
Epoch 46/100
Training loss: 0.00000 || Validation loss: 7.94874
Epoch 47/100
Training loss: 0.00000 || Validation loss: 9.80170
Epoch 48/100
Training loss: 0.02501 || Validation loss: 12.11398
Epoch 49/100
Training loss: 0.00000 || Validation loss: 14.76865
Epoch 50/100
Training loss: 0.00000 || Validation loss: 17.77319
Epoch 51/100
Training loss: 0.00000 || Validation loss: 21.07599
Epoch 52/100
Training loss: 0.00000 || Validation loss: 24.62249
Epoch 53/100
Training loss: 0.00000 || Validation loss: 28.31229
Epoch 54/100
Training loss: 0.00000 || Validation loss: 32.02508
Epoch 55/100
Training loss: 0.00000 || Validation loss: 35.62576
Epoch 56/100
Training loss: 0.00000 || Validation loss: 39.00065
Epoch 57/100
Training loss: 0.00000 || Validation loss: 42.04781
Epoch 58/100
Training loss: 0.00000 || Validation loss: 44.68377
Epoch 59/100
Training loss: 0.00001 || Validation loss: 46.86424
Epoch 60/100
Training loss: 0.00000 || Validation loss: 48.58673
Epoch 61/100
Training loss: 0.00001 || Validation loss: 49.88145
Epoch 62/100
Training loss: 0.00001 || Validation loss: 50.79744
Epoch 63/100
Training loss: 0.00004 || Validation loss: 51.40347
Epoch 64/100
Training loss: 0.00002 || Validation loss: 51.77542
Epoch 65/100
Training loss: 0.00004 || Validation loss: 51.98288
Epoch 66/100
Training loss: 0.00005 || Validation loss: 52.08636
Epoch 67/100
Training loss: 0.00000 || Validation loss: 52.13173
Epoch 68/100
Training loss: 0.00003 || Validation loss: 52.14808
Epoch 69/100
Training loss: 0.00002 || Validation loss: 52.15725
Epoch 70/100
Training loss: 0.00005 || Validation loss: 52.16140
Epoch 71/100
Training loss: 0.00008 || Validation loss: 52.16487
Epoch 72/100
Training loss: 0.00000 || Validation loss: 52.16683
Epoch 73/100
Training loss: 0.00001 || Validation loss: 52.14849
Epoch 74/100
Training loss: 0.00004 || Validation loss: 52.17337
Epoch 75/100
Training loss: 0.00006 || Validation loss: 52.17524
Epoch 76/100
Training loss: 0.00000 || Validation loss: 52.17734
Epoch 77/100
Training loss: 0.00004 || Validation loss: 52.17700
Epoch 78/100
Training loss: 0.00005 || Validation loss: 52.19580
Epoch 79/100
Training loss: 0.00001 || Validation loss: 52.18470
Epoch 80/100
Training loss: 0.00009 || Validation loss: 52.18176
Epoch 81/100
Training loss: 0.00002 || Validation loss: 52.19075
Epoch 82/100
Training loss: 0.00012 || Validation loss: 52.19647
Epoch 83/100
Training loss: 0.00000 || Validation loss: 52.19616
Epoch 84/100
Training loss: 0.00000 || Validation loss: 52.19819
Epoch 85/100
Training loss: 0.00001 || Validation loss: 52.19424
Epoch 86/100
Training loss: 0.00009 || Validation loss: 52.20345
Epoch 87/100
Training loss: 0.00000 || Validation loss: 52.20495
Epoch 88/100
Training loss: 0.00012 || Validation loss: 52.20546
Epoch 89/100
Training loss: 0.00001 || Validation loss: 52.20906
Epoch 90/100
Training loss: 0.00001 || Validation loss: 52.21038
Epoch 91/100
Training loss: 0.00000 || Validation loss: 52.21218
Epoch 92/100
Training loss: 0.00008 || Validation loss: 52.21414
Epoch 93/100
Training loss: 0.00000 || Validation loss: 52.21563
Epoch 94/100
Training loss: 0.00009 || Validation loss: 52.21762
Epoch 95/100
Training loss: 0.00001 || Validation loss: 52.21863
Epoch 96/100
Training loss: 0.00000 || Validation loss: 52.22014
Epoch 97/100
Training loss: 0.00004 || Validation loss: 52.22253
Epoch 98/100
Training loss: 0.00001 || Validation loss: 52.22398
Epoch 99/100
Training loss: 0.00002 || Validation loss: 52.22577
Epoch 100/100
Training loss: 0.00002 || Validation loss: 52.22766
Best model for fold 2 saved from epoch 6 with f1 1.98284
Final training loss: 0.00002 || Final test loss: 52.22766
Fold 3
device : cuda
Model not found at ./model/city_and_forest_co_training_wba_value_8frames/piece_size_20_fix_False_pretrained_False/fold_3/fly_model.ckpt
튜플 파일을 불러오는 중 문제가 발생했습니다 (./model/city_and_forest_co_training_wba_value_8frames/piece_size_20_fix_False_pretrained_False/fold_3): [Errno 2] No such file or directory: './model/city_and_forest_co_training_wba_value_8frames/piece_size_20_fix_False_pretrained_False/fold_3/training_tuples.pkl'
Epoch 1/100
Training loss: 19.34276 || Validation loss: 4.09393
New best model saved at epoch 1 with loss 4.09393
Epoch 2/100
Training loss: 0.74691 || Validation loss: 3.50682
New best model saved at epoch 2 with loss 3.50682
Epoch 3/100
Training loss: 0.26753 || Validation loss: 2.74868
New best model saved at epoch 3 with loss 2.74868
Epoch 4/100
Training loss: 0.16686 || Validation loss: 1.84725
New best model saved at epoch 4 with loss 1.84725
Epoch 5/100
Training loss: 0.11311 || Validation loss: 1.86279
Epoch 6/100
Training loss: 0.08695 || Validation loss: 2.00822
Epoch 7/100
Training loss: 0.05929 || Validation loss: 2.16614
Epoch 8/100
Training loss: 0.03745 || Validation loss: 2.90701
Epoch 9/100
Training loss: 0.03126 || Validation loss: 3.22036
Epoch 10/100
Training loss: 0.01192 || Validation loss: 4.47802
Epoch 11/100
Training loss: 0.00721 || Validation loss: 4.31290
Epoch 12/100
Training loss: 0.00576 || Validation loss: 4.81897
Epoch 13/100
Training loss: 0.00156 || Validation loss: 4.79675
Epoch 14/100
Training loss: 0.00055 || Validation loss: 4.89487
Epoch 15/100
Training loss: 0.00029 || Validation loss: 4.87021
Epoch 16/100
Training loss: 0.00015 || Validation loss: 5.05163
Epoch 17/100
Training loss: 0.00002 || Validation loss: 5.09326
Epoch 18/100
Training loss: 0.00000 || Validation loss: 4.93984
Epoch 19/100
Training loss: 0.00000 || Validation loss: 5.10125
Epoch 20/100
Training loss: 0.00000 || Validation loss: 5.08521
Epoch 21/100
Training loss: 0.00000 || Validation loss: 5.18684
Epoch 22/100
Training loss: 0.00000 || Validation loss: 5.07548
Epoch 23/100
Training loss: 0.00000 || Validation loss: 5.07987
Epoch 24/100
Training loss: 0.00000 || Validation loss: 5.19572
Epoch 25/100
Training loss: 0.00000 || Validation loss: 5.26787
Epoch 26/100
Training loss: 0.00000 || Validation loss: 5.21671
Epoch 27/100
Training loss: 0.00000 || Validation loss: 5.34793
Epoch 28/100
Training loss: 0.00000 || Validation loss: 5.33578
Epoch 29/100
Training loss: 0.00000 || Validation loss: 5.47437
Epoch 30/100
Training loss: 0.00000 || Validation loss: 5.52814
Epoch 31/100
Training loss: 0.00000 || Validation loss: 5.50905
Epoch 32/100
Training loss: 0.00004 || Validation loss: 5.66897
Epoch 33/100
Training loss: 0.00000 || Validation loss: 5.69254
Epoch 34/100
Training loss: 0.00000 || Validation loss: 5.70503
Epoch 35/100
Training loss: 0.00002 || Validation loss: 5.69792
Epoch 36/100
Training loss: 0.00000 || Validation loss: 5.71816
Epoch 37/100
Training loss: 0.00003 || Validation loss: 5.69217
Epoch 38/100
Training loss: 0.00006 || Validation loss: 5.69700
Epoch 39/100
Training loss: 0.00000 || Validation loss: 5.67819
Epoch 40/100
Training loss: 0.00000 || Validation loss: 5.69824
Epoch 41/100
Training loss: 0.00000 || Validation loss: 5.72780
Epoch 42/100
Training loss: 0.00003 || Validation loss: 5.86260
Epoch 43/100
Training loss: 0.00000 || Validation loss: 6.04702
Epoch 44/100
Training loss: 0.01988 || Validation loss: 6.38615
Epoch 45/100
Training loss: 0.00000 || Validation loss: 6.82466
Epoch 46/100
Training loss: 0.00000 || Validation loss: 7.43789
Epoch 47/100
Training loss: 0.00000 || Validation loss: 8.26249
Epoch 48/100
Training loss: 0.00000 || Validation loss: 9.31459
Epoch 49/100
Training loss: 0.00000 || Validation loss: 10.62416
Epoch 50/100
Training loss: 0.00000 || Validation loss: 12.18846
Epoch 51/100
Training loss: 0.00000 || Validation loss: 13.99248
Epoch 52/100
Training loss: 0.00000 || Validation loss: 15.99534
Epoch 53/100
Training loss: 0.00000 || Validation loss: 18.13507
Epoch 54/100
Training loss: 0.00000 || Validation loss: 20.33216
Epoch 55/100
Training loss: 0.00000 || Validation loss: 22.50208
Epoch 56/100
Training loss: 0.00000 || Validation loss: 24.55529
Epoch 57/100
Training loss: 0.00000 || Validation loss: 26.41468
Epoch 58/100
Training loss: 0.00000 || Validation loss: 28.02928
Epoch 59/100
Training loss: 0.00001 || Validation loss: 29.29099
Epoch 60/100
Training loss: 0.00001 || Validation loss: 30.29545
Epoch 61/100
Training loss: 0.00105 || Validation loss: 31.40936
Epoch 62/100
Training loss: 0.00019 || Validation loss: 31.68908
Epoch 63/100
Training loss: 0.00000 || Validation loss: 32.02661
Epoch 64/100
Training loss: 0.00000 || Validation loss: 32.21702
Epoch 65/100
Training loss: 0.00000 || Validation loss: 32.32681
Epoch 66/100
Training loss: 0.00000 || Validation loss: 32.37347
Epoch 67/100
Training loss: 0.00000 || Validation loss: 32.39676
Epoch 68/100
Training loss: 0.00000 || Validation loss: 32.40281
Epoch 69/100
Training loss: 0.00000 || Validation loss: 32.40564
Epoch 70/100
Training loss: 0.00000 || Validation loss: 32.40549
Epoch 71/100
Training loss: 0.00004 || Validation loss: 32.40716
Epoch 72/100
Training loss: 0.00000 || Validation loss: 32.40488
Epoch 73/100
Training loss: 0.00000 || Validation loss: 32.36640
Epoch 74/100
Training loss: 0.00008 || Validation loss: 32.40547
Epoch 75/100
Training loss: 0.00000 || Validation loss: 32.40531
Epoch 76/100
Training loss: 0.00000 || Validation loss: 32.40468
Epoch 77/100
Training loss: 0.00000 || Validation loss: 32.39717
Epoch 78/100
Training loss: 0.00004 || Validation loss: 32.41062
Epoch 79/100
Training loss: 0.00000 || Validation loss: 32.40459
Epoch 80/100
Training loss: 0.00000 || Validation loss: 32.40444
Epoch 81/100
Training loss: 0.00000 || Validation loss: 32.42262
Epoch 82/100
Training loss: 0.00001 || Validation loss: 32.40389
Epoch 83/100
Training loss: 0.00004 || Validation loss: 32.40592
Epoch 84/100
Training loss: 0.00004 || Validation loss: 32.40690
Epoch 85/100
Training loss: 0.00000 || Validation loss: 32.40347
Epoch 86/100
Training loss: 0.00000 || Validation loss: 32.40453
Epoch 87/100
Training loss: 0.00001 || Validation loss: 32.40426
Epoch 88/100
Training loss: 0.00001 || Validation loss: 32.40436
Epoch 89/100
Training loss: 0.00001 || Validation loss: 32.40422
Epoch 90/100
Training loss: 0.00002 || Validation loss: 32.50130
Epoch 91/100
Training loss: 0.00001 || Validation loss: 32.40416
Epoch 92/100
Training loss: 0.00000 || Validation loss: 32.40411
Epoch 93/100
Training loss: 0.00001 || Validation loss: 32.45287
Epoch 94/100
Training loss: 0.00003 || Validation loss: 32.40413
Epoch 95/100
Training loss: 0.00000 || Validation loss: 32.46848
Epoch 96/100
Training loss: 0.00003 || Validation loss: 32.39043
Epoch 97/100
Training loss: 0.00000 || Validation loss: 32.40392
Epoch 98/100
Training loss: 0.00000 || Validation loss: 32.38910
Epoch 99/100
Training loss: 0.00001 || Validation loss: 32.40394
Epoch 100/100
Training loss: 0.00001 || Validation loss: 32.40369
Best model for fold 3 saved from epoch 4 with f1 1.84725
Final training loss: 0.00001 || Final test loss: 32.40369
All fold val losses: [1.6973255574703217, 1.9828412309288979, 1.847245621184508]
Average val loss: 1.84247
Fold 1
device : cuda
Model not found at ./model/city_and_forest_co_training_wba_value_8frames/piece_size_40_fix_False_pretrained_False/fold_1/fly_model.ckpt
./model/city_and_forest_co_training_wba_value_8frames/piece_size_40_fix_False_pretrained_True/fold_1에서 튜플 파일을 불러왔습니다.
Epoch 1/100
Training loss: 26.09754 || Validation loss: 4.63115
New best model saved at epoch 1 with loss 4.63115
Epoch 2/100
Training loss: 0.93109 || Validation loss: 2.97638
New best model saved at epoch 2 with loss 2.97638
Epoch 3/100
Training loss: 0.32976 || Validation loss: 2.40669
New best model saved at epoch 3 with loss 2.40669
Epoch 4/100
Training loss: 0.16474 || Validation loss: 2.66163
Epoch 5/100
Training loss: 0.11016 || Validation loss: 2.95251
Epoch 6/100
Training loss: 0.08522 || Validation loss: 3.58067
Epoch 7/100
Training loss: 0.06144 || Validation loss: 4.06183
Epoch 8/100
Training loss: 0.04385 || Validation loss: 5.93597
Epoch 9/100
Training loss: 0.03013 || Validation loss: 7.50878
Epoch 10/100
Training loss: 0.01670 || Validation loss: 9.04081
Epoch 11/100
Training loss: 0.00680 || Validation loss: 10.44913
Epoch 12/100
Training loss: 0.00313 || Validation loss: 11.22489
Epoch 13/100
Training loss: 0.00192 || Validation loss: 10.98475
Epoch 14/100
Training loss: 0.00102 || Validation loss: 10.81165
Epoch 15/100
Training loss: 0.00038 || Validation loss: 11.09132
Epoch 16/100
Training loss: 0.00009 || Validation loss: 11.01851
Epoch 17/100
Training loss: 0.00001 || Validation loss: 11.06148
Epoch 18/100
Training loss: 0.00001 || Validation loss: 11.04055
Epoch 19/100
Training loss: 0.00000 || Validation loss: 11.07902
Epoch 20/100
Training loss: 0.00000 || Validation loss: 11.11909
Epoch 21/100
Training loss: 0.00000 || Validation loss: 11.16014
Epoch 22/100
Training loss: 0.00000 || Validation loss: 11.17291
Epoch 23/100
Training loss: 0.00000 || Validation loss: 11.08582
Epoch 24/100
Training loss: 0.00000 || Validation loss: 11.27195
Epoch 25/100
Training loss: 0.00000 || Validation loss: 11.19971
Epoch 26/100
Training loss: 0.00000 || Validation loss: 11.28553
Epoch 27/100
Training loss: 0.00000 || Validation loss: 11.22943
Epoch 28/100
Training loss: 0.00000 || Validation loss: 11.28504
Epoch 29/100
Training loss: 0.00000 || Validation loss: 11.38114
Epoch 30/100
Training loss: 0.00000 || Validation loss: 11.40642
Epoch 31/100
Training loss: 0.00002 || Validation loss: 11.36982
Epoch 32/100
Training loss: 0.00002 || Validation loss: 11.49586
Epoch 33/100
Training loss: 0.00001 || Validation loss: 11.45339
Epoch 34/100
Training loss: 0.00001 || Validation loss: 11.42435
Epoch 35/100
Training loss: 0.00007 || Validation loss: 11.48124
Epoch 36/100
Training loss: 0.00000 || Validation loss: 11.37422
Epoch 37/100
Training loss: 0.00000 || Validation loss: 11.31282
Epoch 38/100
Training loss: 0.00402 || Validation loss: 11.37244
Epoch 39/100
Training loss: 0.00000 || Validation loss: 11.25441
Epoch 40/100
Training loss: 0.00000 || Validation loss: 11.16003
Epoch 41/100
Training loss: 0.00000 || Validation loss: 11.11697
Epoch 42/100
Training loss: 0.00000 || Validation loss: 11.12568
Epoch 43/100
Training loss: 0.00000 || Validation loss: 11.23688
Epoch 44/100
Training loss: 0.00000 || Validation loss: 11.52696
Epoch 45/100
Training loss: 0.00000 || Validation loss: 12.02470
Epoch 46/100
Training loss: 0.00000 || Validation loss: 12.76328
Epoch 47/100
Training loss: 0.00000 || Validation loss: 13.88306
Epoch 48/100
Training loss: 0.00000 || Validation loss: 15.36014
Epoch 49/100
Training loss: 0.00003 || Validation loss: 17.41575
Epoch 50/100
Training loss: 0.00000 || Validation loss: 19.99525
Epoch 51/100
Training loss: 0.00005 || Validation loss: 23.17311
Epoch 52/100
Training loss: 0.00000 || Validation loss: 26.82413
Epoch 53/100
Training loss: 0.00002 || Validation loss: 30.83451
Epoch 54/100
Training loss: 0.00000 || Validation loss: 35.22496
Epoch 55/100
Training loss: 0.00148 || Validation loss: 39.69327
Epoch 56/100
Training loss: 0.00000 || Validation loss: 44.02588
Epoch 57/100
Training loss: 0.00000 || Validation loss: 48.08010
Epoch 58/100
Training loss: 0.00000 || Validation loss: 51.70513
Epoch 59/100
Training loss: 0.00000 || Validation loss: 54.79611
Epoch 60/100
Training loss: 0.00000 || Validation loss: 57.30343
Epoch 61/100
Training loss: 0.00001 || Validation loss: 59.23440
Epoch 62/100
Training loss: 0.00000 || Validation loss: 60.63710
Epoch 63/100
Training loss: 0.00000 || Validation loss: 61.59696
Epoch 64/100
Training loss: 0.00001 || Validation loss: 62.21876
Epoch 65/100
Training loss: 0.00001 || Validation loss: 62.53110
Epoch 66/100
Training loss: 0.00002 || Validation loss: 62.77165
Epoch 67/100
Training loss: 0.00001 || Validation loss: 62.86908
Epoch 68/100
Training loss: 0.00006 || Validation loss: 62.91628
Epoch 69/100
Training loss: 0.00000 || Validation loss: 62.92648
Epoch 70/100
Training loss: 0.00003 || Validation loss: 62.93987
Epoch 71/100
Training loss: 0.00010 || Validation loss: 62.96279
Epoch 72/100
Training loss: 0.00000 || Validation loss: 62.97614
Epoch 73/100
Training loss: 0.00000 || Validation loss: 62.97600
Epoch 74/100
Training loss: 0.00001 || Validation loss: 62.98688
Epoch 75/100
Training loss: 0.00001 || Validation loss: 63.01159
Epoch 76/100
Training loss: 0.00003 || Validation loss: 63.08062
Epoch 77/100
Training loss: 0.00000 || Validation loss: 63.02756
Epoch 78/100
Training loss: 0.00001 || Validation loss: 63.04008
Epoch 79/100
Training loss: 0.00003 || Validation loss: 63.04885
Epoch 80/100
Training loss: 0.00000 || Validation loss: 63.06060
Epoch 81/100
Training loss: 0.00002 || Validation loss: 63.05561
Epoch 82/100
Training loss: 0.00001 || Validation loss: 63.09057
Epoch 83/100
Training loss: 0.00001 || Validation loss: 63.11405
Epoch 84/100
Training loss: 0.00001 || Validation loss: 63.12803
Epoch 85/100
Training loss: 0.00001 || Validation loss: 63.20061
Epoch 86/100
Training loss: 0.00001 || Validation loss: 63.12958
Epoch 87/100
Training loss: 0.00002 || Validation loss: 63.16784
Epoch 88/100
Training loss: 0.00001 || Validation loss: 63.16773
Epoch 89/100
Training loss: 0.00002 || Validation loss: 63.15319
Epoch 90/100
Training loss: 0.00001 || Validation loss: 63.13360
Epoch 91/100
Training loss: 0.00002 || Validation loss: 63.18502
Epoch 92/100
Training loss: 0.00001 || Validation loss: 63.20501
Epoch 93/100
Training loss: 0.00001 || Validation loss: 63.21347
Epoch 94/100
Training loss: 0.00001 || Validation loss: 63.23199
Epoch 95/100
Training loss: 0.00001 || Validation loss: 63.21389
Epoch 96/100
Training loss: 0.00001 || Validation loss: 63.24358
Epoch 97/100
Training loss: 0.00001 || Validation loss: 63.25959
Epoch 98/100
Training loss: 0.00001 || Validation loss: 63.26228
Epoch 99/100
Training loss: 0.00001 || Validation loss: 63.35981
Epoch 100/100
Training loss: 0.00001 || Validation loss: 63.28063
Best model for fold 1 saved from epoch 3 with f1 2.40669
Final training loss: 0.00001 || Final test loss: 63.28063
Fold 2
device : cuda
Model not found at ./model/city_and_forest_co_training_wba_value_8frames/piece_size_40_fix_False_pretrained_False/fold_2/fly_model.ckpt
./model/city_and_forest_co_training_wba_value_8frames/piece_size_40_fix_False_pretrained_True/fold_2에서 튜플 파일을 불러왔습니다.
Epoch 1/100
Training loss: 8.62213 || Validation loss: 4.38577
New best model saved at epoch 1 with loss 4.38577
Epoch 2/100
Training loss: 0.89064 || Validation loss: 4.89618
Epoch 3/100
Training loss: 0.26718 || Validation loss: 6.77092
Epoch 4/100
Training loss: 0.15556 || Validation loss: 6.44600
Epoch 5/100
Training loss: 0.10461 || Validation loss: 7.05118
Epoch 6/100
Training loss: 0.06846 || Validation loss: 8.51279
Epoch 7/100
Training loss: 0.04859 || Validation loss: 9.49391
Epoch 8/100
Training loss: 0.02940 || Validation loss: 9.18190
Epoch 9/100
Training loss: 0.01347 || Validation loss: 9.36734
Epoch 10/100
Training loss: 0.00729 || Validation loss: 9.18602
Epoch 11/100
Training loss: 0.00261 || Validation loss: 9.62832
Epoch 12/100
Training loss: 0.00133 || Validation loss: 9.49865
Epoch 13/100
Training loss: 0.00032 || Validation loss: 9.51177
Epoch 14/100
Training loss: 0.00022 || Validation loss: 9.57826
Epoch 15/100
Training loss: 0.00000 || Validation loss: 9.61054
Epoch 16/100
Training loss: 0.00000 || Validation loss: 9.52144
Epoch 17/100
Training loss: 0.00000 || Validation loss: 9.74764
Epoch 18/100
Training loss: 0.00000 || Validation loss: 9.79099
Epoch 19/100
Training loss: 0.00000 || Validation loss: 9.64746
Epoch 20/100
Training loss: 0.00000 || Validation loss: 9.61988
Epoch 21/100
Training loss: 0.00000 || Validation loss: 9.68193
Epoch 22/100
Training loss: 0.00000 || Validation loss: 9.74826
Epoch 23/100
Training loss: 0.00000 || Validation loss: 9.66423
Epoch 24/100
Training loss: 0.00000 || Validation loss: 9.73786
Epoch 25/100
Training loss: 0.00001 || Validation loss: 9.62794
Epoch 26/100
Training loss: 0.00002 || Validation loss: 9.64705
Epoch 27/100
Training loss: 0.00003 || Validation loss: 9.77522
Epoch 28/100
Training loss: 0.00004 || Validation loss: 9.78468
Epoch 29/100
Training loss: 0.00002 || Validation loss: 9.75226
Epoch 30/100
Training loss: 0.00003 || Validation loss: 9.78106
Epoch 31/100
Training loss: 0.00007 || Validation loss: 9.89598
Epoch 32/100
Training loss: 0.00000 || Validation loss: 10.05648
Epoch 33/100
Training loss: 0.00001 || Validation loss: 10.25145
Epoch 34/100
Training loss: 0.00051 || Validation loss: 10.34464
Epoch 35/100
Training loss: 0.00000 || Validation loss: 10.69347
Epoch 36/100
Training loss: 0.00000 || Validation loss: 11.12912
Epoch 37/100
Training loss: 0.00000 || Validation loss: 11.67549
Epoch 38/100
Training loss: 0.00000 || Validation loss: 12.35719
Epoch 39/100
Training loss: 0.00000 || Validation loss: 13.20401
Epoch 40/100
Training loss: 0.00004 || Validation loss: 14.26797
Epoch 41/100
Training loss: 0.00006 || Validation loss: 15.58151
Epoch 42/100
Training loss: 0.00000 || Validation loss: 17.16999
Epoch 43/100
Training loss: 0.00002 || Validation loss: 19.08977
Epoch 44/100
Training loss: 0.00660 || Validation loss: 21.49864
Epoch 45/100
Training loss: 0.00000 || Validation loss: 24.12073
Epoch 46/100
Training loss: 0.00000 || Validation loss: 27.11904
Epoch 47/100
Training loss: 0.00000 || Validation loss: 30.44691
Epoch 48/100
Training loss: 0.00000 || Validation loss: 34.03359
Epoch 49/100
Training loss: 0.00000 || Validation loss: 37.78573
Epoch 50/100
Training loss: 0.00000 || Validation loss: 41.58558
Epoch 51/100
Training loss: 0.00000 || Validation loss: 45.29913
Epoch 52/100
Training loss: 0.00000 || Validation loss: 48.79508
Epoch 53/100
Training loss: 0.00000 || Validation loss: 51.95738
Epoch 54/100
Training loss: 0.00000 || Validation loss: 54.67489
Epoch 55/100
Training loss: 0.00000 || Validation loss: 56.96668
Epoch 56/100
Training loss: 0.00001 || Validation loss: 58.73481
Epoch 57/100
Training loss: 0.00005 || Validation loss: 60.06835
Epoch 58/100
Training loss: 0.00000 || Validation loss: 61.00641
Epoch 59/100
Training loss: 0.00008 || Validation loss: 61.60614
Epoch 60/100
Training loss: 0.00000 || Validation loss: 61.99400
Epoch 61/100
Training loss: 0.00001 || Validation loss: 62.17394
Epoch 62/100
Training loss: 0.00003 || Validation loss: 62.25797
Epoch 63/100
Training loss: 0.00001 || Validation loss: 62.32878
Epoch 64/100
Training loss: 0.00002 || Validation loss: 62.32035
Epoch 65/100
Training loss: 0.00002 || Validation loss: 62.33607
Epoch 66/100
Training loss: 0.00003 || Validation loss: 62.35427
Epoch 67/100
Training loss: 0.00001 || Validation loss: 62.37269
Epoch 68/100
Training loss: 0.00002 || Validation loss: 62.35562
Epoch 69/100
Training loss: 0.00002 || Validation loss: 62.37354
Epoch 70/100
Training loss: 0.00002 || Validation loss: 62.36545
Epoch 71/100
Training loss: 0.00003 || Validation loss: 62.36998
Epoch 72/100
Training loss: 0.00001 || Validation loss: 62.37503
Epoch 73/100
Training loss: 0.00002 || Validation loss: 62.37465
Epoch 74/100
Training loss: 0.00003 || Validation loss: 62.40112
Epoch 75/100
Training loss: 0.00001 || Validation loss: 62.38598
Epoch 76/100
Training loss: 0.00002 || Validation loss: 62.38925
Epoch 77/100
Training loss: 0.00002 || Validation loss: 62.39156
Epoch 78/100
Training loss: 0.00002 || Validation loss: 62.39339
Epoch 79/100
Training loss: 0.00002 || Validation loss: 62.39751
Epoch 80/100
Training loss: 0.00003 || Validation loss: 62.41048
Epoch 81/100
Training loss: 0.00002 || Validation loss: 62.39922
Epoch 82/100
Training loss: 0.00001 || Validation loss: 62.40578
Epoch 83/100
Training loss: 0.00002 || Validation loss: 62.42474
Epoch 84/100
Training loss: 0.00002 || Validation loss: 62.45311
Epoch 85/100
Training loss: 0.00002 || Validation loss: 62.41252
Epoch 86/100
Training loss: 0.00003 || Validation loss: 62.40936
Epoch 87/100
Training loss: 0.00002 || Validation loss: 62.34989
Epoch 88/100
Training loss: 0.00002 || Validation loss: 62.45356
Epoch 89/100
Training loss: 0.00001 || Validation loss: 62.42452
Epoch 90/100
Training loss: 0.00003 || Validation loss: 62.42261
Epoch 91/100
Training loss: 0.00002 || Validation loss: 62.49524
Epoch 92/100
Training loss: 0.00002 || Validation loss: 62.45395
Epoch 93/100
Training loss: 0.00002 || Validation loss: 62.43945
Epoch 94/100
Training loss: 0.00002 || Validation loss: 62.44219
Epoch 95/100
Training loss: 0.00002 || Validation loss: 62.44467
Epoch 96/100
Training loss: 0.00002 || Validation loss: 62.44692
Epoch 97/100
Training loss: 0.00002 || Validation loss: 62.45151
Epoch 98/100
Training loss: 0.00002 || Validation loss: 62.45494
Epoch 99/100
Training loss: 0.00002 || Validation loss: 62.45611
Epoch 100/100
Training loss: 0.00002 || Validation loss: 62.45954
Best model for fold 2 saved from epoch 1 with f1 4.38577
Final training loss: 0.00002 || Final test loss: 62.45954
Fold 3
device : cuda
Model not found at ./model/city_and_forest_co_training_wba_value_8frames/piece_size_40_fix_False_pretrained_False/fold_3/fly_model.ckpt
./model/city_and_forest_co_training_wba_value_8frames/piece_size_40_fix_False_pretrained_True/fold_3에서 튜플 파일을 불러왔습니다.
Epoch 1/100
Training loss: 18.05985 || Validation loss: 4.14910
New best model saved at epoch 1 with loss 4.14910
Epoch 2/100
Training loss: 0.76551 || Validation loss: 2.83818
New best model saved at epoch 2 with loss 2.83818
Epoch 3/100
Training loss: 0.26609 || Validation loss: 2.73846
New best model saved at epoch 3 with loss 2.73846
Epoch 4/100
Training loss: 0.15068 || Validation loss: 1.98181
New best model saved at epoch 4 with loss 1.98181
Epoch 5/100
Training loss: 0.10401 || Validation loss: 2.57501
Epoch 6/100
Training loss: 0.07640 || Validation loss: 2.96639
Epoch 7/100
Training loss: 0.04882 || Validation loss: 3.45081
Epoch 8/100
Training loss: 0.02846 || Validation loss: 4.11268
Epoch 9/100
Training loss: 0.01457 || Validation loss: 5.12068
Epoch 10/100
Training loss: 0.00819 || Validation loss: 6.24536
Epoch 11/100
Training loss: 0.00276 || Validation loss: 6.03461
Epoch 12/100
Training loss: 0.00077 || Validation loss: 6.11693
Epoch 13/100
Training loss: 0.00027 || Validation loss: 6.12978
Epoch 14/100
Training loss: 0.00005 || Validation loss: 6.06623
Epoch 15/100
Training loss: 0.00002 || Validation loss: 6.30451
Epoch 16/100
Training loss: 0.00000 || Validation loss: 6.32065
Epoch 17/100
Training loss: 0.00000 || Validation loss: 6.61877
Epoch 18/100
Training loss: 0.00000 || Validation loss: 6.52380
Epoch 19/100
Training loss: 0.00000 || Validation loss: 6.64927
Epoch 20/100
Training loss: 0.00000 || Validation loss: 6.77299
Epoch 21/100
Training loss: 0.00000 || Validation loss: 6.94405
Epoch 22/100
Training loss: 0.00000 || Validation loss: 7.07989
Epoch 23/100
Training loss: 0.00000 || Validation loss: 7.09579
Epoch 24/100
Training loss: 0.00000 || Validation loss: 7.34698
Epoch 25/100
Training loss: 0.00000 || Validation loss: 7.45382
Epoch 26/100
Training loss: 0.00000 || Validation loss: 7.55240
Epoch 27/100
Training loss: 0.00000 || Validation loss: 7.65588
Epoch 28/100
Training loss: 0.00000 || Validation loss: 7.83146
Epoch 29/100
Training loss: 0.00000 || Validation loss: 7.97835
Epoch 30/100
Training loss: 0.00001 || Validation loss: 8.32826
Epoch 31/100
Training loss: 0.00003 || Validation loss: 8.28645
Epoch 32/100
Training loss: 0.00000 || Validation loss: 8.33140
Epoch 33/100
Training loss: 0.00002 || Validation loss: 8.39012
Epoch 34/100
Training loss: 0.00241 || Validation loss: 8.68048
Epoch 35/100
Training loss: 0.00000 || Validation loss: 8.69198
Epoch 36/100
Training loss: 0.00000 || Validation loss: 8.71610
Epoch 37/100
Training loss: 0.00000 || Validation loss: 8.75680
Epoch 38/100
Training loss: 0.00000 || Validation loss: 8.81581
Epoch 39/100
Training loss: 0.00000 || Validation loss: 8.90352
Epoch 40/100
Training loss: 0.00000 || Validation loss: 9.02152
Epoch 41/100
Training loss: 0.00000 || Validation loss: 9.18541
Epoch 42/100
Training loss: 0.00000 || Validation loss: 9.41229
Epoch 43/100
Training loss: 0.00000 || Validation loss: 9.71910
Epoch 44/100
Training loss: 0.00000 || Validation loss: 10.08325
Epoch 45/100
Training loss: 0.00002 || Validation loss: 10.67207
Epoch 46/100
Training loss: 0.00002 || Validation loss: 11.37361
Epoch 47/100
Training loss: 0.00001 || Validation loss: 12.25623
Epoch 48/100
Training loss: 0.00002 || Validation loss: 13.35504
Epoch 49/100
Training loss: 0.00002 || Validation loss: 14.66964
Epoch 50/100
Training loss: 0.00004 || Validation loss: 16.10847
Epoch 51/100
Training loss: 0.00000 || Validation loss: 17.90222
Epoch 52/100
Training loss: 0.00001 || Validation loss: 19.80594
Epoch 53/100
Training loss: 0.00001 || Validation loss: 21.80722
Epoch 54/100
Training loss: 0.00002 || Validation loss: 23.87675
Epoch 55/100
Training loss: 0.00000 || Validation loss: 25.86980
Epoch 56/100
Training loss: 0.00012 || Validation loss: 27.80064
Epoch 57/100
Training loss: 0.00000 || Validation loss: 29.53931
Epoch 58/100
Training loss: 0.00004 || Validation loss: 31.06363
Epoch 59/100
Training loss: 0.00022 || Validation loss: 32.31039
Epoch 60/100
Training loss: 0.00000 || Validation loss: 33.35325
Epoch 61/100
Training loss: 0.00000 || Validation loss: 34.11434
Epoch 62/100
Training loss: 0.00004 || Validation loss: 34.65701
Epoch 63/100
Training loss: 0.00000 || Validation loss: 35.01284
Epoch 64/100
Training loss: 0.00004 || Validation loss: 35.24113
Epoch 65/100
Training loss: 0.00001 || Validation loss: 35.35368
Epoch 66/100
Training loss: 0.00002 || Validation loss: 35.40972
Epoch 67/100
Training loss: 0.00000 || Validation loss: 35.42803
Epoch 68/100
Training loss: 0.00005 || Validation loss: 35.45309
Epoch 69/100
Training loss: 0.00000 || Validation loss: 35.47055
Epoch 70/100
Training loss: 0.00001 || Validation loss: 35.45597
Epoch 71/100
Training loss: 0.00000 || Validation loss: 35.46642
Epoch 72/100
Training loss: 0.00002 || Validation loss: 35.47110
Epoch 73/100
Training loss: 0.00001 || Validation loss: 35.47338
Epoch 74/100
Training loss: 0.00001 || Validation loss: 35.50096
Epoch 75/100
Training loss: 0.00001 || Validation loss: 35.52901
Epoch 76/100
Training loss: 0.00002 || Validation loss: 35.49345
Epoch 77/100
Training loss: 0.00001 || Validation loss: 35.58089
Epoch 78/100
Training loss: 0.00001 || Validation loss: 35.48563
Epoch 79/100
Training loss: 0.00001 || Validation loss: 35.50657
Epoch 80/100
Training loss: 0.00001 || Validation loss: 35.50354
Epoch 81/100
Training loss: 0.00001 || Validation loss: 35.50927
Epoch 82/100
Training loss: 0.00001 || Validation loss: 35.51470
Epoch 83/100
Training loss: 0.00001 || Validation loss: 35.51891
Epoch 84/100
Training loss: 0.00001 || Validation loss: 35.52390
Epoch 85/100
Training loss: 0.00001 || Validation loss: 35.54894
Epoch 86/100
Training loss: 0.00001 || Validation loss: 35.53299
Epoch 87/100
Training loss: 0.00001 || Validation loss: 35.53838
Epoch 88/100
Training loss: 0.00001 || Validation loss: 35.56634
Epoch 89/100
Training loss: 0.00002 || Validation loss: 35.54745
Epoch 90/100
Training loss: 0.00001 || Validation loss: 35.55765
Epoch 91/100
Training loss: 0.00001 || Validation loss: 35.56877
Epoch 92/100
Training loss: 0.00001 || Validation loss: 35.56852
Epoch 93/100
Training loss: 0.00001 || Validation loss: 35.56327
Epoch 94/100
Training loss: 0.00001 || Validation loss: 35.56711
Epoch 95/100
Training loss: 0.00001 || Validation loss: 35.57082
Epoch 96/100
Training loss: 0.00001 || Validation loss: 35.57409
Epoch 97/100
Training loss: 0.00001 || Validation loss: 35.57667
Epoch 98/100
Training loss: 0.00001 || Validation loss: 35.58105
Epoch 99/100
Training loss: 0.00001 || Validation loss: 35.58271
Epoch 100/100
Training loss: 0.00001 || Validation loss: 35.59023
Best model for fold 3 saved from epoch 4 with f1 1.98181
Final training loss: 0.00001 || Final test loss: 35.59023
All fold val losses: [2.4066885486245155, 4.385772814353307, 1.9818103065093358]
Average val loss: 2.92476
./naturalistic/01_Bird.avi                                   Loaded : (5, 3596, 64, 128, 1)
./naturalistic/02_City.avi                                   Loaded : (5, 3596, 64, 128, 1)
./naturalistic/03_Forest.avi                                 Loaded : (5, 3596, 64, 128, 1)
Video is allocated on memory!
Shape : (3, 3596, 64, 128, 5)
device : cuda
load model
epoch : 4
learning rate : 0.0001
device : cuda
load model
epoch : 2
learning rate : 0.0001
device : cuda
load model
epoch : 2
learning rate : 0.0001
device : cuda
load model
epoch : 3
learning rate : 0.0001
device : cuda
load model
epoch : 2
learning rate : 0.0001
프레임 0/3593 처리 중...
프레임 100/3593 처리 중...
프레임 200/3593 처리 중...
프레임 300/3593 처리 중...
프레임 400/3593 처리 중...
프레임 500/3593 처리 중...
프레임 600/3593 처리 중...
프레임 700/3593 처리 중...
프레임 800/3593 처리 중...
프레임 900/3593 처리 중...
프레임 1000/3593 처리 중...
프레임 1100/3593 처리 중...
프레임 1200/3593 처리 중...
프레임 1300/3593 처리 중...
프레임 1400/3593 처리 중...
프레임 1500/3593 처리 중...
프레임 1600/3593 처리 중...
프레임 1700/3593 처리 중...
프레임 1800/3593 처리 중...
프레임 1900/3593 처리 중...
프레임 2000/3593 처리 중...
프레임 2100/3593 처리 중...
프레임 2200/3593 처리 중...
프레임 2300/3593 처리 중...
프레임 2400/3593 처리 중...
프레임 2500/3593 처리 중...
프레임 2600/3593 처리 중...
프레임 2700/3593 처리 중...
프레임 2800/3593 처리 중...
프레임 2900/3593 처리 중...
프레임 3000/3593 처리 중...
프레임 3100/3593 처리 중...
프레임 3200/3593 처리 중...
프레임 3300/3593 처리 중...
프레임 3400/3593 처리 중...
프레임 3500/3593 처리 중...
성공적으로 저장되었습니다: ./visualization_video/city_city_and_forest_co_training_wba_value_8frames_fix_False_pretrained_False.avi
./naturalistic/01_Bird.avi                                   Loaded : (5, 3596, 64, 128, 1)
./naturalistic/02_City.avi                                   Loaded : (5, 3596, 64, 128, 1)
./naturalistic/03_Forest.avi                                 Loaded : (5, 3596, 64, 128, 1)
Video is allocated on memory!
Shape : (3, 3596, 64, 128, 5)
device : cuda
load model
epoch : 4
learning rate : 0.0001
device : cuda
load model
epoch : 2
learning rate : 0.0001
device : cuda
load model
epoch : 2
learning rate : 0.0001
device : cuda
load model
epoch : 3
learning rate : 0.0001
device : cuda
load model
epoch : 2
learning rate : 0.0001
프레임 0/3593 처리 중...
프레임 100/3593 처리 중...
프레임 200/3593 처리 중...
프레임 300/3593 처리 중...
프레임 400/3593 처리 중...
프레임 500/3593 처리 중...
프레임 600/3593 처리 중...
프레임 700/3593 처리 중...
프레임 800/3593 처리 중...
프레임 900/3593 처리 중...
프레임 1000/3593 처리 중...
프레임 1100/3593 처리 중...
프레임 1200/3593 처리 중...
프레임 1300/3593 처리 중...
프레임 1400/3593 처리 중...
프레임 1500/3593 처리 중...
프레임 1600/3593 처리 중...
프레임 1700/3593 처리 중...
프레임 1800/3593 처리 중...
프레임 1900/3593 처리 중...
프레임 2000/3593 처리 중...
프레임 2100/3593 처리 중...
프레임 2200/3593 처리 중...
프레임 2300/3593 처리 중...
프레임 2400/3593 처리 중...
프레임 2500/3593 처리 중...
프레임 2600/3593 처리 중...
프레임 2700/3593 처리 중...
프레임 2800/3593 처리 중...
프레임 2900/3593 처리 중...
프레임 3000/3593 처리 중...
프레임 3100/3593 처리 중...
프레임 3200/3593 처리 중...
프레임 3300/3593 처리 중...
프레임 3400/3593 처리 중...
프레임 3500/3593 처리 중...
성공적으로 저장되었습니다: ./visualization_video/forest_city_and_forest_co_training_wba_value_8frames_fix_False_pretrained_False.avi
./naturalistic/01_Bird.avi                                   Loaded : (5, 3596, 64, 128, 1)
./naturalistic/02_City.avi                                   Loaded : (5, 3596, 64, 128, 1)
./naturalistic/03_Forest.avi                                 Loaded : (5, 3596, 64, 128, 1)
Video is allocated on memory!
Shape : (3, 3596, 64, 128, 5)
augmented shape : (18, 3596, 64, 128, 5)
augmented shape : (18, 3600)
Fold 1
Model loaded successfully from ./pretrained_model/64_to_256_3layers.ckpt
device : cuda
Model not found at ./model/city_and_forest_co_training_wba_value_16frames/piece_size_1_fix_False_pretrained_True/fold_1/fly_model.ckpt
튜플 파일을 불러오는 중 문제가 발생했습니다 (./model/city_and_forest_co_training_wba_value_16frames/piece_size_1_fix_False_pretrained_True/fold_1): [Errno 2] No such file or directory: './model/city_and_forest_co_training_wba_value_16frames/piece_size_1_fix_False_pretrained_True/fold_1/training_tuples.pkl'
Epoch 1/100
Training loss: 35.20865 || Validation loss: 11.69031
New best model saved at epoch 1 with loss 11.69031
First epoch took 13.37 seconds.
Estimated total program duration: 5.57 hours
Estimated program end time (KST): 2024/11/22 06:17:00
Epoch 2/100
Training loss: 3.34880 || Validation loss: 9.13217
New best model saved at epoch 2 with loss 9.13217
Epoch 3/100
Training loss: 1.63320 || Validation loss: 9.00812
New best model saved at epoch 3 with loss 9.00812
Epoch 4/100
Training loss: 1.07511 || Validation loss: 8.07868
New best model saved at epoch 4 with loss 8.07868
Epoch 5/100
Training loss: 0.91002 || Validation loss: 7.53103
New best model saved at epoch 5 with loss 7.53103
Epoch 6/100
Training loss: 0.68078 || Validation loss: 8.48653
Epoch 7/100
Training loss: 0.50185 || Validation loss: 9.83368
Epoch 8/100
Training loss: 0.30579 || Validation loss: 13.89759
Epoch 9/100
Training loss: 0.19744 || Validation loss: 19.68046
Epoch 10/100
Training loss: 0.09117 || Validation loss: 26.46780
Epoch 11/100
Training loss: 0.03577 || Validation loss: 32.24729
Epoch 12/100
Training loss: 0.01242 || Validation loss: 35.94514
Epoch 13/100
Training loss: 0.00614 || Validation loss: 39.94635
Epoch 14/100
Training loss: 0.00020 || Validation loss: 39.11041
Epoch 15/100
Training loss: 0.00001 || Validation loss: 39.85328
Epoch 16/100
Training loss: 0.00000 || Validation loss: 40.65763
Epoch 17/100
Training loss: 0.00000 || Validation loss: 37.87261
Epoch 18/100
Training loss: 0.00000 || Validation loss: 38.59913
Epoch 19/100
Training loss: 0.00000 || Validation loss: 38.52743
Epoch 20/100
Training loss: 0.00000 || Validation loss: 38.79060
Epoch 21/100
Training loss: 0.00000 || Validation loss: 39.61285
Epoch 22/100
Training loss: 0.00000 || Validation loss: 40.11711
Epoch 23/100
Training loss: 0.00000 || Validation loss: 37.04399
Epoch 24/100
Training loss: 0.00000 || Validation loss: 40.23127
Epoch 25/100
Training loss: 0.00000 || Validation loss: 39.27805
Epoch 26/100
Training loss: 0.00000 || Validation loss: 39.46900
Epoch 27/100
Training loss: 0.00000 || Validation loss: 41.25419
Epoch 28/100
Training loss: 0.00000 || Validation loss: 39.20425
Epoch 29/100
Training loss: 0.00000 || Validation loss: 36.95172
Epoch 30/100
Training loss: 0.00000 || Validation loss: 38.82602
Epoch 31/100
Training loss: 0.00000 || Validation loss: 40.59938
Epoch 32/100
Training loss: 0.00000 || Validation loss: 37.80809
Epoch 33/100
Training loss: 0.00000 || Validation loss: 38.84847
Epoch 34/100
Training loss: 0.00000 || Validation loss: 38.24507
Epoch 35/100
Training loss: 0.00000 || Validation loss: 39.85494
Epoch 36/100
Training loss: 0.00000 || Validation loss: 37.91081
Epoch 37/100
Training loss: 0.00000 || Validation loss: 39.61801
Epoch 38/100
Training loss: 0.00000 || Validation loss: 37.39327
Epoch 39/100
Training loss: 0.00000 || Validation loss: 40.41482
Epoch 40/100
Training loss: 0.00000 || Validation loss: 37.80984
Epoch 41/100
Training loss: 0.00000 || Validation loss: 38.09666
Epoch 42/100
Training loss: 0.00000 || Validation loss: 37.28575
Epoch 43/100
Training loss: 0.00000 || Validation loss: 38.52958
Epoch 44/100
Training loss: 0.00000 || Validation loss: 40.17428
Epoch 45/100
Training loss: 0.00000 || Validation loss: 40.60057
Epoch 46/100
Training loss: 0.00000 || Validation loss: 38.38221
Epoch 47/100
Training loss: 0.00000 || Validation loss: 38.57092
Epoch 48/100
Training loss: 0.00000 || Validation loss: 39.78977
Epoch 49/100
Training loss: 0.00000 || Validation loss: 38.37256
Epoch 50/100
Training loss: 0.00000 || Validation loss: 37.60666
Epoch 51/100
Training loss: 0.00000 || Validation loss: 37.16459
Epoch 52/100
Training loss: 0.00000 || Validation loss: 36.19426
Epoch 53/100
Training loss: 0.00000 || Validation loss: 36.82822
Epoch 54/100
Training loss: 0.00045 || Validation loss: 38.14312
Epoch 55/100
Training loss: 0.00000 || Validation loss: 37.63589
Epoch 56/100
Training loss: 0.00000 || Validation loss: 38.41933
Epoch 57/100
Training loss: 0.00000 || Validation loss: 36.90492
Epoch 58/100
Training loss: 0.00000 || Validation loss: 37.50038
Epoch 59/100
Training loss: 0.00000 || Validation loss: 36.62538
Epoch 60/100
Training loss: 0.00000 || Validation loss: 36.24975
Epoch 61/100
Training loss: 0.00000 || Validation loss: 35.86949
Epoch 62/100
Training loss: 0.00000 || Validation loss: 36.86806
Epoch 63/100
Training loss: 0.05163 || Validation loss: 43.90911
Epoch 64/100
Training loss: 0.00009 || Validation loss: 45.60904
Epoch 65/100
Training loss: 0.00000 || Validation loss: 45.82844
Epoch 66/100
Training loss: 0.00000 || Validation loss: 43.96571
Epoch 67/100
Training loss: 0.00000 || Validation loss: 44.60782
Epoch 68/100
Training loss: 0.00000 || Validation loss: 45.06503
Epoch 69/100
Training loss: 0.00000 || Validation loss: 44.20902
Epoch 70/100
Training loss: 0.00000 || Validation loss: 44.03498
Epoch 71/100
Training loss: 0.00000 || Validation loss: 45.67000
Epoch 72/100
Training loss: 0.00000 || Validation loss: 44.30843
Epoch 73/100
Training loss: 0.00000 || Validation loss: 47.87689
Epoch 74/100
Training loss: 0.00000 || Validation loss: 43.32838
Epoch 75/100
Training loss: 0.00000 || Validation loss: 43.69361
Epoch 76/100
Training loss: 0.00000 || Validation loss: 46.69025
Epoch 77/100
Training loss: 0.00000 || Validation loss: 45.92946
Epoch 78/100
Training loss: 0.00000 || Validation loss: 45.87300
Epoch 79/100
Training loss: 0.00000 || Validation loss: 44.36518
Epoch 80/100
Training loss: 0.00000 || Validation loss: 45.22337
Epoch 81/100
Training loss: 0.00000 || Validation loss: 44.35476
Epoch 82/100
Training loss: 0.00000 || Validation loss: 47.92358
Epoch 83/100
Training loss: 0.00000 || Validation loss: 46.97723
Epoch 84/100
Training loss: 0.00000 || Validation loss: 45.79824
Epoch 85/100
Training loss: 0.00000 || Validation loss: 46.87649
Epoch 86/100
Training loss: 0.00000 || Validation loss: 46.38583
Epoch 87/100
Training loss: 0.00000 || Validation loss: 46.52115
Epoch 88/100
Training loss: 0.00000 || Validation loss: 47.86261
Epoch 89/100
Training loss: 0.00000 || Validation loss: 48.89276
Epoch 90/100
Training loss: 0.00000 || Validation loss: 48.84156
Epoch 91/100
Training loss: 0.00000 || Validation loss: 46.49226
Epoch 92/100
Training loss: 0.00000 || Validation loss: 49.28183
Epoch 93/100
Training loss: 0.01615 || Validation loss: 48.32454
Epoch 94/100
Training loss: 0.00008 || Validation loss: 48.11402
Epoch 95/100
Training loss: 0.00000 || Validation loss: 49.22550
Epoch 96/100
Training loss: 0.00000 || Validation loss: 48.98968
Epoch 97/100
Training loss: 0.00000 || Validation loss: 50.83293
Epoch 98/100
Training loss: 0.00000 || Validation loss: 51.60228
Epoch 99/100
Training loss: 0.00000 || Validation loss: 55.10560
Epoch 100/100
Training loss: 0.00000 || Validation loss: 52.11115
Best model for fold 1 saved from epoch 5 with f1 7.53103
Final training loss: 0.00000 || Final test loss: 52.11115
Fold 2
Model loaded successfully from ./pretrained_model/64_to_256_3layers.ckpt
device : cuda
Model not found at ./model/city_and_forest_co_training_wba_value_16frames/piece_size_1_fix_False_pretrained_True/fold_2/fly_model.ckpt
튜플 파일을 불러오는 중 문제가 발생했습니다 (./model/city_and_forest_co_training_wba_value_16frames/piece_size_1_fix_False_pretrained_True/fold_2): [Errno 2] No such file or directory: './model/city_and_forest_co_training_wba_value_16frames/piece_size_1_fix_False_pretrained_True/fold_2/training_tuples.pkl'
Epoch 1/100
Training loss: 51.09207 || Validation loss: 19.04534
New best model saved at epoch 1 with loss 19.04534
Epoch 2/100
Training loss: 4.47564 || Validation loss: 8.90724
New best model saved at epoch 2 with loss 8.90724
Epoch 3/100
Training loss: 1.94376 || Validation loss: 7.88412
New best model saved at epoch 3 with loss 7.88412
Epoch 4/100
Training loss: 1.24627 || Validation loss: 7.88145
New best model saved at epoch 4 with loss 7.88145
Epoch 5/100
Training loss: 1.03176 || Validation loss: 6.28861
New best model saved at epoch 5 with loss 6.28861
Epoch 6/100
Training loss: 0.83737 || Validation loss: 7.19036
Epoch 7/100
Training loss: 0.52530 || Validation loss: 8.13766
Epoch 8/100
Training loss: 0.43663 || Validation loss: 10.60055
Epoch 9/100
Training loss: 0.26948 || Validation loss: 15.67961
Epoch 10/100
Training loss: 0.13286 || Validation loss: 22.10988
Epoch 11/100
Training loss: 0.05139 || Validation loss: 29.09143
Epoch 12/100
Training loss: 0.01589 || Validation loss: 32.40665
Epoch 13/100
Training loss: 0.00479 || Validation loss: 35.00794
Epoch 14/100
Training loss: 0.00103 || Validation loss: 36.00970
Epoch 15/100
Training loss: 0.00021 || Validation loss: 37.72294
Epoch 16/100
Training loss: 0.00003 || Validation loss: 40.21137
Epoch 17/100
Training loss: 0.00000 || Validation loss: 37.93573
Epoch 18/100
Training loss: 0.00000 || Validation loss: 38.02302
Epoch 19/100
Training loss: 0.00000 || Validation loss: 40.43644
Epoch 20/100
Training loss: 0.00000 || Validation loss: 39.58395
Epoch 21/100
Training loss: 0.00000 || Validation loss: 39.51655
Epoch 22/100
Training loss: 0.00000 || Validation loss: 41.43569
Epoch 23/100
Training loss: 0.00000 || Validation loss: 39.24080
Epoch 24/100
Training loss: 0.00000 || Validation loss: 37.38721
Epoch 25/100
Training loss: 0.00000 || Validation loss: 39.08650
Epoch 26/100
Training loss: 0.00000 || Validation loss: 39.54348
Epoch 27/100
Training loss: 0.00000 || Validation loss: 36.92385
Epoch 28/100
Training loss: 0.00000 || Validation loss: 37.92327
Epoch 29/100
Training loss: 0.00000 || Validation loss: 38.53203
Epoch 30/100
Training loss: 0.00000 || Validation loss: 40.24563
Epoch 31/100
Training loss: 0.00000 || Validation loss: 38.34401
Epoch 32/100
Training loss: 0.00000 || Validation loss: 41.65903
Epoch 33/100
Training loss: 0.00000 || Validation loss: 38.93931
Epoch 34/100
Training loss: 0.00000 || Validation loss: 39.75169
Epoch 35/100
Training loss: 0.00000 || Validation loss: 39.60964
Epoch 36/100
Training loss: 0.00000 || Validation loss: 38.61333
Epoch 37/100
Training loss: 0.00000 || Validation loss: 38.94400
Epoch 38/100
Training loss: 0.00000 || Validation loss: 37.96994
Epoch 39/100
Training loss: 0.00000 || Validation loss: 39.38630
Epoch 40/100
Training loss: 0.00000 || Validation loss: 38.27142
Epoch 41/100
Training loss: 0.00000 || Validation loss: 39.16829
Epoch 42/100
Training loss: 0.00000 || Validation loss: 37.75385
Epoch 43/100
Training loss: 0.00000 || Validation loss: 37.75415
Epoch 44/100
Training loss: 0.00000 || Validation loss: 38.69558
Epoch 45/100
Training loss: 0.00000 || Validation loss: 38.66469
Epoch 46/100
Training loss: 0.00000 || Validation loss: 37.97966
Epoch 47/100
Training loss: 0.00000 || Validation loss: 39.20251
Epoch 48/100
Training loss: 0.00000 || Validation loss: 42.27376
Epoch 49/100
Training loss: 0.00000 || Validation loss: 39.44659
Epoch 50/100
Training loss: 0.00000 || Validation loss: 41.07360
Epoch 51/100
Training loss: 0.00000 || Validation loss: 39.05226
Epoch 52/100
Training loss: 0.00000 || Validation loss: 40.25625
Epoch 53/100
Training loss: 0.00000 || Validation loss: 38.29817
Epoch 54/100
Training loss: 0.00000 || Validation loss: 38.12243
Epoch 55/100
Training loss: 0.00001 || Validation loss: 39.26937
Epoch 56/100
Training loss: 0.00002 || Validation loss: 37.93299
Epoch 57/100
Training loss: 0.00000 || Validation loss: 41.26832
Epoch 58/100
Training loss: 0.00000 || Validation loss: 38.48364
Epoch 59/100
Training loss: 0.00000 || Validation loss: 40.64419
Epoch 60/100
Training loss: 0.00000 || Validation loss: 39.11997
Epoch 61/100
Training loss: 0.00000 || Validation loss: 38.36753
Epoch 62/100
Training loss: 0.00000 || Validation loss: 38.60436
Epoch 63/100
Training loss: 0.00000 || Validation loss: 40.17450
Epoch 64/100
Training loss: 0.00000 || Validation loss: 38.78333
Epoch 65/100
Training loss: 0.43502 || Validation loss: 37.21220
Epoch 66/100
Training loss: 0.00004 || Validation loss: 38.06875
Epoch 67/100
Training loss: 0.00000 || Validation loss: 38.65899
Epoch 68/100
Training loss: 0.00000 || Validation loss: 37.53263
Epoch 69/100
Training loss: 0.00000 || Validation loss: 39.38739
Epoch 70/100
Training loss: 0.00000 || Validation loss: 40.63425
Epoch 71/100
Training loss: 0.00000 || Validation loss: 37.59040
Epoch 72/100
Training loss: 0.00000 || Validation loss: 37.04502
Epoch 73/100
Training loss: 0.00000 || Validation loss: 38.82294
Epoch 74/100
Training loss: 0.00000 || Validation loss: 38.81166
Epoch 75/100
Training loss: 0.00000 || Validation loss: 37.90169
Epoch 76/100
Training loss: 0.00000 || Validation loss: 39.63497
Epoch 77/100
Training loss: 0.00000 || Validation loss: 37.89441
Epoch 78/100
Training loss: 0.00000 || Validation loss: 38.52321
Epoch 79/100
Training loss: 0.00000 || Validation loss: 39.14757
Epoch 80/100
Training loss: 0.00000 || Validation loss: 39.97194
Epoch 81/100
Training loss: 0.00000 || Validation loss: 38.65320
Epoch 82/100
Training loss: 0.00000 || Validation loss: 37.32790
Epoch 83/100
Training loss: 0.00000 || Validation loss: 36.98488
Epoch 84/100
Training loss: 0.00000 || Validation loss: 37.01112
Epoch 85/100
Training loss: 0.00000 || Validation loss: 38.34414
Epoch 86/100
Training loss: 0.00000 || Validation loss: 38.23987
Epoch 87/100
Training loss: 0.00000 || Validation loss: 37.43729
Epoch 88/100
Training loss: 0.00000 || Validation loss: 38.01357
Epoch 89/100
Training loss: 0.00000 || Validation loss: 39.92433
Epoch 90/100
Training loss: 0.00000 || Validation loss: 38.47306
Epoch 91/100
Training loss: 0.00000 || Validation loss: 37.84688
Epoch 92/100
Training loss: 0.00000 || Validation loss: 41.15236
Epoch 93/100
Training loss: 0.00000 || Validation loss: 39.69754
Epoch 94/100
Training loss: 0.00000 || Validation loss: 41.30936
Epoch 95/100
Training loss: 0.00000 || Validation loss: 43.63480
Epoch 96/100
Training loss: 0.00000 || Validation loss: 39.99831
Epoch 97/100
Training loss: 0.00000 || Validation loss: 42.95016
Epoch 98/100
Training loss: 0.00000 || Validation loss: 43.28184
Epoch 99/100
Training loss: 0.00000 || Validation loss: 42.33716
Epoch 100/100
Training loss: 0.00000 || Validation loss: 43.70391
Best model for fold 2 saved from epoch 5 with f1 6.28861
Final training loss: 0.00000 || Final test loss: 43.70391
Fold 3
Model loaded successfully from ./pretrained_model/64_to_256_3layers.ckpt
device : cuda
Model not found at ./model/city_and_forest_co_training_wba_value_16frames/piece_size_1_fix_False_pretrained_True/fold_3/fly_model.ckpt
튜플 파일을 불러오는 중 문제가 발생했습니다 (./model/city_and_forest_co_training_wba_value_16frames/piece_size_1_fix_False_pretrained_True/fold_3): [Errno 2] No such file or directory: './model/city_and_forest_co_training_wba_value_16frames/piece_size_1_fix_False_pretrained_True/fold_3/training_tuples.pkl'
Epoch 1/100
Training loss: 40.47713 || Validation loss: 13.61150
New best model saved at epoch 1 with loss 13.61150
Epoch 2/100
Training loss: 4.46790 || Validation loss: 7.41571
New best model saved at epoch 2 with loss 7.41571
Epoch 3/100
Training loss: 1.73146 || Validation loss: 6.36053
New best model saved at epoch 3 with loss 6.36053
Epoch 4/100
Training loss: 1.13492 || Validation loss: 5.83999
New best model saved at epoch 4 with loss 5.83999
Epoch 5/100
Training loss: 0.93161 || Validation loss: 5.56245
New best model saved at epoch 5 with loss 5.56245
Epoch 6/100
Training loss: 0.73818 || Validation loss: 7.75372
Epoch 7/100
Training loss: 0.59831 || Validation loss: 8.24992
Epoch 8/100
Training loss: 0.40659 || Validation loss: 11.98519
Epoch 9/100
Training loss: 0.23873 || Validation loss: 15.88842
Epoch 10/100
Training loss: 0.13658 || Validation loss: 19.36443
Epoch 11/100
Training loss: 0.06790 || Validation loss: 21.60465
Epoch 12/100
Training loss: 0.02902 || Validation loss: 23.79812
Epoch 13/100
Training loss: 0.02316 || Validation loss: 27.79733
Epoch 14/100
Training loss: 0.06487 || Validation loss: 26.93797
Epoch 15/100
Training loss: 0.01468 || Validation loss: 22.00952
Epoch 16/100
Training loss: 0.00013 || Validation loss: 24.06661
Epoch 17/100
Training loss: 0.00016 || Validation loss: 22.89631
Epoch 18/100
Training loss: 0.00000 || Validation loss: 21.72625
Epoch 19/100
Training loss: 0.00000 || Validation loss: 22.47983
Epoch 20/100
Training loss: 0.00000 || Validation loss: 23.42104
Epoch 21/100
Training loss: 0.00000 || Validation loss: 22.49327
Epoch 22/100
Training loss: 0.00000 || Validation loss: 23.12316
Epoch 23/100
Training loss: 0.00000 || Validation loss: 23.77885
Epoch 24/100
Training loss: 0.00000 || Validation loss: 23.35828
Epoch 25/100
Training loss: 0.00000 || Validation loss: 22.65515
Epoch 26/100
Training loss: 0.00000 || Validation loss: 22.65379
Epoch 27/100
Training loss: 0.00000 || Validation loss: 23.04687
Epoch 28/100
Training loss: 0.00000 || Validation loss: 23.43592
Epoch 29/100
Training loss: 0.00000 || Validation loss: 23.90489
Epoch 30/100
Training loss: 0.00000 || Validation loss: 22.79931
Epoch 31/100
Training loss: 0.00000 || Validation loss: 23.53345
Epoch 32/100
Training loss: 0.00000 || Validation loss: 23.10934
Epoch 33/100
Training loss: 0.00000 || Validation loss: 24.20641
Epoch 34/100
Training loss: 0.00000 || Validation loss: 23.91637
Epoch 35/100
Training loss: 0.00000 || Validation loss: 24.12216
Epoch 36/100
Training loss: 0.00000 || Validation loss: 23.56049
Epoch 37/100
Training loss: 0.00000 || Validation loss: 22.81462
Epoch 38/100
Training loss: 0.00000 || Validation loss: 23.15229
Epoch 39/100
Training loss: 0.00000 || Validation loss: 23.32168
Epoch 40/100
Training loss: 0.00000 || Validation loss: 24.02452
Epoch 41/100
Training loss: 0.00000 || Validation loss: 22.67423
Epoch 42/100
Training loss: 0.00000 || Validation loss: 24.02257
Epoch 43/100
Training loss: 0.00000 || Validation loss: 24.34167
Epoch 44/100
Training loss: 0.00000 || Validation loss: 24.32960
Epoch 45/100
Training loss: 0.00000 || Validation loss: 24.04471
Epoch 46/100
Training loss: 0.00000 || Validation loss: 25.15674
Epoch 47/100
Training loss: 0.00000 || Validation loss: 23.39181
Epoch 48/100
Training loss: 0.00000 || Validation loss: 23.56935
Epoch 49/100
Training loss: 0.00000 || Validation loss: 25.38102
Epoch 50/100
Training loss: 0.00000 || Validation loss: 23.77533
Epoch 51/100
Training loss: 0.00000 || Validation loss: 24.81045
Epoch 52/100
Training loss: 0.00000 || Validation loss: 25.51670
Epoch 53/100
Training loss: 0.00000 || Validation loss: 24.85593
Epoch 54/100
Training loss: 0.00000 || Validation loss: 24.08814
Epoch 55/100
Training loss: 0.00000 || Validation loss: 23.67732
Epoch 56/100
Training loss: 0.00000 || Validation loss: 24.31428
Epoch 57/100
Training loss: 0.00002 || Validation loss: 25.00796
Epoch 58/100
Training loss: 0.00002 || Validation loss: 25.32010
Epoch 59/100
Training loss: 0.00048 || Validation loss: 25.69904
Epoch 60/100
Training loss: 0.00001 || Validation loss: 25.39943
Epoch 61/100
Training loss: 0.00000 || Validation loss: 25.80900
Epoch 62/100
Training loss: 0.00000 || Validation loss: 25.84780
Epoch 63/100
Training loss: 0.00000 || Validation loss: 25.38566
Epoch 64/100
Training loss: 0.00000 || Validation loss: 26.01026
Epoch 65/100
Training loss: 0.00000 || Validation loss: 26.88320
Epoch 66/100
Training loss: 0.19964 || Validation loss: 34.91124
Epoch 67/100
Training loss: 0.00007 || Validation loss: 31.89230
Epoch 68/100
Training loss: 0.00000 || Validation loss: 32.32861
Epoch 69/100
Training loss: 0.00000 || Validation loss: 31.32464
Epoch 70/100
Training loss: 0.00000 || Validation loss: 36.12669
Epoch 71/100
Training loss: 0.00000 || Validation loss: 34.12817
Epoch 72/100
Training loss: 0.00000 || Validation loss: 33.23786
Epoch 73/100
Training loss: 0.00000 || Validation loss: 32.79520
Epoch 74/100
Training loss: 0.00000 || Validation loss: 32.89106
Epoch 75/100
Training loss: 0.00000 || Validation loss: 31.83523
Epoch 76/100
Training loss: 0.00000 || Validation loss: 32.49033
Epoch 77/100
Training loss: 0.00000 || Validation loss: 32.44532
Epoch 78/100
Training loss: 0.00000 || Validation loss: 33.39177
Epoch 79/100
Training loss: 0.00000 || Validation loss: 33.86263
Epoch 80/100
Training loss: 0.00000 || Validation loss: 32.60619
Epoch 81/100
Training loss: 0.00000 || Validation loss: 32.20782
Epoch 82/100
Training loss: 0.00000 || Validation loss: 32.01572
Epoch 83/100
Training loss: 0.00000 || Validation loss: 32.29668
Epoch 84/100
Training loss: 0.00000 || Validation loss: 32.42681
Epoch 85/100
Training loss: 0.00000 || Validation loss: 32.38227
Epoch 86/100
Training loss: 0.00000 || Validation loss: 32.31831
Epoch 87/100
Training loss: 0.00000 || Validation loss: 32.38064
Epoch 88/100
Training loss: 0.00000 || Validation loss: 33.37540
Epoch 89/100
Training loss: 0.00000 || Validation loss: 34.15355
Epoch 90/100
Training loss: 0.00000 || Validation loss: 33.57021
Epoch 91/100
Training loss: 0.00000 || Validation loss: 32.95769
Epoch 92/100
Training loss: 0.00000 || Validation loss: 33.87032
Epoch 93/100
Training loss: 0.00000 || Validation loss: 34.40296
Epoch 94/100
Training loss: 0.00000 || Validation loss: 35.26040
Epoch 95/100
Training loss: 0.00000 || Validation loss: 34.19120
Epoch 96/100
Training loss: 0.00000 || Validation loss: 37.52747
Epoch 97/100
Training loss: 0.00000 || Validation loss: 35.80402
Epoch 98/100
Training loss: 0.00000 || Validation loss: 38.41970
Epoch 99/100
Training loss: 0.00000 || Validation loss: 37.46063
Epoch 100/100
Training loss: 0.00714 || Validation loss: 36.98443
Best model for fold 3 saved from epoch 5 with f1 5.56245
Final training loss: 0.00714 || Final test loss: 36.98443
All fold val losses: [7.531032085418701, 6.2886101348059515, 5.562445027487619]
Average val loss: 6.46070
Fold 1
Model loaded successfully from ./pretrained_model/64_to_256_3layers.ckpt
device : cuda
Model not found at ./model/city_and_forest_co_training_wba_value_16frames/piece_size_5_fix_False_pretrained_True/fold_1/fly_model.ckpt
튜플 파일을 불러오는 중 문제가 발생했습니다 (./model/city_and_forest_co_training_wba_value_16frames/piece_size_5_fix_False_pretrained_True/fold_1): [Errno 2] No such file or directory: './model/city_and_forest_co_training_wba_value_16frames/piece_size_5_fix_False_pretrained_True/fold_1/training_tuples.pkl'
Epoch 1/100
Training loss: 59.55785 || Validation loss: 32.87387
New best model saved at epoch 1 with loss 32.87387
Epoch 2/100
Training loss: 4.63759 || Validation loss: 23.66323
New best model saved at epoch 2 with loss 23.66323
Epoch 3/100
Training loss: 2.34790 || Validation loss: 21.57049
New best model saved at epoch 3 with loss 21.57049
Epoch 4/100
Training loss: 1.43470 || Validation loss: 13.25724
New best model saved at epoch 4 with loss 13.25724
Epoch 5/100
Training loss: 0.99877 || Validation loss: 10.52941
New best model saved at epoch 5 with loss 10.52941
Epoch 6/100
Training loss: 0.85195 || Validation loss: 10.55000
Epoch 7/100
Training loss: 0.57457 || Validation loss: 11.58937
Epoch 8/100
Training loss: 0.42477 || Validation loss: 15.02607
Epoch 9/100
Training loss: 0.29619 || Validation loss: 17.55760
Epoch 10/100
Training loss: 0.19963 || Validation loss: 24.48819
Epoch 11/100
Training loss: 0.11230 || Validation loss: 33.86040
Epoch 12/100
Training loss: 0.05548 || Validation loss: 42.47295
Epoch 13/100
Training loss: 0.02693 || Validation loss: 48.42415
Epoch 14/100
Training loss: 0.00899 || Validation loss: 52.70671
Epoch 15/100
Training loss: 0.00215 || Validation loss: 55.52935
Epoch 16/100
Training loss: 0.00012 || Validation loss: 56.74965
Epoch 17/100
Training loss: 0.00002 || Validation loss: 54.52380
Epoch 18/100
Training loss: 0.00000 || Validation loss: 56.03601
Epoch 19/100
Training loss: 0.00000 || Validation loss: 56.57132
Epoch 20/100
Training loss: 0.00000 || Validation loss: 57.03939
Epoch 21/100
Training loss: 0.00000 || Validation loss: 56.41680
Epoch 22/100
Training loss: 0.00000 || Validation loss: 55.95489
Epoch 23/100
Training loss: 0.00000 || Validation loss: 56.63369
Epoch 24/100
Training loss: 0.00000 || Validation loss: 58.31315
Epoch 25/100
Training loss: 0.00000 || Validation loss: 57.25723
Epoch 26/100
Training loss: 0.00000 || Validation loss: 56.93768
Epoch 27/100
Training loss: 0.00000 || Validation loss: 55.49861
Epoch 28/100
Training loss: 0.00000 || Validation loss: 58.05568
Epoch 29/100
Training loss: 0.00000 || Validation loss: 56.98771
Epoch 30/100
Training loss: 0.00000 || Validation loss: 56.52705
Epoch 31/100
Training loss: 0.00000 || Validation loss: 57.00818
Epoch 32/100
Training loss: 0.00000 || Validation loss: 55.96886
Epoch 33/100
Training loss: 0.00000 || Validation loss: 56.71592
Epoch 34/100
Training loss: 0.00000 || Validation loss: 56.89088
Epoch 35/100
Training loss: 0.00000 || Validation loss: 57.33738
Epoch 36/100
Training loss: 0.00000 || Validation loss: 56.55419
Epoch 37/100
Training loss: 0.00000 || Validation loss: 56.86806
Epoch 38/100
Training loss: 0.00000 || Validation loss: 56.46787
Epoch 39/100
Training loss: 0.00000 || Validation loss: 56.59798
Epoch 40/100
Training loss: 0.00000 || Validation loss: 57.40144
Epoch 41/100
Training loss: 0.00000 || Validation loss: 56.82510
Epoch 42/100
Training loss: 0.00000 || Validation loss: 56.69133
Epoch 43/100
Training loss: 0.00000 || Validation loss: 56.85925
Epoch 44/100
Training loss: 0.00000 || Validation loss: 56.78187
Epoch 45/100
Training loss: 0.00000 || Validation loss: 56.08638
Epoch 46/100
Training loss: 0.00000 || Validation loss: 55.89635
Epoch 47/100
Training loss: 0.00000 || Validation loss: 55.86029
Epoch 48/100
Training loss: 0.00000 || Validation loss: 56.18866
Epoch 49/100
Training loss: 0.00000 || Validation loss: 55.52223
Epoch 50/100
Training loss: 0.00000 || Validation loss: 56.28661
Epoch 51/100
Training loss: 0.00000 || Validation loss: 55.57384
Epoch 52/100
Training loss: 0.00000 || Validation loss: 54.61294
Epoch 53/100
Training loss: 0.00000 || Validation loss: 54.50738
Epoch 54/100
Training loss: 0.00000 || Validation loss: 54.69928
Epoch 55/100
Training loss: 0.00000 || Validation loss: 54.28878
Epoch 56/100
Training loss: 0.00000 || Validation loss: 54.44087
Epoch 57/100
Training loss: 0.00000 || Validation loss: 54.22385
Epoch 58/100
Training loss: 0.00000 || Validation loss: 53.49258
Epoch 59/100
Training loss: 0.00000 || Validation loss: 53.51870
Epoch 60/100
Training loss: 0.00000 || Validation loss: 53.63151
Epoch 61/100
Training loss: 0.00000 || Validation loss: 53.15817
Epoch 62/100
Training loss: 0.07310 || Validation loss: 52.90215
Epoch 63/100
Training loss: 0.00000 || Validation loss: 52.88766
Epoch 64/100
Training loss: 0.00000 || Validation loss: 52.90564
Epoch 65/100
Training loss: 0.00000 || Validation loss: 52.89764
Epoch 66/100
Training loss: 0.00000 || Validation loss: 52.91821
Epoch 67/100
Training loss: 0.00000 || Validation loss: 52.94611
Epoch 68/100
Training loss: 0.00000 || Validation loss: 52.94398
Epoch 69/100
Training loss: 0.00000 || Validation loss: 52.95530
Epoch 70/100
Training loss: 0.00000 || Validation loss: 52.96318
Epoch 71/100
Training loss: 0.00000 || Validation loss: 53.00829
Epoch 72/100
Training loss: 0.00000 || Validation loss: 53.02196
Epoch 73/100
Training loss: 0.00000 || Validation loss: 53.04958
Epoch 74/100
Training loss: 0.00000 || Validation loss: 53.08122
Epoch 75/100
Training loss: 0.00000 || Validation loss: 53.12532
Epoch 76/100
Training loss: 0.00000 || Validation loss: 53.17729
Epoch 77/100
Training loss: 0.00000 || Validation loss: 53.28108
Epoch 78/100
Training loss: 0.00000 || Validation loss: 53.32209
Epoch 79/100
Training loss: 0.00000 || Validation loss: 53.39491
Epoch 80/100
Training loss: 0.00000 || Validation loss: 53.44148
Epoch 81/100
Training loss: 0.00000 || Validation loss: 53.52726
Epoch 82/100
Training loss: 0.00000 || Validation loss: 53.60265
Epoch 83/100
Training loss: 0.00000 || Validation loss: 53.72072
Epoch 84/100
Training loss: 0.00000 || Validation loss: 53.85224
Epoch 85/100
Training loss: 0.00000 || Validation loss: 54.00951
Epoch 86/100
Training loss: 0.00000 || Validation loss: 54.13240
Epoch 87/100
Training loss: 0.00000 || Validation loss: 54.27652
Epoch 88/100
Training loss: 0.00000 || Validation loss: 54.46559
Epoch 89/100
Training loss: 0.00000 || Validation loss: 54.69251
Epoch 90/100
Training loss: 0.00000 || Validation loss: 54.90150
Epoch 91/100
Training loss: 0.00000 || Validation loss: 55.15487
Epoch 92/100
Training loss: 0.00000 || Validation loss: 55.43854
Epoch 93/100
Training loss: 0.00000 || Validation loss: 55.72868
Epoch 94/100
Training loss: 0.00000 || Validation loss: 56.08016
Epoch 95/100
Training loss: 0.00000 || Validation loss: 56.44900
Epoch 96/100
Training loss: 0.00000 || Validation loss: 56.85680
Epoch 97/100
Training loss: 0.00001 || Validation loss: 57.35511
Epoch 98/100
Training loss: 0.00002 || Validation loss: 57.89333
Epoch 99/100
Training loss: 0.00001 || Validation loss: 58.38704
Epoch 100/100
Training loss: 0.00002 || Validation loss: 59.06606
Best model for fold 1 saved from epoch 5 with f1 10.52941
Final training loss: 0.00002 || Final test loss: 59.06606
Fold 2
Model loaded successfully from ./pretrained_model/64_to_256_3layers.ckpt
device : cuda
Model not found at ./model/city_and_forest_co_training_wba_value_16frames/piece_size_5_fix_False_pretrained_True/fold_2/fly_model.ckpt
튜플 파일을 불러오는 중 문제가 발생했습니다 (./model/city_and_forest_co_training_wba_value_16frames/piece_size_5_fix_False_pretrained_True/fold_2): [Errno 2] No such file or directory: './model/city_and_forest_co_training_wba_value_16frames/piece_size_5_fix_False_pretrained_True/fold_2/training_tuples.pkl'
Epoch 1/100
Training loss: 52.76424 || Validation loss: 17.45176
New best model saved at epoch 1 with loss 17.45176
Epoch 2/100
Training loss: 4.46035 || Validation loss: 8.97617
New best model saved at epoch 2 with loss 8.97617
Epoch 3/100
Training loss: 1.99363 || Validation loss: 8.07753
New best model saved at epoch 3 with loss 8.07753
Epoch 4/100
Training loss: 1.26272 || Validation loss: 6.72865
New best model saved at epoch 4 with loss 6.72865
Epoch 5/100
Training loss: 1.01587 || Validation loss: 5.83159
New best model saved at epoch 5 with loss 5.83159
Epoch 6/100
Training loss: 0.82831 || Validation loss: 5.21013
New best model saved at epoch 6 with loss 5.21013
Epoch 7/100
Training loss: 0.72927 || Validation loss: 6.03966
Epoch 8/100
Training loss: 0.53852 || Validation loss: 6.80989
Epoch 9/100
Training loss: 0.45373 || Validation loss: 10.62964
Epoch 10/100
Training loss: 0.21693 || Validation loss: 16.13290
Epoch 11/100
Training loss: 0.10272 || Validation loss: 22.75916
Epoch 12/100
Training loss: 0.04295 || Validation loss: 25.62252
Epoch 13/100
Training loss: 0.01266 || Validation loss: 29.52081
Epoch 14/100
Training loss: 0.00146 || Validation loss: 31.57295
Epoch 15/100
Training loss: 0.00052 || Validation loss: 33.37197
Epoch 16/100
Training loss: 0.00001 || Validation loss: 33.18502
Epoch 17/100
Training loss: 0.00000 || Validation loss: 32.06134
Epoch 18/100
Training loss: 0.00000 || Validation loss: 32.95329
Epoch 19/100
Training loss: 0.00000 || Validation loss: 32.89343
Epoch 20/100
Training loss: 0.00000 || Validation loss: 32.07495
Epoch 21/100
Training loss: 0.00000 || Validation loss: 32.67585
Epoch 22/100
Training loss: 0.00000 || Validation loss: 32.99517
Epoch 23/100
Training loss: 0.00000 || Validation loss: 32.02303
Epoch 24/100
Training loss: 0.00000 || Validation loss: 33.16021
Epoch 25/100
Training loss: 0.00000 || Validation loss: 32.92296
Epoch 26/100
Training loss: 0.00000 || Validation loss: 32.97071
Epoch 27/100
Training loss: 0.00000 || Validation loss: 33.36154
Epoch 28/100
Training loss: 0.00000 || Validation loss: 32.54155
Epoch 29/100
Training loss: 0.00000 || Validation loss: 32.49422
Epoch 30/100
Training loss: 0.00000 || Validation loss: 32.63943
Epoch 31/100
Training loss: 0.00000 || Validation loss: 32.61564
Epoch 32/100
Training loss: 0.00000 || Validation loss: 33.05197
Epoch 33/100
Training loss: 0.00000 || Validation loss: 32.66234
Epoch 34/100
Training loss: 0.00000 || Validation loss: 32.57787
Epoch 35/100
Training loss: 0.00000 || Validation loss: 32.74050
Epoch 36/100
Training loss: 0.00000 || Validation loss: 33.34981
Epoch 37/100
Training loss: 0.00000 || Validation loss: 32.72111
Epoch 38/100
Training loss: 0.00000 || Validation loss: 33.21065
Epoch 39/100
Training loss: 0.00000 || Validation loss: 33.14479
Epoch 40/100
Training loss: 0.00000 || Validation loss: 33.29674
Epoch 41/100
Training loss: 0.00000 || Validation loss: 33.67940
Epoch 42/100
Training loss: 0.00000 || Validation loss: 33.28211
Epoch 43/100
Training loss: 0.00000 || Validation loss: 33.52342
Epoch 44/100
Training loss: 0.00000 || Validation loss: 33.32801
Epoch 45/100
Training loss: 0.00000 || Validation loss: 33.70315
Epoch 46/100
Training loss: 0.00000 || Validation loss: 34.26682
Epoch 47/100
Training loss: 0.00000 || Validation loss: 33.21794
Epoch 48/100
Training loss: 0.00000 || Validation loss: 34.25681
Epoch 49/100
Training loss: 0.00000 || Validation loss: 33.98313
Epoch 50/100
Training loss: 0.00000 || Validation loss: 34.43286
Epoch 51/100
Training loss: 0.00000 || Validation loss: 33.96631
Epoch 52/100
Training loss: 0.00000 || Validation loss: 34.80071
Epoch 53/100
Training loss: 0.00000 || Validation loss: 34.59902
Epoch 54/100
Training loss: 0.00000 || Validation loss: 34.33504
Epoch 55/100
Training loss: 0.00000 || Validation loss: 34.53274
Epoch 56/100
Training loss: 0.00000 || Validation loss: 35.31311
Epoch 57/100
Training loss: 0.00000 || Validation loss: 34.85419
Epoch 58/100
Training loss: 0.00000 || Validation loss: 35.05720
Epoch 59/100
Training loss: 0.00000 || Validation loss: 34.53531
Epoch 60/100
Training loss: 0.00000 || Validation loss: 35.33614
Epoch 61/100
Training loss: 0.00001 || Validation loss: 35.29624
Epoch 62/100
Training loss: 0.00000 || Validation loss: 34.62711
Epoch 63/100
Training loss: 0.00922 || Validation loss: 41.35897
Epoch 64/100
Training loss: 0.00000 || Validation loss: 41.35046
Epoch 65/100
Training loss: 0.00000 || Validation loss: 41.36590
Epoch 66/100
Training loss: 0.00000 || Validation loss: 41.39704
Epoch 67/100
Training loss: 0.00000 || Validation loss: 41.41538
Epoch 68/100
Training loss: 0.00000 || Validation loss: 41.43528
Epoch 69/100
Training loss: 0.00000 || Validation loss: 41.48567
Epoch 70/100
Training loss: 0.00000 || Validation loss: 41.51342
Epoch 71/100
Training loss: 0.00000 || Validation loss: 41.58045
Epoch 72/100
Training loss: 0.00000 || Validation loss: 41.59351
Epoch 73/100
Training loss: 0.00000 || Validation loss: 41.64768
Epoch 74/100
Training loss: 0.00000 || Validation loss: 41.68174
Epoch 75/100
Training loss: 0.00000 || Validation loss: 41.69507
Epoch 76/100
Training loss: 0.00000 || Validation loss: 41.71960
Epoch 77/100
Training loss: 0.00000 || Validation loss: 41.74724
Epoch 78/100
Training loss: 0.00000 || Validation loss: 41.77421
Epoch 79/100
Training loss: 0.00000 || Validation loss: 41.82021
Epoch 80/100
Training loss: 0.00000 || Validation loss: 41.74400
Epoch 81/100
Training loss: 0.00000 || Validation loss: 41.75018
Epoch 82/100
Training loss: 0.00000 || Validation loss: 41.88447
Epoch 83/100
Training loss: 0.00858 || Validation loss: 42.50713
Epoch 84/100
Training loss: 0.00006 || Validation loss: 41.99788
Epoch 85/100
Training loss: 0.00000 || Validation loss: 42.09617
Epoch 86/100
Training loss: 0.00000 || Validation loss: 42.20059
Epoch 87/100
Training loss: 0.00000 || Validation loss: 42.32038
Epoch 88/100
Training loss: 0.00000 || Validation loss: 42.45579
Epoch 89/100
Training loss: 0.00000 || Validation loss: 42.60710
Epoch 90/100
Training loss: 0.00000 || Validation loss: 42.77401
Epoch 91/100
Training loss: 0.00000 || Validation loss: 42.96108
Epoch 92/100
Training loss: 0.00000 || Validation loss: 43.16845
Epoch 93/100
Training loss: 0.00000 || Validation loss: 43.39742
Epoch 94/100
Training loss: 0.00000 || Validation loss: 43.65065
Epoch 95/100
Training loss: 0.00000 || Validation loss: 43.93424
Epoch 96/100
Training loss: 0.00000 || Validation loss: 44.24641
Epoch 97/100
Training loss: 0.00000 || Validation loss: 44.58917
Epoch 98/100
Training loss: 0.00000 || Validation loss: 44.97035
Epoch 99/100
Training loss: 0.00000 || Validation loss: 45.37124
Epoch 100/100
Training loss: 0.00000 || Validation loss: 45.80738
Best model for fold 2 saved from epoch 6 with f1 5.21013
Final training loss: 0.00000 || Final test loss: 45.80738
Fold 3
Model loaded successfully from ./pretrained_model/64_to_256_3layers.ckpt
device : cuda
Model not found at ./model/city_and_forest_co_training_wba_value_16frames/piece_size_5_fix_False_pretrained_True/fold_3/fly_model.ckpt
튜플 파일을 불러오는 중 문제가 발생했습니다 (./model/city_and_forest_co_training_wba_value_16frames/piece_size_5_fix_False_pretrained_True/fold_3): [Errno 2] No such file or directory: './model/city_and_forest_co_training_wba_value_16frames/piece_size_5_fix_False_pretrained_True/fold_3/training_tuples.pkl'
Epoch 1/100
Training loss: 44.97618 || Validation loss: 29.17649
New best model saved at epoch 1 with loss 29.17649
Epoch 2/100
Training loss: 4.50752 || Validation loss: 15.15658
New best model saved at epoch 2 with loss 15.15658
Epoch 3/100
Training loss: 1.73910 || Validation loss: 13.96029
New best model saved at epoch 3 with loss 13.96029
Epoch 4/100
Training loss: 0.83333 || Validation loss: 12.96192
New best model saved at epoch 4 with loss 12.96192
Epoch 5/100
Training loss: 0.43887 || Validation loss: 11.13197
New best model saved at epoch 5 with loss 11.13197
Epoch 6/100
Training loss: 0.20965 || Validation loss: 10.26931
New best model saved at epoch 6 with loss 10.26931
Epoch 7/100
Training loss: 0.10670 || Validation loss: 9.50059
New best model saved at epoch 7 with loss 9.50059
Epoch 8/100
Training loss: 0.04581 || Validation loss: 9.83116
Epoch 9/100
Training loss: 0.02405 || Validation loss: 9.49700
New best model saved at epoch 9 with loss 9.49700
Epoch 10/100
Training loss: 0.01244 || Validation loss: 9.40182
New best model saved at epoch 10 with loss 9.40182
Epoch 11/100
Training loss: 0.00924 || Validation loss: 9.12924
New best model saved at epoch 11 with loss 9.12924
Epoch 12/100
Training loss: 0.00353 || Validation loss: 9.01441
New best model saved at epoch 12 with loss 9.01441
Epoch 13/100
Training loss: 0.00110 || Validation loss: 9.67053
Epoch 14/100
Training loss: 0.00070 || Validation loss: 9.19550
Epoch 15/100
Training loss: 0.00013 || Validation loss: 9.00234
New best model saved at epoch 15 with loss 9.00234
Epoch 16/100
Training loss: 0.00000 || Validation loss: 9.28608
Epoch 17/100
Training loss: 0.00000 || Validation loss: 8.96432
New best model saved at epoch 17 with loss 8.96432
Epoch 18/100
Training loss: 0.00000 || Validation loss: 9.64516
Epoch 19/100
Training loss: 0.00000 || Validation loss: 9.24932
Epoch 20/100
Training loss: 0.00000 || Validation loss: 9.13267
Epoch 21/100
Training loss: 0.00000 || Validation loss: 9.39957
Epoch 22/100
Training loss: 0.00000 || Validation loss: 9.29857
Epoch 23/100
Training loss: 0.00000 || Validation loss: 9.11903
Epoch 24/100
Training loss: 0.00000 || Validation loss: 8.64385
New best model saved at epoch 24 with loss 8.64385
Epoch 25/100
Training loss: 0.00000 || Validation loss: 9.42992
Epoch 26/100
Training loss: 0.00000 || Validation loss: 9.04680
Epoch 27/100
Training loss: 0.00000 || Validation loss: 9.38314
Epoch 28/100
Training loss: 0.00000 || Validation loss: 9.75211
Epoch 29/100
Training loss: 0.00000 || Validation loss: 9.46592
Epoch 30/100
Training loss: 0.00000 || Validation loss: 8.88902
Epoch 31/100
Training loss: 0.00000 || Validation loss: 9.01977
Epoch 32/100
Training loss: 0.00000 || Validation loss: 9.28231
Epoch 33/100
Training loss: 0.00000 || Validation loss: 9.45733
Epoch 34/100
Training loss: 0.00000 || Validation loss: 8.97048
Epoch 35/100
Training loss: 0.00000 || Validation loss: 8.96800
Epoch 36/100
Training loss: 0.00000 || Validation loss: 9.04303
Epoch 37/100
Training loss: 0.00000 || Validation loss: 8.96750
Epoch 38/100
Training loss: 0.00000 || Validation loss: 9.01888
Epoch 39/100
Training loss: 0.00000 || Validation loss: 9.21560
Epoch 40/100
Training loss: 0.00000 || Validation loss: 9.19419
Epoch 41/100
Training loss: 0.00000 || Validation loss: 9.06283
Epoch 42/100
Training loss: 0.00000 || Validation loss: 9.15655
Epoch 43/100
Training loss: 0.00000 || Validation loss: 9.83626
Epoch 44/100
Training loss: 0.00000 || Validation loss: 8.92719
Epoch 45/100
Training loss: 0.00000 || Validation loss: 9.19069
Epoch 46/100
Training loss: 0.00000 || Validation loss: 8.95096
Epoch 47/100
Training loss: 0.00000 || Validation loss: 9.31777
Epoch 48/100
Training loss: 0.00000 || Validation loss: 9.01958
Epoch 49/100
Training loss: 0.00000 || Validation loss: 8.94191
Epoch 50/100
Training loss: 0.00000 || Validation loss: 9.41628
Epoch 51/100
Training loss: 0.00000 || Validation loss: 9.30577
Epoch 52/100
Training loss: 0.00004 || Validation loss: 8.99466
Epoch 53/100
Training loss: 0.00000 || Validation loss: 8.94607
Epoch 54/100
Training loss: 0.00003 || Validation loss: 9.06175
Epoch 55/100
Training loss: 0.00011 || Validation loss: 9.14459
Epoch 56/100
Training loss: 0.00000 || Validation loss: 8.64006
New best model saved at epoch 56 with loss 8.64006
Epoch 57/100
Training loss: 0.00000 || Validation loss: 9.61231
Epoch 58/100
Training loss: 0.00002 || Validation loss: 9.15463
Epoch 59/100
Training loss: 0.00009 || Validation loss: 9.24162
Epoch 60/100
Training loss: 0.00000 || Validation loss: 9.53159
Epoch 61/100
Training loss: 3.68056 || Validation loss: 10.75842
Epoch 62/100
Training loss: 0.00534 || Validation loss: 11.14046
Epoch 63/100
Training loss: 0.00075 || Validation loss: 11.23779
Epoch 64/100
Training loss: 0.00022 || Validation loss: 11.31959
Epoch 65/100
Training loss: 0.00007 || Validation loss: 11.35898
Epoch 66/100
Training loss: 0.00003 || Validation loss: 11.43489
Epoch 67/100
Training loss: 0.00001 || Validation loss: 11.47881
Epoch 68/100
Training loss: 0.00001 || Validation loss: 11.56251
Epoch 69/100
Training loss: 0.00000 || Validation loss: 11.62376
Epoch 70/100
Training loss: 0.00000 || Validation loss: 11.67556
Epoch 71/100
Training loss: 0.00000 || Validation loss: 11.76549
Epoch 72/100
Training loss: 0.00000 || Validation loss: 11.82625
Epoch 73/100
Training loss: 0.00000 || Validation loss: 11.95470
Epoch 74/100
Training loss: 0.00000 || Validation loss: 12.06515
Epoch 75/100
Training loss: 0.00000 || Validation loss: 12.16197
Epoch 76/100
Training loss: 0.00000 || Validation loss: 12.32754
Epoch 77/100
Training loss: 0.00000 || Validation loss: 12.45633
Epoch 78/100
Training loss: 0.00000 || Validation loss: 12.65801
Epoch 79/100
Training loss: 0.00000 || Validation loss: 12.86969
Epoch 80/100
Training loss: 0.00000 || Validation loss: 13.10216
Epoch 81/100
Training loss: 0.00000 || Validation loss: 13.34595
Epoch 82/100
Training loss: 0.00000 || Validation loss: 13.66721
Epoch 83/100
Training loss: 0.00000 || Validation loss: 13.97742
Epoch 84/100
Training loss: 0.00000 || Validation loss: 14.36580
Epoch 85/100
Training loss: 0.00000 || Validation loss: 14.77569
Epoch 86/100
Training loss: 0.00000 || Validation loss: 15.25274
Epoch 87/100
Training loss: 0.00000 || Validation loss: 15.81120
Epoch 88/100
Training loss: 0.00000 || Validation loss: 16.33314
Epoch 89/100
Training loss: 0.00000 || Validation loss: 17.01335
Epoch 90/100
Training loss: 0.00000 || Validation loss: 17.71029
Epoch 91/100
Training loss: 0.00000 || Validation loss: 18.54225
Epoch 92/100
Training loss: 0.00000 || Validation loss: 19.43079
Epoch 93/100
Training loss: 0.00000 || Validation loss: 20.44364
Epoch 94/100
Training loss: 0.00000 || Validation loss: 21.54774
Epoch 95/100
Training loss: 0.00000 || Validation loss: 22.74034
Epoch 96/100
Training loss: 0.00000 || Validation loss: 24.00470
Epoch 97/100
Training loss: 0.00000 || Validation loss: 25.39428
Epoch 98/100
Training loss: 0.00000 || Validation loss: 26.92061
Epoch 99/100
Training loss: 0.00000 || Validation loss: 28.54365
Epoch 100/100
Training loss: 0.00000 || Validation loss: 30.25898
Best model for fold 3 saved from epoch 56 with f1 8.64006
Final training loss: 0.00000 || Final test loss: 30.25898
All fold val losses: [10.5294069143442, 5.210125785607558, 8.64005600489103]
Average val loss: 8.12653
Fold 1
Model loaded successfully from ./pretrained_model/64_to_256_3layers.ckpt
device : cuda
Model not found at ./model/city_and_forest_co_training_wba_value_16frames/piece_size_10_fix_False_pretrained_True/fold_1/fly_model.ckpt
튜플 파일을 불러오는 중 문제가 발생했습니다 (./model/city_and_forest_co_training_wba_value_16frames/piece_size_10_fix_False_pretrained_True/fold_1): [Errno 2] No such file or directory: './model/city_and_forest_co_training_wba_value_16frames/piece_size_10_fix_False_pretrained_True/fold_1/training_tuples.pkl'
Epoch 1/100
Training loss: 29.78257 || Validation loss: 17.47145
New best model saved at epoch 1 with loss 17.47145
Epoch 2/100
Training loss: 3.03439 || Validation loss: 13.44893
New best model saved at epoch 2 with loss 13.44893
Epoch 3/100
Training loss: 1.16272 || Validation loss: 11.49775
New best model saved at epoch 3 with loss 11.49775
Epoch 4/100
Training loss: 0.68534 || Validation loss: 9.52402
New best model saved at epoch 4 with loss 9.52402
Epoch 5/100
Training loss: 0.39209 || Validation loss: 7.42115
New best model saved at epoch 5 with loss 7.42115
Epoch 6/100
Training loss: 0.16181 || Validation loss: 6.74828
New best model saved at epoch 6 with loss 6.74828
Epoch 7/100
Training loss: 0.09284 || Validation loss: 7.52031
Epoch 8/100
Training loss: 0.02751 || Validation loss: 7.32054
Epoch 9/100
Training loss: 0.00785 || Validation loss: 7.55784
Epoch 10/100
Training loss: 0.00417 || Validation loss: 7.77066
Epoch 11/100
Training loss: 0.00120 || Validation loss: 7.58354
Epoch 12/100
Training loss: 0.00068 || Validation loss: 7.80229
Epoch 13/100
Training loss: 0.00021 || Validation loss: 8.14252
Epoch 14/100
Training loss: 0.00004 || Validation loss: 7.36274
Epoch 15/100
Training loss: 0.00000 || Validation loss: 7.89423
Epoch 16/100
Training loss: 0.00000 || Validation loss: 7.75033
Epoch 17/100
Training loss: 0.00000 || Validation loss: 7.94554
Epoch 18/100
Training loss: 0.00000 || Validation loss: 7.76867
Epoch 19/100
Training loss: 0.00000 || Validation loss: 8.25670
Epoch 20/100
Training loss: 0.00000 || Validation loss: 8.31607
Epoch 21/100
Training loss: 0.00000 || Validation loss: 7.80788
Epoch 22/100
Training loss: 0.00000 || Validation loss: 7.53685
Epoch 23/100
Training loss: 0.00000 || Validation loss: 7.62649
Epoch 24/100
Training loss: 0.00000 || Validation loss: 8.13384
Epoch 25/100
Training loss: 0.00000 || Validation loss: 7.91596
Epoch 26/100
Training loss: 0.00000 || Validation loss: 7.99471
Epoch 27/100
Training loss: 0.00000 || Validation loss: 8.04431
Epoch 28/100
Training loss: 0.00000 || Validation loss: 7.98630
Epoch 29/100
Training loss: 0.00000 || Validation loss: 7.86646
Epoch 30/100
Training loss: 0.00000 || Validation loss: 7.88854
Epoch 31/100
Training loss: 0.00000 || Validation loss: 7.76214
Epoch 32/100
Training loss: 0.00000 || Validation loss: 8.08644
Epoch 33/100
Training loss: 0.00000 || Validation loss: 8.53647
Epoch 34/100
Training loss: 0.00000 || Validation loss: 7.65164
Epoch 35/100
Training loss: 0.00000 || Validation loss: 7.58550
Epoch 36/100
Training loss: 0.00000 || Validation loss: 7.75322
Epoch 37/100
Training loss: 0.00000 || Validation loss: 7.75958
Epoch 38/100
Training loss: 0.00000 || Validation loss: 7.68749
Epoch 39/100
Training loss: 0.00000 || Validation loss: 8.26602
Epoch 40/100
Training loss: 0.00000 || Validation loss: 8.15197
Epoch 41/100
Training loss: 0.00000 || Validation loss: 7.98375
Epoch 42/100
Training loss: 0.00000 || Validation loss: 7.61138
Epoch 43/100
Training loss: 0.00000 || Validation loss: 7.81762
Epoch 44/100
Training loss: 0.00000 || Validation loss: 7.61617
Epoch 45/100
Training loss: 0.00000 || Validation loss: 7.67841
Epoch 46/100
Training loss: 0.00000 || Validation loss: 7.69729
Epoch 47/100
Training loss: 0.00001 || Validation loss: 7.98066
Epoch 48/100
Training loss: 0.14645 || Validation loss: 8.15640
Epoch 49/100
Training loss: 0.00008 || Validation loss: 8.19261
Epoch 50/100
Training loss: 0.00000 || Validation loss: 8.19736
Epoch 51/100
Training loss: 0.00000 || Validation loss: 8.20330
Epoch 52/100
Training loss: 0.00000 || Validation loss: 8.21316
Epoch 53/100
Training loss: 0.00000 || Validation loss: 8.22057
Epoch 54/100
Training loss: 0.00000 || Validation loss: 8.23489
Epoch 55/100
Training loss: 0.00000 || Validation loss: 8.24523
Epoch 56/100
Training loss: 0.00000 || Validation loss: 8.25801
Epoch 57/100
Training loss: 0.00000 || Validation loss: 8.27635
Epoch 58/100
Training loss: 0.00000 || Validation loss: 8.30090
Epoch 59/100
Training loss: 0.00000 || Validation loss: 8.31511
Epoch 60/100
Training loss: 0.00000 || Validation loss: 8.34330
Epoch 61/100
Training loss: 0.00000 || Validation loss: 8.37144
Epoch 62/100
Training loss: 0.00000 || Validation loss: 8.40637
Epoch 63/100
Training loss: 0.00000 || Validation loss: 8.44509
Epoch 64/100
Training loss: 0.00000 || Validation loss: 8.49051
Epoch 65/100
Training loss: 0.00000 || Validation loss: 8.54369
Epoch 66/100
Training loss: 0.00000 || Validation loss: 8.60757
Epoch 67/100
Training loss: 0.00000 || Validation loss: 8.67500
Epoch 68/100
Training loss: 0.00000 || Validation loss: 8.74844
Epoch 69/100
Training loss: 0.00000 || Validation loss: 8.84379
Epoch 70/100
Training loss: 0.00000 || Validation loss: 8.95526
Epoch 71/100
Training loss: 0.00000 || Validation loss: 9.07739
Epoch 72/100
Training loss: 0.00000 || Validation loss: 9.21257
Epoch 73/100
Training loss: 0.00000 || Validation loss: 9.37614
Epoch 74/100
Training loss: 0.00000 || Validation loss: 9.56508
Epoch 75/100
Training loss: 0.00000 || Validation loss: 9.80188
Epoch 76/100
Training loss: 0.00000 || Validation loss: 10.06989
Epoch 77/100
Training loss: 0.00000 || Validation loss: 10.35877
Epoch 78/100
Training loss: 0.00000 || Validation loss: 10.70658
Epoch 79/100
Training loss: 0.00000 || Validation loss: 11.10100
Epoch 80/100
Training loss: 0.00902 || Validation loss: 11.69978
Epoch 81/100
Training loss: 0.00000 || Validation loss: 12.23355
Epoch 82/100
Training loss: 0.00000 || Validation loss: 12.83304
Epoch 83/100
Training loss: 0.00000 || Validation loss: 13.52316
Epoch 84/100
Training loss: 0.00000 || Validation loss: 14.30636
Epoch 85/100
Training loss: 0.00000 || Validation loss: 15.18562
Epoch 86/100
Training loss: 0.00000 || Validation loss: 16.18268
Epoch 87/100
Training loss: 0.00000 || Validation loss: 17.29326
Epoch 88/100
Training loss: 0.00000 || Validation loss: 18.53930
Epoch 89/100
Training loss: 0.00000 || Validation loss: 19.92056
Epoch 90/100
Training loss: 0.00000 || Validation loss: 21.44288
Epoch 91/100
Training loss: 0.00000 || Validation loss: 23.11064
Epoch 92/100
Training loss: 0.00000 || Validation loss: 24.93022
Epoch 93/100
Training loss: 0.00000 || Validation loss: 26.90673
Epoch 94/100
Training loss: 0.00000 || Validation loss: 29.03725
Epoch 95/100
Training loss: 0.00000 || Validation loss: 31.31270
Epoch 96/100
Training loss: 0.13005 || Validation loss: 33.89764
Epoch 97/100
Training loss: 0.00005 || Validation loss: 36.42735
Epoch 98/100
Training loss: 0.00000 || Validation loss: 39.12602
Epoch 99/100
Training loss: 0.00000 || Validation loss: 41.91584
Epoch 100/100
Training loss: 0.00000 || Validation loss: 44.79299
Best model for fold 1 saved from epoch 6 with f1 6.74828
Final training loss: 0.00000 || Final test loss: 44.79299
Fold 2
Model loaded successfully from ./pretrained_model/64_to_256_3layers.ckpt
device : cuda
Model not found at ./model/city_and_forest_co_training_wba_value_16frames/piece_size_10_fix_False_pretrained_True/fold_2/fly_model.ckpt
튜플 파일을 불러오는 중 문제가 발생했습니다 (./model/city_and_forest_co_training_wba_value_16frames/piece_size_10_fix_False_pretrained_True/fold_2): [Errno 2] No such file or directory: './model/city_and_forest_co_training_wba_value_16frames/piece_size_10_fix_False_pretrained_True/fold_2/training_tuples.pkl'
Epoch 1/100
Training loss: 41.10065 || Validation loss: 19.11645
New best model saved at epoch 1 with loss 19.11645
Epoch 2/100
Training loss: 3.48019 || Validation loss: 19.94462
Epoch 3/100
Training loss: 1.62731 || Validation loss: 13.41333
New best model saved at epoch 3 with loss 13.41333
Epoch 4/100
Training loss: 1.07590 || Validation loss: 11.97416
New best model saved at epoch 4 with loss 11.97416
Epoch 5/100
Training loss: 0.93019 || Validation loss: 10.70546
New best model saved at epoch 5 with loss 10.70546
Epoch 6/100
Training loss: 0.74632 || Validation loss: 10.97719
Epoch 7/100
Training loss: 0.57816 || Validation loss: 12.45520
Epoch 8/100
Training loss: 0.42929 || Validation loss: 16.63792
Epoch 9/100
Training loss: 0.30084 || Validation loss: 21.97082
Epoch 10/100
Training loss: 0.19159 || Validation loss: 28.44615
Epoch 11/100
Training loss: 0.09456 || Validation loss: 35.85372
Epoch 12/100
Training loss: 0.04025 || Validation loss: 45.00972
Epoch 13/100
Training loss: 0.00686 || Validation loss: 49.15248
Epoch 14/100
Training loss: 0.00257 || Validation loss: 50.84407
Epoch 15/100
Training loss: 0.00063 || Validation loss: 52.06272
Epoch 16/100
Training loss: 0.00011 || Validation loss: 50.09987
Epoch 17/100
Training loss: 0.00000 || Validation loss: 50.79994
Epoch 18/100
Training loss: 0.00000 || Validation loss: 49.49723
Epoch 19/100
Training loss: 0.00000 || Validation loss: 51.72532
Epoch 20/100
Training loss: 0.00000 || Validation loss: 50.88477
Epoch 21/100
Training loss: 0.00000 || Validation loss: 53.60105
Epoch 22/100
Training loss: 0.00000 || Validation loss: 51.52185
Epoch 23/100
Training loss: 0.00000 || Validation loss: 51.53721
Epoch 24/100
Training loss: 0.00000 || Validation loss: 51.44965
Epoch 25/100
Training loss: 0.00000 || Validation loss: 50.78290
Epoch 26/100
Training loss: 0.00000 || Validation loss: 52.37181
Epoch 27/100
Training loss: 0.00000 || Validation loss: 50.41524
Epoch 28/100
Training loss: 0.00000 || Validation loss: 49.92981
Epoch 29/100
Training loss: 0.00000 || Validation loss: 50.63434
Epoch 30/100
Training loss: 0.00000 || Validation loss: 50.50108
Epoch 31/100
Training loss: 0.00000 || Validation loss: 51.82802
Epoch 32/100
Training loss: 0.00000 || Validation loss: 50.28807
Epoch 33/100
Training loss: 0.00000 || Validation loss: 52.65124
Epoch 34/100
Training loss: 0.00000 || Validation loss: 49.91576
Epoch 35/100
Training loss: 0.00000 || Validation loss: 49.60901
Epoch 36/100
Training loss: 0.00000 || Validation loss: 52.76357
Epoch 37/100
Training loss: 0.00000 || Validation loss: 51.57676
Epoch 38/100
Training loss: 0.00000 || Validation loss: 51.26056
Epoch 39/100
Training loss: 0.00000 || Validation loss: 50.34517
Epoch 40/100
Training loss: 0.00000 || Validation loss: 50.50789
Epoch 41/100
Training loss: 0.00000 || Validation loss: 50.40515
Epoch 42/100
Training loss: 0.00000 || Validation loss: 49.84666
Epoch 43/100
Training loss: 0.00000 || Validation loss: 49.13563
Epoch 44/100
Training loss: 0.00000 || Validation loss: 48.28557
Epoch 45/100
Training loss: 0.00000 || Validation loss: 49.00905
Epoch 46/100
Training loss: 0.00000 || Validation loss: 48.74963
Epoch 47/100
Training loss: 0.00000 || Validation loss: 47.79348
Epoch 48/100
Training loss: 0.00000 || Validation loss: 49.60048
Epoch 49/100
Training loss: 0.00000 || Validation loss: 47.95186
Epoch 50/100
Training loss: 0.00000 || Validation loss: 47.82748
Epoch 51/100
Training loss: 0.00000 || Validation loss: 47.89990
Epoch 52/100
Training loss: 0.00000 || Validation loss: 47.67292
Epoch 53/100
Training loss: 0.00000 || Validation loss: 47.38014
Epoch 54/100
Training loss: 0.00000 || Validation loss: 46.97197
Epoch 55/100
Training loss: 0.00000 || Validation loss: 46.36250
Epoch 56/100
Training loss: 0.13501 || Validation loss: 45.41314
Epoch 57/100
Training loss: 0.00002 || Validation loss: 45.25213
Epoch 58/100
Training loss: 0.00000 || Validation loss: 45.20381
Epoch 59/100
Training loss: 0.00000 || Validation loss: 45.23355
Epoch 60/100
Training loss: 0.00000 || Validation loss: 45.16357
Epoch 61/100
Training loss: 0.00000 || Validation loss: 44.97381
Epoch 62/100
Training loss: 0.00000 || Validation loss: 45.06080
Epoch 63/100
Training loss: 0.00000 || Validation loss: 45.04348
Epoch 64/100
Training loss: 0.00000 || Validation loss: 44.98227
Epoch 65/100
Training loss: 0.00000 || Validation loss: 44.84224
Epoch 66/100
Training loss: 0.00000 || Validation loss: 44.66789
Epoch 67/100
Training loss: 0.00000 || Validation loss: 44.50827
Epoch 68/100
Training loss: 0.00000 || Validation loss: 44.19341
Epoch 69/100
Training loss: 0.00000 || Validation loss: 44.45391
Epoch 70/100
Training loss: 0.00000 || Validation loss: 43.95694
Epoch 71/100
Training loss: 0.00000 || Validation loss: 43.91986
Epoch 72/100
Training loss: 0.00000 || Validation loss: 43.83601
Epoch 73/100
Training loss: 0.00000 || Validation loss: 43.19036
Epoch 74/100
Training loss: 0.00000 || Validation loss: 43.08783
Epoch 75/100
Training loss: 0.00000 || Validation loss: 43.47222
Epoch 76/100
Training loss: 0.00000 || Validation loss: 43.62003
Epoch 77/100
Training loss: 0.00000 || Validation loss: 42.97429
Epoch 78/100
Training loss: 0.00000 || Validation loss: 43.22236
Epoch 79/100
Training loss: 0.00000 || Validation loss: 42.90220
Epoch 80/100
Training loss: 0.00000 || Validation loss: 42.63153
Epoch 81/100
Training loss: 0.00000 || Validation loss: 42.28710
Epoch 82/100
Training loss: 0.00000 || Validation loss: 42.37072
Epoch 83/100
Training loss: 0.00000 || Validation loss: 42.95039
Epoch 84/100
Training loss: 0.00000 || Validation loss: 41.93005
Epoch 85/100
Training loss: 0.00002 || Validation loss: 43.50291
Epoch 86/100
Training loss: 0.00000 || Validation loss: 43.46184
Epoch 87/100
Training loss: 0.00000 || Validation loss: 43.41759
Epoch 88/100
Training loss: 0.00000 || Validation loss: 43.39910
Epoch 89/100
Training loss: 0.00000 || Validation loss: 43.40608
Epoch 90/100
Training loss: 0.00000 || Validation loss: 43.43896
Epoch 91/100
Training loss: 0.00022 || Validation loss: 43.55249
Epoch 92/100
Training loss: 0.00000 || Validation loss: 43.61079
Epoch 93/100
Training loss: 0.00000 || Validation loss: 43.76769
Epoch 94/100
Training loss: 0.00000 || Validation loss: 43.97183
Epoch 95/100
Training loss: 0.00000 || Validation loss: 44.22620
Epoch 96/100
Training loss: 0.00000 || Validation loss: 44.55034
Epoch 97/100
Training loss: 0.00022 || Validation loss: 44.94665
Epoch 98/100
Training loss: 0.00000 || Validation loss: 45.40137
Epoch 99/100
Training loss: 0.00000 || Validation loss: 45.90524
Epoch 100/100
Training loss: 0.00000 || Validation loss: 46.47136
Best model for fold 2 saved from epoch 5 with f1 10.70546
Final training loss: 0.00000 || Final test loss: 46.47136
Fold 3
Model loaded successfully from ./pretrained_model/64_to_256_3layers.ckpt
device : cuda
Model not found at ./model/city_and_forest_co_training_wba_value_16frames/piece_size_10_fix_False_pretrained_True/fold_3/fly_model.ckpt
튜플 파일을 불러오는 중 문제가 발생했습니다 (./model/city_and_forest_co_training_wba_value_16frames/piece_size_10_fix_False_pretrained_True/fold_3): [Errno 2] No such file or directory: './model/city_and_forest_co_training_wba_value_16frames/piece_size_10_fix_False_pretrained_True/fold_3/training_tuples.pkl'
Epoch 1/100
Training loss: 41.43050 || Validation loss: 10.21221
New best model saved at epoch 1 with loss 10.21221
Epoch 2/100
Training loss: 3.14741 || Validation loss: 8.70246
New best model saved at epoch 2 with loss 8.70246
Epoch 3/100
Training loss: 1.32954 || Validation loss: 7.52245
New best model saved at epoch 3 with loss 7.52245
Epoch 4/100
Training loss: 0.96645 || Validation loss: 7.34383
New best model saved at epoch 4 with loss 7.34383
Epoch 5/100
Training loss: 0.72124 || Validation loss: 8.03424
Epoch 6/100
Training loss: 0.63728 || Validation loss: 8.68461
Epoch 7/100
Training loss: 0.49481 || Validation loss: 12.46241
Epoch 8/100
Training loss: 0.35304 || Validation loss: 18.25081
Epoch 9/100
Training loss: 0.21460 || Validation loss: 24.94702
Epoch 10/100
Training loss: 0.11028 || Validation loss: 35.40411
Epoch 11/100
Training loss: 0.05665 || Validation loss: 41.25099
Epoch 12/100
Training loss: 0.01707 || Validation loss: 48.79038
Epoch 13/100
Training loss: 0.00299 || Validation loss: 52.90014
Epoch 14/100
Training loss: 0.00062 || Validation loss: 55.73886
Epoch 15/100
Training loss: 0.00018 || Validation loss: 55.17330
Epoch 16/100
Training loss: 0.00001 || Validation loss: 55.94219
Epoch 17/100
Training loss: 0.00000 || Validation loss: 55.05116
Epoch 18/100
Training loss: 0.00000 || Validation loss: 56.92163
Epoch 19/100
Training loss: 0.00000 || Validation loss: 56.60218
Epoch 20/100
Training loss: 0.00000 || Validation loss: 56.19460
Epoch 21/100
Training loss: 0.00000 || Validation loss: 54.11568
Epoch 22/100
Training loss: 0.00000 || Validation loss: 55.12773
Epoch 23/100
Training loss: 0.00000 || Validation loss: 55.92897
Epoch 24/100
Training loss: 0.00000 || Validation loss: 56.64321
Epoch 25/100
Training loss: 0.00000 || Validation loss: 56.82413
Epoch 26/100
Training loss: 0.00000 || Validation loss: 55.30349
Epoch 27/100
Training loss: 0.00000 || Validation loss: 55.84187
Epoch 28/100
Training loss: 0.00000 || Validation loss: 55.77925
Epoch 29/100
Training loss: 0.00000 || Validation loss: 57.17846
Epoch 30/100
Training loss: 0.00000 || Validation loss: 54.66306
Epoch 31/100
Training loss: 0.00000 || Validation loss: 55.04324
Epoch 32/100
Training loss: 0.00000 || Validation loss: 55.66006
Epoch 33/100
Training loss: 0.00000 || Validation loss: 55.12714
Epoch 34/100
Training loss: 0.00000 || Validation loss: 55.70805
Epoch 35/100
Training loss: 0.00000 || Validation loss: 56.51837
Epoch 36/100
Training loss: 0.00000 || Validation loss: 56.01971
Epoch 37/100
Training loss: 0.00000 || Validation loss: 56.05823
Epoch 38/100
Training loss: 0.00000 || Validation loss: 57.14125
Epoch 39/100
Training loss: 0.00000 || Validation loss: 55.26277
Epoch 40/100
Training loss: 0.00000 || Validation loss: 56.72810
Epoch 41/100
Training loss: 0.00000 || Validation loss: 55.07032
Epoch 42/100
Training loss: 0.00000 || Validation loss: 56.26444
Epoch 43/100
Training loss: 0.00000 || Validation loss: 55.44803
Epoch 44/100
Training loss: 0.00000 || Validation loss: 56.38341
Epoch 45/100
Training loss: 0.00000 || Validation loss: 55.42906
Epoch 46/100
Training loss: 0.00000 || Validation loss: 55.75940
Epoch 47/100
Training loss: 0.00002 || Validation loss: 57.23397
Epoch 48/100
Training loss: 0.00000 || Validation loss: 54.63274
Epoch 49/100
Training loss: 0.00000 || Validation loss: 57.22804
Epoch 50/100
Training loss: 0.00000 || Validation loss: 57.32274
Epoch 51/100
Training loss: 0.00000 || Validation loss: 57.67879
Epoch 52/100
Training loss: 0.00000 || Validation loss: 55.88964
Epoch 53/100
Training loss: 0.00000 || Validation loss: 55.71188
Epoch 54/100
Training loss: 0.00000 || Validation loss: 56.56205
Epoch 55/100
Training loss: 0.00000 || Validation loss: 54.05998
Epoch 56/100
Training loss: 0.00000 || Validation loss: 55.59518
Epoch 57/100
Training loss: 0.00000 || Validation loss: 54.29698
Epoch 58/100
Training loss: 0.40605 || Validation loss: 55.93659
Epoch 59/100
Training loss: 0.00007 || Validation loss: 55.13896
Epoch 60/100
Training loss: 0.00000 || Validation loss: 55.06850
Epoch 61/100
Training loss: 0.00000 || Validation loss: 55.17176
Epoch 62/100
Training loss: 0.00000 || Validation loss: 55.05364
Epoch 63/100
Training loss: 0.00000 || Validation loss: 55.07187
Epoch 64/100
Training loss: 0.00000 || Validation loss: 55.02559
Epoch 65/100
Training loss: 0.00000 || Validation loss: 55.05423
Epoch 66/100
Training loss: 0.00000 || Validation loss: 55.18737
Epoch 67/100
Training loss: 0.00000 || Validation loss: 55.10425
Epoch 68/100
Training loss: 0.00000 || Validation loss: 55.00910
Epoch 69/100
Training loss: 0.00000 || Validation loss: 54.97925
Epoch 70/100
Training loss: 0.00000 || Validation loss: 55.15740
Epoch 71/100
Training loss: 0.00000 || Validation loss: 55.16439
Epoch 72/100
Training loss: 0.00000 || Validation loss: 55.03956
Epoch 73/100
Training loss: 0.00000 || Validation loss: 55.12103
Epoch 74/100
Training loss: 0.00000 || Validation loss: 54.98390
Epoch 75/100
Training loss: 0.00000 || Validation loss: 55.02461
Epoch 76/100
Training loss: 0.00000 || Validation loss: 54.90191
Epoch 77/100
Training loss: 0.00000 || Validation loss: 55.18761
Epoch 78/100
Training loss: 0.00000 || Validation loss: 55.31890
Epoch 79/100
Training loss: 0.00000 || Validation loss: 55.13778
Epoch 80/100
Training loss: 0.00000 || Validation loss: 55.22964
Epoch 81/100
Training loss: 0.00000 || Validation loss: 55.10433
Epoch 82/100
Training loss: 0.00000 || Validation loss: 55.23585
Epoch 83/100
Training loss: 0.00000 || Validation loss: 55.14190
Epoch 84/100
Training loss: 0.00000 || Validation loss: 55.51376
Epoch 85/100
Training loss: 0.00000 || Validation loss: 55.71387
Epoch 86/100
Training loss: 0.00000 || Validation loss: 56.16228
Epoch 87/100
Training loss: 0.00000 || Validation loss: 55.48819
Epoch 88/100
Training loss: 0.00000 || Validation loss: 55.86653
Epoch 89/100
Training loss: 0.00000 || Validation loss: 56.92908
Epoch 90/100
Training loss: 0.00000 || Validation loss: 57.04312
Epoch 91/100
Training loss: 0.00000 || Validation loss: 57.48469
Epoch 92/100
Training loss: 0.00003 || Validation loss: 56.78984
Epoch 93/100
Training loss: 0.00311 || Validation loss: 58.50664
Epoch 94/100
Training loss: 0.00000 || Validation loss: 59.12426
Epoch 95/100
Training loss: 0.00000 || Validation loss: 59.78819
Epoch 96/100
Training loss: 0.00000 || Validation loss: 60.54902
Epoch 97/100
Training loss: 0.00000 || Validation loss: 61.38533
Epoch 98/100
Training loss: 0.00000 || Validation loss: 62.32088
Epoch 99/100
Training loss: 0.00000 || Validation loss: 63.29967
Epoch 100/100
Training loss: 0.00000 || Validation loss: 64.37846
Best model for fold 3 saved from epoch 4 with f1 7.34383
Final training loss: 0.00000 || Final test loss: 64.37846
All fold val losses: [6.748283684253693, 10.70546273390452, 7.3438319365183515]
Average val loss: 8.26586
Fold 1
Model loaded successfully from ./pretrained_model/64_to_256_3layers.ckpt
device : cuda
Model not found at ./model/city_and_forest_co_training_wba_value_16frames/piece_size_20_fix_False_pretrained_True/fold_1/fly_model.ckpt
튜플 파일을 불러오는 중 문제가 발생했습니다 (./model/city_and_forest_co_training_wba_value_16frames/piece_size_20_fix_False_pretrained_True/fold_1): [Errno 2] No such file or directory: './model/city_and_forest_co_training_wba_value_16frames/piece_size_20_fix_False_pretrained_True/fold_1/training_tuples.pkl'
Epoch 1/100
Training loss: 34.74078 || Validation loss: 27.74429
New best model saved at epoch 1 with loss 27.74429
Epoch 2/100
Training loss: 3.39814 || Validation loss: 21.60739
New best model saved at epoch 2 with loss 21.60739
Epoch 3/100
Training loss: 1.52705 || Validation loss: 16.00407
New best model saved at epoch 3 with loss 16.00407
Epoch 4/100
Training loss: 1.14403 || Validation loss: 12.24522
New best model saved at epoch 4 with loss 12.24522
Epoch 5/100
Training loss: 0.81771 || Validation loss: 9.57384
New best model saved at epoch 5 with loss 9.57384
Epoch 6/100
Training loss: 0.64587 || Validation loss: 9.65855
Epoch 7/100
Training loss: 0.60156 || Validation loss: 9.38391
New best model saved at epoch 7 with loss 9.38391
Epoch 8/100
Training loss: 0.44457 || Validation loss: 11.53030
Epoch 9/100
Training loss: 0.29751 || Validation loss: 14.85903
Epoch 10/100
Training loss: 0.15329 || Validation loss: 22.36295
Epoch 11/100
Training loss: 0.06569 || Validation loss: 29.55458
Epoch 12/100
Training loss: 0.23039 || Validation loss: 31.51419
Epoch 13/100
Training loss: 0.01711 || Validation loss: 36.03119
Epoch 14/100
Training loss: 0.00205 || Validation loss: 35.89879
Epoch 15/100
Training loss: 0.00061 || Validation loss: 36.17980
Epoch 16/100
Training loss: 0.00014 || Validation loss: 36.69565
Epoch 17/100
Training loss: 0.00002 || Validation loss: 36.97397
Epoch 18/100
Training loss: 0.00000 || Validation loss: 36.40068
Epoch 19/100
Training loss: 0.00000 || Validation loss: 36.03524
Epoch 20/100
Training loss: 0.00000 || Validation loss: 36.60317
Epoch 21/100
Training loss: 0.00000 || Validation loss: 36.38951
Epoch 22/100
Training loss: 0.00000 || Validation loss: 36.51496
Epoch 23/100
Training loss: 0.00000 || Validation loss: 36.53156
Epoch 24/100
Training loss: 0.00000 || Validation loss: 36.36984
Epoch 25/100
Training loss: 0.00000 || Validation loss: 36.30266
Epoch 26/100
Training loss: 0.00000 || Validation loss: 36.16660
Epoch 27/100
Training loss: 0.00000 || Validation loss: 36.37250
Epoch 28/100
Training loss: 0.00000 || Validation loss: 37.18293
Epoch 29/100
Training loss: 0.00000 || Validation loss: 36.58672
Epoch 30/100
Training loss: 0.00000 || Validation loss: 36.79193
Epoch 31/100
Training loss: 0.00000 || Validation loss: 36.98565
Epoch 32/100
Training loss: 0.00000 || Validation loss: 37.28971
Epoch 33/100
Training loss: 0.00000 || Validation loss: 36.05981
Epoch 34/100
Training loss: 0.00000 || Validation loss: 36.28863
Epoch 35/100
Training loss: 0.00000 || Validation loss: 36.62198
Epoch 36/100
Training loss: 0.00000 || Validation loss: 36.99103
Epoch 37/100
Training loss: 0.00000 || Validation loss: 37.71063
Epoch 38/100
Training loss: 0.00000 || Validation loss: 36.59628
Epoch 39/100
Training loss: 0.00000 || Validation loss: 36.56875
Epoch 40/100
Training loss: 0.00000 || Validation loss: 36.63328
Epoch 41/100
Training loss: 0.00000 || Validation loss: 37.24921
Epoch 42/100
Training loss: 0.00000 || Validation loss: 37.04126
Epoch 43/100
Training loss: 0.00000 || Validation loss: 37.00767
Epoch 44/100
Training loss: 0.00000 || Validation loss: 36.72439
Epoch 45/100
Training loss: 0.00000 || Validation loss: 37.32020
Epoch 46/100
Training loss: 0.00000 || Validation loss: 37.35290
Epoch 47/100
Training loss: 0.00000 || Validation loss: 37.31536
Epoch 48/100
Training loss: 0.00000 || Validation loss: 37.73867
Epoch 49/100
Training loss: 0.00000 || Validation loss: 37.17875
Epoch 50/100
Training loss: 0.00000 || Validation loss: 37.66413
Epoch 51/100
Training loss: 0.00000 || Validation loss: 37.17911
Epoch 52/100
Training loss: 0.00000 || Validation loss: 37.16882
Epoch 53/100
Training loss: 0.00000 || Validation loss: 38.04941
Epoch 54/100
Training loss: 0.00000 || Validation loss: 38.04978
Epoch 55/100
Training loss: 0.00000 || Validation loss: 37.93380
Epoch 56/100
Training loss: 0.00000 || Validation loss: 37.75249
Epoch 57/100
Training loss: 0.00000 || Validation loss: 37.80266
Epoch 58/100
Training loss: 0.02218 || Validation loss: 33.36840
Epoch 59/100
Training loss: 0.00010 || Validation loss: 33.18902
Epoch 60/100
Training loss: 0.00000 || Validation loss: 33.11894
Epoch 61/100
Training loss: 0.00000 || Validation loss: 33.05220
Epoch 62/100
Training loss: 0.00000 || Validation loss: 32.97283
Epoch 63/100
Training loss: 0.00000 || Validation loss: 32.89255
Epoch 64/100
Training loss: 0.00000 || Validation loss: 32.81810
Epoch 65/100
Training loss: 0.00000 || Validation loss: 32.71709
Epoch 66/100
Training loss: 0.00000 || Validation loss: 32.64356
Epoch 67/100
Training loss: 0.00000 || Validation loss: 32.50193
Epoch 68/100
Training loss: 0.00000 || Validation loss: 32.35327
Epoch 69/100
Training loss: 0.00000 || Validation loss: 32.21710
Epoch 70/100
Training loss: 0.00000 || Validation loss: 32.01669
Epoch 71/100
Training loss: 0.00000 || Validation loss: 31.87607
Epoch 72/100
Training loss: 0.00000 || Validation loss: 31.73257
Epoch 73/100
Training loss: 0.03311 || Validation loss: 31.18753
Epoch 74/100
Training loss: 0.00015 || Validation loss: 31.38413
Epoch 75/100
Training loss: 0.00000 || Validation loss: 31.21250
Epoch 76/100
Training loss: 0.00000 || Validation loss: 31.04469
Epoch 77/100
Training loss: 0.00000 || Validation loss: 30.87955
Epoch 78/100
Training loss: 0.00000 || Validation loss: 30.71739
Epoch 79/100
Training loss: 0.00000 || Validation loss: 30.56611
Epoch 80/100
Training loss: 0.00000 || Validation loss: 30.43543
Epoch 81/100
Training loss: 0.00000 || Validation loss: 30.29879
Epoch 82/100
Training loss: 0.00000 || Validation loss: 30.21679
Epoch 83/100
Training loss: 0.00000 || Validation loss: 30.12318
Epoch 84/100
Training loss: 0.00000 || Validation loss: 30.12882
Epoch 85/100
Training loss: 0.00000 || Validation loss: 30.12488
Epoch 86/100
Training loss: 0.00000 || Validation loss: 30.27775
Epoch 87/100
Training loss: 0.00000 || Validation loss: 30.37800
Epoch 88/100
Training loss: 0.00000 || Validation loss: 30.64505
Epoch 89/100
Training loss: 0.00000 || Validation loss: 30.94998
Epoch 90/100
Training loss: 0.00000 || Validation loss: 31.39960
Epoch 91/100
Training loss: 0.00000 || Validation loss: 31.80690
Epoch 92/100
Training loss: 0.00004 || Validation loss: 32.27959
Epoch 93/100
Training loss: 0.00000 || Validation loss: 32.86410
Epoch 94/100
Training loss: 0.00000 || Validation loss: 33.69461
Epoch 95/100
Training loss: 0.00000 || Validation loss: 34.66751
Epoch 96/100
Training loss: 0.00000 || Validation loss: 35.78435
Epoch 97/100
Training loss: 0.00000 || Validation loss: 36.96466
Epoch 98/100
Training loss: 0.00002 || Validation loss: 38.23473
Epoch 99/100
Training loss: 0.00000 || Validation loss: 39.73390
Epoch 100/100
Training loss: 0.00000 || Validation loss: 41.39910
Best model for fold 1 saved from epoch 7 with f1 9.38391
Final training loss: 0.00000 || Final test loss: 41.39910
Fold 2
Model loaded successfully from ./pretrained_model/64_to_256_3layers.ckpt
device : cuda
Model not found at ./model/city_and_forest_co_training_wba_value_16frames/piece_size_20_fix_False_pretrained_True/fold_2/fly_model.ckpt
튜플 파일을 불러오는 중 문제가 발생했습니다 (./model/city_and_forest_co_training_wba_value_16frames/piece_size_20_fix_False_pretrained_True/fold_2): [Errno 2] No such file or directory: './model/city_and_forest_co_training_wba_value_16frames/piece_size_20_fix_False_pretrained_True/fold_2/training_tuples.pkl'
Epoch 1/100
Training loss: 36.48590 || Validation loss: 52.28257
New best model saved at epoch 1 with loss 52.28257
Epoch 2/100
Training loss: 3.75046 || Validation loss: 36.56664
New best model saved at epoch 2 with loss 36.56664
Epoch 3/100
Training loss: 2.13886 || Validation loss: 24.37673
New best model saved at epoch 3 with loss 24.37673
Epoch 4/100
Training loss: 1.15795 || Validation loss: 16.95605
New best model saved at epoch 4 with loss 16.95605
Epoch 5/100
Training loss: 0.85527 || Validation loss: 11.94326
New best model saved at epoch 5 with loss 11.94326
Epoch 6/100
Training loss: 0.67909 || Validation loss: 9.86067
New best model saved at epoch 6 with loss 9.86067
Epoch 7/100
Training loss: 0.52039 || Validation loss: 10.92154
Epoch 8/100
Training loss: 0.44370 || Validation loss: 12.04322
Epoch 9/100
Training loss: 0.34493 || Validation loss: 15.45777
Epoch 10/100
Training loss: 0.23782 || Validation loss: 22.24775
Epoch 11/100
Training loss: 0.12890 || Validation loss: 26.96896
Epoch 12/100
Training loss: 0.03220 || Validation loss: 36.30501
Epoch 13/100
Training loss: 0.01092 || Validation loss: 40.92339
Epoch 14/100
Training loss: 0.00237 || Validation loss: 42.91805
Epoch 15/100
Training loss: 0.00097 || Validation loss: 43.55594
Epoch 16/100
Training loss: 0.00001 || Validation loss: 43.87493
Epoch 17/100
Training loss: 0.00000 || Validation loss: 43.38800
Epoch 18/100
Training loss: 0.00000 || Validation loss: 43.61520
Epoch 19/100
Training loss: 0.00000 || Validation loss: 43.37525
Epoch 20/100
Training loss: 0.00000 || Validation loss: 43.48483
Epoch 21/100
Training loss: 0.00000 || Validation loss: 43.76383
Epoch 22/100
Training loss: 0.00000 || Validation loss: 43.38944
Epoch 23/100
Training loss: 0.00000 || Validation loss: 44.04959
Epoch 24/100
Training loss: 0.00000 || Validation loss: 43.92327
Epoch 25/100
Training loss: 0.00000 || Validation loss: 43.80133
Epoch 26/100
Training loss: 0.00000 || Validation loss: 43.66261
Epoch 27/100
Training loss: 0.00000 || Validation loss: 44.09707
Epoch 28/100
Training loss: 0.00000 || Validation loss: 43.88615
Epoch 29/100
Training loss: 0.00000 || Validation loss: 44.29362
Epoch 30/100
Training loss: 0.00000 || Validation loss: 43.68591
Epoch 31/100
Training loss: 0.00000 || Validation loss: 44.05907
Epoch 32/100
Training loss: 0.00000 || Validation loss: 44.19119
Epoch 33/100
Training loss: 0.00000 || Validation loss: 44.24442
Epoch 34/100
Training loss: 0.00000 || Validation loss: 44.61653
Epoch 35/100
Training loss: 0.00000 || Validation loss: 44.29702
Epoch 36/100
Training loss: 0.00000 || Validation loss: 44.49887
Epoch 37/100
Training loss: 0.00000 || Validation loss: 44.57877
Epoch 38/100
Training loss: 0.00000 || Validation loss: 45.22960
Epoch 39/100
Training loss: 0.00000 || Validation loss: 44.72590
Epoch 40/100
Training loss: 0.00000 || Validation loss: 44.61536
Epoch 41/100
Training loss: 0.00000 || Validation loss: 45.34309
Epoch 42/100
Training loss: 0.00000 || Validation loss: 44.99050
Epoch 43/100
Training loss: 0.00000 || Validation loss: 44.84415
Epoch 44/100
Training loss: 0.00000 || Validation loss: 45.17719
Epoch 45/100
Training loss: 0.00000 || Validation loss: 45.50167
Epoch 46/100
Training loss: 0.00000 || Validation loss: 44.99583
Epoch 47/100
Training loss: 0.00000 || Validation loss: 45.77062
Epoch 48/100
Training loss: 0.00000 || Validation loss: 45.90165
Epoch 49/100
Training loss: 0.00000 || Validation loss: 46.12460
Epoch 50/100
Training loss: 0.00000 || Validation loss: 45.81070
Epoch 51/100
Training loss: 0.00000 || Validation loss: 45.89411
Epoch 52/100
Training loss: 0.00000 || Validation loss: 45.87362
Epoch 53/100
Training loss: 0.00000 || Validation loss: 46.10734
Epoch 54/100
Training loss: 0.00000 || Validation loss: 46.44975
Epoch 55/100
Training loss: 0.00000 || Validation loss: 46.33556
Epoch 56/100
Training loss: 0.00000 || Validation loss: 46.16819
Epoch 57/100
Training loss: 0.00000 || Validation loss: 46.26681
Epoch 58/100
Training loss: 0.00002 || Validation loss: 46.44282
Epoch 59/100
Training loss: 0.00000 || Validation loss: 46.70473
Epoch 60/100
Training loss: 0.52274 || Validation loss: 53.36641
Epoch 61/100
Training loss: 0.00466 || Validation loss: 48.17228
Epoch 62/100
Training loss: 0.00011 || Validation loss: 47.63457
Epoch 63/100
Training loss: 0.00000 || Validation loss: 47.29359
Epoch 64/100
Training loss: 0.00000 || Validation loss: 47.46052
Epoch 65/100
Training loss: 0.00000 || Validation loss: 47.29618
Epoch 66/100
Training loss: 0.00000 || Validation loss: 47.24594
Epoch 67/100
Training loss: 0.00000 || Validation loss: 47.36557
Epoch 68/100
Training loss: 0.00000 || Validation loss: 47.38480
Epoch 69/100
Training loss: 0.00000 || Validation loss: 47.26919
Epoch 70/100
Training loss: 0.00000 || Validation loss: 47.25852
Epoch 71/100
Training loss: 0.00000 || Validation loss: 47.40728
Epoch 72/100
Training loss: 0.00000 || Validation loss: 47.42030
Epoch 73/100
Training loss: 0.00000 || Validation loss: 47.49090
Epoch 74/100
Training loss: 0.00000 || Validation loss: 47.55936
Epoch 75/100
Training loss: 0.00000 || Validation loss: 47.58984
Epoch 76/100
Training loss: 0.00000 || Validation loss: 47.90903
Epoch 77/100
Training loss: 0.00000 || Validation loss: 47.80134
Epoch 78/100
Training loss: 0.00000 || Validation loss: 48.15888
Epoch 79/100
Training loss: 0.00000 || Validation loss: 48.15510
Epoch 80/100
Training loss: 0.00000 || Validation loss: 48.58374
Epoch 81/100
Training loss: 0.00000 || Validation loss: 48.86746
Epoch 82/100
Training loss: 0.00000 || Validation loss: 49.19818
Epoch 83/100
Training loss: 0.00000 || Validation loss: 49.66241
Epoch 84/100
Training loss: 0.00000 || Validation loss: 50.26024
Epoch 85/100
Training loss: 0.00000 || Validation loss: 51.02887
Epoch 86/100
Training loss: 0.00000 || Validation loss: 51.86180
Epoch 87/100
Training loss: 0.00000 || Validation loss: 52.64997
Epoch 88/100
Training loss: 0.00000 || Validation loss: 53.71589
Epoch 89/100
Training loss: 0.00000 || Validation loss: 54.89331
Epoch 90/100
Training loss: 0.00000 || Validation loss: 56.14105
Epoch 91/100
Training loss: 0.00000 || Validation loss: 57.72602
Epoch 92/100
Training loss: 0.00000 || Validation loss: 59.25058
Epoch 93/100
Training loss: 0.00000 || Validation loss: 61.05182
Epoch 94/100
Training loss: 0.00000 || Validation loss: 63.21527
Epoch 95/100
Training loss: 0.00000 || Validation loss: 65.35569
Epoch 96/100
Training loss: 0.00000 || Validation loss: 67.81480
Epoch 97/100
Training loss: 0.00000 || Validation loss: 70.19155
Epoch 98/100
Training loss: 0.00000 || Validation loss: 72.85639
Epoch 99/100
Training loss: 0.03763 || Validation loss: 74.80168
Epoch 100/100
Training loss: 0.00252 || Validation loss: 76.85250
Best model for fold 2 saved from epoch 6 with f1 9.86067
Final training loss: 0.00252 || Final test loss: 76.85250
Fold 3
Model loaded successfully from ./pretrained_model/64_to_256_3layers.ckpt
device : cuda
Model not found at ./model/city_and_forest_co_training_wba_value_16frames/piece_size_20_fix_False_pretrained_True/fold_3/fly_model.ckpt
튜플 파일을 불러오는 중 문제가 발생했습니다 (./model/city_and_forest_co_training_wba_value_16frames/piece_size_20_fix_False_pretrained_True/fold_3): [Errno 2] No such file or directory: './model/city_and_forest_co_training_wba_value_16frames/piece_size_20_fix_False_pretrained_True/fold_3/training_tuples.pkl'
Epoch 1/100
Training loss: 37.51631 || Validation loss: 31.38306
New best model saved at epoch 1 with loss 31.38306
Epoch 2/100
Training loss: 4.23223 || Validation loss: 15.82800
New best model saved at epoch 2 with loss 15.82800
Epoch 3/100
Training loss: 1.65690 || Validation loss: 13.04629
New best model saved at epoch 3 with loss 13.04629
Epoch 4/100
Training loss: 0.87774 || Validation loss: 8.04507
New best model saved at epoch 4 with loss 8.04507
Epoch 5/100
Training loss: 0.51720 || Validation loss: 6.06189
New best model saved at epoch 5 with loss 6.06189
Epoch 6/100
Training loss: 0.27759 || Validation loss: 5.14893
New best model saved at epoch 6 with loss 5.14893
Epoch 7/100
Training loss: 0.17712 || Validation loss: 5.33457
Epoch 8/100
Training loss: 0.05888 || Validation loss: 5.42878
Epoch 9/100
Training loss: 0.01653 || Validation loss: 5.60953
Epoch 10/100
Training loss: 0.00368 || Validation loss: 5.81756
Epoch 11/100
Training loss: 0.00115 || Validation loss: 6.17164
Epoch 12/100
Training loss: 0.00031 || Validation loss: 5.85086
Epoch 13/100
Training loss: 0.00007 || Validation loss: 6.08626
Epoch 14/100
Training loss: 0.00001 || Validation loss: 6.30401
Epoch 15/100
Training loss: 0.00000 || Validation loss: 5.96245
Epoch 16/100
Training loss: 0.00000 || Validation loss: 5.87271
Epoch 17/100
Training loss: 0.00000 || Validation loss: 6.11994
Epoch 18/100
Training loss: 0.00000 || Validation loss: 5.97007
Epoch 19/100
Training loss: 0.00000 || Validation loss: 6.10867
Epoch 20/100
Training loss: 0.00000 || Validation loss: 5.85104
Epoch 21/100
Training loss: 0.00000 || Validation loss: 6.35046
Epoch 22/100
Training loss: 0.00000 || Validation loss: 6.25091
Epoch 23/100
Training loss: 0.00000 || Validation loss: 5.88105
Epoch 24/100
Training loss: 0.00000 || Validation loss: 6.32245
Epoch 25/100
Training loss: 0.00000 || Validation loss: 6.09159
Epoch 26/100
Training loss: 0.00000 || Validation loss: 5.87342
Epoch 27/100
Training loss: 0.00000 || Validation loss: 6.01993
Epoch 28/100
Training loss: 0.00000 || Validation loss: 6.20450
Epoch 29/100
Training loss: 0.00000 || Validation loss: 6.04933
Epoch 30/100
Training loss: 0.00000 || Validation loss: 5.89708
Epoch 31/100
Training loss: 0.00000 || Validation loss: 5.97419
Epoch 32/100
Training loss: 0.00000 || Validation loss: 5.91743
Epoch 33/100
Training loss: 0.00000 || Validation loss: 5.85223
Epoch 34/100
Training loss: 0.00000 || Validation loss: 6.05513
Epoch 35/100
Training loss: 0.00000 || Validation loss: 6.10711
Epoch 36/100
Training loss: 0.00000 || Validation loss: 6.01772
Epoch 37/100
Training loss: 0.00000 || Validation loss: 5.90438
Epoch 38/100
Training loss: 0.00000 || Validation loss: 5.74372
Epoch 39/100
Training loss: 0.00000 || Validation loss: 5.72734
Epoch 40/100
Training loss: 0.00000 || Validation loss: 5.79714
Epoch 41/100
Training loss: 0.00000 || Validation loss: 5.87713
Epoch 42/100
Training loss: 0.00000 || Validation loss: 5.82167
Epoch 43/100
Training loss: 0.00000 || Validation loss: 5.84514
Epoch 44/100
Training loss: 0.00000 || Validation loss: 5.61452
Epoch 45/100
Training loss: 0.00000 || Validation loss: 5.82367
Epoch 46/100
Training loss: 0.00000 || Validation loss: 5.66005
Epoch 47/100
Training loss: 0.00000 || Validation loss: 5.68604
Epoch 48/100
Training loss: 0.00002 || Validation loss: 5.59944
Epoch 49/100
Training loss: 0.00003 || Validation loss: 5.41024
Epoch 50/100
Training loss: 0.00004 || Validation loss: 5.35112
Epoch 51/100
Training loss: 0.00011 || Validation loss: 5.25216
Epoch 52/100
Training loss: 0.00000 || Validation loss: 5.07312
New best model saved at epoch 52 with loss 5.07312
Epoch 53/100
Training loss: 0.00002 || Validation loss: 5.13680
Epoch 54/100
Training loss: 0.00003 || Validation loss: 5.30549
Epoch 55/100
Training loss: 0.00004 || Validation loss: 5.02860
New best model saved at epoch 55 with loss 5.02860
Epoch 56/100
Training loss: 0.00324 || Validation loss: 5.25666
Epoch 57/100
Training loss: 0.00000 || Validation loss: 5.10827
Epoch 58/100
Training loss: 0.00000 || Validation loss: 5.21951
Epoch 59/100
Training loss: 0.00000 || Validation loss: 5.16358
Epoch 60/100
Training loss: 0.00000 || Validation loss: 5.05134
Epoch 61/100
Training loss: 0.00000 || Validation loss: 5.12935
Epoch 62/100
Training loss: 0.00001 || Validation loss: 5.14419
Epoch 63/100
Training loss: 0.00000 || Validation loss: 5.05097
Epoch 64/100
Training loss: 0.00013 || Validation loss: 5.12485
Epoch 65/100
Training loss: 0.00000 || Validation loss: 5.16313
Epoch 66/100
Training loss: 0.00001 || Validation loss: 4.95772
New best model saved at epoch 66 with loss 4.95772
Epoch 67/100
Training loss: 0.00000 || Validation loss: 5.05797
Epoch 68/100
Training loss: 0.00000 || Validation loss: 5.09389
Epoch 69/100
Training loss: 0.47045 || Validation loss: 5.50119
Epoch 70/100
Training loss: 0.00242 || Validation loss: 5.61469
Epoch 71/100
Training loss: 0.00004 || Validation loss: 5.72888
Epoch 72/100
Training loss: 0.00001 || Validation loss: 5.84045
Epoch 73/100
Training loss: 0.00000 || Validation loss: 6.00190
Epoch 74/100
Training loss: 0.00000 || Validation loss: 6.17982
Epoch 75/100
Training loss: 0.00000 || Validation loss: 6.40516
Epoch 76/100
Training loss: 0.00000 || Validation loss: 6.67941
Epoch 77/100
Training loss: 0.00000 || Validation loss: 6.98758
Epoch 78/100
Training loss: 0.00000 || Validation loss: 7.36330
Epoch 79/100
Training loss: 0.00000 || Validation loss: 7.81000
Epoch 80/100
Training loss: 0.00000 || Validation loss: 8.34200
Epoch 81/100
Training loss: 0.00000 || Validation loss: 8.97065
Epoch 82/100
Training loss: 0.00000 || Validation loss: 9.71984
Epoch 83/100
Training loss: 0.00000 || Validation loss: 10.55140
Epoch 84/100
Training loss: 0.00000 || Validation loss: 11.56943
Epoch 85/100
Training loss: 0.00000 || Validation loss: 12.74941
Epoch 86/100
Training loss: 0.00000 || Validation loss: 14.16018
Epoch 87/100
Training loss: 0.00014 || Validation loss: 15.78983
Epoch 88/100
Training loss: 0.00000 || Validation loss: 17.61290
Epoch 89/100
Training loss: 0.00000 || Validation loss: 19.70714
Epoch 90/100
Training loss: 0.00000 || Validation loss: 22.04600
Epoch 91/100
Training loss: 0.00000 || Validation loss: 24.71650
Epoch 92/100
Training loss: 0.00000 || Validation loss: 27.68050
Epoch 93/100
Training loss: 0.00000 || Validation loss: 30.97610
Epoch 94/100
Training loss: 0.00000 || Validation loss: 34.66451
Epoch 95/100
Training loss: 0.00000 || Validation loss: 38.70632
Epoch 96/100
Training loss: 0.00000 || Validation loss: 43.06985
Epoch 97/100
Training loss: 0.00000 || Validation loss: 47.82857
Epoch 98/100
Training loss: 0.00000 || Validation loss: 52.90065
Epoch 99/100
Training loss: 0.00000 || Validation loss: 58.39573
Epoch 100/100
Training loss: 0.00000 || Validation loss: 64.21668
Best model for fold 3 saved from epoch 66 with f1 4.95772
Final training loss: 0.00000 || Final test loss: 64.21668
All fold val losses: [9.383914132912954, 9.860666612784067, 4.957720249891281]
Average val loss: 8.06743
Fold 1
Model loaded successfully from ./pretrained_model/64_to_256_3layers.ckpt
device : cuda
Model not found at ./model/city_and_forest_co_training_wba_value_16frames/piece_size_40_fix_False_pretrained_True/fold_1/fly_model.ckpt
튜플 파일을 불러오는 중 문제가 발생했습니다 (./model/city_and_forest_co_training_wba_value_16frames/piece_size_40_fix_False_pretrained_True/fold_1): [Errno 2] No such file or directory: './model/city_and_forest_co_training_wba_value_16frames/piece_size_40_fix_False_pretrained_True/fold_1/training_tuples.pkl'
Epoch 1/100
Training loss: 32.87806 || Validation loss: 20.13021
New best model saved at epoch 1 with loss 20.13021
Epoch 2/100
Training loss: 3.26536 || Validation loss: 16.22781
New best model saved at epoch 2 with loss 16.22781
Epoch 3/100
Training loss: 1.48214 || Validation loss: 11.31160
New best model saved at epoch 3 with loss 11.31160
Epoch 4/100
Training loss: 1.08215 || Validation loss: 9.82989
New best model saved at epoch 4 with loss 9.82989
Epoch 5/100
Training loss: 0.90503 || Validation loss: 8.63722
New best model saved at epoch 5 with loss 8.63722
Epoch 6/100
Training loss: 0.74702 || Validation loss: 8.57975
New best model saved at epoch 6 with loss 8.57975
Epoch 7/100
Training loss: 0.62279 || Validation loss: 9.01239
Epoch 8/100
Training loss: 0.48813 || Validation loss: 11.71169
Epoch 9/100
Training loss: 0.32169 || Validation loss: 16.80084
Epoch 10/100
Training loss: 0.16163 || Validation loss: 25.26088
Epoch 11/100
Training loss: 0.07423 || Validation loss: 26.22339
Epoch 12/100
Training loss: 0.04888 || Validation loss: 34.20778
Epoch 13/100
Training loss: 0.02595 || Validation loss: 38.79192
Epoch 14/100
Training loss: 0.00975 || Validation loss: 38.55908
Epoch 15/100
Training loss: 0.00343 || Validation loss: 39.18742
Epoch 16/100
Training loss: 0.00211 || Validation loss: 40.53541
Epoch 17/100
Training loss: 0.00070 || Validation loss: 41.65610
Epoch 18/100
Training loss: 0.00035 || Validation loss: 40.65502
Epoch 19/100
Training loss: 0.00021 || Validation loss: 40.08406
Epoch 20/100
Training loss: 0.00000 || Validation loss: 40.60216
Epoch 21/100
Training loss: 0.00000 || Validation loss: 40.90603
Epoch 22/100
Training loss: 0.00000 || Validation loss: 39.91742
Epoch 23/100
Training loss: 0.00000 || Validation loss: 40.83599
Epoch 24/100
Training loss: 0.00000 || Validation loss: 40.34696
Epoch 25/100
Training loss: 0.00000 || Validation loss: 39.95507
Epoch 26/100
Training loss: 0.00000 || Validation loss: 40.23722
Epoch 27/100
Training loss: 0.00000 || Validation loss: 40.48597
Epoch 28/100
Training loss: 0.00000 || Validation loss: 40.74694
Epoch 29/100
Training loss: 0.00000 || Validation loss: 41.21288
Epoch 30/100
Training loss: 0.00000 || Validation loss: 40.02226
Epoch 31/100
Training loss: 0.00000 || Validation loss: 40.70094
Epoch 32/100
Training loss: 0.00000 || Validation loss: 40.01458
Epoch 33/100
Training loss: 0.00000 || Validation loss: 40.47511
Epoch 34/100
Training loss: 0.00000 || Validation loss: 40.52914
Epoch 35/100
Training loss: 0.00000 || Validation loss: 40.26455
Epoch 36/100
Training loss: 0.00000 || Validation loss: 40.73944
Epoch 37/100
Training loss: 0.00000 || Validation loss: 41.65226
Epoch 38/100
Training loss: 0.00000 || Validation loss: 39.49645
Epoch 39/100
Training loss: 0.00000 || Validation loss: 39.83457
Epoch 40/100
Training loss: 0.00000 || Validation loss: 39.94117
Epoch 41/100
Training loss: 0.00000 || Validation loss: 40.07795
Epoch 42/100
Training loss: 0.00000 || Validation loss: 39.37677
Epoch 43/100
Training loss: 0.00000 || Validation loss: 40.00053
Epoch 44/100
Training loss: 0.00000 || Validation loss: 39.11528
Epoch 45/100
Training loss: 0.00000 || Validation loss: 38.20792
Epoch 46/100
Training loss: 0.00000 || Validation loss: 37.30205
Epoch 47/100
Training loss: 0.00000 || Validation loss: 38.69164
Epoch 48/100
Training loss: 0.00000 || Validation loss: 37.67167
Epoch 49/100
Training loss: 0.00000 || Validation loss: 37.73766
Epoch 50/100
Training loss: 0.00000 || Validation loss: 37.52810
Epoch 51/100
Training loss: 0.00000 || Validation loss: 37.02024
Epoch 52/100
Training loss: 0.02656 || Validation loss: 36.65790
Epoch 53/100
Training loss: 0.00001 || Validation loss: 36.41523
Epoch 54/100
Training loss: 0.00000 || Validation loss: 36.20762
Epoch 55/100
Training loss: 0.00000 || Validation loss: 35.97483
Epoch 56/100
Training loss: 0.00000 || Validation loss: 35.71506
Epoch 57/100
Training loss: 0.00000 || Validation loss: 35.43724
Epoch 58/100
Training loss: 0.00000 || Validation loss: 35.13144
Epoch 59/100
Training loss: 0.00000 || Validation loss: 34.80228
Epoch 60/100
Training loss: 0.00000 || Validation loss: 34.44270
Epoch 61/100
Training loss: 0.00000 || Validation loss: 34.04947
Epoch 62/100
Training loss: 0.00000 || Validation loss: 33.63498
Epoch 63/100
Training loss: 0.00000 || Validation loss: 33.18240
Epoch 64/100
Training loss: 0.00000 || Validation loss: 32.71017
Epoch 65/100
Training loss: 0.00000 || Validation loss: 32.20696
Epoch 66/100
Training loss: 0.00000 || Validation loss: 31.68027
Epoch 67/100
Training loss: 0.00000 || Validation loss: 31.12935
Epoch 68/100
Training loss: 0.00000 || Validation loss: 30.55707
Epoch 69/100
Training loss: 0.00000 || Validation loss: 29.96716
Epoch 70/100
Training loss: 0.00000 || Validation loss: 29.36160
Epoch 71/100
Training loss: 0.00000 || Validation loss: 28.76435
Epoch 72/100
Training loss: 0.00000 || Validation loss: 28.16899
Epoch 73/100
Training loss: 0.00000 || Validation loss: 27.60738
Epoch 74/100
Training loss: 0.00000 || Validation loss: 27.07020
Epoch 75/100
Training loss: 0.00000 || Validation loss: 26.58298
Epoch 76/100
Training loss: 0.00000 || Validation loss: 26.18796
Epoch 77/100
Training loss: 0.00000 || Validation loss: 25.88697
Epoch 78/100
Training loss: 0.01127 || Validation loss: 25.69867
Epoch 79/100
Training loss: 0.00000 || Validation loss: 25.68743
Epoch 80/100
Training loss: 0.00000 || Validation loss: 25.86123
Epoch 81/100
Training loss: 0.00000 || Validation loss: 26.25120
Epoch 82/100
Training loss: 0.00000 || Validation loss: 26.89156
Epoch 83/100
Training loss: 0.00000 || Validation loss: 27.81528
Epoch 84/100
Training loss: 0.00000 || Validation loss: 29.05618
Epoch 85/100
Training loss: 0.00000 || Validation loss: 30.63959
Epoch 86/100
Training loss: 0.00000 || Validation loss: 32.59141
Epoch 87/100
Training loss: 0.00000 || Validation loss: 34.92455
Epoch 88/100
Training loss: 0.00000 || Validation loss: 37.64628
Epoch 89/100
Training loss: 0.00000 || Validation loss: 40.76067
Epoch 90/100
Training loss: 0.00000 || Validation loss: 44.26062
Epoch 91/100
Training loss: 0.00000 || Validation loss: 48.10318
Epoch 92/100
Training loss: 0.00000 || Validation loss: 52.25636
Epoch 93/100
Training loss: 0.00000 || Validation loss: 56.67317
Epoch 94/100
Training loss: 0.00000 || Validation loss: 61.28387
Epoch 95/100
Training loss: 0.00000 || Validation loss: 66.04205
Epoch 96/100
Training loss: 0.00002 || Validation loss: 70.84843
Epoch 97/100
Training loss: 0.00000 || Validation loss: 75.63932
Epoch 98/100
Training loss: 0.00024 || Validation loss: 80.35523
Epoch 99/100
Training loss: 0.00000 || Validation loss: 84.88799
Epoch 100/100
Training loss: 0.00000 || Validation loss: 89.19746
Best model for fold 1 saved from epoch 6 with f1 8.57975
Final training loss: 0.00000 || Final test loss: 89.19746
Fold 2
Model loaded successfully from ./pretrained_model/64_to_256_3layers.ckpt
device : cuda
Model not found at ./model/city_and_forest_co_training_wba_value_16frames/piece_size_40_fix_False_pretrained_True/fold_2/fly_model.ckpt
튜플 파일을 불러오는 중 문제가 발생했습니다 (./model/city_and_forest_co_training_wba_value_16frames/piece_size_40_fix_False_pretrained_True/fold_2): [Errno 2] No such file or directory: './model/city_and_forest_co_training_wba_value_16frames/piece_size_40_fix_False_pretrained_True/fold_2/training_tuples.pkl'
Epoch 1/100
Training loss: 40.92070 || Validation loss: 23.86587
New best model saved at epoch 1 with loss 23.86587
Epoch 2/100
Training loss: 4.37665 || Validation loss: 17.57858
New best model saved at epoch 2 with loss 17.57858
Epoch 3/100
Training loss: 1.58591 || Validation loss: 11.63033
New best model saved at epoch 3 with loss 11.63033
Epoch 4/100
Training loss: 0.92890 || Validation loss: 7.89240
New best model saved at epoch 4 with loss 7.89240
Epoch 5/100
Training loss: 0.49120 || Validation loss: 5.95467
New best model saved at epoch 5 with loss 5.95467
Epoch 6/100
Training loss: 0.25812 || Validation loss: 5.36371
New best model saved at epoch 6 with loss 5.36371
Epoch 7/100
Training loss: 0.10651 || Validation loss: 5.15560
New best model saved at epoch 7 with loss 5.15560
Epoch 8/100
Training loss: 0.06040 || Validation loss: 5.14581
New best model saved at epoch 8 with loss 5.14581
Epoch 9/100
Training loss: 0.03496 || Validation loss: 4.84026
New best model saved at epoch 9 with loss 4.84026
Epoch 10/100
Training loss: 0.01015 || Validation loss: 4.80829
New best model saved at epoch 10 with loss 4.80829
Epoch 11/100
Training loss: 0.00177 || Validation loss: 5.03197
Epoch 12/100
Training loss: 0.00048 || Validation loss: 5.33566
Epoch 13/100
Training loss: 0.00020 || Validation loss: 4.75971
New best model saved at epoch 13 with loss 4.75971
Epoch 14/100
Training loss: 0.00013 || Validation loss: 5.25721
Epoch 15/100
Training loss: 0.00000 || Validation loss: 5.22784
Epoch 16/100
Training loss: 0.00000 || Validation loss: 5.21035
Epoch 17/100
Training loss: 0.00000 || Validation loss: 4.79837
Epoch 18/100
Training loss: 0.00000 || Validation loss: 4.85316
Epoch 19/100
Training loss: 0.00000 || Validation loss: 5.06873
Epoch 20/100
Training loss: 0.00000 || Validation loss: 5.26047
Epoch 21/100
Training loss: 0.00000 || Validation loss: 5.28575
Epoch 22/100
Training loss: 0.00000 || Validation loss: 4.91650
Epoch 23/100
Training loss: 0.00000 || Validation loss: 5.48621
Epoch 24/100
Training loss: 0.00000 || Validation loss: 5.09932
Epoch 25/100
Training loss: 0.00000 || Validation loss: 5.06015
Epoch 26/100
Training loss: 0.00000 || Validation loss: 5.07247
Epoch 27/100
Training loss: 0.00000 || Validation loss: 5.23479
Epoch 28/100
Training loss: 0.00000 || Validation loss: 5.32412
Epoch 29/100
Training loss: 0.00000 || Validation loss: 4.82758
Epoch 30/100
Training loss: 0.00000 || Validation loss: 5.08471
Epoch 31/100
Training loss: 0.00000 || Validation loss: 5.06044
Epoch 32/100
Training loss: 0.00000 || Validation loss: 5.25800
Epoch 33/100
Training loss: 0.00000 || Validation loss: 5.08200
Epoch 34/100
Training loss: 0.00000 || Validation loss: 4.92622
Epoch 35/100
Training loss: 0.00000 || Validation loss: 5.02714
Epoch 36/100
Training loss: 0.00000 || Validation loss: 5.01300
Epoch 37/100
Training loss: 0.00000 || Validation loss: 4.86383
Epoch 38/100
Training loss: 0.00000 || Validation loss: 5.15023
Epoch 39/100
Training loss: 0.00000 || Validation loss: 4.92493
Epoch 40/100
Training loss: 0.00000 || Validation loss: 5.00210
Epoch 41/100
Training loss: 0.00000 || Validation loss: 4.94222
Epoch 42/100
Training loss: 0.00002 || Validation loss: 4.69365
New best model saved at epoch 42 with loss 4.69365
Epoch 43/100
Training loss: 0.00003 || Validation loss: 4.88077
Epoch 44/100
Training loss: 0.00430 || Validation loss: 4.45685
New best model saved at epoch 44 with loss 4.45685
Epoch 45/100
Training loss: 0.00000 || Validation loss: 4.26608
New best model saved at epoch 45 with loss 4.26608
Epoch 46/100
Training loss: 0.00000 || Validation loss: 4.36792
Epoch 47/100
Training loss: 0.00000 || Validation loss: 4.39057
Epoch 48/100
Training loss: 0.00000 || Validation loss: 4.51123
Epoch 49/100
Training loss: 0.00000 || Validation loss: 4.34568
Epoch 50/100
Training loss: 0.00000 || Validation loss: 4.39889
Epoch 51/100
Training loss: 0.00000 || Validation loss: 4.45675
Epoch 52/100
Training loss: 0.00000 || Validation loss: 4.48298
Epoch 53/100
Training loss: 0.00000 || Validation loss: 4.28284
Epoch 54/100
Training loss: 0.00000 || Validation loss: 4.64259
Epoch 55/100
Training loss: 0.00000 || Validation loss: 4.37491
Epoch 56/100
Training loss: 0.00000 || Validation loss: 4.33649
Epoch 57/100
Training loss: 0.00015 || Validation loss: 4.16334
New best model saved at epoch 57 with loss 4.16334
Epoch 58/100
Training loss: 0.00000 || Validation loss: 4.27499
Epoch 59/100
Training loss: 0.00006 || Validation loss: 4.39469
Epoch 60/100
Training loss: 0.08480 || Validation loss: 4.58994
Epoch 61/100
Training loss: 0.00212 || Validation loss: 4.53437
Epoch 62/100
Training loss: 0.00000 || Validation loss: 4.56677
Epoch 63/100
Training loss: 0.00000 || Validation loss: 4.60157
Epoch 64/100
Training loss: 0.00000 || Validation loss: 4.63943
Epoch 65/100
Training loss: 0.00000 || Validation loss: 4.69641
Epoch 66/100
Training loss: 0.00000 || Validation loss: 4.76867
Epoch 67/100
Training loss: 0.00000 || Validation loss: 4.86925
Epoch 68/100
Training loss: 0.00000 || Validation loss: 4.98937
Epoch 69/100
Training loss: 0.00000 || Validation loss: 5.13281
Epoch 70/100
Training loss: 0.00000 || Validation loss: 5.32343
Epoch 71/100
Training loss: 0.00000 || Validation loss: 5.55345
Epoch 72/100
Training loss: 0.00000 || Validation loss: 5.83858
Epoch 73/100
Training loss: 0.00000 || Validation loss: 6.17980
Epoch 74/100
Training loss: 0.00000 || Validation loss: 6.60899
Epoch 75/100
Training loss: 0.00000 || Validation loss: 7.11448
Epoch 76/100
Training loss: 0.00000 || Validation loss: 7.73240
Epoch 77/100
Training loss: 0.00000 || Validation loss: 8.46572
Epoch 78/100
Training loss: 0.00000 || Validation loss: 9.33607
Epoch 79/100
Training loss: 0.00000 || Validation loss: 10.38133
Epoch 80/100
Training loss: 0.00000 || Validation loss: 11.60032
Epoch 81/100
Training loss: 0.00000 || Validation loss: 13.02023
Epoch 82/100
Training loss: 0.00000 || Validation loss: 14.66569
Epoch 83/100
Training loss: 0.00008 || Validation loss: 16.79512
Epoch 84/100
Training loss: 0.00017 || Validation loss: 18.84768
Epoch 85/100
Training loss: 0.00000 || Validation loss: 21.45745
Epoch 86/100
Training loss: 0.00000 || Validation loss: 24.35223
Epoch 87/100
Training loss: 0.00364 || Validation loss: 27.46320
Epoch 88/100
Training loss: 0.00000 || Validation loss: 30.91289
Epoch 89/100
Training loss: 0.00000 || Validation loss: 34.68775
Epoch 90/100
Training loss: 0.00000 || Validation loss: 38.78050
Epoch 91/100
Training loss: 0.00000 || Validation loss: 43.17238
Epoch 92/100
Training loss: 0.00000 || Validation loss: 47.83744
Epoch 93/100
Training loss: 0.00000 || Validation loss: 52.73823
Epoch 94/100
Training loss: 0.00000 || Validation loss: 57.84287
Epoch 95/100
Training loss: 0.00000 || Validation loss: 63.10974
Epoch 96/100
Training loss: 0.00001 || Validation loss: 68.44308
Epoch 97/100
Training loss: 0.00000 || Validation loss: 73.80442
Epoch 98/100
Training loss: 0.00541 || Validation loss: 79.41305
Epoch 99/100
Training loss: 0.00000 || Validation loss: 84.37717
Epoch 100/100
Training loss: 0.00000 || Validation loss: 89.41722
Best model for fold 2 saved from epoch 57 with f1 4.16334
Final training loss: 0.00000 || Final test loss: 89.41722
Fold 3
Model loaded successfully from ./pretrained_model/64_to_256_3layers.ckpt
device : cuda
Model not found at ./model/city_and_forest_co_training_wba_value_16frames/piece_size_40_fix_False_pretrained_True/fold_3/fly_model.ckpt
튜플 파일을 불러오는 중 문제가 발생했습니다 (./model/city_and_forest_co_training_wba_value_16frames/piece_size_40_fix_False_pretrained_True/fold_3): [Errno 2] No such file or directory: './model/city_and_forest_co_training_wba_value_16frames/piece_size_40_fix_False_pretrained_True/fold_3/training_tuples.pkl'
Epoch 1/100
Training loss: 35.91822 || Validation loss: 26.89072
New best model saved at epoch 1 with loss 26.89072
Epoch 2/100
Training loss: 3.53218 || Validation loss: 13.85634
New best model saved at epoch 2 with loss 13.85634
Epoch 3/100
Training loss: 1.39181 || Validation loss: 9.23760
New best model saved at epoch 3 with loss 9.23760
Epoch 4/100
Training loss: 0.90278 || Validation loss: 6.70520
New best model saved at epoch 4 with loss 6.70520
Epoch 5/100
Training loss: 0.74587 || Validation loss: 5.85194
New best model saved at epoch 5 with loss 5.85194
Epoch 6/100
Training loss: 0.52956 || Validation loss: 6.49990
Epoch 7/100
Training loss: 0.45691 || Validation loss: 6.99082
Epoch 8/100
Training loss: 0.30976 || Validation loss: 8.21677
Epoch 9/100
Training loss: 0.16897 || Validation loss: 12.64566
Epoch 10/100
Training loss: 0.11423 || Validation loss: 17.80084
Epoch 11/100
Training loss: 0.03694 || Validation loss: 21.60117
Epoch 12/100
Training loss: 0.01744 || Validation loss: 25.77583
Epoch 13/100
Training loss: 0.01009 || Validation loss: 26.98248
Epoch 14/100
Training loss: 0.00259 || Validation loss: 31.63651
Epoch 15/100
Training loss: 0.00160 || Validation loss: 30.91369
Epoch 16/100
Training loss: 0.00033 || Validation loss: 31.02258
Epoch 17/100
Training loss: 0.00269 || Validation loss: 32.10639
Epoch 18/100
Training loss: 0.00005 || Validation loss: 31.22926
Epoch 19/100
Training loss: 0.00000 || Validation loss: 32.80203
Epoch 20/100
Training loss: 0.00000 || Validation loss: 30.19808
Epoch 21/100
Training loss: 0.00000 || Validation loss: 31.09588
Epoch 22/100
Training loss: 0.00000 || Validation loss: 29.90232
Epoch 23/100
Training loss: 0.00000 || Validation loss: 28.40794
Epoch 24/100
Training loss: 0.00000 || Validation loss: 29.59403
Epoch 25/100
Training loss: 0.00000 || Validation loss: 29.85340
Epoch 26/100
Training loss: 0.00000 || Validation loss: 30.95513
Epoch 27/100
Training loss: 0.00000 || Validation loss: 31.23438
Epoch 28/100
Training loss: 0.00000 || Validation loss: 30.63580
Epoch 29/100
Training loss: 0.00000 || Validation loss: 32.11989
Epoch 30/100
Training loss: 0.00000 || Validation loss: 30.82664
Epoch 31/100
Training loss: 0.00000 || Validation loss: 30.65964
Epoch 32/100
Training loss: 0.00000 || Validation loss: 31.08640
Epoch 33/100
Training loss: 0.00000 || Validation loss: 33.52003
Epoch 34/100
Training loss: 0.00000 || Validation loss: 30.58967
Epoch 35/100
Training loss: 0.00000 || Validation loss: 30.62305
Epoch 36/100
Training loss: 0.00000 || Validation loss: 31.52257
Epoch 37/100
Training loss: 0.00000 || Validation loss: 31.36005
Epoch 38/100
Training loss: 0.00000 || Validation loss: 32.27791
Epoch 39/100
Training loss: 0.00000 || Validation loss: 30.25214
Epoch 40/100
Training loss: 0.00000 || Validation loss: 32.04091
Epoch 41/100
Training loss: 0.00000 || Validation loss: 30.13754
Epoch 42/100
Training loss: 0.00000 || Validation loss: 31.87615
Epoch 43/100
Training loss: 0.00000 || Validation loss: 31.20858
Epoch 44/100
Training loss: 0.00000 || Validation loss: 31.04933
Epoch 45/100
Training loss: 0.00000 || Validation loss: 30.94434
Epoch 46/100
Training loss: 0.00000 || Validation loss: 31.69757
Epoch 47/100
Training loss: 0.00000 || Validation loss: 31.63549
Epoch 48/100
Training loss: 0.00000 || Validation loss: 32.52823
Epoch 49/100
Training loss: 0.00000 || Validation loss: 31.54810
Epoch 50/100
Training loss: 0.00854 || Validation loss: 45.16885
Epoch 51/100
Training loss: 0.00000 || Validation loss: 45.16351
Epoch 52/100
Training loss: 0.00000 || Validation loss: 45.19343
Epoch 53/100
Training loss: 0.00000 || Validation loss: 44.96616
Epoch 54/100
Training loss: 0.00000 || Validation loss: 45.08447
Epoch 55/100
Training loss: 0.00000 || Validation loss: 45.17806
Epoch 56/100
Training loss: 0.00000 || Validation loss: 44.98847
Epoch 57/100
Training loss: 0.00000 || Validation loss: 44.98547
Epoch 58/100
Training loss: 0.00000 || Validation loss: 44.84559
Epoch 59/100
Training loss: 0.00000 || Validation loss: 44.86909
Epoch 60/100
Training loss: 0.00000 || Validation loss: 44.64440
Epoch 61/100
Training loss: 0.00000 || Validation loss: 44.67898
Epoch 62/100
Training loss: 0.00000 || Validation loss: 44.49867
Epoch 63/100
Training loss: 0.00000 || Validation loss: 44.60143
Epoch 64/100
Training loss: 0.00000 || Validation loss: 44.37181
Epoch 65/100
Training loss: 0.00000 || Validation loss: 44.20826
Epoch 66/100
Training loss: 0.00000 || Validation loss: 44.13160
Epoch 67/100
Training loss: 0.00000 || Validation loss: 44.01525
Epoch 68/100
Training loss: 0.00000 || Validation loss: 44.02310
Epoch 69/100
Training loss: 0.00000 || Validation loss: 43.99267
Epoch 70/100
Training loss: 0.00000 || Validation loss: 43.95583
Epoch 71/100
Training loss: 0.00000 || Validation loss: 43.87502
Epoch 72/100
Training loss: 0.00000 || Validation loss: 44.02164
Epoch 73/100
Training loss: 0.01772 || Validation loss: 44.49342
Epoch 74/100
Training loss: 0.00000 || Validation loss: 44.53054
Epoch 75/100
Training loss: 0.00000 || Validation loss: 44.64484
Epoch 76/100
Training loss: 0.00000 || Validation loss: 44.74132
Epoch 77/100
Training loss: 0.00000 || Validation loss: 44.94767
Epoch 78/100
Training loss: 0.00000 || Validation loss: 45.19480
Epoch 79/100
Training loss: 0.00000 || Validation loss: 45.54909
Epoch 80/100
Training loss: 0.00000 || Validation loss: 46.00386
Epoch 81/100
Training loss: 0.00000 || Validation loss: 46.53186
Epoch 82/100
Training loss: 0.00000 || Validation loss: 47.25747
Epoch 83/100
Training loss: 0.00000 || Validation loss: 48.00904
Epoch 84/100
Training loss: 0.00000 || Validation loss: 48.91924
Epoch 85/100
Training loss: 0.00000 || Validation loss: 49.94696
Epoch 86/100
Training loss: 0.00000 || Validation loss: 51.14170
Epoch 87/100
Training loss: 0.00000 || Validation loss: 52.42846
Epoch 88/100
Training loss: 0.00000 || Validation loss: 53.79746
Epoch 89/100
Training loss: 0.00000 || Validation loss: 55.32996
Epoch 90/100
Training loss: 0.00000 || Validation loss: 56.99140
Epoch 91/100
Training loss: 0.00000 || Validation loss: 58.69871
Epoch 92/100
Training loss: 0.00000 || Validation loss: 60.52352
Epoch 93/100
Training loss: 0.00180 || Validation loss: 62.25187
Epoch 94/100
Training loss: 0.00000 || Validation loss: 64.12963
Epoch 95/100
Training loss: 0.00000 || Validation loss: 66.01781
Epoch 96/100
Training loss: 0.00000 || Validation loss: 67.89764
Epoch 97/100
Training loss: 0.00000 || Validation loss: 69.73237
Epoch 98/100
Training loss: 0.00000 || Validation loss: 71.52458
Epoch 99/100
Training loss: 0.00000 || Validation loss: 73.18469
Epoch 100/100
Training loss: 0.00000 || Validation loss: 74.75872
Best model for fold 3 saved from epoch 5 with f1 5.85194
Final training loss: 0.00000 || Final test loss: 74.75872
All fold val losses: [8.579753041267395, 4.163343846797943, 5.851940393447876]
Average val loss: 6.19835
./naturalistic/01_Bird.avi                                   Loaded : (5, 3596, 64, 128, 1)
./naturalistic/02_City.avi                                   Loaded : (5, 3596, 64, 128, 1)
./naturalistic/03_Forest.avi                                 Loaded : (5, 3596, 64, 128, 1)
Video is allocated on memory!
Shape : (3, 3596, 64, 128, 5)
device : cuda
load model
epoch : 4
learning rate : 0.0001
device : cuda
load model
epoch : 4
learning rate : 0.0001
device : cuda
load model
epoch : 5
learning rate : 0.0001
device : cuda
load model
epoch : 6
learning rate : 0.0001
device : cuda
load model
epoch : 5
learning rate : 0.0001
프레임 0/3593 처리 중...
프레임 100/3593 처리 중...
프레임 200/3593 처리 중...
프레임 300/3593 처리 중...
프레임 400/3593 처리 중...
프레임 500/3593 처리 중...
프레임 600/3593 처리 중...
프레임 700/3593 처리 중...
프레임 800/3593 처리 중...
프레임 900/3593 처리 중...
프레임 1000/3593 처리 중...
프레임 1100/3593 처리 중...
프레임 1200/3593 처리 중...
프레임 1300/3593 처리 중...
프레임 1400/3593 처리 중...
프레임 1500/3593 처리 중...
프레임 1600/3593 처리 중...
프레임 1700/3593 처리 중...
프레임 1800/3593 처리 중...
프레임 1900/3593 처리 중...
프레임 2000/3593 처리 중...
프레임 2100/3593 처리 중...
프레임 2200/3593 처리 중...
프레임 2300/3593 처리 중...
프레임 2400/3593 처리 중...
프레임 2500/3593 처리 중...
프레임 2600/3593 처리 중...
프레임 2700/3593 처리 중...
프레임 2800/3593 처리 중...
프레임 2900/3593 처리 중...
프레임 3000/3593 처리 중...
프레임 3100/3593 처리 중...
프레임 3200/3593 처리 중...
프레임 3300/3593 처리 중...
프레임 3400/3593 처리 중...
프레임 3500/3593 처리 중...
성공적으로 저장되었습니다: ./visualization_video/city_city_and_forest_co_training_wba_value_16frames_fix_False_pretrained_True.avi
./naturalistic/01_Bird.avi                                   Loaded : (5, 3596, 64, 128, 1)
./naturalistic/02_City.avi                                   Loaded : (5, 3596, 64, 128, 1)
./naturalistic/03_Forest.avi                                 Loaded : (5, 3596, 64, 128, 1)
Video is allocated on memory!
Shape : (3, 3596, 64, 128, 5)
device : cuda
load model
epoch : 4
learning rate : 0.0001
device : cuda
load model
epoch : 4
learning rate : 0.0001
device : cuda
load model
epoch : 5
learning rate : 0.0001
device : cuda
load model
epoch : 6
learning rate : 0.0001
device : cuda
load model
epoch : 5
learning rate : 0.0001
프레임 0/3593 처리 중...
프레임 100/3593 처리 중...
프레임 200/3593 처리 중...
프레임 300/3593 처리 중...
프레임 400/3593 처리 중...
프레임 500/3593 처리 중...
프레임 600/3593 처리 중...
프레임 700/3593 처리 중...
프레임 800/3593 처리 중...
프레임 900/3593 처리 중...
프레임 1000/3593 처리 중...
프레임 1100/3593 처리 중...
프레임 1200/3593 처리 중...
프레임 1300/3593 처리 중...
프레임 1400/3593 처리 중...
프레임 1500/3593 처리 중...
프레임 1600/3593 처리 중...
프레임 1700/3593 처리 중...
프레임 1800/3593 처리 중...
프레임 1900/3593 처리 중...
프레임 2000/3593 처리 중...
프레임 2100/3593 처리 중...
프레임 2200/3593 처리 중...
프레임 2300/3593 처리 중...
프레임 2400/3593 처리 중...
프레임 2500/3593 처리 중...
프레임 2600/3593 처리 중...
프레임 2700/3593 처리 중...
프레임 2800/3593 처리 중...
프레임 2900/3593 처리 중...
프레임 3000/3593 처리 중...
프레임 3100/3593 처리 중...
프레임 3200/3593 처리 중...
프레임 3300/3593 처리 중...
프레임 3400/3593 처리 중...
프레임 3500/3593 처리 중...
성공적으로 저장되었습니다: ./visualization_video/forest_city_and_forest_co_training_wba_value_16frames_fix_False_pretrained_True.avi
Fold 1
device : cuda
Model not found at ./model/city_and_forest_co_training_wba_value_16frames/piece_size_1_fix_False_pretrained_False/fold_1/fly_model.ckpt
튜플 파일을 불러오는 중 문제가 발생했습니다 (./model/city_and_forest_co_training_wba_value_16frames/piece_size_1_fix_False_pretrained_False/fold_1): [Errno 2] No such file or directory: './model/city_and_forest_co_training_wba_value_16frames/piece_size_1_fix_False_pretrained_False/fold_1/training_tuples.pkl'
Epoch 1/100
Training loss: 45.52085 || Validation loss: 11.26756
New best model saved at epoch 1 with loss 11.26756
First epoch took 13.44 seconds.
Estimated total program duration: 5.60 hours
Estimated program end time (KST): 2024/11/22 12:54:56
Epoch 2/100
Training loss: 4.47597 || Validation loss: 8.54971
New best model saved at epoch 2 with loss 8.54971
Epoch 3/100
Training loss: 1.87290 || Validation loss: 8.03276
New best model saved at epoch 3 with loss 8.03276
Epoch 4/100
Training loss: 1.08758 || Validation loss: 7.15149
New best model saved at epoch 4 with loss 7.15149
Epoch 5/100
Training loss: 0.84719 || Validation loss: 6.46649
New best model saved at epoch 5 with loss 6.46649
Epoch 6/100
Training loss: 0.66816 || Validation loss: 5.50345
New best model saved at epoch 6 with loss 5.50345
Epoch 7/100
Training loss: 0.42427 || Validation loss: 7.02664
Epoch 8/100
Training loss: 0.26214 || Validation loss: 9.73802
Epoch 9/100
Training loss: 0.13725 || Validation loss: 12.33513
Epoch 10/100
Training loss: 0.06678 || Validation loss: 14.64768
Epoch 11/100
Training loss: 0.04020 || Validation loss: 17.08486
Epoch 12/100
Training loss: 0.01110 || Validation loss: 19.24743
Epoch 13/100
Training loss: 0.00237 || Validation loss: 20.04725
Epoch 14/100
Training loss: 0.00128 || Validation loss: 21.04504
Epoch 15/100
Training loss: 0.00004 || Validation loss: 20.84345
Epoch 16/100
Training loss: 0.00001 || Validation loss: 19.66618
Epoch 17/100
Training loss: 0.00000 || Validation loss: 19.39034
Epoch 18/100
Training loss: 0.00000 || Validation loss: 20.36335
Epoch 19/100
Training loss: 0.00000 || Validation loss: 20.42906
Epoch 20/100
Training loss: 0.00000 || Validation loss: 20.63825
Epoch 21/100
Training loss: 0.00000 || Validation loss: 19.86091
Epoch 22/100
Training loss: 0.00000 || Validation loss: 19.37780
Epoch 23/100
Training loss: 0.00000 || Validation loss: 20.86489
Epoch 24/100
Training loss: 0.00000 || Validation loss: 18.77132
Epoch 25/100
Training loss: 0.00000 || Validation loss: 21.18475
Epoch 26/100
Training loss: 0.00000 || Validation loss: 18.81562
Epoch 27/100
Training loss: 0.00000 || Validation loss: 20.41387
Epoch 28/100
Training loss: 0.00000 || Validation loss: 19.63943
Epoch 29/100
Training loss: 0.00000 || Validation loss: 21.25218
Epoch 30/100
Training loss: 0.00000 || Validation loss: 20.47263
Epoch 31/100
Training loss: 0.00000 || Validation loss: 19.31408
Epoch 32/100
Training loss: 0.00000 || Validation loss: 20.41723
Epoch 33/100
Training loss: 0.00000 || Validation loss: 21.10540
Epoch 34/100
Training loss: 0.00000 || Validation loss: 19.49478
Epoch 35/100
Training loss: 0.00000 || Validation loss: 19.76593
Epoch 36/100
Training loss: 0.00000 || Validation loss: 20.57375
Epoch 37/100
Training loss: 0.00000 || Validation loss: 20.53560
Epoch 38/100
Training loss: 0.00000 || Validation loss: 20.09338
Epoch 39/100
Training loss: 0.00000 || Validation loss: 19.29345
Epoch 40/100
Training loss: 0.00000 || Validation loss: 20.21799
Epoch 41/100
Training loss: 0.00000 || Validation loss: 21.21837
Epoch 42/100
Training loss: 0.00000 || Validation loss: 19.46517
Epoch 43/100
Training loss: 0.00000 || Validation loss: 20.64575
Epoch 44/100
Training loss: 0.00000 || Validation loss: 19.92696
Epoch 45/100
Training loss: 0.00000 || Validation loss: 21.58784
Epoch 46/100
Training loss: 0.00000 || Validation loss: 19.72148
Epoch 47/100
Training loss: 0.00000 || Validation loss: 20.40131
Epoch 48/100
Training loss: 0.00000 || Validation loss: 21.27136
Epoch 49/100
Training loss: 0.00000 || Validation loss: 20.98130
Epoch 50/100
Training loss: 0.00000 || Validation loss: 20.51107
Epoch 51/100
Training loss: 0.00000 || Validation loss: 21.28424
Epoch 52/100
Training loss: 0.00000 || Validation loss: 20.66394
Epoch 53/100
Training loss: 0.00000 || Validation loss: 21.48507
Epoch 54/100
Training loss: 0.00000 || Validation loss: 21.40008
Epoch 55/100
Training loss: 0.00000 || Validation loss: 22.02888
Epoch 56/100
Training loss: 0.00002 || Validation loss: 21.75954
Epoch 57/100
Training loss: 0.00000 || Validation loss: 21.22627
Epoch 58/100
Training loss: 0.00003 || Validation loss: 21.70237
Epoch 59/100
Training loss: 0.00333 || Validation loss: 24.06217
Epoch 60/100
Training loss: 0.00000 || Validation loss: 24.54730
Epoch 61/100
Training loss: 0.00000 || Validation loss: 25.09494
Epoch 62/100
Training loss: 0.00000 || Validation loss: 25.06052
Epoch 63/100
Training loss: 0.00000 || Validation loss: 24.15613
Epoch 64/100
Training loss: 0.00000 || Validation loss: 25.67552
Epoch 65/100
Training loss: 0.00000 || Validation loss: 26.52214
Epoch 66/100
Training loss: 0.00000 || Validation loss: 25.17018
Epoch 67/100
Training loss: 0.00000 || Validation loss: 26.16161
Epoch 68/100
Training loss: 0.00000 || Validation loss: 24.08030
Epoch 69/100
Training loss: 0.00000 || Validation loss: 24.13820
Epoch 70/100
Training loss: 0.00000 || Validation loss: 24.99116
Epoch 71/100
Training loss: 0.00000 || Validation loss: 25.23669
Epoch 72/100
Training loss: 0.00000 || Validation loss: 23.84289
Epoch 73/100
Training loss: 0.00000 || Validation loss: 24.21897
Epoch 74/100
Training loss: 0.00000 || Validation loss: 24.72555
Epoch 75/100
Training loss: 0.00000 || Validation loss: 25.03659
Epoch 76/100
Training loss: 0.00002 || Validation loss: 24.61281
Epoch 77/100
Training loss: 0.00006 || Validation loss: 24.86323
Epoch 78/100
Training loss: 0.00000 || Validation loss: 25.21341
Epoch 79/100
Training loss: 0.00009 || Validation loss: 23.95490
Epoch 80/100
Training loss: 0.00000 || Validation loss: 25.38855
Epoch 81/100
Training loss: 0.00000 || Validation loss: 24.87441
Epoch 82/100
Training loss: 0.00011 || Validation loss: 25.56557
Epoch 83/100
Training loss: 0.00000 || Validation loss: 24.66736
Epoch 84/100
Training loss: 0.00000 || Validation loss: 25.25702
Epoch 85/100
Training loss: 0.00007 || Validation loss: 25.83882
Epoch 86/100
Training loss: 0.00015 || Validation loss: 24.56946
Epoch 87/100
Training loss: 0.00000 || Validation loss: 26.79660
Epoch 88/100
Training loss: 0.00000 || Validation loss: 26.55371
Epoch 89/100
Training loss: 0.00000 || Validation loss: 26.28252
Epoch 90/100
Training loss: 0.00000 || Validation loss: 26.14682
Epoch 91/100
Training loss: 0.00027 || Validation loss: 27.93974
Epoch 92/100
Training loss: 0.00000 || Validation loss: 27.05720
Epoch 93/100
Training loss: 0.00000 || Validation loss: 26.65032
Epoch 94/100
Training loss: 0.00000 || Validation loss: 26.73937
Epoch 95/100
Training loss: 0.00000 || Validation loss: 27.97790
Epoch 96/100
Training loss: 0.00000 || Validation loss: 29.45124
Epoch 97/100
Training loss: 0.02491 || Validation loss: 28.91795
Epoch 98/100
Training loss: 0.00001 || Validation loss: 29.94568
Epoch 99/100
Training loss: 0.00000 || Validation loss: 31.18935
Epoch 100/100
Training loss: 0.00000 || Validation loss: 32.57574
Best model for fold 1 saved from epoch 6 with f1 5.50345
Final training loss: 0.00000 || Final test loss: 32.57574
Fold 2
device : cuda
Model not found at ./model/city_and_forest_co_training_wba_value_16frames/piece_size_1_fix_False_pretrained_False/fold_2/fly_model.ckpt
튜플 파일을 불러오는 중 문제가 발생했습니다 (./model/city_and_forest_co_training_wba_value_16frames/piece_size_1_fix_False_pretrained_False/fold_2): [Errno 2] No such file or directory: './model/city_and_forest_co_training_wba_value_16frames/piece_size_1_fix_False_pretrained_False/fold_2/training_tuples.pkl'
Epoch 1/100
Training loss: 47.49337 || Validation loss: 13.66311
New best model saved at epoch 1 with loss 13.66311
Epoch 2/100
Training loss: 4.88455 || Validation loss: 8.97544
New best model saved at epoch 2 with loss 8.97544
Epoch 3/100
Training loss: 2.08268 || Validation loss: 9.79390
Epoch 4/100
Training loss: 1.22539 || Validation loss: 6.79835
New best model saved at epoch 4 with loss 6.79835
Epoch 5/100
Training loss: 0.82128 || Validation loss: 5.99897
New best model saved at epoch 5 with loss 5.99897
Epoch 6/100
Training loss: 0.71016 || Validation loss: 6.70502
Epoch 7/100
Training loss: 0.54806 || Validation loss: 6.79328
Epoch 8/100
Training loss: 0.38898 || Validation loss: 9.13920
Epoch 9/100
Training loss: 0.29313 || Validation loss: 14.70268
Epoch 10/100
Training loss: 0.14419 || Validation loss: 22.22838
Epoch 11/100
Training loss: 0.06231 || Validation loss: 30.13949
Epoch 12/100
Training loss: 0.04407 || Validation loss: 35.12855
Epoch 13/100
Training loss: 0.00734 || Validation loss: 39.65764
Epoch 14/100
Training loss: 0.00335 || Validation loss: 45.04323
Epoch 15/100
Training loss: 0.00026 || Validation loss: 42.67110
Epoch 16/100
Training loss: 0.00001 || Validation loss: 41.81862
Epoch 17/100
Training loss: 0.00000 || Validation loss: 46.06481
Epoch 18/100
Training loss: 0.00000 || Validation loss: 42.39481
Epoch 19/100
Training loss: 0.00000 || Validation loss: 43.62975
Epoch 20/100
Training loss: 0.00000 || Validation loss: 45.17782
Epoch 21/100
Training loss: 0.00000 || Validation loss: 42.72932
Epoch 22/100
Training loss: 0.00000 || Validation loss: 42.10962
Epoch 23/100
Training loss: 0.00000 || Validation loss: 44.11912
Epoch 24/100
Training loss: 0.00000 || Validation loss: 43.14809
Epoch 25/100
Training loss: 0.00000 || Validation loss: 42.23807
Epoch 26/100
Training loss: 0.00000 || Validation loss: 44.61761
Epoch 27/100
Training loss: 0.00000 || Validation loss: 41.60137
Epoch 28/100
Training loss: 0.00000 || Validation loss: 41.81181
Epoch 29/100
Training loss: 0.00000 || Validation loss: 43.51036
Epoch 30/100
Training loss: 0.00000 || Validation loss: 43.26055
Epoch 31/100
Training loss: 0.00000 || Validation loss: 44.23161
Epoch 32/100
Training loss: 0.00000 || Validation loss: 42.89141
Epoch 33/100
Training loss: 0.00000 || Validation loss: 42.91594
Epoch 34/100
Training loss: 0.00000 || Validation loss: 45.64150
Epoch 35/100
Training loss: 0.00000 || Validation loss: 44.91033
Epoch 36/100
Training loss: 0.00000 || Validation loss: 44.63921
Epoch 37/100
Training loss: 0.00000 || Validation loss: 46.27918
Epoch 38/100
Training loss: 0.00000 || Validation loss: 42.26789
Epoch 39/100
Training loss: 0.00000 || Validation loss: 47.56620
Epoch 40/100
Training loss: 0.00000 || Validation loss: 43.75104
Epoch 41/100
Training loss: 0.00000 || Validation loss: 43.98540
Epoch 42/100
Training loss: 0.00000 || Validation loss: 46.05844
Epoch 43/100
Training loss: 0.00000 || Validation loss: 45.20074
Epoch 44/100
Training loss: 0.00000 || Validation loss: 43.85061
Epoch 45/100
Training loss: 0.00000 || Validation loss: 43.54427
Epoch 46/100
Training loss: 0.00000 || Validation loss: 44.34456
Epoch 47/100
Training loss: 0.00000 || Validation loss: 44.92559
Epoch 48/100
Training loss: 0.00000 || Validation loss: 47.20657
Epoch 49/100
Training loss: 0.00000 || Validation loss: 43.84845
Epoch 50/100
Training loss: 0.00000 || Validation loss: 48.32000
Epoch 51/100
Training loss: 0.00000 || Validation loss: 44.04646
Epoch 52/100
Training loss: 0.00000 || Validation loss: 45.40404
Epoch 53/100
Training loss: 0.00000 || Validation loss: 44.49773
Epoch 54/100
Training loss: 0.00000 || Validation loss: 46.86503
Epoch 55/100
Training loss: 0.00000 || Validation loss: 44.76011
Epoch 56/100
Training loss: 0.00000 || Validation loss: 45.85603
Epoch 57/100
Training loss: 0.00000 || Validation loss: 47.32894
Epoch 58/100
Training loss: 0.00000 || Validation loss: 45.71869
Epoch 59/100
Training loss: 0.00000 || Validation loss: 44.68663
Epoch 60/100
Training loss: 0.00000 || Validation loss: 45.91495
Epoch 61/100
Training loss: 0.00000 || Validation loss: 47.56731
Epoch 62/100
Training loss: 0.00000 || Validation loss: 45.91615
Epoch 63/100
Training loss: 0.00002 || Validation loss: 44.90288
Epoch 64/100
Training loss: 0.00000 || Validation loss: 46.22735
Epoch 65/100
Training loss: 0.00001 || Validation loss: 46.16580
Epoch 66/100
Training loss: 0.20975 || Validation loss: 43.64565
Epoch 67/100
Training loss: 0.00002 || Validation loss: 46.24977
Epoch 68/100
Training loss: 0.00000 || Validation loss: 45.08239
Epoch 69/100
Training loss: 0.00000 || Validation loss: 46.53088
Epoch 70/100
Training loss: 0.00000 || Validation loss: 43.68909
Epoch 71/100
Training loss: 0.00000 || Validation loss: 43.63825
Epoch 72/100
Training loss: 0.00000 || Validation loss: 45.62992
Epoch 73/100
Training loss: 0.00000 || Validation loss: 43.26773
Epoch 74/100
Training loss: 0.00000 || Validation loss: 43.47849
Epoch 75/100
Training loss: 0.00000 || Validation loss: 46.18296
Epoch 76/100
Training loss: 0.00000 || Validation loss: 45.31341
Epoch 77/100
Training loss: 0.00000 || Validation loss: 46.69614
Epoch 78/100
Training loss: 0.00000 || Validation loss: 43.63834
Epoch 79/100
Training loss: 0.00000 || Validation loss: 44.61522
Epoch 80/100
Training loss: 0.00000 || Validation loss: 43.87094
Epoch 81/100
Training loss: 0.00000 || Validation loss: 43.29743
Epoch 82/100
Training loss: 0.00000 || Validation loss: 44.17965
Epoch 83/100
Training loss: 0.00000 || Validation loss: 45.63834
Epoch 84/100
Training loss: 0.00000 || Validation loss: 43.70561
Epoch 85/100
Training loss: 0.00000 || Validation loss: 44.84400
Epoch 86/100
Training loss: 0.00000 || Validation loss: 46.12611
Epoch 87/100
Training loss: 0.00000 || Validation loss: 44.95497
Epoch 88/100
Training loss: 0.00000 || Validation loss: 45.26863
Epoch 89/100
Training loss: 0.00000 || Validation loss: 44.09185
Epoch 90/100
Training loss: 0.00000 || Validation loss: 46.19074
Epoch 91/100
Training loss: 0.00000 || Validation loss: 44.94469
Epoch 92/100
Training loss: 0.00000 || Validation loss: 46.16810
Epoch 93/100
Training loss: 0.00000 || Validation loss: 46.00652
Epoch 94/100
Training loss: 0.00000 || Validation loss: 45.93921
Epoch 95/100
Training loss: 0.00000 || Validation loss: 48.34446
Epoch 96/100
Training loss: 0.00000 || Validation loss: 48.75286
Epoch 97/100
Training loss: 0.00000 || Validation loss: 51.32764
Epoch 98/100
Training loss: 0.00000 || Validation loss: 49.00637
Epoch 99/100
Training loss: 0.00000 || Validation loss: 52.56067
Epoch 100/100
Training loss: 0.00000 || Validation loss: 53.13461
Best model for fold 2 saved from epoch 5 with f1 5.99897
Final training loss: 0.00000 || Final test loss: 53.13461
Fold 3
device : cuda
Model not found at ./model/city_and_forest_co_training_wba_value_16frames/piece_size_1_fix_False_pretrained_False/fold_3/fly_model.ckpt
튜플 파일을 불러오는 중 문제가 발생했습니다 (./model/city_and_forest_co_training_wba_value_16frames/piece_size_1_fix_False_pretrained_False/fold_3): [Errno 2] No such file or directory: './model/city_and_forest_co_training_wba_value_16frames/piece_size_1_fix_False_pretrained_False/fold_3/training_tuples.pkl'
Epoch 1/100
Training loss: 50.75917 || Validation loss: 16.75059
New best model saved at epoch 1 with loss 16.75059
Epoch 2/100
Training loss: 4.55875 || Validation loss: 7.70657
New best model saved at epoch 2 with loss 7.70657
Epoch 3/100
Training loss: 1.92910 || Validation loss: 8.08059
Epoch 4/100
Training loss: 1.22694 || Validation loss: 6.25296
New best model saved at epoch 4 with loss 6.25296
Epoch 5/100
Training loss: 0.80981 || Validation loss: 5.80247
New best model saved at epoch 5 with loss 5.80247
Epoch 6/100
Training loss: 0.62496 || Validation loss: 5.94998
Epoch 7/100
Training loss: 0.42815 || Validation loss: 6.65441
Epoch 8/100
Training loss: 0.32067 || Validation loss: 8.25897
Epoch 9/100
Training loss: 0.22460 || Validation loss: 10.04118
Epoch 10/100
Training loss: 0.13561 || Validation loss: 13.24702
Epoch 11/100
Training loss: 0.09464 || Validation loss: 17.75329
Epoch 12/100
Training loss: 0.04607 || Validation loss: 24.99933
Epoch 13/100
Training loss: 0.02057 || Validation loss: 26.17823
Epoch 14/100
Training loss: 0.00982 || Validation loss: 29.38245
Epoch 15/100
Training loss: 0.00166 || Validation loss: 34.41996
Epoch 16/100
Training loss: 0.00045 || Validation loss: 36.28465
Epoch 17/100
Training loss: 0.00013 || Validation loss: 36.03553
Epoch 18/100
Training loss: 0.00004 || Validation loss: 36.86898
Epoch 19/100
Training loss: 0.00001 || Validation loss: 35.59236
Epoch 20/100
Training loss: 0.00000 || Validation loss: 37.06107
Epoch 21/100
Training loss: 0.00000 || Validation loss: 37.65510
Epoch 22/100
Training loss: 0.00000 || Validation loss: 35.25147
Epoch 23/100
Training loss: 0.00000 || Validation loss: 36.25623
Epoch 24/100
Training loss: 0.00000 || Validation loss: 35.97923
Epoch 25/100
Training loss: 0.00000 || Validation loss: 36.59634
Epoch 26/100
Training loss: 0.00000 || Validation loss: 36.59197
Epoch 27/100
Training loss: 0.00000 || Validation loss: 38.94642
Epoch 28/100
Training loss: 0.00000 || Validation loss: 37.02161
Epoch 29/100
Training loss: 0.00000 || Validation loss: 38.38602
Epoch 30/100
Training loss: 0.00000 || Validation loss: 35.85037
Epoch 31/100
Training loss: 0.00000 || Validation loss: 37.31092
Epoch 32/100
Training loss: 0.00000 || Validation loss: 35.42273
Epoch 33/100
Training loss: 0.00000 || Validation loss: 36.11753
Epoch 34/100
Training loss: 0.00000 || Validation loss: 36.28221
Epoch 35/100
Training loss: 0.00000 || Validation loss: 38.28145
Epoch 36/100
Training loss: 0.00000 || Validation loss: 37.00918
Epoch 37/100
Training loss: 0.00000 || Validation loss: 36.42584
Epoch 38/100
Training loss: 0.00000 || Validation loss: 38.35613
Epoch 39/100
Training loss: 0.00000 || Validation loss: 37.29369
Epoch 40/100
Training loss: 0.00000 || Validation loss: 37.36640
Epoch 41/100
Training loss: 0.00000 || Validation loss: 36.53987
Epoch 42/100
Training loss: 0.00000 || Validation loss: 39.13652
Epoch 43/100
Training loss: 0.00000 || Validation loss: 40.43555
Epoch 44/100
Training loss: 0.00000 || Validation loss: 38.12337
Epoch 45/100
Training loss: 0.00000 || Validation loss: 39.68528
Epoch 46/100
Training loss: 0.00000 || Validation loss: 39.32043
Epoch 47/100
Training loss: 0.00000 || Validation loss: 39.34996
Epoch 48/100
Training loss: 0.00000 || Validation loss: 38.46704
Epoch 49/100
Training loss: 0.00000 || Validation loss: 41.68902
Epoch 50/100
Training loss: 0.00000 || Validation loss: 40.95076
Epoch 51/100
Training loss: 0.00000 || Validation loss: 39.24197
Epoch 52/100
Training loss: 0.00000 || Validation loss: 39.73427
Epoch 53/100
Training loss: 0.00000 || Validation loss: 40.36186
Epoch 54/100
Training loss: 0.00000 || Validation loss: 39.10670
Epoch 55/100
Training loss: 0.00000 || Validation loss: 39.19081
Epoch 56/100
Training loss: 0.00000 || Validation loss: 43.61883
Epoch 57/100
Training loss: 0.00000 || Validation loss: 40.06537
Epoch 58/100
Training loss: 0.00000 || Validation loss: 39.46450
Epoch 59/100
Training loss: 0.00000 || Validation loss: 41.49003
Epoch 60/100
Training loss: 0.00000 || Validation loss: 40.90446
Epoch 61/100
Training loss: 0.00000 || Validation loss: 42.01859
Epoch 62/100
Training loss: 0.00001 || Validation loss: 42.00629
Epoch 63/100
Training loss: 0.00000 || Validation loss: 42.61439
Epoch 64/100
Training loss: 0.00003 || Validation loss: 40.87852
Epoch 65/100
Training loss: 0.00000 || Validation loss: 43.10716
Epoch 66/100
Training loss: 0.00003 || Validation loss: 42.51731
Epoch 67/100
Training loss: 0.00000 || Validation loss: 43.31575
Epoch 68/100
Training loss: 0.00014 || Validation loss: 41.66668
Epoch 69/100
Training loss: 0.00000 || Validation loss: 43.55595
Epoch 70/100
Training loss: 0.00000 || Validation loss: 45.38516
Epoch 71/100
Training loss: 0.00000 || Validation loss: 45.14091
Epoch 72/100
Training loss: 0.00000 || Validation loss: 43.86501
Epoch 73/100
Training loss: 0.00000 || Validation loss: 42.25113
Epoch 74/100
Training loss: 0.00000 || Validation loss: 43.87801
Epoch 75/100
Training loss: 0.00011 || Validation loss: 43.38357
Epoch 76/100
Training loss: 0.00000 || Validation loss: 43.97364
Epoch 77/100
Training loss: 0.00000 || Validation loss: 43.53966
Epoch 78/100
Training loss: 0.00000 || Validation loss: 43.47844
Epoch 79/100
Training loss: 0.00002 || Validation loss: 44.09003
Epoch 80/100
Training loss: 0.00002 || Validation loss: 44.16524
Epoch 81/100
Training loss: 0.00000 || Validation loss: 44.87070
Epoch 82/100
Training loss: 0.00016 || Validation loss: 43.30593
Epoch 83/100
Training loss: 0.00000 || Validation loss: 44.70918
Epoch 84/100
Training loss: 0.00000 || Validation loss: 45.54212
Epoch 85/100
Training loss: 0.00000 || Validation loss: 47.28555
Epoch 86/100
Training loss: 0.00000 || Validation loss: 45.70706
Epoch 87/100
Training loss: 0.00283 || Validation loss: 47.65293
Epoch 88/100
Training loss: 0.00561 || Validation loss: 45.00277
Epoch 89/100
Training loss: 0.00000 || Validation loss: 45.61318
Epoch 90/100
Training loss: 0.00000 || Validation loss: 46.40231
Epoch 91/100
Training loss: 0.00000 || Validation loss: 46.14594
Epoch 92/100
Training loss: 0.00000 || Validation loss: 46.20925
Epoch 93/100
Training loss: 0.00000 || Validation loss: 46.68875
Epoch 94/100
Training loss: 0.00000 || Validation loss: 47.90612
Epoch 95/100
Training loss: 0.00000 || Validation loss: 49.30728
Epoch 96/100
Training loss: 0.00000 || Validation loss: 48.79923
Epoch 97/100
Training loss: 0.00000 || Validation loss: 50.01653
Epoch 98/100
Training loss: 0.00000 || Validation loss: 51.11756
Epoch 99/100
Training loss: 0.00000 || Validation loss: 51.54909
Epoch 100/100
Training loss: 0.00000 || Validation loss: 51.80358
Best model for fold 3 saved from epoch 5 with f1 5.80247
Final training loss: 0.00000 || Final test loss: 51.80358
All fold val losses: [5.503447157996042, 5.998971683638437, 5.802470445632935]
Average val loss: 5.76830
Fold 1
device : cuda
Model not found at ./model/city_and_forest_co_training_wba_value_16frames/piece_size_5_fix_False_pretrained_False/fold_1/fly_model.ckpt
튜플 파일을 불러오는 중 문제가 발생했습니다 (./model/city_and_forest_co_training_wba_value_16frames/piece_size_5_fix_False_pretrained_False/fold_1): [Errno 2] No such file or directory: './model/city_and_forest_co_training_wba_value_16frames/piece_size_5_fix_False_pretrained_False/fold_1/training_tuples.pkl'
Epoch 1/100
Training loss: 60.91729 || Validation loss: 31.38042
New best model saved at epoch 1 with loss 31.38042
Epoch 2/100
Training loss: 6.31490 || Validation loss: 14.94215
New best model saved at epoch 2 with loss 14.94215
Epoch 3/100
Training loss: 2.15261 || Validation loss: 11.58110
New best model saved at epoch 3 with loss 11.58110
Epoch 4/100
Training loss: 1.16089 || Validation loss: 10.61869
New best model saved at epoch 4 with loss 10.61869
Epoch 5/100
Training loss: 0.59578 || Validation loss: 9.13231
New best model saved at epoch 5 with loss 9.13231
Epoch 6/100
Training loss: 0.32137 || Validation loss: 8.23197
New best model saved at epoch 6 with loss 8.23197
Epoch 7/100
Training loss: 0.11865 || Validation loss: 8.51426
Epoch 8/100
Training loss: 0.05978 || Validation loss: 8.51702
Epoch 9/100
Training loss: 0.01751 || Validation loss: 8.89708
Epoch 10/100
Training loss: 0.00580 || Validation loss: 8.79625
Epoch 11/100
Training loss: 0.00254 || Validation loss: 8.97112
Epoch 12/100
Training loss: 0.00045 || Validation loss: 8.86487
Epoch 13/100
Training loss: 0.00002 || Validation loss: 9.13638
Epoch 14/100
Training loss: 0.00000 || Validation loss: 9.03517
Epoch 15/100
Training loss: 0.00000 || Validation loss: 9.23228
Epoch 16/100
Training loss: 0.00000 || Validation loss: 9.20419
Epoch 17/100
Training loss: 0.00000 || Validation loss: 8.87253
Epoch 18/100
Training loss: 0.00000 || Validation loss: 9.08821
Epoch 19/100
Training loss: 0.00000 || Validation loss: 9.00291
Epoch 20/100
Training loss: 0.00000 || Validation loss: 9.06066
Epoch 21/100
Training loss: 0.00000 || Validation loss: 8.80516
Epoch 22/100
Training loss: 0.00000 || Validation loss: 9.03515
Epoch 23/100
Training loss: 0.00000 || Validation loss: 8.64051
Epoch 24/100
Training loss: 0.00000 || Validation loss: 8.92366
Epoch 25/100
Training loss: 0.00000 || Validation loss: 9.11812
Epoch 26/100
Training loss: 0.00000 || Validation loss: 8.89887
Epoch 27/100
Training loss: 0.00000 || Validation loss: 9.04429
Epoch 28/100
Training loss: 0.00000 || Validation loss: 9.03686
Epoch 29/100
Training loss: 0.00000 || Validation loss: 8.98475
Epoch 30/100
Training loss: 0.00000 || Validation loss: 8.75103
Epoch 31/100
Training loss: 0.00000 || Validation loss: 8.98536
Epoch 32/100
Training loss: 0.00000 || Validation loss: 8.93914
Epoch 33/100
Training loss: 0.00000 || Validation loss: 9.03304
Epoch 34/100
Training loss: 0.00000 || Validation loss: 9.24429
Epoch 35/100
Training loss: 0.00000 || Validation loss: 8.92811
Epoch 36/100
Training loss: 0.00000 || Validation loss: 8.88132
Epoch 37/100
Training loss: 0.00000 || Validation loss: 8.98870
Epoch 38/100
Training loss: 0.00000 || Validation loss: 9.10429
Epoch 39/100
Training loss: 0.00000 || Validation loss: 9.00134
Epoch 40/100
Training loss: 0.00000 || Validation loss: 8.80046
Epoch 41/100
Training loss: 0.00000 || Validation loss: 8.95315
Epoch 42/100
Training loss: 0.00000 || Validation loss: 9.23920
Epoch 43/100
Training loss: 0.00000 || Validation loss: 9.18926
Epoch 44/100
Training loss: 0.00000 || Validation loss: 9.31938
Epoch 45/100
Training loss: 0.00000 || Validation loss: 9.20477
Epoch 46/100
Training loss: 0.00000 || Validation loss: 9.05400
Epoch 47/100
Training loss: 0.00000 || Validation loss: 9.29695
Epoch 48/100
Training loss: 0.00000 || Validation loss: 9.05050
Epoch 49/100
Training loss: 0.00000 || Validation loss: 9.02638
Epoch 50/100
Training loss: 0.00000 || Validation loss: 8.96694
Epoch 51/100
Training loss: 0.00000 || Validation loss: 8.89973
Epoch 52/100
Training loss: 0.00000 || Validation loss: 9.23086
Epoch 53/100
Training loss: 0.00000 || Validation loss: 9.10029
Epoch 54/100
Training loss: 0.00014 || Validation loss: 9.32821
Epoch 55/100
Training loss: 0.00000 || Validation loss: 8.95030
Epoch 56/100
Training loss: 0.00000 || Validation loss: 9.07904
Epoch 57/100
Training loss: 0.00000 || Validation loss: 9.17063
Epoch 58/100
Training loss: 0.00004 || Validation loss: 9.27738
Epoch 59/100
Training loss: 0.00003 || Validation loss: 9.25305
Epoch 60/100
Training loss: 0.00000 || Validation loss: 9.29996
Epoch 61/100
Training loss: 0.00021 || Validation loss: 9.18829
Epoch 62/100
Training loss: 0.00000 || Validation loss: 9.51125
Epoch 63/100
Training loss: 0.00000 || Validation loss: 9.75184
Epoch 64/100
Training loss: 0.00000 || Validation loss: 9.54785
Epoch 65/100
Training loss: 0.20505 || Validation loss: 14.62944
Epoch 66/100
Training loss: 0.01192 || Validation loss: 11.60545
Epoch 67/100
Training loss: 0.00001 || Validation loss: 11.62976
Epoch 68/100
Training loss: 0.00000 || Validation loss: 11.68810
Epoch 69/100
Training loss: 0.00000 || Validation loss: 11.76316
Epoch 70/100
Training loss: 0.00000 || Validation loss: 11.83590
Epoch 71/100
Training loss: 0.00000 || Validation loss: 11.85612
Epoch 72/100
Training loss: 0.00000 || Validation loss: 11.89919
Epoch 73/100
Training loss: 0.00000 || Validation loss: 12.07359
Epoch 74/100
Training loss: 0.00000 || Validation loss: 12.17987
Epoch 75/100
Training loss: 0.00000 || Validation loss: 12.30898
Epoch 76/100
Training loss: 0.00000 || Validation loss: 12.41579
Epoch 77/100
Training loss: 0.00000 || Validation loss: 12.56053
Epoch 78/100
Training loss: 0.00000 || Validation loss: 12.68109
Epoch 79/100
Training loss: 0.00000 || Validation loss: 12.88072
Epoch 80/100
Training loss: 0.00000 || Validation loss: 13.08849
Epoch 81/100
Training loss: 0.00000 || Validation loss: 13.37517
Epoch 82/100
Training loss: 0.00000 || Validation loss: 13.50783
Epoch 83/100
Training loss: 0.00000 || Validation loss: 13.82231
Epoch 84/100
Training loss: 0.00000 || Validation loss: 14.08471
Epoch 85/100
Training loss: 0.00000 || Validation loss: 14.43108
Epoch 86/100
Training loss: 0.00000 || Validation loss: 14.67374
Epoch 87/100
Training loss: 0.00000 || Validation loss: 15.16047
Epoch 88/100
Training loss: 0.00000 || Validation loss: 15.64442
Epoch 89/100
Training loss: 0.00000 || Validation loss: 16.16751
Epoch 90/100
Training loss: 0.00000 || Validation loss: 16.77426
Epoch 91/100
Training loss: 0.00000 || Validation loss: 17.25248
Epoch 92/100
Training loss: 0.00000 || Validation loss: 18.02056
Epoch 93/100
Training loss: 0.00000 || Validation loss: 18.65818
Epoch 94/100
Training loss: 0.00000 || Validation loss: 19.40309
Epoch 95/100
Training loss: 0.00000 || Validation loss: 20.16470
Epoch 96/100
Training loss: 0.00000 || Validation loss: 21.11271
Epoch 97/100
Training loss: 0.00000 || Validation loss: 22.03089
Epoch 98/100
Training loss: 0.00000 || Validation loss: 23.19233
Epoch 99/100
Training loss: 0.00000 || Validation loss: 24.27801
Epoch 100/100
Training loss: 0.00002 || Validation loss: 25.44045
Best model for fold 1 saved from epoch 6 with f1 8.23197
Final training loss: 0.00002 || Final test loss: 25.44045
Fold 2
device : cuda
Model not found at ./model/city_and_forest_co_training_wba_value_16frames/piece_size_5_fix_False_pretrained_False/fold_2/fly_model.ckpt
튜플 파일을 불러오는 중 문제가 발생했습니다 (./model/city_and_forest_co_training_wba_value_16frames/piece_size_5_fix_False_pretrained_False/fold_2): [Errno 2] No such file or directory: './model/city_and_forest_co_training_wba_value_16frames/piece_size_5_fix_False_pretrained_False/fold_2/training_tuples.pkl'
Epoch 1/100
Training loss: 45.79310 || Validation loss: 11.12145
New best model saved at epoch 1 with loss 11.12145
Epoch 2/100
Training loss: 3.89820 || Validation loss: 8.66911
New best model saved at epoch 2 with loss 8.66911
Epoch 3/100
Training loss: 1.57536 || Validation loss: 8.45074
New best model saved at epoch 3 with loss 8.45074
Epoch 4/100
Training loss: 1.00179 || Validation loss: 8.36168
New best model saved at epoch 4 with loss 8.36168
Epoch 5/100
Training loss: 0.77502 || Validation loss: 8.01541
New best model saved at epoch 5 with loss 8.01541
Epoch 6/100
Training loss: 0.57661 || Validation loss: 7.91078
New best model saved at epoch 6 with loss 7.91078
Epoch 7/100
Training loss: 0.48151 || Validation loss: 8.70621
Epoch 8/100
Training loss: 0.31749 || Validation loss: 12.50744
Epoch 9/100
Training loss: 0.18269 || Validation loss: 16.57499
Epoch 10/100
Training loss: 0.09519 || Validation loss: 21.24486
Epoch 11/100
Training loss: 0.06202 || Validation loss: 26.30484
Epoch 12/100
Training loss: 0.03081 || Validation loss: 31.76240
Epoch 13/100
Training loss: 0.01062 || Validation loss: 35.93014
Epoch 14/100
Training loss: 0.00285 || Validation loss: 38.94990
Epoch 15/100
Training loss: 0.00076 || Validation loss: 40.96488
Epoch 16/100
Training loss: 0.00015 || Validation loss: 41.27596
Epoch 17/100
Training loss: 0.00002 || Validation loss: 41.58636
Epoch 18/100
Training loss: 0.00000 || Validation loss: 42.07219
Epoch 19/100
Training loss: 0.00000 || Validation loss: 42.86801
Epoch 20/100
Training loss: 0.00000 || Validation loss: 42.12773
Epoch 21/100
Training loss: 0.00000 || Validation loss: 42.80513
Epoch 22/100
Training loss: 0.00000 || Validation loss: 42.68843
Epoch 23/100
Training loss: 0.00000 || Validation loss: 42.57631
Epoch 24/100
Training loss: 0.00000 || Validation loss: 42.16654
Epoch 25/100
Training loss: 0.00000 || Validation loss: 42.71873
Epoch 26/100
Training loss: 0.00000 || Validation loss: 42.27574
Epoch 27/100
Training loss: 0.00000 || Validation loss: 43.10411
Epoch 28/100
Training loss: 0.00000 || Validation loss: 42.78301
Epoch 29/100
Training loss: 0.00000 || Validation loss: 43.16841
Epoch 30/100
Training loss: 0.00000 || Validation loss: 43.06317
Epoch 31/100
Training loss: 0.00000 || Validation loss: 42.04631
Epoch 32/100
Training loss: 0.00000 || Validation loss: 42.64804
Epoch 33/100
Training loss: 0.00000 || Validation loss: 42.35742
Epoch 34/100
Training loss: 0.00000 || Validation loss: 43.26573
Epoch 35/100
Training loss: 0.00000 || Validation loss: 42.69661
Epoch 36/100
Training loss: 0.00000 || Validation loss: 42.88052
Epoch 37/100
Training loss: 0.00000 || Validation loss: 43.20172
Epoch 38/100
Training loss: 0.00000 || Validation loss: 42.69083
Epoch 39/100
Training loss: 0.00000 || Validation loss: 42.56911
Epoch 40/100
Training loss: 0.00000 || Validation loss: 42.89854
Epoch 41/100
Training loss: 0.00000 || Validation loss: 42.63240
Epoch 42/100
Training loss: 0.00000 || Validation loss: 43.00125
Epoch 43/100
Training loss: 0.00000 || Validation loss: 42.95720
Epoch 44/100
Training loss: 0.00000 || Validation loss: 43.32738
Epoch 45/100
Training loss: 0.00000 || Validation loss: 43.25595
Epoch 46/100
Training loss: 0.00000 || Validation loss: 43.39860
Epoch 47/100
Training loss: 0.00000 || Validation loss: 43.29535
Epoch 48/100
Training loss: 0.00000 || Validation loss: 43.37825
Epoch 49/100
Training loss: 0.00000 || Validation loss: 42.93048
Epoch 50/100
Training loss: 0.00000 || Validation loss: 43.32146
Epoch 51/100
Training loss: 0.00000 || Validation loss: 43.53728
Epoch 52/100
Training loss: 0.00000 || Validation loss: 43.22192
Epoch 53/100
Training loss: 0.00000 || Validation loss: 43.43351
Epoch 54/100
Training loss: 0.00000 || Validation loss: 43.32112
Epoch 55/100
Training loss: 0.00000 || Validation loss: 43.27970
Epoch 56/100
Training loss: 0.00000 || Validation loss: 43.33115
Epoch 57/100
Training loss: 0.00000 || Validation loss: 43.50620
Epoch 58/100
Training loss: 0.00000 || Validation loss: 43.34626
Epoch 59/100
Training loss: 0.00000 || Validation loss: 43.12825
Epoch 60/100
Training loss: 0.00000 || Validation loss: 42.90975
Epoch 61/100
Training loss: 0.00000 || Validation loss: 43.42203
Epoch 62/100
Training loss: 0.00000 || Validation loss: 43.32305
Epoch 63/100
Training loss: 0.00001 || Validation loss: 43.13647
Epoch 64/100
Training loss: 0.00000 || Validation loss: 43.05513
Epoch 65/100
Training loss: 0.00457 || Validation loss: 42.80330
Epoch 66/100
Training loss: 0.00000 || Validation loss: 42.75774
Epoch 67/100
Training loss: 0.00000 || Validation loss: 42.75251
Epoch 68/100
Training loss: 0.00000 || Validation loss: 42.70784
Epoch 69/100
Training loss: 0.00000 || Validation loss: 42.65724
Epoch 70/100
Training loss: 0.00000 || Validation loss: 42.60977
Epoch 71/100
Training loss: 0.00000 || Validation loss: 42.56440
Epoch 72/100
Training loss: 0.00000 || Validation loss: 42.50453
Epoch 73/100
Training loss: 0.00000 || Validation loss: 42.45651
Epoch 74/100
Training loss: 0.00000 || Validation loss: 42.38968
Epoch 75/100
Training loss: 0.00000 || Validation loss: 42.33067
Epoch 76/100
Training loss: 0.00000 || Validation loss: 42.26758
Epoch 77/100
Training loss: 0.00000 || Validation loss: 42.20351
Epoch 78/100
Training loss: 0.00000 || Validation loss: 42.14137
Epoch 79/100
Training loss: 0.00000 || Validation loss: 42.07879
Epoch 80/100
Training loss: 0.00000 || Validation loss: 42.02261
Epoch 81/100
Training loss: 0.00000 || Validation loss: 41.97224
Epoch 82/100
Training loss: 0.00000 || Validation loss: 41.93772
Epoch 83/100
Training loss: 0.00000 || Validation loss: 41.90092
Epoch 84/100
Training loss: 0.00000 || Validation loss: 41.88161
Epoch 85/100
Training loss: 0.00000 || Validation loss: 41.89797
Epoch 86/100
Training loss: 0.00028 || Validation loss: 43.02153
Epoch 87/100
Training loss: 0.00012 || Validation loss: 42.03348
Epoch 88/100
Training loss: 0.00000 || Validation loss: 42.12379
Epoch 89/100
Training loss: 0.00000 || Validation loss: 42.25463
Epoch 90/100
Training loss: 0.00000 || Validation loss: 42.42822
Epoch 91/100
Training loss: 0.00000 || Validation loss: 42.65366
Epoch 92/100
Training loss: 0.00000 || Validation loss: 42.93463
Epoch 93/100
Training loss: 0.00000 || Validation loss: 43.27916
Epoch 94/100
Training loss: 0.00000 || Validation loss: 43.69289
Epoch 95/100
Training loss: 0.00000 || Validation loss: 44.19194
Epoch 96/100
Training loss: 0.00003 || Validation loss: 44.76409
Epoch 97/100
Training loss: 0.00000 || Validation loss: 45.43125
Epoch 98/100
Training loss: 0.00000 || Validation loss: 46.19202
Epoch 99/100
Training loss: 0.00005 || Validation loss: 47.06961
Epoch 100/100
Training loss: 0.00000 || Validation loss: 48.00431
Best model for fold 2 saved from epoch 6 with f1 7.91078
Final training loss: 0.00000 || Final test loss: 48.00431
Fold 3
device : cuda
Model not found at ./model/city_and_forest_co_training_wba_value_16frames/piece_size_5_fix_False_pretrained_False/fold_3/fly_model.ckpt
튜플 파일을 불러오는 중 문제가 발생했습니다 (./model/city_and_forest_co_training_wba_value_16frames/piece_size_5_fix_False_pretrained_False/fold_3): [Errno 2] No such file or directory: './model/city_and_forest_co_training_wba_value_16frames/piece_size_5_fix_False_pretrained_False/fold_3/training_tuples.pkl'
Epoch 1/100
Training loss: 52.61403 || Validation loss: 22.16884
New best model saved at epoch 1 with loss 22.16884
Epoch 2/100
Training loss: 4.61593 || Validation loss: 17.94339
New best model saved at epoch 2 with loss 17.94339
Epoch 3/100
Training loss: 1.91571 || Validation loss: 12.98062
New best model saved at epoch 3 with loss 12.98062
Epoch 4/100
Training loss: 1.36877 || Validation loss: 11.74680
New best model saved at epoch 4 with loss 11.74680
Epoch 5/100
Training loss: 0.90933 || Validation loss: 10.48351
New best model saved at epoch 5 with loss 10.48351
Epoch 6/100
Training loss: 0.75258 || Validation loss: 8.51562
New best model saved at epoch 6 with loss 8.51562
Epoch 7/100
Training loss: 0.60066 || Validation loss: 8.20466
New best model saved at epoch 7 with loss 8.20466
Epoch 8/100
Training loss: 0.50336 || Validation loss: 9.73476
Epoch 9/100
Training loss: 0.37853 || Validation loss: 10.92857
Epoch 10/100
Training loss: 0.24765 || Validation loss: 15.94050
Epoch 11/100
Training loss: 0.13352 || Validation loss: 24.38561
Epoch 12/100
Training loss: 0.07743 || Validation loss: 30.57864
Epoch 13/100
Training loss: 0.03025 || Validation loss: 37.21848
Epoch 14/100
Training loss: 0.01197 || Validation loss: 42.81530
Epoch 15/100
Training loss: 0.00390 || Validation loss: 46.09293
Epoch 16/100
Training loss: 0.00124 || Validation loss: 48.52018
Epoch 17/100
Training loss: 0.00023 || Validation loss: 49.59093
Epoch 18/100
Training loss: 0.00005 || Validation loss: 49.80725
Epoch 19/100
Training loss: 0.00001 || Validation loss: 50.53456
Epoch 20/100
Training loss: 0.00000 || Validation loss: 50.23256
Epoch 21/100
Training loss: 0.00000 || Validation loss: 50.91170
Epoch 22/100
Training loss: 0.00000 || Validation loss: 50.38144
Epoch 23/100
Training loss: 0.00000 || Validation loss: 51.18524
Epoch 24/100
Training loss: 0.00000 || Validation loss: 51.00337
Epoch 25/100
Training loss: 0.00000 || Validation loss: 50.48418
Epoch 26/100
Training loss: 0.00000 || Validation loss: 51.14170
Epoch 27/100
Training loss: 0.00000 || Validation loss: 50.85147
Epoch 28/100
Training loss: 0.00000 || Validation loss: 50.07507
Epoch 29/100
Training loss: 0.00000 || Validation loss: 51.06762
Epoch 30/100
Training loss: 0.00000 || Validation loss: 49.82576
Epoch 31/100
Training loss: 0.00000 || Validation loss: 50.69927
Epoch 32/100
Training loss: 0.00000 || Validation loss: 50.04775
Epoch 33/100
Training loss: 0.00000 || Validation loss: 50.59364
Epoch 34/100
Training loss: 0.00000 || Validation loss: 50.72387
Epoch 35/100
Training loss: 0.00000 || Validation loss: 51.29866
Epoch 36/100
Training loss: 0.00000 || Validation loss: 50.33838
Epoch 37/100
Training loss: 0.00000 || Validation loss: 50.63657
Epoch 38/100
Training loss: 0.00000 || Validation loss: 50.21177
Epoch 39/100
Training loss: 0.00000 || Validation loss: 50.98206
Epoch 40/100
Training loss: 0.00000 || Validation loss: 50.77518
Epoch 41/100
Training loss: 0.00000 || Validation loss: 50.46574
Epoch 42/100
Training loss: 0.00000 || Validation loss: 51.24570
Epoch 43/100
Training loss: 0.00000 || Validation loss: 50.78971
Epoch 44/100
Training loss: 0.00000 || Validation loss: 50.67044
Epoch 45/100
Training loss: 0.00000 || Validation loss: 52.06797
Epoch 46/100
Training loss: 0.00000 || Validation loss: 50.97615
Epoch 47/100
Training loss: 0.00000 || Validation loss: 51.29981
Epoch 48/100
Training loss: 0.00000 || Validation loss: 50.47566
Epoch 49/100
Training loss: 0.00000 || Validation loss: 51.54261
Epoch 50/100
Training loss: 0.00000 || Validation loss: 50.62537
Epoch 51/100
Training loss: 0.00000 || Validation loss: 51.48048
Epoch 52/100
Training loss: 0.00000 || Validation loss: 50.32289
Epoch 53/100
Training loss: 0.00000 || Validation loss: 51.73884
Epoch 54/100
Training loss: 0.00000 || Validation loss: 50.63183
Epoch 55/100
Training loss: 0.00000 || Validation loss: 51.20340
Epoch 56/100
Training loss: 0.00000 || Validation loss: 50.72128
Epoch 57/100
Training loss: 0.00000 || Validation loss: 50.67685
Epoch 58/100
Training loss: 0.00000 || Validation loss: 51.07434
Epoch 59/100
Training loss: 0.00000 || Validation loss: 51.43392
Epoch 60/100
Training loss: 0.00000 || Validation loss: 50.74435
Epoch 61/100
Training loss: 0.00000 || Validation loss: 50.86744
Epoch 62/100
Training loss: 0.00000 || Validation loss: 50.31786
Epoch 63/100
Training loss: 0.00000 || Validation loss: 50.80677
Epoch 64/100
Training loss: 0.00000 || Validation loss: 50.16542
Epoch 65/100
Training loss: 0.00017 || Validation loss: 51.52035
Epoch 66/100
Training loss: 0.00000 || Validation loss: 51.12682
Epoch 67/100
Training loss: 0.00000 || Validation loss: 50.86080
Epoch 68/100
Training loss: 0.00000 || Validation loss: 51.12770
Epoch 69/100
Training loss: 0.00000 || Validation loss: 50.94325
Epoch 70/100
Training loss: 0.00000 || Validation loss: 50.71883
Epoch 71/100
Training loss: 0.00000 || Validation loss: 50.83895
Epoch 72/100
Training loss: 0.00000 || Validation loss: 50.40303
Epoch 73/100
Training loss: 0.00001 || Validation loss: 50.30506
Epoch 74/100
Training loss: 0.00002 || Validation loss: 50.01264
Epoch 75/100
Training loss: 0.00000 || Validation loss: 49.81312
Epoch 76/100
Training loss: 0.00001 || Validation loss: 49.55079
Epoch 77/100
Training loss: 0.01791 || Validation loss: 47.71634
Epoch 78/100
Training loss: 0.00000 || Validation loss: 47.69831
Epoch 79/100
Training loss: 0.00000 || Validation loss: 47.75944
Epoch 80/100
Training loss: 0.00000 || Validation loss: 47.57969
Epoch 81/100
Training loss: 0.00000 || Validation loss: 47.60610
Epoch 82/100
Training loss: 0.00000 || Validation loss: 47.50308
Epoch 83/100
Training loss: 0.00000 || Validation loss: 47.47973
Epoch 84/100
Training loss: 0.00000 || Validation loss: 47.45729
Epoch 85/100
Training loss: 0.00000 || Validation loss: 47.44229
Epoch 86/100
Training loss: 0.00000 || Validation loss: 47.43458
Epoch 87/100
Training loss: 0.00000 || Validation loss: 47.41786
Epoch 88/100
Training loss: 0.00000 || Validation loss: 47.42564
Epoch 89/100
Training loss: 0.00000 || Validation loss: 47.45965
Epoch 90/100
Training loss: 0.00000 || Validation loss: 47.49639
Epoch 91/100
Training loss: 0.00000 || Validation loss: 47.55986
Epoch 92/100
Training loss: 0.00000 || Validation loss: 47.63542
Epoch 93/100
Training loss: 0.00000 || Validation loss: 47.74484
Epoch 94/100
Training loss: 0.00000 || Validation loss: 47.86892
Epoch 95/100
Training loss: 0.00000 || Validation loss: 48.01241
Epoch 96/100
Training loss: 0.00000 || Validation loss: 48.19118
Epoch 97/100
Training loss: 0.00000 || Validation loss: 48.41098
Epoch 98/100
Training loss: 0.00000 || Validation loss: 48.65246
Epoch 99/100
Training loss: 0.00000 || Validation loss: 48.92946
Epoch 100/100
Training loss: 0.00000 || Validation loss: 49.23956
Best model for fold 3 saved from epoch 7 with f1 8.20466
Final training loss: 0.00000 || Final test loss: 49.23956
All fold val losses: [8.231974143248339, 7.910781713632437, 8.20466438623575]
Average val loss: 8.11581
Fold 1
device : cuda
Model not found at ./model/city_and_forest_co_training_wba_value_16frames/piece_size_10_fix_False_pretrained_False/fold_1/fly_model.ckpt
./model/city_and_forest_co_training_wba_value_16frames/piece_size_10_fix_False_pretrained_True/fold_1에서 튜플 파일을 불러왔습니다.
Epoch 1/100
Training loss: 56.82607 || Validation loss: 26.96331
New best model saved at epoch 1 with loss 26.96331
Epoch 2/100
Training loss: 5.39470 || Validation loss: 14.87532
New best model saved at epoch 2 with loss 14.87532
Epoch 3/100
Training loss: 2.24118 || Validation loss: 12.43652
New best model saved at epoch 3 with loss 12.43652
Epoch 4/100
Training loss: 1.03516 || Validation loss: 10.03208
New best model saved at epoch 4 with loss 10.03208
Epoch 5/100
Training loss: 0.51355 || Validation loss: 10.53443
Epoch 6/100
Training loss: 0.23657 || Validation loss: 9.88348
New best model saved at epoch 6 with loss 9.88348
Epoch 7/100
Training loss: 0.12327 || Validation loss: 9.42942
New best model saved at epoch 7 with loss 9.42942
Epoch 8/100
Training loss: 0.07003 || Validation loss: 9.02054
New best model saved at epoch 8 with loss 9.02054
Epoch 9/100
Training loss: 0.01975 || Validation loss: 9.87046
Epoch 10/100
Training loss: 0.00589 || Validation loss: 9.49657
Epoch 11/100
Training loss: 0.00263 || Validation loss: 9.42299
Epoch 12/100
Training loss: 0.00079 || Validation loss: 9.34007
Epoch 13/100
Training loss: 0.00007 || Validation loss: 8.95106
New best model saved at epoch 13 with loss 8.95106
Epoch 14/100
Training loss: 0.00003 || Validation loss: 9.79614
Epoch 15/100
Training loss: 0.00001 || Validation loss: 9.66686
Epoch 16/100
Training loss: 0.00000 || Validation loss: 10.10880
Epoch 17/100
Training loss: 0.00000 || Validation loss: 9.57900
Epoch 18/100
Training loss: 0.00000 || Validation loss: 9.77812
Epoch 19/100
Training loss: 0.00000 || Validation loss: 9.98948
Epoch 20/100
Training loss: 0.00000 || Validation loss: 9.80489
Epoch 21/100
Training loss: 0.00000 || Validation loss: 9.69278
Epoch 22/100
Training loss: 0.00000 || Validation loss: 9.64697
Epoch 23/100
Training loss: 0.00000 || Validation loss: 9.42154
Epoch 24/100
Training loss: 0.00000 || Validation loss: 9.76882
Epoch 25/100
Training loss: 0.00000 || Validation loss: 9.75122
Epoch 26/100
Training loss: 0.00000 || Validation loss: 9.80625
Epoch 27/100
Training loss: 0.00000 || Validation loss: 9.55096
Epoch 28/100
Training loss: 0.00000 || Validation loss: 9.54923
Epoch 29/100
Training loss: 0.00000 || Validation loss: 9.25763
Epoch 30/100
Training loss: 0.00000 || Validation loss: 9.53046
Epoch 31/100
Training loss: 0.00000 || Validation loss: 9.19301
Epoch 32/100
Training loss: 0.00000 || Validation loss: 9.28851
Epoch 33/100
Training loss: 0.00000 || Validation loss: 9.47330
Epoch 34/100
Training loss: 0.00000 || Validation loss: 9.11422
Epoch 35/100
Training loss: 0.00000 || Validation loss: 9.45723
Epoch 36/100
Training loss: 0.00000 || Validation loss: 9.59567
Epoch 37/100
Training loss: 0.00000 || Validation loss: 9.71689
Epoch 38/100
Training loss: 0.00000 || Validation loss: 9.55674
Epoch 39/100
Training loss: 0.00000 || Validation loss: 9.59764
Epoch 40/100
Training loss: 0.00000 || Validation loss: 9.84191
Epoch 41/100
Training loss: 0.00000 || Validation loss: 9.41308
Epoch 42/100
Training loss: 0.00000 || Validation loss: 9.57456
Epoch 43/100
Training loss: 0.00000 || Validation loss: 9.48655
Epoch 44/100
Training loss: 0.00000 || Validation loss: 9.56319
Epoch 45/100
Training loss: 0.00000 || Validation loss: 9.29263
Epoch 46/100
Training loss: 0.00000 || Validation loss: 9.04639
Epoch 47/100
Training loss: 0.00000 || Validation loss: 9.34416
Epoch 48/100
Training loss: 0.00000 || Validation loss: 9.40818
Epoch 49/100
Training loss: 0.00000 || Validation loss: 9.74630
Epoch 50/100
Training loss: 0.00000 || Validation loss: 9.54965
Epoch 51/100
Training loss: 0.00000 || Validation loss: 9.24964
Epoch 52/100
Training loss: 0.00000 || Validation loss: 9.63616
Epoch 53/100
Training loss: 0.00032 || Validation loss: 9.29035
Epoch 54/100
Training loss: 0.00000 || Validation loss: 9.14671
Epoch 55/100
Training loss: 0.00000 || Validation loss: 9.11074
Epoch 56/100
Training loss: 0.00000 || Validation loss: 9.06518
Epoch 57/100
Training loss: 0.00000 || Validation loss: 9.19290
Epoch 58/100
Training loss: 0.00000 || Validation loss: 9.15764
Epoch 59/100
Training loss: 0.00002 || Validation loss: 9.23587
Epoch 60/100
Training loss: 0.00002 || Validation loss: 9.47617
Epoch 61/100
Training loss: 0.00004 || Validation loss: 9.10856
Epoch 62/100
Training loss: 0.00002 || Validation loss: 9.19668
Epoch 63/100
Training loss: 0.00005 || Validation loss: 9.10729
Epoch 64/100
Training loss: 0.00002 || Validation loss: 9.10499
Epoch 65/100
Training loss: 0.00003 || Validation loss: 9.27609
Epoch 66/100
Training loss: 0.00003 || Validation loss: 9.28751
Epoch 67/100
Training loss: 0.00009 || Validation loss: 9.35823
Epoch 68/100
Training loss: 0.00000 || Validation loss: 9.52844
Epoch 69/100
Training loss: 0.00003 || Validation loss: 9.51046
Epoch 70/100
Training loss: 0.00002 || Validation loss: 9.47735
Epoch 71/100
Training loss: 0.00002 || Validation loss: 9.48881
Epoch 72/100
Training loss: 0.10697 || Validation loss: 10.01438
Epoch 73/100
Training loss: 0.00000 || Validation loss: 10.17356
Epoch 74/100
Training loss: 0.00000 || Validation loss: 10.31334
Epoch 75/100
Training loss: 0.00000 || Validation loss: 10.53225
Epoch 76/100
Training loss: 0.00000 || Validation loss: 10.74645
Epoch 77/100
Training loss: 0.00000 || Validation loss: 10.97895
Epoch 78/100
Training loss: 0.00000 || Validation loss: 11.30249
Epoch 79/100
Training loss: 0.00000 || Validation loss: 11.60134
Epoch 80/100
Training loss: 0.00000 || Validation loss: 11.98449
Epoch 81/100
Training loss: 0.00000 || Validation loss: 12.41893
Epoch 82/100
Training loss: 0.00000 || Validation loss: 12.87417
Epoch 83/100
Training loss: 0.00000 || Validation loss: 13.35326
Epoch 84/100
Training loss: 0.00000 || Validation loss: 13.96659
Epoch 85/100
Training loss: 0.00000 || Validation loss: 14.65609
Epoch 86/100
Training loss: 0.00000 || Validation loss: 15.43436
Epoch 87/100
Training loss: 0.00000 || Validation loss: 16.32722
Epoch 88/100
Training loss: 0.00000 || Validation loss: 17.28076
Epoch 89/100
Training loss: 0.00000 || Validation loss: 18.38238
Epoch 90/100
Training loss: 0.00000 || Validation loss: 19.59097
Epoch 91/100
Training loss: 0.00000 || Validation loss: 20.88238
Epoch 92/100
Training loss: 0.00000 || Validation loss: 22.41083
Epoch 93/100
Training loss: 0.00000 || Validation loss: 24.10719
Epoch 94/100
Training loss: 0.00000 || Validation loss: 25.76098
Epoch 95/100
Training loss: 0.00000 || Validation loss: 27.81364
Epoch 96/100
Training loss: 0.00000 || Validation loss: 30.04619
Epoch 97/100
Training loss: 0.00001 || Validation loss: 32.16507
Epoch 98/100
Training loss: 0.00064 || Validation loss: 34.22603
Epoch 99/100
Training loss: 0.00019 || Validation loss: 36.71619
Epoch 100/100
Training loss: 0.00000 || Validation loss: 39.03240
Best model for fold 1 saved from epoch 13 with f1 8.95106
Final training loss: 0.00000 || Final test loss: 39.03240
Fold 2
device : cuda
Model not found at ./model/city_and_forest_co_training_wba_value_16frames/piece_size_10_fix_False_pretrained_False/fold_2/fly_model.ckpt
./model/city_and_forest_co_training_wba_value_16frames/piece_size_10_fix_False_pretrained_True/fold_2에서 튜플 파일을 불러왔습니다.
Epoch 1/100
Training loss: 47.18399 || Validation loss: 46.27954
New best model saved at epoch 1 with loss 46.27954
Epoch 2/100
Training loss: 4.42212 || Validation loss: 27.75775
New best model saved at epoch 2 with loss 27.75775
Epoch 3/100
Training loss: 1.78117 || Validation loss: 22.33782
New best model saved at epoch 3 with loss 22.33782
Epoch 4/100
Training loss: 1.22050 || Validation loss: 17.52654
New best model saved at epoch 4 with loss 17.52654
Epoch 5/100
Training loss: 0.90439 || Validation loss: 13.29187
New best model saved at epoch 5 with loss 13.29187
Epoch 6/100
Training loss: 0.69977 || Validation loss: 11.77118
New best model saved at epoch 6 with loss 11.77118
Epoch 7/100
Training loss: 0.52143 || Validation loss: 10.71827
New best model saved at epoch 7 with loss 10.71827
Epoch 8/100
Training loss: 0.41548 || Validation loss: 11.08231
Epoch 9/100
Training loss: 0.28376 || Validation loss: 13.31740
Epoch 10/100
Training loss: 0.17266 || Validation loss: 18.24890
Epoch 11/100
Training loss: 0.07382 || Validation loss: 22.57019
Epoch 12/100
Training loss: 0.02969 || Validation loss: 28.56084
Epoch 13/100
Training loss: 0.00963 || Validation loss: 33.22312
Epoch 14/100
Training loss: 0.00238 || Validation loss: 36.17318
Epoch 15/100
Training loss: 0.00057 || Validation loss: 37.92103
Epoch 16/100
Training loss: 0.00007 || Validation loss: 38.28746
Epoch 17/100
Training loss: 0.00001 || Validation loss: 38.67632
Epoch 18/100
Training loss: 0.00000 || Validation loss: 37.68953
Epoch 19/100
Training loss: 0.00000 || Validation loss: 38.57232
Epoch 20/100
Training loss: 0.00000 || Validation loss: 39.86209
Epoch 21/100
Training loss: 0.00000 || Validation loss: 39.06975
Epoch 22/100
Training loss: 0.00000 || Validation loss: 39.48045
Epoch 23/100
Training loss: 0.00000 || Validation loss: 38.16338
Epoch 24/100
Training loss: 0.00000 || Validation loss: 39.26969
Epoch 25/100
Training loss: 0.00000 || Validation loss: 38.59502
Epoch 26/100
Training loss: 0.00000 || Validation loss: 38.61429
Epoch 27/100
Training loss: 0.00000 || Validation loss: 38.60272
Epoch 28/100
Training loss: 0.00000 || Validation loss: 38.45674
Epoch 29/100
Training loss: 0.00000 || Validation loss: 38.97074
Epoch 30/100
Training loss: 0.00000 || Validation loss: 38.66107
Epoch 31/100
Training loss: 0.00000 || Validation loss: 39.78567
Epoch 32/100
Training loss: 0.00000 || Validation loss: 38.62525
Epoch 33/100
Training loss: 0.00000 || Validation loss: 38.90114
Epoch 34/100
Training loss: 0.00000 || Validation loss: 39.58086
Epoch 35/100
Training loss: 0.00000 || Validation loss: 38.85713
Epoch 36/100
Training loss: 0.00000 || Validation loss: 39.50136
Epoch 37/100
Training loss: 0.00000 || Validation loss: 39.15733
Epoch 38/100
Training loss: 0.00000 || Validation loss: 39.15648
Epoch 39/100
Training loss: 0.00000 || Validation loss: 39.35429
Epoch 40/100
Training loss: 0.00000 || Validation loss: 39.00786
Epoch 41/100
Training loss: 0.00000 || Validation loss: 39.77924
Epoch 42/100
Training loss: 0.00000 || Validation loss: 39.07084
Epoch 43/100
Training loss: 0.00000 || Validation loss: 39.22382
Epoch 44/100
Training loss: 0.00000 || Validation loss: 39.64302
Epoch 45/100
Training loss: 0.00000 || Validation loss: 39.92955
Epoch 46/100
Training loss: 0.00000 || Validation loss: 40.37508
Epoch 47/100
Training loss: 0.00000 || Validation loss: 39.73075
Epoch 48/100
Training loss: 0.00000 || Validation loss: 39.97018
Epoch 49/100
Training loss: 0.00000 || Validation loss: 40.07332
Epoch 50/100
Training loss: 0.00000 || Validation loss: 40.60803
Epoch 51/100
Training loss: 0.00000 || Validation loss: 39.87464
Epoch 52/100
Training loss: 0.00000 || Validation loss: 40.78440
Epoch 53/100
Training loss: 0.00000 || Validation loss: 40.84584
Epoch 54/100
Training loss: 0.00000 || Validation loss: 41.18003
Epoch 55/100
Training loss: 0.00000 || Validation loss: 41.07396
Epoch 56/100
Training loss: 0.00000 || Validation loss: 41.53321
Epoch 57/100
Training loss: 0.00000 || Validation loss: 41.69988
Epoch 58/100
Training loss: 0.00000 || Validation loss: 41.47254
Epoch 59/100
Training loss: 0.00436 || Validation loss: 46.02737
Epoch 60/100
Training loss: 0.00000 || Validation loss: 46.12301
Epoch 61/100
Training loss: 0.00000 || Validation loss: 45.89485
Epoch 62/100
Training loss: 0.00000 || Validation loss: 45.88523
Epoch 63/100
Training loss: 0.00000 || Validation loss: 45.91368
Epoch 64/100
Training loss: 0.00000 || Validation loss: 45.81750
Epoch 65/100
Training loss: 0.00000 || Validation loss: 45.93286
Epoch 66/100
Training loss: 0.00000 || Validation loss: 45.71553
Epoch 67/100
Training loss: 0.00000 || Validation loss: 45.80188
Epoch 68/100
Training loss: 0.00000 || Validation loss: 45.74030
Epoch 69/100
Training loss: 0.00000 || Validation loss: 45.71442
Epoch 70/100
Training loss: 0.00000 || Validation loss: 45.63625
Epoch 71/100
Training loss: 0.00000 || Validation loss: 45.62273
Epoch 72/100
Training loss: 0.00000 || Validation loss: 45.62566
Epoch 73/100
Training loss: 0.00000 || Validation loss: 45.52320
Epoch 74/100
Training loss: 0.00000 || Validation loss: 45.54299
Epoch 75/100
Training loss: 0.00000 || Validation loss: 45.46545
Epoch 76/100
Training loss: 0.00000 || Validation loss: 45.46942
Epoch 77/100
Training loss: 0.00000 || Validation loss: 45.46387
Epoch 78/100
Training loss: 0.00000 || Validation loss: 45.43384
Epoch 79/100
Training loss: 0.00000 || Validation loss: 45.40767
Epoch 80/100
Training loss: 0.00001 || Validation loss: 45.38266
Epoch 81/100
Training loss: 0.00001 || Validation loss: 45.42331
Epoch 82/100
Training loss: 0.00015 || Validation loss: 45.35584
Epoch 83/100
Training loss: 0.00000 || Validation loss: 45.35623
Epoch 84/100
Training loss: 0.00000 || Validation loss: 45.35256
Epoch 85/100
Training loss: 0.00000 || Validation loss: 45.37213
Epoch 86/100
Training loss: 0.00000 || Validation loss: 45.41528
Epoch 87/100
Training loss: 0.00000 || Validation loss: 45.47651
Epoch 88/100
Training loss: 0.00001 || Validation loss: 45.55765
Epoch 89/100
Training loss: 0.00004 || Validation loss: 45.64265
Epoch 90/100
Training loss: 0.00000 || Validation loss: 45.77018
Epoch 91/100
Training loss: 0.00000 || Validation loss: 45.92643
Epoch 92/100
Training loss: 0.00014 || Validation loss: 46.11301
Epoch 93/100
Training loss: 0.00000 || Validation loss: 46.33277
Epoch 94/100
Training loss: 0.00000 || Validation loss: 46.59206
Epoch 95/100
Training loss: 0.00000 || Validation loss: 46.89215
Epoch 96/100
Training loss: 0.00000 || Validation loss: 47.24654
Epoch 97/100
Training loss: 0.00000 || Validation loss: 47.62369
Epoch 98/100
Training loss: 0.00001 || Validation loss: 48.12201
Epoch 99/100
Training loss: 0.00019 || Validation loss: 48.54099
Epoch 100/100
Training loss: 0.00000 || Validation loss: 49.06695
Best model for fold 2 saved from epoch 7 with f1 10.71827
Final training loss: 0.00000 || Final test loss: 49.06695
Fold 3
device : cuda
Model not found at ./model/city_and_forest_co_training_wba_value_16frames/piece_size_10_fix_False_pretrained_False/fold_3/fly_model.ckpt
./model/city_and_forest_co_training_wba_value_16frames/piece_size_10_fix_False_pretrained_True/fold_3에서 튜플 파일을 불러왔습니다.
Epoch 1/100
Training loss: 37.45089 || Validation loss: 18.35035
New best model saved at epoch 1 with loss 18.35035
Epoch 2/100
Training loss: 5.01483 || Validation loss: 17.72124
New best model saved at epoch 2 with loss 17.72124
Epoch 3/100
Training loss: 1.85074 || Validation loss: 14.58525
New best model saved at epoch 3 with loss 14.58525
Epoch 4/100
Training loss: 1.17313 || Validation loss: 11.77808
New best model saved at epoch 4 with loss 11.77808
Epoch 5/100
Training loss: 0.82353 || Validation loss: 10.25727
New best model saved at epoch 5 with loss 10.25727
Epoch 6/100
Training loss: 0.54476 || Validation loss: 8.86942
New best model saved at epoch 6 with loss 8.86942
Epoch 7/100
Training loss: 0.47765 || Validation loss: 9.42146
Epoch 8/100
Training loss: 0.38209 || Validation loss: 13.00552
Epoch 9/100
Training loss: 0.23962 || Validation loss: 17.85669
Epoch 10/100
Training loss: 0.17019 || Validation loss: 26.32099
Epoch 11/100
Training loss: 0.10298 || Validation loss: 34.87245
Epoch 12/100
Training loss: 0.06216 || Validation loss: 39.76915
Epoch 13/100
Training loss: 0.04371 || Validation loss: 42.87950
Epoch 14/100
Training loss: 0.01497 || Validation loss: 49.27647
Epoch 15/100
Training loss: 0.00437 || Validation loss: 54.71766
Epoch 16/100
Training loss: 0.00076 || Validation loss: 58.03166
Epoch 17/100
Training loss: 0.00011 || Validation loss: 58.53824
Epoch 18/100
Training loss: 0.00001 || Validation loss: 59.66590
Epoch 19/100
Training loss: 0.00000 || Validation loss: 59.14227
Epoch 20/100
Training loss: 0.00000 || Validation loss: 59.86509
Epoch 21/100
Training loss: 0.00000 || Validation loss: 59.80221
Epoch 22/100
Training loss: 0.00000 || Validation loss: 59.59925
Epoch 23/100
Training loss: 0.00000 || Validation loss: 59.69845
Epoch 24/100
Training loss: 0.00000 || Validation loss: 60.04412
Epoch 25/100
Training loss: 0.00000 || Validation loss: 59.52615
Epoch 26/100
Training loss: 0.00000 || Validation loss: 59.18428
Epoch 27/100
Training loss: 0.00000 || Validation loss: 59.99106
Epoch 28/100
Training loss: 0.00000 || Validation loss: 59.68182
Epoch 29/100
Training loss: 0.00000 || Validation loss: 59.30220
Epoch 30/100
Training loss: 0.00000 || Validation loss: 59.29507
Epoch 31/100
Training loss: 0.00000 || Validation loss: 59.03611
Epoch 32/100
Training loss: 0.00000 || Validation loss: 60.01422
Epoch 33/100
Training loss: 0.00000 || Validation loss: 59.66127
Epoch 34/100
Training loss: 0.00000 || Validation loss: 59.29119
Epoch 35/100
Training loss: 0.00000 || Validation loss: 59.60562
Epoch 36/100
Training loss: 0.00000 || Validation loss: 59.57154
Epoch 37/100
Training loss: 0.00000 || Validation loss: 59.73181
Epoch 38/100
Training loss: 0.00000 || Validation loss: 59.61042
Epoch 39/100
Training loss: 0.00000 || Validation loss: 59.59627
Epoch 40/100
Training loss: 0.00000 || Validation loss: 59.47021
Epoch 41/100
Training loss: 0.00000 || Validation loss: 59.21712
Epoch 42/100
Training loss: 0.00000 || Validation loss: 59.63144
Epoch 43/100
Training loss: 0.00000 || Validation loss: 59.28382
Epoch 44/100
Training loss: 0.00000 || Validation loss: 59.08189
Epoch 45/100
Training loss: 0.00000 || Validation loss: 58.64401
Epoch 46/100
Training loss: 0.00000 || Validation loss: 58.80080
Epoch 47/100
Training loss: 0.00000 || Validation loss: 59.04929
Epoch 48/100
Training loss: 0.00000 || Validation loss: 59.02787
Epoch 49/100
Training loss: 0.00000 || Validation loss: 58.13298
Epoch 50/100
Training loss: 0.00000 || Validation loss: 59.12582
Epoch 51/100
Training loss: 0.00000 || Validation loss: 58.28126
Epoch 52/100
Training loss: 0.00000 || Validation loss: 58.33709
Epoch 53/100
Training loss: 0.00000 || Validation loss: 58.36226
Epoch 54/100
Training loss: 0.00000 || Validation loss: 57.86050
Epoch 55/100
Training loss: 0.00000 || Validation loss: 58.26417
Epoch 56/100
Training loss: 0.00000 || Validation loss: 58.41145
Epoch 57/100
Training loss: 0.00000 || Validation loss: 57.64562
Epoch 58/100
Training loss: 0.00000 || Validation loss: 57.57706
Epoch 59/100
Training loss: 0.00000 || Validation loss: 57.55308
Epoch 60/100
Training loss: 0.00000 || Validation loss: 57.41619
Epoch 61/100
Training loss: 0.00000 || Validation loss: 57.27848
Epoch 62/100
Training loss: 0.00000 || Validation loss: 57.18086
Epoch 63/100
Training loss: 0.00001 || Validation loss: 56.56153
Epoch 64/100
Training loss: 0.00001 || Validation loss: 56.81937
Epoch 65/100
Training loss: 0.00002 || Validation loss: 56.54521
Epoch 66/100
Training loss: 0.00000 || Validation loss: 56.42361
Epoch 67/100
Training loss: 0.00001 || Validation loss: 56.45888
Epoch 68/100
Training loss: 0.00001 || Validation loss: 55.89666
Epoch 69/100
Training loss: 0.04630 || Validation loss: 54.85471
Epoch 70/100
Training loss: 0.00001 || Validation loss: 54.67825
Epoch 71/100
Training loss: 0.00000 || Validation loss: 54.53801
Epoch 72/100
Training loss: 0.00000 || Validation loss: 54.37944
Epoch 73/100
Training loss: 0.00000 || Validation loss: 54.21821
Epoch 74/100
Training loss: 0.00000 || Validation loss: 54.05488
Epoch 75/100
Training loss: 0.00000 || Validation loss: 53.88098
Epoch 76/100
Training loss: 0.00000 || Validation loss: 53.72217
Epoch 77/100
Training loss: 0.00000 || Validation loss: 53.53677
Epoch 78/100
Training loss: 0.00000 || Validation loss: 53.37292
Epoch 79/100
Training loss: 0.00000 || Validation loss: 53.19324
Epoch 80/100
Training loss: 0.00000 || Validation loss: 53.01936
Epoch 81/100
Training loss: 0.00000 || Validation loss: 52.86357
Epoch 82/100
Training loss: 0.00000 || Validation loss: 52.72099
Epoch 83/100
Training loss: 0.00000 || Validation loss: 52.59759
Epoch 84/100
Training loss: 0.00000 || Validation loss: 52.49855
Epoch 85/100
Training loss: 0.00000 || Validation loss: 52.43117
Epoch 86/100
Training loss: 0.00000 || Validation loss: 52.40495
Epoch 87/100
Training loss: 0.00000 || Validation loss: 52.41977
Epoch 88/100
Training loss: 0.00000 || Validation loss: 52.50571
Epoch 89/100
Training loss: 0.00000 || Validation loss: 52.63748
Epoch 90/100
Training loss: 0.00000 || Validation loss: 52.85768
Epoch 91/100
Training loss: 0.00000 || Validation loss: 53.14529
Epoch 92/100
Training loss: 0.00000 || Validation loss: 53.52044
Epoch 93/100
Training loss: 0.00000 || Validation loss: 53.98471
Epoch 94/100
Training loss: 0.00000 || Validation loss: 54.52380
Epoch 95/100
Training loss: 0.00000 || Validation loss: 55.16670
Epoch 96/100
Training loss: 0.00000 || Validation loss: 55.91453
Epoch 97/100
Training loss: 0.00000 || Validation loss: 56.75176
Epoch 98/100
Training loss: 0.00000 || Validation loss: 57.70274
Epoch 99/100
Training loss: 0.00000 || Validation loss: 58.73103
Epoch 100/100
Training loss: 0.00000 || Validation loss: 59.86062
Best model for fold 3 saved from epoch 6 with f1 8.86942
Final training loss: 0.00000 || Final test loss: 59.86062
All fold val losses: [8.951061179240545, 10.718274692694346, 8.869419316450754]
Average val loss: 9.51292
Fold 1
device : cuda
Model not found at ./model/city_and_forest_co_training_wba_value_16frames/piece_size_20_fix_False_pretrained_False/fold_1/fly_model.ckpt
튜플 파일을 불러오는 중 문제가 발생했습니다 (./model/city_and_forest_co_training_wba_value_16frames/piece_size_20_fix_False_pretrained_False/fold_1): [Errno 2] No such file or directory: './model/city_and_forest_co_training_wba_value_16frames/piece_size_20_fix_False_pretrained_False/fold_1/training_tuples.pkl'
Epoch 1/100
Training loss: 30.41185 || Validation loss: 16.12616
New best model saved at epoch 1 with loss 16.12616
Epoch 2/100
Training loss: 3.64559 || Validation loss: 18.26651
Epoch 3/100
Training loss: 1.09002 || Validation loss: 17.72405
Epoch 4/100
Training loss: 0.62732 || Validation loss: 16.58982
Epoch 5/100
Training loss: 0.47041 || Validation loss: 21.67903
Epoch 6/100
Training loss: 0.26956 || Validation loss: 29.62657
Epoch 7/100
Training loss: 0.15543 || Validation loss: 32.95977
Epoch 8/100
Training loss: 0.07555 || Validation loss: 36.34239
Epoch 9/100
Training loss: 0.02906 || Validation loss: 38.74562
Epoch 10/100
Training loss: 0.01688 || Validation loss: 38.97512
Epoch 11/100
Training loss: 0.00811 || Validation loss: 40.84322
Epoch 12/100
Training loss: 0.00477 || Validation loss: 40.68347
Epoch 13/100
Training loss: 0.00392 || Validation loss: 40.62728
Epoch 14/100
Training loss: 0.00044 || Validation loss: 40.27623
Epoch 15/100
Training loss: 0.00000 || Validation loss: 40.39700
Epoch 16/100
Training loss: 0.00000 || Validation loss: 39.92384
Epoch 17/100
Training loss: 0.00000 || Validation loss: 41.47015
Epoch 18/100
Training loss: 0.00000 || Validation loss: 40.90380
Epoch 19/100
Training loss: 0.00000 || Validation loss: 40.61667
Epoch 20/100
Training loss: 0.00000 || Validation loss: 40.88359
Epoch 21/100
Training loss: 0.00000 || Validation loss: 40.95058
Epoch 22/100
Training loss: 0.00000 || Validation loss: 40.26654
Epoch 23/100
Training loss: 0.00000 || Validation loss: 40.66186
Epoch 24/100
Training loss: 0.00000 || Validation loss: 40.91070
Epoch 25/100
Training loss: 0.00000 || Validation loss: 40.60817
Epoch 26/100
Training loss: 0.00000 || Validation loss: 40.92440
Epoch 27/100
Training loss: 0.00000 || Validation loss: 40.97673
Epoch 28/100
Training loss: 0.00000 || Validation loss: 41.50597
Epoch 29/100
Training loss: 0.00000 || Validation loss: 41.18014
Epoch 30/100
Training loss: 0.00000 || Validation loss: 41.14804
Epoch 31/100
Training loss: 0.00000 || Validation loss: 40.79774
Epoch 32/100
Training loss: 0.00000 || Validation loss: 40.91674
Epoch 33/100
Training loss: 0.00000 || Validation loss: 41.35862
Epoch 34/100
Training loss: 0.00000 || Validation loss: 40.77732
Epoch 35/100
Training loss: 0.00000 || Validation loss: 40.73955
Epoch 36/100
Training loss: 0.00000 || Validation loss: 41.50395
Epoch 37/100
Training loss: 0.00000 || Validation loss: 41.16735
Epoch 38/100
Training loss: 0.00000 || Validation loss: 40.74624
Epoch 39/100
Training loss: 0.00000 || Validation loss: 41.71433
Epoch 40/100
Training loss: 0.00000 || Validation loss: 42.68617
Epoch 41/100
Training loss: 0.00000 || Validation loss: 42.11124
Epoch 42/100
Training loss: 0.00000 || Validation loss: 41.56832
Epoch 43/100
Training loss: 0.00000 || Validation loss: 42.81287
Epoch 44/100
Training loss: 0.00000 || Validation loss: 42.52170
Epoch 45/100
Training loss: 0.00000 || Validation loss: 42.51430
Epoch 46/100
Training loss: 0.00000 || Validation loss: 42.40951
Epoch 47/100
Training loss: 0.00000 || Validation loss: 43.20816
Epoch 48/100
Training loss: 0.00000 || Validation loss: 42.87341
Epoch 49/100
Training loss: 0.00000 || Validation loss: 43.19875
Epoch 50/100
Training loss: 0.00000 || Validation loss: 43.57317
Epoch 51/100
Training loss: 0.00000 || Validation loss: 43.57052
Epoch 52/100
Training loss: 0.00000 || Validation loss: 44.48699
Epoch 53/100
Training loss: 0.00000 || Validation loss: 44.03081
Epoch 54/100
Training loss: 0.00001 || Validation loss: 43.65188
Epoch 55/100
Training loss: 0.00002 || Validation loss: 43.87781
Epoch 56/100
Training loss: 0.00003 || Validation loss: 44.42075
Epoch 57/100
Training loss: 0.00000 || Validation loss: 44.81479
Epoch 58/100
Training loss: 0.00009 || Validation loss: 44.97921
Epoch 59/100
Training loss: 0.00000 || Validation loss: 45.04222
Epoch 60/100
Training loss: 0.00000 || Validation loss: 45.35861
Epoch 61/100
Training loss: 0.00003 || Validation loss: 46.14208
Epoch 62/100
Training loss: 0.00000 || Validation loss: 46.40212
Epoch 63/100
Training loss: 0.00008 || Validation loss: 46.57274
Epoch 64/100
Training loss: 0.00000 || Validation loss: 46.75183
Epoch 65/100
Training loss: 0.00000 || Validation loss: 47.12299
Epoch 66/100
Training loss: 0.00002 || Validation loss: 47.54516
Epoch 67/100
Training loss: 0.00007 || Validation loss: 48.56498
Epoch 68/100
Training loss: 0.00001 || Validation loss: 48.82957
Epoch 69/100
Training loss: 0.00000 || Validation loss: 49.00135
Epoch 70/100
Training loss: 0.00000 || Validation loss: 49.19987
Epoch 71/100
Training loss: 0.00029 || Validation loss: 50.65821
Epoch 72/100
Training loss: 0.00000 || Validation loss: 50.82703
Epoch 73/100
Training loss: 0.00000 || Validation loss: 51.09308
Epoch 74/100
Training loss: 0.00000 || Validation loss: 51.17962
Epoch 75/100
Training loss: 0.00000 || Validation loss: 51.35150
Epoch 76/100
Training loss: 0.00000 || Validation loss: 51.53671
Epoch 77/100
Training loss: 0.00000 || Validation loss: 51.70306
Epoch 78/100
Training loss: 0.04846 || Validation loss: 52.30519
Epoch 79/100
Training loss: 0.00001 || Validation loss: 52.51892
Epoch 80/100
Training loss: 0.00000 || Validation loss: 52.70880
Epoch 81/100
Training loss: 0.00000 || Validation loss: 52.98613
Epoch 82/100
Training loss: 0.00000 || Validation loss: 53.24158
Epoch 83/100
Training loss: 0.00000 || Validation loss: 53.52758
Epoch 84/100
Training loss: 0.00000 || Validation loss: 53.86891
Epoch 85/100
Training loss: 0.00000 || Validation loss: 54.23309
Epoch 86/100
Training loss: 0.00000 || Validation loss: 54.64185
Epoch 87/100
Training loss: 0.00000 || Validation loss: 55.05783
Epoch 88/100
Training loss: 0.00000 || Validation loss: 55.57846
Epoch 89/100
Training loss: 0.00000 || Validation loss: 56.04004
Epoch 90/100
Training loss: 0.00000 || Validation loss: 56.65164
Epoch 91/100
Training loss: 0.00000 || Validation loss: 57.22137
Epoch 92/100
Training loss: 0.00000 || Validation loss: 57.88842
Epoch 93/100
Training loss: 0.00000 || Validation loss: 58.58956
Epoch 94/100
Training loss: 0.00000 || Validation loss: 59.33567
Epoch 95/100
Training loss: 0.00000 || Validation loss: 60.12646
Epoch 96/100
Training loss: 0.00000 || Validation loss: 60.84831
Epoch 97/100
Training loss: 0.00000 || Validation loss: 61.67374
Epoch 98/100
Training loss: 0.00000 || Validation loss: 62.49380
Epoch 99/100
Training loss: 0.00000 || Validation loss: 63.32784
Epoch 100/100
Training loss: 0.00000 || Validation loss: 64.22467
Best model for fold 1 saved from epoch 1 with f1 16.12616
Final training loss: 0.00000 || Final test loss: 64.22467
Fold 2
device : cuda
Model not found at ./model/city_and_forest_co_training_wba_value_16frames/piece_size_20_fix_False_pretrained_False/fold_2/fly_model.ckpt
튜플 파일을 불러오는 중 문제가 발생했습니다 (./model/city_and_forest_co_training_wba_value_16frames/piece_size_20_fix_False_pretrained_False/fold_2): [Errno 2] No such file or directory: './model/city_and_forest_co_training_wba_value_16frames/piece_size_20_fix_False_pretrained_False/fold_2/training_tuples.pkl'
Epoch 1/100
Training loss: 46.54809 || Validation loss: 41.43311
New best model saved at epoch 1 with loss 41.43311
Epoch 2/100
Training loss: 3.67659 || Validation loss: 30.87717
New best model saved at epoch 2 with loss 30.87717
Epoch 3/100
Training loss: 1.58055 || Validation loss: 23.32485
New best model saved at epoch 3 with loss 23.32485
Epoch 4/100
Training loss: 1.01012 || Validation loss: 15.20015
New best model saved at epoch 4 with loss 15.20015
Epoch 5/100
Training loss: 0.76134 || Validation loss: 10.52901
New best model saved at epoch 5 with loss 10.52901
Epoch 6/100
Training loss: 0.68735 || Validation loss: 8.73570
New best model saved at epoch 6 with loss 8.73570
Epoch 7/100
Training loss: 0.49430 || Validation loss: 8.49646
New best model saved at epoch 7 with loss 8.49646
Epoch 8/100
Training loss: 0.34666 || Validation loss: 10.00567
Epoch 9/100
Training loss: 0.25041 || Validation loss: 13.77275
Epoch 10/100
Training loss: 0.10755 || Validation loss: 19.98869
Epoch 11/100
Training loss: 0.04564 || Validation loss: 25.40250
Epoch 12/100
Training loss: 0.01711 || Validation loss: 30.82282
Epoch 13/100
Training loss: 0.00549 || Validation loss: 33.79643
Epoch 14/100
Training loss: 0.00073 || Validation loss: 35.27386
Epoch 15/100
Training loss: 0.00012 || Validation loss: 36.64793
Epoch 16/100
Training loss: 0.00002 || Validation loss: 37.56161
Epoch 17/100
Training loss: 0.00000 || Validation loss: 37.04886
Epoch 18/100
Training loss: 0.00000 || Validation loss: 36.83977
Epoch 19/100
Training loss: 0.00000 || Validation loss: 36.70259
Epoch 20/100
Training loss: 0.00000 || Validation loss: 36.67032
Epoch 21/100
Training loss: 0.00000 || Validation loss: 37.17088
Epoch 22/100
Training loss: 0.00000 || Validation loss: 36.95633
Epoch 23/100
Training loss: 0.00000 || Validation loss: 37.36243
Epoch 24/100
Training loss: 0.00000 || Validation loss: 37.67224
Epoch 25/100
Training loss: 0.00000 || Validation loss: 37.34017
Epoch 26/100
Training loss: 0.00000 || Validation loss: 37.16798
Epoch 27/100
Training loss: 0.00000 || Validation loss: 36.90127
Epoch 28/100
Training loss: 0.00000 || Validation loss: 37.37366
Epoch 29/100
Training loss: 0.00000 || Validation loss: 37.17000
Epoch 30/100
Training loss: 0.00000 || Validation loss: 37.06441
Epoch 31/100
Training loss: 0.00000 || Validation loss: 37.50424
Epoch 32/100
Training loss: 0.00000 || Validation loss: 38.24821
Epoch 33/100
Training loss: 0.00000 || Validation loss: 37.37835
Epoch 34/100
Training loss: 0.00000 || Validation loss: 37.37423
Epoch 35/100
Training loss: 0.00000 || Validation loss: 37.88539
Epoch 36/100
Training loss: 0.00000 || Validation loss: 37.37763
Epoch 37/100
Training loss: 0.00000 || Validation loss: 37.39629
Epoch 38/100
Training loss: 0.00000 || Validation loss: 37.81316
Epoch 39/100
Training loss: 0.00000 || Validation loss: 38.32924
Epoch 40/100
Training loss: 0.00000 || Validation loss: 37.66429
Epoch 41/100
Training loss: 0.00000 || Validation loss: 38.00896
Epoch 42/100
Training loss: 0.00000 || Validation loss: 38.22354
Epoch 43/100
Training loss: 0.00000 || Validation loss: 38.78133
Epoch 44/100
Training loss: 0.00000 || Validation loss: 38.35359
Epoch 45/100
Training loss: 0.00000 || Validation loss: 38.11337
Epoch 46/100
Training loss: 0.00000 || Validation loss: 38.52778
Epoch 47/100
Training loss: 0.00000 || Validation loss: 38.98641
Epoch 48/100
Training loss: 0.00000 || Validation loss: 38.63796
Epoch 49/100
Training loss: 0.00000 || Validation loss: 39.05644
Epoch 50/100
Training loss: 0.00000 || Validation loss: 38.99357
Epoch 51/100
Training loss: 0.00000 || Validation loss: 38.67809
Epoch 52/100
Training loss: 0.00000 || Validation loss: 38.95726
Epoch 53/100
Training loss: 0.00000 || Validation loss: 39.50416
Epoch 54/100
Training loss: 0.00000 || Validation loss: 39.52111
Epoch 55/100
Training loss: 0.00000 || Validation loss: 39.48587
Epoch 56/100
Training loss: 0.00000 || Validation loss: 39.46798
Epoch 57/100
Training loss: 0.00000 || Validation loss: 40.27054
Epoch 58/100
Training loss: 0.00000 || Validation loss: 39.72574
Epoch 59/100
Training loss: 0.00000 || Validation loss: 40.36029
Epoch 60/100
Training loss: 0.00000 || Validation loss: 40.31892
Epoch 61/100
Training loss: 0.00012 || Validation loss: 40.16899
Epoch 62/100
Training loss: 0.00000 || Validation loss: 39.97526
Epoch 63/100
Training loss: 0.00000 || Validation loss: 40.45391
Epoch 64/100
Training loss: 0.00000 || Validation loss: 40.59016
Epoch 65/100
Training loss: 0.00000 || Validation loss: 40.77388
Epoch 66/100
Training loss: 0.00000 || Validation loss: 40.89025
Epoch 67/100
Training loss: 0.00000 || Validation loss: 41.03926
Epoch 68/100
Training loss: 0.00001 || Validation loss: 40.88816
Epoch 69/100
Training loss: 0.03629 || Validation loss: 42.54584
Epoch 70/100
Training loss: 0.00000 || Validation loss: 42.53075
Epoch 71/100
Training loss: 0.00000 || Validation loss: 42.51857
Epoch 72/100
Training loss: 0.00000 || Validation loss: 42.50977
Epoch 73/100
Training loss: 0.00000 || Validation loss: 42.51357
Epoch 74/100
Training loss: 0.00000 || Validation loss: 42.52102
Epoch 75/100
Training loss: 0.00000 || Validation loss: 42.53283
Epoch 76/100
Training loss: 0.00000 || Validation loss: 42.56549
Epoch 77/100
Training loss: 0.00000 || Validation loss: 42.61075
Epoch 78/100
Training loss: 0.00000 || Validation loss: 42.67287
Epoch 79/100
Training loss: 0.00000 || Validation loss: 42.75385
Epoch 80/100
Training loss: 0.00000 || Validation loss: 42.86528
Epoch 81/100
Training loss: 0.00000 || Validation loss: 43.00255
Epoch 82/100
Training loss: 0.00000 || Validation loss: 43.18907
Epoch 83/100
Training loss: 0.00000 || Validation loss: 43.41525
Epoch 84/100
Training loss: 0.00000 || Validation loss: 43.69422
Epoch 85/100
Training loss: 0.00000 || Validation loss: 44.03630
Epoch 86/100
Training loss: 0.00000 || Validation loss: 44.44350
Epoch 87/100
Training loss: 0.00000 || Validation loss: 44.94242
Epoch 88/100
Training loss: 0.00000 || Validation loss: 45.51976
Epoch 89/100
Training loss: 0.00000 || Validation loss: 46.19384
Epoch 90/100
Training loss: 0.00000 || Validation loss: 46.98579
Epoch 91/100
Training loss: 0.00000 || Validation loss: 47.90948
Epoch 92/100
Training loss: 0.00000 || Validation loss: 48.96520
Epoch 93/100
Training loss: 0.00000 || Validation loss: 50.14602
Epoch 94/100
Training loss: 0.00000 || Validation loss: 51.47933
Epoch 95/100
Training loss: 0.00000 || Validation loss: 52.93733
Epoch 96/100
Training loss: 0.00007 || Validation loss: 54.32020
Epoch 97/100
Training loss: 0.00001 || Validation loss: 56.35785
Epoch 98/100
Training loss: 0.00000 || Validation loss: 58.26710
Epoch 99/100
Training loss: 0.00000 || Validation loss: 60.29027
Epoch 100/100
Training loss: 0.00000 || Validation loss: 62.51973
Best model for fold 2 saved from epoch 7 with f1 8.49646
Final training loss: 0.00000 || Final test loss: 62.51973
Fold 3
device : cuda
Model not found at ./model/city_and_forest_co_training_wba_value_16frames/piece_size_20_fix_False_pretrained_False/fold_3/fly_model.ckpt
튜플 파일을 불러오는 중 문제가 발생했습니다 (./model/city_and_forest_co_training_wba_value_16frames/piece_size_20_fix_False_pretrained_False/fold_3): [Errno 2] No such file or directory: './model/city_and_forest_co_training_wba_value_16frames/piece_size_20_fix_False_pretrained_False/fold_3/training_tuples.pkl'
Epoch 1/100
Training loss: 42.29871 || Validation loss: 55.58802
New best model saved at epoch 1 with loss 55.58802
Epoch 2/100
Training loss: 6.06226 || Validation loss: 25.86102
New best model saved at epoch 2 with loss 25.86102
Epoch 3/100
Training loss: 2.22952 || Validation loss: 17.94097
New best model saved at epoch 3 with loss 17.94097
Epoch 4/100
Training loss: 1.10635 || Validation loss: 15.05997
New best model saved at epoch 4 with loss 15.05997
Epoch 5/100
Training loss: 0.81478 || Validation loss: 12.11657
New best model saved at epoch 5 with loss 12.11657
Epoch 6/100
Training loss: 0.71716 || Validation loss: 8.96103
New best model saved at epoch 6 with loss 8.96103
Epoch 7/100
Training loss: 0.50017 || Validation loss: 9.46697
Epoch 8/100
Training loss: 0.35082 || Validation loss: 10.78827
Epoch 9/100
Training loss: 0.25792 || Validation loss: 14.71782
Epoch 10/100
Training loss: 0.12780 || Validation loss: 22.40364
Epoch 11/100
Training loss: 0.05660 || Validation loss: 29.30534
Epoch 12/100
Training loss: 0.01730 || Validation loss: 36.00168
Epoch 13/100
Training loss: 0.00753 || Validation loss: 40.34487
Epoch 14/100
Training loss: 0.00324 || Validation loss: 42.62351
Epoch 15/100
Training loss: 0.00031 || Validation loss: 43.69902
Epoch 16/100
Training loss: 0.00004 || Validation loss: 44.81270
Epoch 17/100
Training loss: 0.00000 || Validation loss: 43.97469
Epoch 18/100
Training loss: 0.00000 || Validation loss: 44.66317
Epoch 19/100
Training loss: 0.00000 || Validation loss: 44.06332
Epoch 20/100
Training loss: 0.00000 || Validation loss: 44.92137
Epoch 21/100
Training loss: 0.00000 || Validation loss: 44.81995
Epoch 22/100
Training loss: 0.00000 || Validation loss: 44.85443
Epoch 23/100
Training loss: 0.00000 || Validation loss: 45.39650
Epoch 24/100
Training loss: 0.00000 || Validation loss: 44.08803
Epoch 25/100
Training loss: 0.00000 || Validation loss: 46.03227
Epoch 26/100
Training loss: 0.00000 || Validation loss: 44.54290
Epoch 27/100
Training loss: 0.00000 || Validation loss: 45.18748
Epoch 28/100
Training loss: 0.00000 || Validation loss: 45.70285
Epoch 29/100
Training loss: 0.00000 || Validation loss: 44.67130
Epoch 30/100
Training loss: 0.00000 || Validation loss: 45.21613
Epoch 31/100
Training loss: 0.00000 || Validation loss: 45.92536
Epoch 32/100
Training loss: 0.00000 || Validation loss: 45.35043
Epoch 33/100
Training loss: 0.00000 || Validation loss: 45.40389
Epoch 34/100
Training loss: 0.00000 || Validation loss: 46.75818
Epoch 35/100
Training loss: 0.00000 || Validation loss: 46.75904
Epoch 36/100
Training loss: 0.00000 || Validation loss: 46.02592
Epoch 37/100
Training loss: 0.00000 || Validation loss: 46.63704
Epoch 38/100
Training loss: 0.00000 || Validation loss: 46.67177
Epoch 39/100
Training loss: 0.00000 || Validation loss: 46.84172
Epoch 40/100
Training loss: 0.00000 || Validation loss: 46.95028
Epoch 41/100
Training loss: 0.00000 || Validation loss: 47.10224
Epoch 42/100
Training loss: 0.00000 || Validation loss: 47.34521
Epoch 43/100
Training loss: 0.00000 || Validation loss: 47.70744
Epoch 44/100
Training loss: 0.00000 || Validation loss: 48.11567
Epoch 45/100
Training loss: 0.00000 || Validation loss: 47.85346
Epoch 46/100
Training loss: 0.00000 || Validation loss: 47.99973
Epoch 47/100
Training loss: 0.00000 || Validation loss: 48.41600
Epoch 48/100
Training loss: 0.00000 || Validation loss: 48.06983
Epoch 49/100
Training loss: 0.00000 || Validation loss: 48.79786
Epoch 50/100
Training loss: 0.00000 || Validation loss: 49.23970
Epoch 51/100
Training loss: 0.00000 || Validation loss: 49.05137
Epoch 52/100
Training loss: 0.00000 || Validation loss: 49.23624
Epoch 53/100
Training loss: 0.00000 || Validation loss: 48.85386
Epoch 54/100
Training loss: 0.00000 || Validation loss: 49.21884
Epoch 55/100
Training loss: 0.00000 || Validation loss: 49.53641
Epoch 56/100
Training loss: 0.00000 || Validation loss: 49.91376
Epoch 57/100
Training loss: 0.00000 || Validation loss: 50.11511
Epoch 58/100
Training loss: 0.00000 || Validation loss: 50.16750
Epoch 59/100
Training loss: 0.00000 || Validation loss: 50.53375
Epoch 60/100
Training loss: 0.00001 || Validation loss: 50.23015
Epoch 61/100
Training loss: 0.00000 || Validation loss: 50.68441
Epoch 62/100
Training loss: 0.00001 || Validation loss: 50.67993
Epoch 63/100
Training loss: 0.00002 || Validation loss: 50.96328
Epoch 64/100
Training loss: 0.00000 || Validation loss: 50.59727
Epoch 65/100
Training loss: 0.00012 || Validation loss: 50.89775
Epoch 66/100
Training loss: 0.00000 || Validation loss: 50.92465
Epoch 67/100
Training loss: 0.00000 || Validation loss: 50.97156
Epoch 68/100
Training loss: 0.00000 || Validation loss: 51.16637
Epoch 69/100
Training loss: 0.00000 || Validation loss: 51.22734
Epoch 70/100
Training loss: 0.00000 || Validation loss: 51.15233
Epoch 71/100
Training loss: 0.00015 || Validation loss: 51.11246
Epoch 72/100
Training loss: 0.00000 || Validation loss: 51.24375
Epoch 73/100
Training loss: 0.00000 || Validation loss: 51.19246
Epoch 74/100
Training loss: 0.00000 || Validation loss: 51.29278
Epoch 75/100
Training loss: 0.00000 || Validation loss: 51.36899
Epoch 76/100
Training loss: 0.00016 || Validation loss: 51.08395
Epoch 77/100
Training loss: 0.00000 || Validation loss: 51.13489
Epoch 78/100
Training loss: 0.00000 || Validation loss: 51.19440
Epoch 79/100
Training loss: 0.00000 || Validation loss: 51.29596
Epoch 80/100
Training loss: 0.00000 || Validation loss: 51.27846
Epoch 81/100
Training loss: 0.00000 || Validation loss: 51.36723
Epoch 82/100
Training loss: 0.00000 || Validation loss: 51.40093
Epoch 83/100
Training loss: 0.00005 || Validation loss: 51.44416
Epoch 84/100
Training loss: 0.00001 || Validation loss: 51.64420
Epoch 85/100
Training loss: 0.00000 || Validation loss: 51.77061
Epoch 86/100
Training loss: 0.00000 || Validation loss: 51.94364
Epoch 87/100
Training loss: 0.00000 || Validation loss: 52.14164
Epoch 88/100
Training loss: 0.00006 || Validation loss: 52.35773
Epoch 89/100
Training loss: 0.00000 || Validation loss: 52.63425
Epoch 90/100
Training loss: 0.05528 || Validation loss: 52.01216
Epoch 91/100
Training loss: 0.00066 || Validation loss: 53.47909
Epoch 92/100
Training loss: 0.00000 || Validation loss: 53.85503
Epoch 93/100
Training loss: 0.00000 || Validation loss: 54.32895
Epoch 94/100
Training loss: 0.00000 || Validation loss: 54.82905
Epoch 95/100
Training loss: 0.00000 || Validation loss: 55.40153
Epoch 96/100
Training loss: 0.00000 || Validation loss: 56.01892
Epoch 97/100
Training loss: 0.00000 || Validation loss: 56.69566
Epoch 98/100
Training loss: 0.00000 || Validation loss: 57.41862
Epoch 99/100
Training loss: 0.00000 || Validation loss: 58.21322
Epoch 100/100
Training loss: 0.00000 || Validation loss: 59.03479
Best model for fold 3 saved from epoch 6 with f1 8.96103
Final training loss: 0.00000 || Final test loss: 59.03479
All fold val losses: [16.126162926356, 8.496457854906717, 8.961034754912058]
Average val loss: 11.19455
Fold 1
device : cuda
Model not found at ./model/city_and_forest_co_training_wba_value_16frames/piece_size_40_fix_False_pretrained_False/fold_1/fly_model.ckpt
./model/city_and_forest_co_training_wba_value_16frames/piece_size_40_fix_False_pretrained_True/fold_1에서 튜플 파일을 불러왔습니다.
Epoch 1/100
Training loss: 38.16933 || Validation loss: 22.40148
New best model saved at epoch 1 with loss 22.40148
Epoch 2/100
Training loss: 3.16925 || Validation loss: 16.58736
New best model saved at epoch 2 with loss 16.58736
Epoch 3/100
Training loss: 1.34312 || Validation loss: 14.76202
New best model saved at epoch 3 with loss 14.76202
Epoch 4/100
Training loss: 0.91695 || Validation loss: 11.64514
New best model saved at epoch 4 with loss 11.64514
Epoch 5/100
Training loss: 0.64048 || Validation loss: 9.01847
New best model saved at epoch 5 with loss 9.01847
Epoch 6/100
Training loss: 0.61124 || Validation loss: 9.01043
New best model saved at epoch 6 with loss 9.01043
Epoch 7/100
Training loss: 0.41003 || Validation loss: 7.95157
New best model saved at epoch 7 with loss 7.95157
Epoch 8/100
Training loss: 0.29857 || Validation loss: 9.04668
Epoch 9/100
Training loss: 0.17672 || Validation loss: 11.95046
Epoch 10/100
Training loss: 0.09056 || Validation loss: 16.09195
Epoch 11/100
Training loss: 0.04383 || Validation loss: 20.23439
Epoch 12/100
Training loss: 0.00913 || Validation loss: 22.67128
Epoch 13/100
Training loss: 0.00146 || Validation loss: 23.30835
Epoch 14/100
Training loss: 0.00018 || Validation loss: 24.89150
Epoch 15/100
Training loss: 0.00002 || Validation loss: 25.09806
Epoch 16/100
Training loss: 0.00000 || Validation loss: 25.23029
Epoch 17/100
Training loss: 0.00000 || Validation loss: 24.81174
Epoch 18/100
Training loss: 0.00000 || Validation loss: 25.26348
Epoch 19/100
Training loss: 0.00000 || Validation loss: 24.71567
Epoch 20/100
Training loss: 0.00000 || Validation loss: 25.23436
Epoch 21/100
Training loss: 0.00000 || Validation loss: 24.71438
Epoch 22/100
Training loss: 0.00000 || Validation loss: 25.88159
Epoch 23/100
Training loss: 0.00000 || Validation loss: 25.03520
Epoch 24/100
Training loss: 0.00000 || Validation loss: 24.66803
Epoch 25/100
Training loss: 0.00000 || Validation loss: 25.00843
Epoch 26/100
Training loss: 0.00000 || Validation loss: 24.64932
Epoch 27/100
Training loss: 0.00000 || Validation loss: 25.41673
Epoch 28/100
Training loss: 0.00000 || Validation loss: 25.17027
Epoch 29/100
Training loss: 0.00000 || Validation loss: 24.76662
Epoch 30/100
Training loss: 0.00000 || Validation loss: 24.47586
Epoch 31/100
Training loss: 0.00000 || Validation loss: 24.98187
Epoch 32/100
Training loss: 0.00000 || Validation loss: 25.21604
Epoch 33/100
Training loss: 0.00000 || Validation loss: 24.96178
Epoch 34/100
Training loss: 0.00000 || Validation loss: 24.82221
Epoch 35/100
Training loss: 0.00000 || Validation loss: 24.51586
Epoch 36/100
Training loss: 0.00000 || Validation loss: 25.05955
Epoch 37/100
Training loss: 0.00000 || Validation loss: 24.25688
Epoch 38/100
Training loss: 0.00000 || Validation loss: 24.68097
Epoch 39/100
Training loss: 0.00000 || Validation loss: 24.92334
Epoch 40/100
Training loss: 0.00000 || Validation loss: 25.29959
Epoch 41/100
Training loss: 0.00000 || Validation loss: 24.56010
Epoch 42/100
Training loss: 0.00000 || Validation loss: 24.80619
Epoch 43/100
Training loss: 0.00000 || Validation loss: 24.70833
Epoch 44/100
Training loss: 0.00000 || Validation loss: 23.78875
Epoch 45/100
Training loss: 0.00000 || Validation loss: 24.54997
Epoch 46/100
Training loss: 0.00000 || Validation loss: 24.50586
Epoch 47/100
Training loss: 0.00000 || Validation loss: 24.66400
Epoch 48/100
Training loss: 0.00000 || Validation loss: 24.44114
Epoch 49/100
Training loss: 0.00000 || Validation loss: 24.48800
Epoch 50/100
Training loss: 0.00000 || Validation loss: 24.25810
Epoch 51/100
Training loss: 0.00000 || Validation loss: 24.70623
Epoch 52/100
Training loss: 0.00001 || Validation loss: 24.52073
Epoch 53/100
Training loss: 0.00000 || Validation loss: 24.24410
Epoch 54/100
Training loss: 0.00002 || Validation loss: 24.19494
Epoch 55/100
Training loss: 0.00000 || Validation loss: 24.49586
Epoch 56/100
Training loss: 0.00024 || Validation loss: 24.66269
Epoch 57/100
Training loss: 0.00000 || Validation loss: 24.14178
Epoch 58/100
Training loss: 0.00000 || Validation loss: 24.52197
Epoch 59/100
Training loss: 0.00000 || Validation loss: 24.33001
Epoch 60/100
Training loss: 0.00000 || Validation loss: 24.41474
Epoch 61/100
Training loss: 0.00000 || Validation loss: 24.50908
Epoch 62/100
Training loss: 0.03029 || Validation loss: 25.11684
Epoch 63/100
Training loss: 0.00000 || Validation loss: 25.17022
Epoch 64/100
Training loss: 0.00000 || Validation loss: 25.23874
Epoch 65/100
Training loss: 0.00000 || Validation loss: 25.32020
Epoch 66/100
Training loss: 0.00000 || Validation loss: 25.42431
Epoch 67/100
Training loss: 0.00000 || Validation loss: 25.54717
Epoch 68/100
Training loss: 0.00000 || Validation loss: 25.70017
Epoch 69/100
Training loss: 0.00000 || Validation loss: 25.88578
Epoch 70/100
Training loss: 0.00000 || Validation loss: 26.11397
Epoch 71/100
Training loss: 0.00000 || Validation loss: 26.38505
Epoch 72/100
Training loss: 0.00000 || Validation loss: 26.71356
Epoch 73/100
Training loss: 0.00000 || Validation loss: 27.10686
Epoch 74/100
Training loss: 0.00000 || Validation loss: 27.58272
Epoch 75/100
Training loss: 0.00000 || Validation loss: 28.14530
Epoch 76/100
Training loss: 0.00000 || Validation loss: 28.81843
Epoch 77/100
Training loss: 0.00000 || Validation loss: 29.60280
Epoch 78/100
Training loss: 0.00000 || Validation loss: 30.51770
Epoch 79/100
Training loss: 0.00000 || Validation loss: 31.58077
Epoch 80/100
Training loss: 0.00000 || Validation loss: 32.80606
Epoch 81/100
Training loss: 0.00000 || Validation loss: 34.20871
Epoch 82/100
Training loss: 0.00000 || Validation loss: 35.82711
Epoch 83/100
Training loss: 0.00000 || Validation loss: 37.64965
Epoch 84/100
Training loss: 0.00000 || Validation loss: 39.69208
Epoch 85/100
Training loss: 0.00000 || Validation loss: 41.94114
Epoch 86/100
Training loss: 0.00000 || Validation loss: 44.40520
Epoch 87/100
Training loss: 0.00000 || Validation loss: 47.16699
Epoch 88/100
Training loss: 0.00044 || Validation loss: 50.12410
Epoch 89/100
Training loss: 0.00000 || Validation loss: 53.28743
Epoch 90/100
Training loss: 0.00000 || Validation loss: 56.65234
Epoch 91/100
Training loss: 0.00000 || Validation loss: 60.19454
Epoch 92/100
Training loss: 0.00000 || Validation loss: 63.88855
Epoch 93/100
Training loss: 0.00000 || Validation loss: 67.70308
Epoch 94/100
Training loss: 0.00000 || Validation loss: 71.60233
Epoch 95/100
Training loss: 0.00002 || Validation loss: 75.25571
Epoch 96/100
Training loss: 0.00006 || Validation loss: 79.50612
Epoch 97/100
Training loss: 0.00000 || Validation loss: 83.40954
Epoch 98/100
Training loss: 0.00000 || Validation loss: 87.22638
Epoch 99/100
Training loss: 0.00002 || Validation loss: 90.91122
Epoch 100/100
Training loss: 0.00001 || Validation loss: 94.47171
Best model for fold 1 saved from epoch 7 with f1 7.95157
Final training loss: 0.00001 || Final test loss: 94.47171
Fold 2
device : cuda
Model not found at ./model/city_and_forest_co_training_wba_value_16frames/piece_size_40_fix_False_pretrained_False/fold_2/fly_model.ckpt
./model/city_and_forest_co_training_wba_value_16frames/piece_size_40_fix_False_pretrained_True/fold_2에서 튜플 파일을 불러왔습니다.
Epoch 1/100
Training loss: 53.79879 || Validation loss: 19.28933
New best model saved at epoch 1 with loss 19.28933
Epoch 2/100
Training loss: 5.29072 || Validation loss: 16.99393
New best model saved at epoch 2 with loss 16.99393
Epoch 3/100
Training loss: 2.00239 || Validation loss: 15.70823
New best model saved at epoch 3 with loss 15.70823
Epoch 4/100
Training loss: 1.25659 || Validation loss: 10.60920
New best model saved at epoch 4 with loss 10.60920
Epoch 5/100
Training loss: 0.72068 || Validation loss: 8.74555
New best model saved at epoch 5 with loss 8.74555
Epoch 6/100
Training loss: 0.39912 || Validation loss: 6.26219
New best model saved at epoch 6 with loss 6.26219
Epoch 7/100
Training loss: 0.18620 || Validation loss: 6.03899
New best model saved at epoch 7 with loss 6.03899
Epoch 8/100
Training loss: 0.07440 || Validation loss: 5.99360
New best model saved at epoch 8 with loss 5.99360
Epoch 9/100
Training loss: 0.02751 || Validation loss: 5.99686
Epoch 10/100
Training loss: 0.00941 || Validation loss: 6.21090
Epoch 11/100
Training loss: 0.00398 || Validation loss: 5.93494
New best model saved at epoch 11 with loss 5.93494
Epoch 12/100
Training loss: 0.00156 || Validation loss: 6.15572
Epoch 13/100
Training loss: 0.00069 || Validation loss: 6.25411
Epoch 14/100
Training loss: 0.00049 || Validation loss: 5.81954
New best model saved at epoch 14 with loss 5.81954
Epoch 15/100
Training loss: 0.00018 || Validation loss: 5.81602
New best model saved at epoch 15 with loss 5.81602
Epoch 16/100
Training loss: 0.00002 || Validation loss: 5.87268
Epoch 17/100
Training loss: 0.00000 || Validation loss: 6.04078
Epoch 18/100
Training loss: 0.00000 || Validation loss: 6.03751
Epoch 19/100
Training loss: 0.00000 || Validation loss: 5.95922
Epoch 20/100
Training loss: 0.00000 || Validation loss: 6.09113
Epoch 21/100
Training loss: 0.00000 || Validation loss: 5.88477
Epoch 22/100
Training loss: 0.00000 || Validation loss: 5.67696
New best model saved at epoch 22 with loss 5.67696
Epoch 23/100
Training loss: 0.00000 || Validation loss: 6.19378
Epoch 24/100
Training loss: 0.00000 || Validation loss: 5.93135
Epoch 25/100
Training loss: 0.00000 || Validation loss: 5.84773
Epoch 26/100
Training loss: 0.00000 || Validation loss: 6.15500
Epoch 27/100
Training loss: 0.00000 || Validation loss: 5.96754
Epoch 28/100
Training loss: 0.00000 || Validation loss: 5.95649
Epoch 29/100
Training loss: 0.00000 || Validation loss: 5.94591
Epoch 30/100
Training loss: 0.00000 || Validation loss: 5.73888
Epoch 31/100
Training loss: 0.00000 || Validation loss: 5.34305
New best model saved at epoch 31 with loss 5.34305
Epoch 32/100
Training loss: 0.00000 || Validation loss: 5.68539
Epoch 33/100
Training loss: 0.00000 || Validation loss: 5.71010
Epoch 34/100
Training loss: 0.00000 || Validation loss: 5.68090
Epoch 35/100
Training loss: 0.00000 || Validation loss: 5.51551
Epoch 36/100
Training loss: 0.00000 || Validation loss: 5.76235
Epoch 37/100
Training loss: 0.00000 || Validation loss: 5.79482
Epoch 38/100
Training loss: 0.00000 || Validation loss: 5.46994
Epoch 39/100
Training loss: 0.00000 || Validation loss: 5.45537
Epoch 40/100
Training loss: 0.00000 || Validation loss: 5.41906
Epoch 41/100
Training loss: 0.00000 || Validation loss: 5.13572
New best model saved at epoch 41 with loss 5.13572
Epoch 42/100
Training loss: 0.00000 || Validation loss: 5.21857
Epoch 43/100
Training loss: 0.00000 || Validation loss: 5.08615
New best model saved at epoch 43 with loss 5.08615
Epoch 44/100
Training loss: 0.00000 || Validation loss: 5.10960
Epoch 45/100
Training loss: 0.00000 || Validation loss: 4.83002
New best model saved at epoch 45 with loss 4.83002
Epoch 46/100
Training loss: 0.00000 || Validation loss: 5.01869
Epoch 47/100
Training loss: 0.00001 || Validation loss: 4.78639
New best model saved at epoch 47 with loss 4.78639
Epoch 48/100
Training loss: 0.00005 || Validation loss: 4.70116
New best model saved at epoch 48 with loss 4.70116
Epoch 49/100
Training loss: 0.00000 || Validation loss: 4.77159
Epoch 50/100
Training loss: 0.00003 || Validation loss: 4.70818
Epoch 51/100
Training loss: 0.00033 || Validation loss: 4.74125
Epoch 52/100
Training loss: 0.00000 || Validation loss: 4.66056
New best model saved at epoch 52 with loss 4.66056
Epoch 53/100
Training loss: 0.00000 || Validation loss: 4.65965
New best model saved at epoch 53 with loss 4.65965
Epoch 54/100
Training loss: 0.00000 || Validation loss: 4.56436
New best model saved at epoch 54 with loss 4.56436
Epoch 55/100
Training loss: 0.00000 || Validation loss: 4.50729
New best model saved at epoch 55 with loss 4.50729
Epoch 56/100
Training loss: 0.00001 || Validation loss: 4.36910
New best model saved at epoch 56 with loss 4.36910
Epoch 57/100
Training loss: 0.00004 || Validation loss: 4.39353
Epoch 58/100
Training loss: 0.00005 || Validation loss: 4.28488
New best model saved at epoch 58 with loss 4.28488
Epoch 59/100
Training loss: 0.00002 || Validation loss: 4.33155
Epoch 60/100
Training loss: 0.00003 || Validation loss: 4.27171
New best model saved at epoch 60 with loss 4.27171
Epoch 61/100
Training loss: 0.00002 || Validation loss: 4.33694
Epoch 62/100
Training loss: 0.00008 || Validation loss: 4.25301
New best model saved at epoch 62 with loss 4.25301
Epoch 63/100
Training loss: 0.00000 || Validation loss: 4.33864
Epoch 64/100
Training loss: 0.03798 || Validation loss: 4.63040
Epoch 65/100
Training loss: 0.00005 || Validation loss: 4.70918
Epoch 66/100
Training loss: 0.00000 || Validation loss: 4.78129
Epoch 67/100
Training loss: 0.00000 || Validation loss: 4.86791
Epoch 68/100
Training loss: 0.00000 || Validation loss: 4.97369
Epoch 69/100
Training loss: 0.00000 || Validation loss: 5.11133
Epoch 70/100
Training loss: 0.00000 || Validation loss: 5.28221
Epoch 71/100
Training loss: 0.00000 || Validation loss: 5.49508
Epoch 72/100
Training loss: 0.00000 || Validation loss: 5.75053
Epoch 73/100
Training loss: 0.00000 || Validation loss: 6.06238
Epoch 74/100
Training loss: 0.00000 || Validation loss: 6.43785
Epoch 75/100
Training loss: 0.00000 || Validation loss: 6.88689
Epoch 76/100
Training loss: 0.00000 || Validation loss: 7.43802
Epoch 77/100
Training loss: 0.00000 || Validation loss: 8.09320
Epoch 78/100
Training loss: 0.00000 || Validation loss: 8.86668
Epoch 79/100
Training loss: 0.00000 || Validation loss: 9.78954
Epoch 80/100
Training loss: 0.00000 || Validation loss: 10.86944
Epoch 81/100
Training loss: 0.00000 || Validation loss: 12.13414
Epoch 82/100
Training loss: 0.00000 || Validation loss: 13.60678
Epoch 83/100
Training loss: 0.00000 || Validation loss: 15.30374
Epoch 84/100
Training loss: 0.00000 || Validation loss: 17.24534
Epoch 85/100
Training loss: 0.00000 || Validation loss: 19.45217
Epoch 86/100
Training loss: 0.00000 || Validation loss: 21.94469
Epoch 87/100
Training loss: 0.00000 || Validation loss: 24.72945
Epoch 88/100
Training loss: 0.00021 || Validation loss: 27.86682
Epoch 89/100
Training loss: 0.00000 || Validation loss: 31.25176
Epoch 90/100
Training loss: 0.00000 || Validation loss: 34.93313
Epoch 91/100
Training loss: 0.00000 || Validation loss: 38.89951
Epoch 92/100
Training loss: 0.00005 || Validation loss: 43.14876
Epoch 93/100
Training loss: 0.00000 || Validation loss: 47.62408
Epoch 94/100
Training loss: 0.00016 || Validation loss: 52.35683
Epoch 95/100
Training loss: 0.00000 || Validation loss: 57.21181
Epoch 96/100
Training loss: 0.00003 || Validation loss: 62.19809
Epoch 97/100
Training loss: 0.00000 || Validation loss: 67.26800
Epoch 98/100
Training loss: 0.00010 || Validation loss: 72.39726
Epoch 99/100
Training loss: 0.00003 || Validation loss: 77.48859
Epoch 100/100
Training loss: 0.00041 || Validation loss: 82.55126
Best model for fold 2 saved from epoch 62 with f1 4.25301
Final training loss: 0.00041 || Final test loss: 82.55126
Fold 3
device : cuda
Model not found at ./model/city_and_forest_co_training_wba_value_16frames/piece_size_40_fix_False_pretrained_False/fold_3/fly_model.ckpt
./model/city_and_forest_co_training_wba_value_16frames/piece_size_40_fix_False_pretrained_True/fold_3에서 튜플 파일을 불러왔습니다.
Epoch 1/100
Training loss: 41.33643 || Validation loss: 41.46185
New best model saved at epoch 1 with loss 41.46185
Epoch 2/100
Training loss: 3.88468 || Validation loss: 17.57224
New best model saved at epoch 2 with loss 17.57224
Epoch 3/100
Training loss: 1.59035 || Validation loss: 11.20380
New best model saved at epoch 3 with loss 11.20380
Epoch 4/100
Training loss: 0.85499 || Validation loss: 8.72394
New best model saved at epoch 4 with loss 8.72394
Epoch 5/100
Training loss: 0.62313 || Validation loss: 7.91216
New best model saved at epoch 5 with loss 7.91216
Epoch 6/100
Training loss: 0.46718 || Validation loss: 6.99234
New best model saved at epoch 6 with loss 6.99234
Epoch 7/100
Training loss: 0.37160 || Validation loss: 8.56416
Epoch 8/100
Training loss: 0.25308 || Validation loss: 11.23820
Epoch 9/100
Training loss: 0.16740 || Validation loss: 16.60483
Epoch 10/100
Training loss: 0.09166 || Validation loss: 20.58986
Epoch 11/100
Training loss: 0.04698 || Validation loss: 26.13284
Epoch 12/100
Training loss: 0.01341 || Validation loss: 31.43579
Epoch 13/100
Training loss: 0.00597 || Validation loss: 34.62690
Epoch 14/100
Training loss: 0.00041 || Validation loss: 34.72195
Epoch 15/100
Training loss: 0.00078 || Validation loss: 35.09907
Epoch 16/100
Training loss: 0.00000 || Validation loss: 35.97454
Epoch 17/100
Training loss: 0.00000 || Validation loss: 36.05761
Epoch 18/100
Training loss: 0.00000 || Validation loss: 35.68951
Epoch 19/100
Training loss: 0.00000 || Validation loss: 35.86303
Epoch 20/100
Training loss: 0.00000 || Validation loss: 36.18988
Epoch 21/100
Training loss: 0.00000 || Validation loss: 35.45344
Epoch 22/100
Training loss: 0.00000 || Validation loss: 35.69082
Epoch 23/100
Training loss: 0.00000 || Validation loss: 35.81064
Epoch 24/100
Training loss: 0.00000 || Validation loss: 35.99955
Epoch 25/100
Training loss: 0.00000 || Validation loss: 36.12176
Epoch 26/100
Training loss: 0.00000 || Validation loss: 36.69381
Epoch 27/100
Training loss: 0.00000 || Validation loss: 37.14373
Epoch 28/100
Training loss: 0.00000 || Validation loss: 35.68228
Epoch 29/100
Training loss: 0.00000 || Validation loss: 36.86277
Epoch 30/100
Training loss: 0.00000 || Validation loss: 36.78000
Epoch 31/100
Training loss: 0.00000 || Validation loss: 37.42974
Epoch 32/100
Training loss: 0.00000 || Validation loss: 36.57774
Epoch 33/100
Training loss: 0.00000 || Validation loss: 36.62867
Epoch 34/100
Training loss: 0.00000 || Validation loss: 36.62562
Epoch 35/100
Training loss: 0.00000 || Validation loss: 37.71316
Epoch 36/100
Training loss: 0.00000 || Validation loss: 38.17791
Epoch 37/100
Training loss: 0.00000 || Validation loss: 37.93600
Epoch 38/100
Training loss: 0.00000 || Validation loss: 37.64606
Epoch 39/100
Training loss: 0.00000 || Validation loss: 37.97055
Epoch 40/100
Training loss: 0.00000 || Validation loss: 38.38216
Epoch 41/100
Training loss: 0.00000 || Validation loss: 38.95744
Epoch 42/100
Training loss: 0.00000 || Validation loss: 38.97258
Epoch 43/100
Training loss: 0.00000 || Validation loss: 39.00447
Epoch 44/100
Training loss: 0.00000 || Validation loss: 39.39599
Epoch 45/100
Training loss: 0.00000 || Validation loss: 39.91483
Epoch 46/100
Training loss: 0.00000 || Validation loss: 40.62390
Epoch 47/100
Training loss: 0.00000 || Validation loss: 39.40831
Epoch 48/100
Training loss: 0.00000 || Validation loss: 39.92717
Epoch 49/100
Training loss: 0.00000 || Validation loss: 40.47655
Epoch 50/100
Training loss: 0.00000 || Validation loss: 40.68664
Epoch 51/100
Training loss: 0.00002 || Validation loss: 41.40410
Epoch 52/100
Training loss: 0.00000 || Validation loss: 40.92809
Epoch 53/100
Training loss: 0.00000 || Validation loss: 41.11507
Epoch 54/100
Training loss: 0.00004 || Validation loss: 40.90535
Epoch 55/100
Training loss: 0.00000 || Validation loss: 41.03810
Epoch 56/100
Training loss: 0.00006 || Validation loss: 41.73378
Epoch 57/100
Training loss: 0.00000 || Validation loss: 41.54883
Epoch 58/100
Training loss: 0.00000 || Validation loss: 41.67746
Epoch 59/100
Training loss: 0.00014 || Validation loss: 39.98244
Epoch 60/100
Training loss: 0.00029 || Validation loss: 40.82704
Epoch 61/100
Training loss: 0.00000 || Validation loss: 41.07022
Epoch 62/100
Training loss: 0.00000 || Validation loss: 41.04841
Epoch 63/100
Training loss: 0.00000 || Validation loss: 41.38235
Epoch 64/100
Training loss: 0.00000 || Validation loss: 41.55154
Epoch 65/100
Training loss: 0.00000 || Validation loss: 41.42793
Epoch 66/100
Training loss: 0.00000 || Validation loss: 41.52992
Epoch 67/100
Training loss: 0.00000 || Validation loss: 41.53689
Epoch 68/100
Training loss: 0.03307 || Validation loss: 41.46934
Epoch 69/100
Training loss: 0.00000 || Validation loss: 41.57851
Epoch 70/100
Training loss: 0.00000 || Validation loss: 41.66391
Epoch 71/100
Training loss: 0.00000 || Validation loss: 41.78125
Epoch 72/100
Training loss: 0.00000 || Validation loss: 41.88439
Epoch 73/100
Training loss: 0.00000 || Validation loss: 42.16470
Epoch 74/100
Training loss: 0.00000 || Validation loss: 42.34672
Epoch 75/100
Training loss: 0.00001 || Validation loss: 42.63591
Epoch 76/100
Training loss: 0.00000 || Validation loss: 42.96700
Epoch 77/100
Training loss: 0.00000 || Validation loss: 43.32152
Epoch 78/100
Training loss: 0.00000 || Validation loss: 43.74715
Epoch 79/100
Training loss: 0.00000 || Validation loss: 44.24024
Epoch 80/100
Training loss: 0.00000 || Validation loss: 44.80886
Epoch 81/100
Training loss: 0.00000 || Validation loss: 45.44706
Epoch 82/100
Training loss: 0.00000 || Validation loss: 46.19176
Epoch 83/100
Training loss: 0.00000 || Validation loss: 47.01434
Epoch 84/100
Training loss: 0.00000 || Validation loss: 47.93399
Epoch 85/100
Training loss: 0.00000 || Validation loss: 48.96348
Epoch 86/100
Training loss: 0.00000 || Validation loss: 50.10611
Epoch 87/100
Training loss: 0.00000 || Validation loss: 51.30824
Epoch 88/100
Training loss: 0.00000 || Validation loss: 52.65166
Epoch 89/100
Training loss: 0.00000 || Validation loss: 54.06287
Epoch 90/100
Training loss: 0.00000 || Validation loss: 55.54876
Epoch 91/100
Training loss: 0.00000 || Validation loss: 57.08928
Epoch 92/100
Training loss: 0.00000 || Validation loss: 58.71265
Epoch 93/100
Training loss: 0.00080 || Validation loss: 60.25459
Epoch 94/100
Training loss: 0.00000 || Validation loss: 61.95755
Epoch 95/100
Training loss: 0.00000 || Validation loss: 63.62304
Epoch 96/100
Training loss: 0.00000 || Validation loss: 65.27515
Epoch 97/100
Training loss: 0.00000 || Validation loss: 66.92536
Epoch 98/100
Training loss: 0.00000 || Validation loss: 68.51091
Epoch 99/100
Training loss: 0.00000 || Validation loss: 70.04252
Epoch 100/100
Training loss: 0.00000 || Validation loss: 71.51387
Best model for fold 3 saved from epoch 6 with f1 6.99234
Final training loss: 0.00000 || Final test loss: 71.51387
All fold val losses: [7.951569274067879, 4.253011852502823, 6.992341101169586]
Average val loss: 6.39897
./naturalistic/01_Bird.avi                                   Loaded : (5, 3596, 64, 128, 1)
./naturalistic/02_City.avi                                   Loaded : (5, 3596, 64, 128, 1)
./naturalistic/03_Forest.avi                                 Loaded : (5, 3596, 64, 128, 1)
Video is allocated on memory!
Shape : (3, 3596, 64, 128, 5)
device : cuda
load model
epoch : 5
learning rate : 0.0001
device : cuda
load model
epoch : 5
learning rate : 0.0001
device : cuda
load model
epoch : 12
learning rate : 0.0001
device : cuda
load model
epoch : 0
learning rate : 0.0001
device : cuda
load model
epoch : 6
learning rate : 0.0001
프레임 0/3593 처리 중...
프레임 100/3593 처리 중...
프레임 200/3593 처리 중...
프레임 300/3593 처리 중...
프레임 400/3593 처리 중...
프레임 500/3593 처리 중...
프레임 600/3593 처리 중...
프레임 700/3593 처리 중...
프레임 800/3593 처리 중...
프레임 900/3593 처리 중...
프레임 1000/3593 처리 중...
프레임 1100/3593 처리 중...
프레임 1200/3593 처리 중...
프레임 1300/3593 처리 중...
프레임 1400/3593 처리 중...
프레임 1500/3593 처리 중...
프레임 1600/3593 처리 중...
프레임 1700/3593 처리 중...
프레임 1800/3593 처리 중...
프레임 1900/3593 처리 중...
프레임 2000/3593 처리 중...
프레임 2100/3593 처리 중...
프레임 2200/3593 처리 중...
프레임 2300/3593 처리 중...
프레임 2400/3593 처리 중...
프레임 2500/3593 처리 중...
프레임 2600/3593 처리 중...
프레임 2700/3593 처리 중...
프레임 2800/3593 처리 중...
프레임 2900/3593 처리 중...
프레임 3000/3593 처리 중...
프레임 3100/3593 처리 중...
프레임 3200/3593 처리 중...
프레임 3300/3593 처리 중...
프레임 3400/3593 처리 중...
프레임 3500/3593 처리 중...
성공적으로 저장되었습니다: ./visualization_video/city_city_and_forest_co_training_wba_value_16frames_fix_False_pretrained_False.avi
./naturalistic/01_Bird.avi                                   Loaded : (5, 3596, 64, 128, 1)
./naturalistic/02_City.avi                                   Loaded : (5, 3596, 64, 128, 1)
./naturalistic/03_Forest.avi                                 Loaded : (5, 3596, 64, 128, 1)
Video is allocated on memory!
Shape : (3, 3596, 64, 128, 5)
device : cuda
load model
epoch : 5
learning rate : 0.0001
device : cuda
load model
epoch : 5
learning rate : 0.0001
device : cuda
load model
epoch : 12
learning rate : 0.0001
device : cuda
load model
epoch : 0
learning rate : 0.0001
device : cuda
load model
epoch : 6
learning rate : 0.0001
프레임 0/3593 처리 중...
프레임 100/3593 처리 중...
프레임 200/3593 처리 중...
프레임 300/3593 처리 중...
프레임 400/3593 처리 중...
프레임 500/3593 처리 중...
프레임 600/3593 처리 중...
프레임 700/3593 처리 중...
프레임 800/3593 처리 중...
프레임 900/3593 처리 중...
프레임 1000/3593 처리 중...
프레임 1100/3593 처리 중...
프레임 1200/3593 처리 중...
프레임 1300/3593 처리 중...
프레임 1400/3593 처리 중...
프레임 1500/3593 처리 중...
프레임 1600/3593 처리 중...
프레임 1700/3593 처리 중...
프레임 1800/3593 처리 중...
프레임 1900/3593 처리 중...
프레임 2000/3593 처리 중...
프레임 2100/3593 처리 중...
프레임 2200/3593 처리 중...
프레임 2300/3593 처리 중...
프레임 2400/3593 처리 중...
프레임 2500/3593 처리 중...
프레임 2600/3593 처리 중...
프레임 2700/3593 처리 중...
프레임 2800/3593 처리 중...
프레임 2900/3593 처리 중...
프레임 3000/3593 처리 중...
프레임 3100/3593 처리 중...
프레임 3200/3593 처리 중...
프레임 3300/3593 처리 중...
프레임 3400/3593 처리 중...
프레임 3500/3593 처리 중...
성공적으로 저장되었습니다: ./visualization_video/forest_city_and_forest_co_training_wba_value_16frames_fix_False_pretrained_False.avi
./naturalistic/01_Bird.avi                                   Loaded : (5, 3596, 64, 128, 1)
./naturalistic/02_City.avi                                   Loaded : (5, 3596, 64, 128, 1)
./naturalistic/03_Forest.avi                                 Loaded : (5, 3596, 64, 128, 1)
Video is allocated on memory!
Shape : (3, 3596, 64, 128, 5)
augmented shape : (18, 3596, 64, 128, 5)
augmented shape : (18, 3600)
Fold 1
Model loaded successfully from ./pretrained_model/64_to_256_3layers.ckpt
device : cuda
Model not found at ./model/city_and_forest_co_training_wba_value_32frames/piece_size_1_fix_False_pretrained_True/fold_1/fly_model.ckpt
튜플 파일을 불러오는 중 문제가 발생했습니다 (./model/city_and_forest_co_training_wba_value_32frames/piece_size_1_fix_False_pretrained_True/fold_1): [Errno 2] No such file or directory: './model/city_and_forest_co_training_wba_value_32frames/piece_size_1_fix_False_pretrained_True/fold_1/training_tuples.pkl'
Epoch 1/100
Training loss: 92.76674 || Validation loss: 56.58367
New best model saved at epoch 1 with loss 56.58367
First epoch took 11.93 seconds.
Estimated total program duration: 4.97 hours
Estimated program end time (KST): 2024/11/22 18:54:05
Epoch 2/100
Training loss: 17.29522 || Validation loss: 33.43075
New best model saved at epoch 2 with loss 33.43075
Epoch 3/100
Training loss: 8.51889 || Validation loss: 43.36941
Epoch 4/100
Training loss: 5.66874 || Validation loss: 40.46573
Epoch 5/100
Training loss: 4.31858 || Validation loss: 34.02439
Epoch 6/100
Training loss: 4.23166 || Validation loss: 37.45329
Epoch 7/100
Training loss: 3.86681 || Validation loss: 26.65485
New best model saved at epoch 7 with loss 26.65485
Epoch 8/100
Training loss: 3.27888 || Validation loss: 27.73245
Epoch 9/100
Training loss: 3.00990 || Validation loss: 27.67262
Epoch 10/100
Training loss: 3.00744 || Validation loss: 31.46067
Epoch 11/100
Training loss: 2.43084 || Validation loss: 27.33240
Epoch 12/100
Training loss: 1.98796 || Validation loss: 33.39462
Epoch 13/100
Training loss: 1.40150 || Validation loss: 39.53203
Epoch 14/100
Training loss: 1.24454 || Validation loss: 50.63263
Epoch 15/100
Training loss: 0.84748 || Validation loss: 62.03688
Epoch 16/100
Training loss: 0.60456 || Validation loss: 75.19303
Epoch 17/100
Training loss: 0.45019 || Validation loss: 90.49527
Epoch 18/100
Training loss: 0.29264 || Validation loss: 111.79867
Epoch 19/100
Training loss: 0.23140 || Validation loss: 117.45323
Epoch 20/100
Training loss: 0.14130 || Validation loss: 129.02109
Epoch 21/100
Training loss: 0.07927 || Validation loss: 142.28156
Epoch 22/100
Training loss: 0.05175 || Validation loss: 150.43719
Epoch 23/100
Training loss: 0.03142 || Validation loss: 168.74689
Epoch 24/100
Training loss: 0.01881 || Validation loss: 171.19594
Epoch 25/100
Training loss: 0.01285 || Validation loss: 173.82875
Epoch 26/100
Training loss: 0.00761 || Validation loss: 171.49168
Epoch 27/100
Training loss: 0.00487 || Validation loss: 175.37024
Epoch 28/100
Training loss: 0.00273 || Validation loss: 207.23511
Epoch 29/100
Training loss: 0.00175 || Validation loss: 191.82782
Epoch 30/100
Training loss: 0.00106 || Validation loss: 187.55466
Epoch 31/100
Training loss: 0.00058 || Validation loss: 179.78211
Epoch 32/100
Training loss: 0.00027 || Validation loss: 184.75234
Epoch 33/100
Training loss: 0.00014 || Validation loss: 206.85358
Epoch 34/100
Training loss: 0.00007 || Validation loss: 194.28014
Epoch 35/100
Training loss: 0.00003 || Validation loss: 196.03861
Epoch 36/100
Training loss: 0.00001 || Validation loss: 195.64283
Epoch 37/100
Training loss: 0.00001 || Validation loss: 191.80173
Epoch 38/100
Training loss: 0.00000 || Validation loss: 205.16043
Epoch 39/100
Training loss: 0.00000 || Validation loss: 194.29633
Epoch 40/100
Training loss: 0.00000 || Validation loss: 188.31939
Epoch 41/100
Training loss: 0.00000 || Validation loss: 211.26332
Epoch 42/100
Training loss: 0.00000 || Validation loss: 193.89370
Epoch 43/100
Training loss: 0.00000 || Validation loss: 203.54976
Epoch 44/100
Training loss: 0.00000 || Validation loss: 198.76734
Epoch 45/100
Training loss: 0.00000 || Validation loss: 206.20282
Epoch 46/100
Training loss: 0.00000 || Validation loss: 195.51531
Epoch 47/100
Training loss: 0.00000 || Validation loss: 196.14745
Epoch 48/100
Training loss: 0.00000 || Validation loss: 196.74589
Epoch 49/100
Training loss: 0.00000 || Validation loss: 196.27236
Epoch 50/100
Training loss: 0.00000 || Validation loss: 195.79165
Epoch 51/100
Training loss: 0.00000 || Validation loss: 203.40220
Epoch 52/100
Training loss: 0.00000 || Validation loss: 188.63986
Epoch 53/100
Training loss: 0.00000 || Validation loss: 194.86976
Epoch 54/100
Training loss: 0.00000 || Validation loss: 186.43423
Epoch 55/100
Training loss: 0.00000 || Validation loss: 197.80359
Epoch 56/100
Training loss: 0.00000 || Validation loss: 192.43965
Epoch 57/100
Training loss: 0.00000 || Validation loss: 186.50516
Epoch 58/100
Training loss: 0.00000 || Validation loss: 208.64660
Epoch 59/100
Training loss: 0.00000 || Validation loss: 196.51784
Epoch 60/100
Training loss: 0.00000 || Validation loss: 194.99219
Epoch 61/100
Training loss: 0.00000 || Validation loss: 217.36002
Epoch 62/100
Training loss: 0.00000 || Validation loss: 197.91980
Epoch 63/100
Training loss: 0.00000 || Validation loss: 189.50088
Epoch 64/100
Training loss: 0.00000 || Validation loss: 188.72105
Epoch 65/100
Training loss: 0.00000 || Validation loss: 190.76238
Epoch 66/100
Training loss: 0.00000 || Validation loss: 200.58767
Epoch 67/100
Training loss: 0.00000 || Validation loss: 195.66826
Epoch 68/100
Training loss: 0.00000 || Validation loss: 204.69136
Epoch 69/100
Training loss: 0.00000 || Validation loss: 187.68662
Epoch 70/100
Training loss: 0.00000 || Validation loss: 200.98627
Epoch 71/100
Training loss: 0.00000 || Validation loss: 195.04636
Epoch 72/100
Training loss: 0.00000 || Validation loss: 200.70701
Epoch 73/100
Training loss: 0.00000 || Validation loss: 192.43760
Epoch 74/100
Training loss: 0.00000 || Validation loss: 185.32718
Epoch 75/100
Training loss: 0.00000 || Validation loss: 213.14128
Epoch 76/100
Training loss: 0.00000 || Validation loss: 194.43361
Epoch 77/100
Training loss: 0.00000 || Validation loss: 199.43864
Epoch 78/100
Training loss: 0.00000 || Validation loss: 197.90352
Epoch 79/100
Training loss: 0.00000 || Validation loss: 203.01305
Epoch 80/100
Training loss: 0.00000 || Validation loss: 192.04940
Epoch 81/100
Training loss: 0.00000 || Validation loss: 200.35958
Epoch 82/100
Training loss: 0.00000 || Validation loss: 189.69820
Epoch 83/100
Training loss: 0.00000 || Validation loss: 199.71050
Epoch 84/100
Training loss: 0.00001 || Validation loss: 189.89086
Epoch 85/100
Training loss: 0.00000 || Validation loss: 200.02403
Epoch 86/100
Training loss: 0.00000 || Validation loss: 196.67928
Epoch 87/100
Training loss: 0.00000 || Validation loss: 189.12076
Epoch 88/100
Training loss: 0.00000 || Validation loss: 196.70659
Epoch 89/100
Training loss: 0.00000 || Validation loss: 186.40341
Epoch 90/100
Training loss: 0.00000 || Validation loss: 191.00157
Epoch 91/100
Training loss: 0.00000 || Validation loss: 199.48995
Epoch 92/100
Training loss: 0.00000 || Validation loss: 193.35239
Epoch 93/100
Training loss: 0.00000 || Validation loss: 195.08165
Epoch 94/100
Training loss: 0.00000 || Validation loss: 195.74210
Epoch 95/100
Training loss: 0.00000 || Validation loss: 218.03649
Epoch 96/100
Training loss: 0.00000 || Validation loss: 198.82224
Epoch 97/100
Training loss: 0.00000 || Validation loss: 192.08466
Epoch 98/100
Training loss: 0.00000 || Validation loss: 191.78520
Epoch 99/100
Training loss: 0.00000 || Validation loss: 206.32241
Epoch 100/100
Training loss: 0.00000 || Validation loss: 194.67561
Best model for fold 1 saved from epoch 7 with f1 26.65485
Final training loss: 0.00000 || Final test loss: 194.67561
Fold 2
Model loaded successfully from ./pretrained_model/64_to_256_3layers.ckpt
device : cuda
Model not found at ./model/city_and_forest_co_training_wba_value_32frames/piece_size_1_fix_False_pretrained_True/fold_2/fly_model.ckpt
튜플 파일을 불러오는 중 문제가 발생했습니다 (./model/city_and_forest_co_training_wba_value_32frames/piece_size_1_fix_False_pretrained_True/fold_2): [Errno 2] No such file or directory: './model/city_and_forest_co_training_wba_value_32frames/piece_size_1_fix_False_pretrained_True/fold_2/training_tuples.pkl'
Epoch 1/100
Training loss: 84.10660 || Validation loss: 48.91659
New best model saved at epoch 1 with loss 48.91659
Epoch 2/100
Training loss: 14.31064 || Validation loss: 31.93587
New best model saved at epoch 2 with loss 31.93587
Epoch 3/100
Training loss: 6.15368 || Validation loss: 28.78005
New best model saved at epoch 3 with loss 28.78005
Epoch 4/100
Training loss: 4.11901 || Validation loss: 25.83852
New best model saved at epoch 4 with loss 25.83852
Epoch 5/100
Training loss: 2.29122 || Validation loss: 25.28101
New best model saved at epoch 5 with loss 25.28101
Epoch 6/100
Training loss: 1.59978 || Validation loss: 21.32208
New best model saved at epoch 6 with loss 21.32208
Epoch 7/100
Training loss: 1.04399 || Validation loss: 21.69866
Epoch 8/100
Training loss: 0.63989 || Validation loss: 29.44182
Epoch 9/100
Training loss: 0.33409 || Validation loss: 27.93456
Epoch 10/100
Training loss: 0.17334 || Validation loss: 29.02360
Epoch 11/100
Training loss: 0.07223 || Validation loss: 30.64631
Epoch 12/100
Training loss: 0.02269 || Validation loss: 29.64822
Epoch 13/100
Training loss: 0.01226 || Validation loss: 30.90255
Epoch 14/100
Training loss: 0.00173 || Validation loss: 30.13222
Epoch 15/100
Training loss: 0.00029 || Validation loss: 35.94577
Epoch 16/100
Training loss: 0.00006 || Validation loss: 29.20022
Epoch 17/100
Training loss: 0.00001 || Validation loss: 27.99565
Epoch 18/100
Training loss: 0.00000 || Validation loss: 29.62085
Epoch 19/100
Training loss: 0.00000 || Validation loss: 32.25299
Epoch 20/100
Training loss: 0.00000 || Validation loss: 28.41091
Epoch 21/100
Training loss: 0.00000 || Validation loss: 28.54113
Epoch 22/100
Training loss: 0.00000 || Validation loss: 31.11423
Epoch 23/100
Training loss: 0.00000 || Validation loss: 31.62953
Epoch 24/100
Training loss: 0.00000 || Validation loss: 29.95534
Epoch 25/100
Training loss: 0.00000 || Validation loss: 32.27853
Epoch 26/100
Training loss: 0.00000 || Validation loss: 28.96448
Epoch 27/100
Training loss: 0.00000 || Validation loss: 30.23939
Epoch 28/100
Training loss: 0.00000 || Validation loss: 32.49625
Epoch 29/100
Training loss: 0.00000 || Validation loss: 29.17722
Epoch 30/100
Training loss: 0.00000 || Validation loss: 28.61573
Epoch 31/100
Training loss: 0.00000 || Validation loss: 31.04457
Epoch 32/100
Training loss: 0.00000 || Validation loss: 30.30584
Epoch 33/100
Training loss: 0.00000 || Validation loss: 29.96376
Epoch 34/100
Training loss: 0.00000 || Validation loss: 31.05962
Epoch 35/100
Training loss: 0.00000 || Validation loss: 31.94620
Epoch 36/100
Training loss: 0.00000 || Validation loss: 31.15633
Epoch 37/100
Training loss: 0.00000 || Validation loss: 30.56224
Epoch 38/100
Training loss: 0.00000 || Validation loss: 29.97178
Epoch 39/100
Training loss: 0.00000 || Validation loss: 32.19993
Epoch 40/100
Training loss: 0.00000 || Validation loss: 32.33460
Epoch 41/100
Training loss: 0.00000 || Validation loss: 29.89551
Epoch 42/100
Training loss: 0.00000 || Validation loss: 33.81338
Epoch 43/100
Training loss: 0.00000 || Validation loss: 30.11526
Epoch 44/100
Training loss: 0.00000 || Validation loss: 32.28271
Epoch 45/100
Training loss: 0.00000 || Validation loss: 29.85852
Epoch 46/100
Training loss: 0.00000 || Validation loss: 30.26740
Epoch 47/100
Training loss: 0.00000 || Validation loss: 29.75427
Epoch 48/100
Training loss: 0.00000 || Validation loss: 30.46673
Epoch 49/100
Training loss: 0.00000 || Validation loss: 29.78315
Epoch 50/100
Training loss: 0.00000 || Validation loss: 31.94898
Epoch 51/100
Training loss: 0.00000 || Validation loss: 28.07711
Epoch 52/100
Training loss: 0.00000 || Validation loss: 31.88834
Epoch 53/100
Training loss: 0.00000 || Validation loss: 31.20715
Epoch 54/100
Training loss: 0.00000 || Validation loss: 29.96685
Epoch 55/100
Training loss: 0.00000 || Validation loss: 31.17212
Epoch 56/100
Training loss: 0.00000 || Validation loss: 30.97469
Epoch 57/100
Training loss: 0.00000 || Validation loss: 32.38591
Epoch 58/100
Training loss: 0.00000 || Validation loss: 33.07521
Epoch 59/100
Training loss: 0.00000 || Validation loss: 31.26509
Epoch 60/100
Training loss: 0.00000 || Validation loss: 30.74864
Epoch 61/100
Training loss: 0.00000 || Validation loss: 29.40377
Epoch 62/100
Training loss: 0.00000 || Validation loss: 28.98769
Epoch 63/100
Training loss: 0.00000 || Validation loss: 29.76824
Epoch 64/100
Training loss: 0.00000 || Validation loss: 31.06275
Epoch 65/100
Training loss: 0.00000 || Validation loss: 29.21394
Epoch 66/100
Training loss: 0.00000 || Validation loss: 27.86090
Epoch 67/100
Training loss: 0.00000 || Validation loss: 28.99858
Epoch 68/100
Training loss: 0.00000 || Validation loss: 29.25226
Epoch 69/100
Training loss: 0.00000 || Validation loss: 31.65244
Epoch 70/100
Training loss: 0.00000 || Validation loss: 30.23095
Epoch 71/100
Training loss: 0.00000 || Validation loss: 30.73767
Epoch 72/100
Training loss: 0.00000 || Validation loss: 29.77751
Epoch 73/100
Training loss: 0.00000 || Validation loss: 29.98359
Epoch 74/100
Training loss: 0.00000 || Validation loss: 33.42834
Epoch 75/100
Training loss: 0.00000 || Validation loss: 29.76264
Epoch 76/100
Training loss: 0.00000 || Validation loss: 29.54318
Epoch 77/100
Training loss: 0.00000 || Validation loss: 30.35528
Epoch 78/100
Training loss: 0.00000 || Validation loss: 31.33138
Epoch 79/100
Training loss: 0.00000 || Validation loss: 29.97818
Epoch 80/100
Training loss: 0.00000 || Validation loss: 28.89587
Epoch 81/100
Training loss: 0.00000 || Validation loss: 30.21780
Epoch 82/100
Training loss: 0.00000 || Validation loss: 31.28332
Epoch 83/100
Training loss: 0.00000 || Validation loss: 32.56163
Epoch 84/100
Training loss: 0.00000 || Validation loss: 29.92732
Epoch 85/100
Training loss: 0.00000 || Validation loss: 30.18924
Epoch 86/100
Training loss: 0.00000 || Validation loss: 29.20720
Epoch 87/100
Training loss: 0.00000 || Validation loss: 32.57790
Epoch 88/100
Training loss: 0.00000 || Validation loss: 30.76587
Epoch 89/100
Training loss: 0.00000 || Validation loss: 29.83730
Epoch 90/100
Training loss: 0.00000 || Validation loss: 31.07894
Epoch 91/100
Training loss: 0.00001 || Validation loss: 29.54508
Epoch 92/100
Training loss: 0.00000 || Validation loss: 29.41312
Epoch 93/100
Training loss: 0.00000 || Validation loss: 34.50075
Epoch 94/100
Training loss: 0.00000 || Validation loss: 31.06866
Epoch 95/100
Training loss: 0.00000 || Validation loss: 31.28792
Epoch 96/100
Training loss: 0.00000 || Validation loss: 31.39690
Epoch 97/100
Training loss: 0.00000 || Validation loss: 31.18766
Epoch 98/100
Training loss: 0.00000 || Validation loss: 29.64080
Epoch 99/100
Training loss: 0.00000 || Validation loss: 30.87311
Epoch 100/100
Training loss: 0.00000 || Validation loss: 29.65857
Best model for fold 2 saved from epoch 6 with f1 21.32208
Final training loss: 0.00000 || Final test loss: 29.65857
Fold 3
Model loaded successfully from ./pretrained_model/64_to_256_3layers.ckpt
device : cuda
Model not found at ./model/city_and_forest_co_training_wba_value_32frames/piece_size_1_fix_False_pretrained_True/fold_3/fly_model.ckpt
튜플 파일을 불러오는 중 문제가 발생했습니다 (./model/city_and_forest_co_training_wba_value_32frames/piece_size_1_fix_False_pretrained_True/fold_3): [Errno 2] No such file or directory: './model/city_and_forest_co_training_wba_value_32frames/piece_size_1_fix_False_pretrained_True/fold_3/training_tuples.pkl'
Epoch 1/100
Training loss: 63.39103 || Validation loss: 70.41753
New best model saved at epoch 1 with loss 70.41753
Epoch 2/100
Training loss: 13.81239 || Validation loss: 37.24329
New best model saved at epoch 2 with loss 37.24329
Epoch 3/100
Training loss: 6.68528 || Validation loss: 31.38795
New best model saved at epoch 3 with loss 31.38795
Epoch 4/100
Training loss: 4.33509 || Validation loss: 28.81709
New best model saved at epoch 4 with loss 28.81709
Epoch 5/100
Training loss: 4.05981 || Validation loss: 25.44307
New best model saved at epoch 5 with loss 25.44307
Epoch 6/100
Training loss: 3.62028 || Validation loss: 21.42317
New best model saved at epoch 6 with loss 21.42317
Epoch 7/100
Training loss: 2.89465 || Validation loss: 20.76028
New best model saved at epoch 7 with loss 20.76028
Epoch 8/100
Training loss: 2.35790 || Validation loss: 19.79963
New best model saved at epoch 8 with loss 19.79963
Epoch 9/100
Training loss: 2.09805 || Validation loss: 19.57748
New best model saved at epoch 9 with loss 19.57748
Epoch 10/100
Training loss: 1.73489 || Validation loss: 21.66154
Epoch 11/100
Training loss: 1.25160 || Validation loss: 26.22901
Epoch 12/100
Training loss: 0.83294 || Validation loss: 36.26617
Epoch 13/100
Training loss: 0.64524 || Validation loss: 47.92004
Epoch 14/100
Training loss: 0.43644 || Validation loss: 61.76612
Epoch 15/100
Training loss: 0.27343 || Validation loss: 77.18656
Epoch 16/100
Training loss: 0.15005 || Validation loss: 90.55540
Epoch 17/100
Training loss: 0.09322 || Validation loss: 105.20554
Epoch 18/100
Training loss: 0.06137 || Validation loss: 111.01635
Epoch 19/100
Training loss: 0.03964 || Validation loss: 120.74706
Epoch 20/100
Training loss: 0.01913 || Validation loss: 120.96650
Epoch 21/100
Training loss: 0.01026 || Validation loss: 127.30359
Epoch 22/100
Training loss: 0.00578 || Validation loss: 139.56381
Epoch 23/100
Training loss: 0.00342 || Validation loss: 139.93550
Epoch 24/100
Training loss: 0.00201 || Validation loss: 135.74470
Epoch 25/100
Training loss: 0.00133 || Validation loss: 147.85624
Epoch 26/100
Training loss: 0.00071 || Validation loss: 150.49880
Epoch 27/100
Training loss: 0.00041 || Validation loss: 141.17571
Epoch 28/100
Training loss: 0.00025 || Validation loss: 140.24203
Epoch 29/100
Training loss: 0.00016 || Validation loss: 154.03663
Epoch 30/100
Training loss: 0.00009 || Validation loss: 142.75576
Epoch 31/100
Training loss: 0.00005 || Validation loss: 140.15953
Epoch 32/100
Training loss: 0.00003 || Validation loss: 142.68814
Epoch 33/100
Training loss: 0.00002 || Validation loss: 148.37747
Epoch 34/100
Training loss: 0.00001 || Validation loss: 138.98989
Epoch 35/100
Training loss: 0.00001 || Validation loss: 146.92594
Epoch 36/100
Training loss: 0.00000 || Validation loss: 151.51271
Epoch 37/100
Training loss: 0.00000 || Validation loss: 148.01331
Epoch 38/100
Training loss: 0.00000 || Validation loss: 149.26187
Epoch 39/100
Training loss: 0.00000 || Validation loss: 141.17183
Epoch 40/100
Training loss: 0.00000 || Validation loss: 143.54780
Epoch 41/100
Training loss: 0.00000 || Validation loss: 141.55194
Epoch 42/100
Training loss: 0.00000 || Validation loss: 145.51265
Epoch 43/100
Training loss: 0.00000 || Validation loss: 146.43664
Epoch 44/100
Training loss: 0.00000 || Validation loss: 149.84054
Epoch 45/100
Training loss: 0.00000 || Validation loss: 149.58849
Epoch 46/100
Training loss: 0.00000 || Validation loss: 146.87843
Epoch 47/100
Training loss: 0.00000 || Validation loss: 141.08284
Epoch 48/100
Training loss: 0.00000 || Validation loss: 146.53754
Epoch 49/100
Training loss: 0.00000 || Validation loss: 143.77855
Epoch 50/100
Training loss: 0.00000 || Validation loss: 143.13561
Epoch 51/100
Training loss: 0.00000 || Validation loss: 156.39165
Epoch 52/100
Training loss: 0.00000 || Validation loss: 147.14154
Epoch 53/100
Training loss: 0.00000 || Validation loss: 147.95267
Epoch 54/100
Training loss: 0.00000 || Validation loss: 146.00671
Epoch 55/100
Training loss: 0.00000 || Validation loss: 149.62786
Epoch 56/100
Training loss: 0.00000 || Validation loss: 151.67464
Epoch 57/100
Training loss: 0.00000 || Validation loss: 152.60391
Epoch 58/100
Training loss: 0.00000 || Validation loss: 151.33483
Epoch 59/100
Training loss: 0.00000 || Validation loss: 146.49892
Epoch 60/100
Training loss: 0.00000 || Validation loss: 147.87148
Epoch 61/100
Training loss: 0.00000 || Validation loss: 143.36036
Epoch 62/100
Training loss: 0.00000 || Validation loss: 153.09428
Epoch 63/100
Training loss: 0.00000 || Validation loss: 149.27059
Epoch 64/100
Training loss: 0.00000 || Validation loss: 141.88558
Epoch 65/100
Training loss: 0.00000 || Validation loss: 142.42282
Epoch 66/100
Training loss: 0.00000 || Validation loss: 145.56921
Epoch 67/100
Training loss: 0.00000 || Validation loss: 147.14728
Epoch 68/100
Training loss: 0.00000 || Validation loss: 148.77091
Epoch 69/100
Training loss: 0.00000 || Validation loss: 141.04360
Epoch 70/100
Training loss: 0.00000 || Validation loss: 146.12644
Epoch 71/100
Training loss: 0.00000 || Validation loss: 148.27264
Epoch 72/100
Training loss: 0.00000 || Validation loss: 141.25668
Epoch 73/100
Training loss: 0.00000 || Validation loss: 145.32063
Epoch 74/100
Training loss: 0.00000 || Validation loss: 148.08691
Epoch 75/100
Training loss: 0.00000 || Validation loss: 144.87665
Epoch 76/100
Training loss: 0.00000 || Validation loss: 147.64589
Epoch 77/100
Training loss: 0.00000 || Validation loss: 146.01758
Epoch 78/100
Training loss: 0.00000 || Validation loss: 146.84842
Epoch 79/100
Training loss: 0.00000 || Validation loss: 151.15967
Epoch 80/100
Training loss: 0.00000 || Validation loss: 156.56834
Epoch 81/100
Training loss: 0.00000 || Validation loss: 166.25147
Epoch 82/100
Training loss: 0.00000 || Validation loss: 143.06140
Epoch 83/100
Training loss: 0.00000 || Validation loss: 149.18035
Epoch 84/100
Training loss: 0.00000 || Validation loss: 148.17566
Epoch 85/100
Training loss: 0.00000 || Validation loss: 146.71921
Epoch 86/100
Training loss: 0.00000 || Validation loss: 147.76083
Epoch 87/100
Training loss: 0.00000 || Validation loss: 149.09168
Epoch 88/100
Training loss: 0.00000 || Validation loss: 148.70691
Epoch 89/100
Training loss: 0.00000 || Validation loss: 144.18809
Epoch 90/100
Training loss: 0.00000 || Validation loss: 149.97945
Epoch 91/100
Training loss: 0.00000 || Validation loss: 154.48140
Epoch 92/100
Training loss: 0.00000 || Validation loss: 142.24364
Epoch 93/100
Training loss: 0.00000 || Validation loss: 155.40903
Epoch 94/100
Training loss: 0.00000 || Validation loss: 155.28389
Epoch 95/100
Training loss: 0.00000 || Validation loss: 154.40788
Epoch 96/100
Training loss: 0.00000 || Validation loss: 160.49724
Epoch 97/100
Training loss: 0.00000 || Validation loss: 149.96195
Epoch 98/100
Training loss: 0.00000 || Validation loss: 143.54135
Epoch 99/100
Training loss: 0.00000 || Validation loss: 142.84045
Epoch 100/100
Training loss: 0.00000 || Validation loss: 151.15653
Best model for fold 3 saved from epoch 9 with f1 19.57748
Final training loss: 0.00000 || Final test loss: 151.15653
All fold val losses: [26.654852322169713, 21.32208333696638, 19.577480179922922]
Average val loss: 22.51814
Fold 1
Model loaded successfully from ./pretrained_model/64_to_256_3layers.ckpt
device : cuda
Model not found at ./model/city_and_forest_co_training_wba_value_32frames/piece_size_5_fix_False_pretrained_True/fold_1/fly_model.ckpt
튜플 파일을 불러오는 중 문제가 발생했습니다 (./model/city_and_forest_co_training_wba_value_32frames/piece_size_5_fix_False_pretrained_True/fold_1): [Errno 2] No such file or directory: './model/city_and_forest_co_training_wba_value_32frames/piece_size_5_fix_False_pretrained_True/fold_1/training_tuples.pkl'
Epoch 1/100
Training loss: 71.34872 || Validation loss: 49.73447
New best model saved at epoch 1 with loss 49.73447
Epoch 2/100
Training loss: 13.63905 || Validation loss: 46.20816
New best model saved at epoch 2 with loss 46.20816
Epoch 3/100
Training loss: 5.93547 || Validation loss: 46.58730
Epoch 4/100
Training loss: 4.98130 || Validation loss: 39.33193
New best model saved at epoch 4 with loss 39.33193
Epoch 5/100
Training loss: 4.56371 || Validation loss: 33.01020
New best model saved at epoch 5 with loss 33.01020
Epoch 6/100
Training loss: 3.37473 || Validation loss: 32.85351
New best model saved at epoch 6 with loss 32.85351
Epoch 7/100
Training loss: 3.64664 || Validation loss: 27.03548
New best model saved at epoch 7 with loss 27.03548
Epoch 8/100
Training loss: 2.65249 || Validation loss: 23.07031
New best model saved at epoch 8 with loss 23.07031
Epoch 9/100
Training loss: 1.81597 || Validation loss: 24.78607
Epoch 10/100
Training loss: 1.19243 || Validation loss: 31.33736
Epoch 11/100
Training loss: 0.86249 || Validation loss: 39.76525
Epoch 12/100
Training loss: 0.51781 || Validation loss: 52.65195
Epoch 13/100
Training loss: 0.29697 || Validation loss: 65.20402
Epoch 14/100
Training loss: 0.19774 || Validation loss: 81.84744
Epoch 15/100
Training loss: 0.10645 || Validation loss: 97.89034
Epoch 16/100
Training loss: 0.05571 || Validation loss: 106.51810
Epoch 17/100
Training loss: 0.03303 || Validation loss: 116.53183
Epoch 18/100
Training loss: 0.01914 || Validation loss: 124.75262
Epoch 19/100
Training loss: 0.00983 || Validation loss: 131.60480
Epoch 20/100
Training loss: 0.00552 || Validation loss: 131.70637
Epoch 21/100
Training loss: 0.00282 || Validation loss: 136.89356
Epoch 22/100
Training loss: 0.00175 || Validation loss: 138.67269
Epoch 23/100
Training loss: 0.00098 || Validation loss: 140.02612
Epoch 24/100
Training loss: 0.00052 || Validation loss: 142.51477
Epoch 25/100
Training loss: 0.00031 || Validation loss: 140.35256
Epoch 26/100
Training loss: 0.00017 || Validation loss: 142.27461
Epoch 27/100
Training loss: 0.00008 || Validation loss: 143.05622
Epoch 28/100
Training loss: 0.00004 || Validation loss: 144.55975
Epoch 29/100
Training loss: 0.00002 || Validation loss: 143.60104
Epoch 30/100
Training loss: 0.00001 || Validation loss: 143.94780
Epoch 31/100
Training loss: 0.00001 || Validation loss: 142.67978
Epoch 32/100
Training loss: 0.00000 || Validation loss: 144.78091
Epoch 33/100
Training loss: 0.00000 || Validation loss: 144.82811
Epoch 34/100
Training loss: 0.00000 || Validation loss: 144.20350
Epoch 35/100
Training loss: 0.00000 || Validation loss: 143.86688
Epoch 36/100
Training loss: 0.00000 || Validation loss: 144.20607
Epoch 37/100
Training loss: 0.00000 || Validation loss: 144.92854
Epoch 38/100
Training loss: 0.00000 || Validation loss: 143.44615
Epoch 39/100
Training loss: 0.00000 || Validation loss: 143.86051
Epoch 40/100
Training loss: 0.00000 || Validation loss: 146.84813
Epoch 41/100
Training loss: 0.00000 || Validation loss: 145.31187
Epoch 42/100
Training loss: 0.00000 || Validation loss: 145.00870
Epoch 43/100
Training loss: 0.00000 || Validation loss: 144.65493
Epoch 44/100
Training loss: 0.00000 || Validation loss: 143.60352
Epoch 45/100
Training loss: 0.00000 || Validation loss: 145.37566
Epoch 46/100
Training loss: 0.00000 || Validation loss: 147.72910
Epoch 47/100
Training loss: 0.00000 || Validation loss: 146.79126
Epoch 48/100
Training loss: 0.00000 || Validation loss: 145.54605
Epoch 49/100
Training loss: 0.00000 || Validation loss: 145.26159
Epoch 50/100
Training loss: 0.00000 || Validation loss: 145.45584
Epoch 51/100
Training loss: 0.00000 || Validation loss: 145.61026
Epoch 52/100
Training loss: 0.00000 || Validation loss: 144.46075
Epoch 53/100
Training loss: 0.00000 || Validation loss: 145.92817
Epoch 54/100
Training loss: 0.00000 || Validation loss: 147.39207
Epoch 55/100
Training loss: 0.00000 || Validation loss: 146.12596
Epoch 56/100
Training loss: 0.00000 || Validation loss: 144.36331
Epoch 57/100
Training loss: 0.00000 || Validation loss: 144.40472
Epoch 58/100
Training loss: 0.00000 || Validation loss: 146.44787
Epoch 59/100
Training loss: 0.00000 || Validation loss: 145.69004
Epoch 60/100
Training loss: 0.00000 || Validation loss: 145.00332
Epoch 61/100
Training loss: 0.00000 || Validation loss: 145.76653
Epoch 62/100
Training loss: 0.00000 || Validation loss: 146.42467
Epoch 63/100
Training loss: 0.00000 || Validation loss: 147.89369
Epoch 64/100
Training loss: 0.00000 || Validation loss: 144.64090
Epoch 65/100
Training loss: 0.00000 || Validation loss: 147.54807
Epoch 66/100
Training loss: 0.00000 || Validation loss: 144.40596
Epoch 67/100
Training loss: 0.00000 || Validation loss: 149.98175
Epoch 68/100
Training loss: 0.00000 || Validation loss: 148.25658
Epoch 69/100
Training loss: 0.00000 || Validation loss: 146.62732
Epoch 70/100
Training loss: 0.00000 || Validation loss: 147.36951
Epoch 71/100
Training loss: 0.00000 || Validation loss: 146.94932
Epoch 72/100
Training loss: 0.00000 || Validation loss: 147.16263
Epoch 73/100
Training loss: 0.00000 || Validation loss: 148.59676
Epoch 74/100
Training loss: 0.00000 || Validation loss: 147.86379
Epoch 75/100
Training loss: 0.00000 || Validation loss: 149.68142
Epoch 76/100
Training loss: 0.00000 || Validation loss: 148.62884
Epoch 77/100
Training loss: 0.00000 || Validation loss: 146.74458
Epoch 78/100
Training loss: 0.00000 || Validation loss: 149.09410
Epoch 79/100
Training loss: 0.00000 || Validation loss: 147.54343
Epoch 80/100
Training loss: 0.00000 || Validation loss: 148.52598
Epoch 81/100
Training loss: 0.00000 || Validation loss: 150.68523
Epoch 82/100
Training loss: 0.00000 || Validation loss: 146.25238
Epoch 83/100
Training loss: 0.00000 || Validation loss: 148.00475
Epoch 84/100
Training loss: 0.00000 || Validation loss: 150.62323
Epoch 85/100
Training loss: 0.00000 || Validation loss: 152.04097
Epoch 86/100
Training loss: 0.00000 || Validation loss: 150.42764
Epoch 87/100
Training loss: 0.00000 || Validation loss: 150.80391
Epoch 88/100
Training loss: 0.00000 || Validation loss: 148.35683
Epoch 89/100
Training loss: 0.00000 || Validation loss: 149.42412
Epoch 90/100
Training loss: 0.00000 || Validation loss: 150.26158
Epoch 91/100
Training loss: 0.00000 || Validation loss: 149.47338
Epoch 92/100
Training loss: 0.00000 || Validation loss: 150.37402
Epoch 93/100
Training loss: 0.00000 || Validation loss: 150.01002
Epoch 94/100
Training loss: 0.00000 || Validation loss: 150.25582
Epoch 95/100
Training loss: 0.00000 || Validation loss: 152.81205
Epoch 96/100
Training loss: 0.00000 || Validation loss: 151.83285
Epoch 97/100
Training loss: 0.00105 || Validation loss: 151.70458
Epoch 98/100
Training loss: 0.00032 || Validation loss: 154.31552
Epoch 99/100
Training loss: 0.00000 || Validation loss: 153.29416
Epoch 100/100
Training loss: 0.00000 || Validation loss: 153.92501
Best model for fold 1 saved from epoch 8 with f1 23.07031
Final training loss: 0.00000 || Final test loss: 153.92501
Fold 2
Model loaded successfully from ./pretrained_model/64_to_256_3layers.ckpt
device : cuda
Model not found at ./model/city_and_forest_co_training_wba_value_32frames/piece_size_5_fix_False_pretrained_True/fold_2/fly_model.ckpt
튜플 파일을 불러오는 중 문제가 발생했습니다 (./model/city_and_forest_co_training_wba_value_32frames/piece_size_5_fix_False_pretrained_True/fold_2): [Errno 2] No such file or directory: './model/city_and_forest_co_training_wba_value_32frames/piece_size_5_fix_False_pretrained_True/fold_2/training_tuples.pkl'
Epoch 1/100
Training loss: 65.12661 || Validation loss: 102.41293
New best model saved at epoch 1 with loss 102.41293
Epoch 2/100
Training loss: 14.40523 || Validation loss: 77.60591
New best model saved at epoch 2 with loss 77.60591
Epoch 3/100
Training loss: 8.12420 || Validation loss: 63.94975
New best model saved at epoch 3 with loss 63.94975
Epoch 4/100
Training loss: 6.43427 || Validation loss: 54.71966
New best model saved at epoch 4 with loss 54.71966
Epoch 5/100
Training loss: 4.62702 || Validation loss: 51.22372
New best model saved at epoch 5 with loss 51.22372
Epoch 6/100
Training loss: 4.32584 || Validation loss: 34.90615
New best model saved at epoch 6 with loss 34.90615
Epoch 7/100
Training loss: 4.70084 || Validation loss: 30.84943
New best model saved at epoch 7 with loss 30.84943
Epoch 8/100
Training loss: 3.50667 || Validation loss: 27.15580
New best model saved at epoch 8 with loss 27.15580
Epoch 9/100
Training loss: 3.22466 || Validation loss: 25.98477
New best model saved at epoch 9 with loss 25.98477
Epoch 10/100
Training loss: 2.40147 || Validation loss: 29.85523
Epoch 11/100
Training loss: 1.78652 || Validation loss: 36.19914
Epoch 12/100
Training loss: 1.38618 || Validation loss: 53.67780
Epoch 13/100
Training loss: 0.83219 || Validation loss: 72.08944
Epoch 14/100
Training loss: 0.51229 || Validation loss: 90.89052
Epoch 15/100
Training loss: 0.32942 || Validation loss: 110.72530
Epoch 16/100
Training loss: 0.17561 || Validation loss: 135.49084
Epoch 17/100
Training loss: 0.10796 || Validation loss: 146.98784
Epoch 18/100
Training loss: 0.06201 || Validation loss: 159.90158
Epoch 19/100
Training loss: 0.03425 || Validation loss: 171.16689
Epoch 20/100
Training loss: 0.02003 || Validation loss: 181.45761
Epoch 21/100
Training loss: 0.01066 || Validation loss: 187.60335
Epoch 22/100
Training loss: 0.00509 || Validation loss: 199.81136
Epoch 23/100
Training loss: 0.00299 || Validation loss: 199.90080
Epoch 24/100
Training loss: 0.00133 || Validation loss: 205.01568
Epoch 25/100
Training loss: 0.00057 || Validation loss: 202.79408
Epoch 26/100
Training loss: 0.00024 || Validation loss: 204.26266
Epoch 27/100
Training loss: 0.00011 || Validation loss: 204.90757
Epoch 28/100
Training loss: 0.00004 || Validation loss: 206.47201
Epoch 29/100
Training loss: 0.00002 || Validation loss: 208.89039
Epoch 30/100
Training loss: 0.00001 || Validation loss: 208.26302
Epoch 31/100
Training loss: 0.00000 || Validation loss: 209.93595
Epoch 32/100
Training loss: 0.00000 || Validation loss: 210.47057
Epoch 33/100
Training loss: 0.00000 || Validation loss: 205.80753
Epoch 34/100
Training loss: 0.00000 || Validation loss: 210.01718
Epoch 35/100
Training loss: 0.00000 || Validation loss: 208.10328
Epoch 36/100
Training loss: 0.00000 || Validation loss: 206.62630
Epoch 37/100
Training loss: 0.00000 || Validation loss: 204.06033
Epoch 38/100
Training loss: 0.00000 || Validation loss: 211.35065
Epoch 39/100
Training loss: 0.00000 || Validation loss: 208.18726
Epoch 40/100
Training loss: 0.00000 || Validation loss: 206.86446
Epoch 41/100
Training loss: 0.00000 || Validation loss: 206.89207
Epoch 42/100
Training loss: 0.00000 || Validation loss: 206.45942
Epoch 43/100
Training loss: 0.00000 || Validation loss: 207.88551
Epoch 44/100
Training loss: 0.00000 || Validation loss: 207.49355
Epoch 45/100
Training loss: 0.00000 || Validation loss: 205.11231
Epoch 46/100
Training loss: 0.00000 || Validation loss: 205.33468
Epoch 47/100
Training loss: 0.00000 || Validation loss: 211.04186
Epoch 48/100
Training loss: 0.00000 || Validation loss: 203.76162
Epoch 49/100
Training loss: 0.00000 || Validation loss: 207.18959
Epoch 50/100
Training loss: 0.00000 || Validation loss: 206.02664
Epoch 51/100
Training loss: 0.00000 || Validation loss: 208.17955
Epoch 52/100
Training loss: 0.00000 || Validation loss: 209.69018
Epoch 53/100
Training loss: 0.00000 || Validation loss: 205.94406
Epoch 54/100
Training loss: 0.00000 || Validation loss: 207.36806
Epoch 55/100
Training loss: 0.00000 || Validation loss: 205.30602
Epoch 56/100
Training loss: 0.00000 || Validation loss: 208.24310
Epoch 57/100
Training loss: 0.00000 || Validation loss: 208.75729
Epoch 58/100
Training loss: 0.00000 || Validation loss: 208.93940
Epoch 59/100
Training loss: 0.00000 || Validation loss: 204.15230
Epoch 60/100
Training loss: 0.00000 || Validation loss: 206.79912
Epoch 61/100
Training loss: 0.00000 || Validation loss: 206.13607
Epoch 62/100
Training loss: 0.00000 || Validation loss: 207.74993
Epoch 63/100
Training loss: 0.00000 || Validation loss: 208.18971
Epoch 64/100
Training loss: 0.00000 || Validation loss: 205.91417
Epoch 65/100
Training loss: 0.00000 || Validation loss: 206.40457
Epoch 66/100
Training loss: 0.00000 || Validation loss: 206.57753
Epoch 67/100
Training loss: 0.00000 || Validation loss: 209.81064
Epoch 68/100
Training loss: 0.00000 || Validation loss: 207.01771
Epoch 69/100
Training loss: 0.00000 || Validation loss: 205.97951
Epoch 70/100
Training loss: 0.00000 || Validation loss: 206.63800
Epoch 71/100
Training loss: 0.00000 || Validation loss: 204.29383
Epoch 72/100
Training loss: 0.00000 || Validation loss: 211.29970
Epoch 73/100
Training loss: 0.00000 || Validation loss: 204.10612
Epoch 74/100
Training loss: 0.00000 || Validation loss: 206.63094
Epoch 75/100
Training loss: 0.00000 || Validation loss: 204.52355
Epoch 76/100
Training loss: 0.00000 || Validation loss: 205.50470
Epoch 77/100
Training loss: 0.00000 || Validation loss: 204.64231
Epoch 78/100
Training loss: 0.00000 || Validation loss: 206.06376
Epoch 79/100
Training loss: 0.00000 || Validation loss: 204.46280
Epoch 80/100
Training loss: 0.00000 || Validation loss: 205.78007
Epoch 81/100
Training loss: 0.00000 || Validation loss: 203.96350
Epoch 82/100
Training loss: 0.00000 || Validation loss: 203.11675
Epoch 83/100
Training loss: 0.00000 || Validation loss: 205.58342
Epoch 84/100
Training loss: 0.00000 || Validation loss: 205.90765
Epoch 85/100
Training loss: 0.00000 || Validation loss: 205.77801
Epoch 86/100
Training loss: 0.00000 || Validation loss: 205.48895
Epoch 87/100
Training loss: 0.00000 || Validation loss: 204.23329
Epoch 88/100
Training loss: 0.00000 || Validation loss: 204.47628
Epoch 89/100
Training loss: 0.00002 || Validation loss: 205.42203
Epoch 90/100
Training loss: 0.00000 || Validation loss: 207.62519
Epoch 91/100
Training loss: 0.00000 || Validation loss: 208.30443
Epoch 92/100
Training loss: 0.00000 || Validation loss: 205.62465
Epoch 93/100
Training loss: 0.00000 || Validation loss: 205.98998
Epoch 94/100
Training loss: 0.00000 || Validation loss: 207.09343
Epoch 95/100
Training loss: 0.00000 || Validation loss: 207.56762
Epoch 96/100
Training loss: 0.00000 || Validation loss: 207.94109
Epoch 97/100
Training loss: 0.00000 || Validation loss: 206.77907
Epoch 98/100
Training loss: 0.00000 || Validation loss: 205.17743
Epoch 99/100
Training loss: 0.00000 || Validation loss: 206.70871
Epoch 100/100
Training loss: 0.00000 || Validation loss: 206.19200
Best model for fold 2 saved from epoch 9 with f1 25.98477
Final training loss: 0.00000 || Final test loss: 206.19200
Fold 3
Model loaded successfully from ./pretrained_model/64_to_256_3layers.ckpt
device : cuda
Model not found at ./model/city_and_forest_co_training_wba_value_32frames/piece_size_5_fix_False_pretrained_True/fold_3/fly_model.ckpt
튜플 파일을 불러오는 중 문제가 발생했습니다 (./model/city_and_forest_co_training_wba_value_32frames/piece_size_5_fix_False_pretrained_True/fold_3): [Errno 2] No such file or directory: './model/city_and_forest_co_training_wba_value_32frames/piece_size_5_fix_False_pretrained_True/fold_3/training_tuples.pkl'
Epoch 1/100
Training loss: 70.56612 || Validation loss: 56.87426
New best model saved at epoch 1 with loss 56.87426
Epoch 2/100
Training loss: 12.09517 || Validation loss: 60.51499
Epoch 3/100
Training loss: 6.44142 || Validation loss: 46.46101
New best model saved at epoch 3 with loss 46.46101
Epoch 4/100
Training loss: 3.96615 || Validation loss: 41.56631
New best model saved at epoch 4 with loss 41.56631
Epoch 5/100
Training loss: 2.79340 || Validation loss: 37.32477
New best model saved at epoch 5 with loss 37.32477
Epoch 6/100
Training loss: 1.65081 || Validation loss: 33.50125
New best model saved at epoch 6 with loss 33.50125
Epoch 7/100
Training loss: 1.15423 || Validation loss: 33.88343
Epoch 8/100
Training loss: 0.85687 || Validation loss: 34.09393
Epoch 9/100
Training loss: 0.42848 || Validation loss: 32.72043
New best model saved at epoch 9 with loss 32.72043
Epoch 10/100
Training loss: 0.22624 || Validation loss: 33.28907
Epoch 11/100
Training loss: 0.10058 || Validation loss: 33.64328
Epoch 12/100
Training loss: 0.05654 || Validation loss: 34.99469
Epoch 13/100
Training loss: 0.03009 || Validation loss: 34.58581
Epoch 14/100
Training loss: 0.01168 || Validation loss: 34.35897
Epoch 15/100
Training loss: 0.00084 || Validation loss: 36.29983
Epoch 16/100
Training loss: 0.00038 || Validation loss: 34.70002
Epoch 17/100
Training loss: 0.00009 || Validation loss: 35.59196
Epoch 18/100
Training loss: 0.00004 || Validation loss: 37.52672
Epoch 19/100
Training loss: 0.00002 || Validation loss: 35.45697
Epoch 20/100
Training loss: 0.00001 || Validation loss: 35.34232
Epoch 21/100
Training loss: 0.00001 || Validation loss: 35.94869
Epoch 22/100
Training loss: 0.00000 || Validation loss: 36.37329
Epoch 23/100
Training loss: 0.00000 || Validation loss: 35.40772
Epoch 24/100
Training loss: 0.00000 || Validation loss: 35.85908
Epoch 25/100
Training loss: 0.00000 || Validation loss: 36.25366
Epoch 26/100
Training loss: 0.00000 || Validation loss: 35.67046
Epoch 27/100
Training loss: 0.00000 || Validation loss: 35.33093
Epoch 28/100
Training loss: 0.00000 || Validation loss: 36.92559
Epoch 29/100
Training loss: 0.00000 || Validation loss: 34.98328
Epoch 30/100
Training loss: 0.00000 || Validation loss: 36.79193
Epoch 31/100
Training loss: 0.00000 || Validation loss: 35.98244
Epoch 32/100
Training loss: 0.00000 || Validation loss: 36.24572
Epoch 33/100
Training loss: 0.00000 || Validation loss: 38.57663
Epoch 34/100
Training loss: 0.00000 || Validation loss: 35.34619
Epoch 35/100
Training loss: 0.00000 || Validation loss: 35.14067
Epoch 36/100
Training loss: 0.00000 || Validation loss: 36.33226
Epoch 37/100
Training loss: 0.00000 || Validation loss: 35.38062
Epoch 38/100
Training loss: 0.00000 || Validation loss: 35.73206
Epoch 39/100
Training loss: 0.00000 || Validation loss: 36.19714
Epoch 40/100
Training loss: 0.00000 || Validation loss: 36.36917
Epoch 41/100
Training loss: 0.00000 || Validation loss: 34.42896
Epoch 42/100
Training loss: 0.00000 || Validation loss: 36.43741
Epoch 43/100
Training loss: 0.00000 || Validation loss: 35.13514
Epoch 44/100
Training loss: 0.00000 || Validation loss: 36.00700
Epoch 45/100
Training loss: 0.00000 || Validation loss: 36.31551
Epoch 46/100
Training loss: 0.00000 || Validation loss: 37.47995
Epoch 47/100
Training loss: 0.00000 || Validation loss: 37.11631
Epoch 48/100
Training loss: 0.00000 || Validation loss: 35.19581
Epoch 49/100
Training loss: 0.00000 || Validation loss: 37.23065
Epoch 50/100
Training loss: 0.00000 || Validation loss: 35.58012
Epoch 51/100
Training loss: 0.00000 || Validation loss: 34.06606
Epoch 52/100
Training loss: 0.00000 || Validation loss: 36.44508
Epoch 53/100
Training loss: 0.00000 || Validation loss: 37.00632
Epoch 54/100
Training loss: 0.00000 || Validation loss: 34.46961
Epoch 55/100
Training loss: 0.00000 || Validation loss: 36.27234
Epoch 56/100
Training loss: 0.00000 || Validation loss: 34.38753
Epoch 57/100
Training loss: 0.00000 || Validation loss: 35.62672
Epoch 58/100
Training loss: 0.00000 || Validation loss: 34.50142
Epoch 59/100
Training loss: 0.00000 || Validation loss: 35.05018
Epoch 60/100
Training loss: 0.00000 || Validation loss: 35.77473
Epoch 61/100
Training loss: 0.00000 || Validation loss: 36.17895
Epoch 62/100
Training loss: 0.00000 || Validation loss: 36.31050
Epoch 63/100
Training loss: 0.00000 || Validation loss: 35.59125
Epoch 64/100
Training loss: 0.00000 || Validation loss: 36.12272
Epoch 65/100
Training loss: 0.00000 || Validation loss: 33.87846
Epoch 66/100
Training loss: 0.00000 || Validation loss: 36.26803
Epoch 67/100
Training loss: 0.00000 || Validation loss: 34.32049
Epoch 68/100
Training loss: 0.00000 || Validation loss: 34.76671
Epoch 69/100
Training loss: 0.00000 || Validation loss: 35.16658
Epoch 70/100
Training loss: 0.00000 || Validation loss: 34.59231
Epoch 71/100
Training loss: 0.00000 || Validation loss: 35.52037
Epoch 72/100
Training loss: 0.00000 || Validation loss: 35.80040
Epoch 73/100
Training loss: 0.00000 || Validation loss: 34.36804
Epoch 74/100
Training loss: 0.00000 || Validation loss: 35.66419
Epoch 75/100
Training loss: 0.00000 || Validation loss: 36.12810
Epoch 76/100
Training loss: 0.00000 || Validation loss: 36.43902
Epoch 77/100
Training loss: 0.00000 || Validation loss: 33.93315
Epoch 78/100
Training loss: 0.00000 || Validation loss: 36.54498
Epoch 79/100
Training loss: 0.00000 || Validation loss: 36.67907
Epoch 80/100
Training loss: 0.00000 || Validation loss: 35.43148
Epoch 81/100
Training loss: 0.00000 || Validation loss: 36.43504
Epoch 82/100
Training loss: 0.00000 || Validation loss: 34.42427
Epoch 83/100
Training loss: 0.00000 || Validation loss: 35.05601
Epoch 84/100
Training loss: 0.00000 || Validation loss: 35.20420
Epoch 85/100
Training loss: 0.00000 || Validation loss: 33.98580
Epoch 86/100
Training loss: 0.00002 || Validation loss: 36.03203
Epoch 87/100
Training loss: 0.00000 || Validation loss: 36.15733
Epoch 88/100
Training loss: 0.00000 || Validation loss: 35.91243
Epoch 89/100
Training loss: 0.00000 || Validation loss: 35.87234
Epoch 90/100
Training loss: 0.00000 || Validation loss: 34.12227
Epoch 91/100
Training loss: 0.00000 || Validation loss: 34.54371
Epoch 92/100
Training loss: 0.00000 || Validation loss: 34.80402
Epoch 93/100
Training loss: 0.00000 || Validation loss: 34.70483
Epoch 94/100
Training loss: 0.00000 || Validation loss: 35.94775
Epoch 95/100
Training loss: 0.00000 || Validation loss: 35.80300
Epoch 96/100
Training loss: 0.00957 || Validation loss: 32.96235
Epoch 97/100
Training loss: 0.02349 || Validation loss: 39.56400
Epoch 98/100
Training loss: 0.00000 || Validation loss: 39.74215
Epoch 99/100
Training loss: 0.00000 || Validation loss: 39.93252
Epoch 100/100
Training loss: 0.00000 || Validation loss: 39.54628
Best model for fold 3 saved from epoch 9 with f1 32.72043
Final training loss: 0.00000 || Final test loss: 39.54628
All fold val losses: [23.070305347442627, 25.98477077484131, 32.72042894363403]
Average val loss: 27.25850
Fold 1
Model loaded successfully from ./pretrained_model/64_to_256_3layers.ckpt
device : cuda
Model not found at ./model/city_and_forest_co_training_wba_value_32frames/piece_size_10_fix_False_pretrained_True/fold_1/fly_model.ckpt
튜플 파일을 불러오는 중 문제가 발생했습니다 (./model/city_and_forest_co_training_wba_value_32frames/piece_size_10_fix_False_pretrained_True/fold_1): [Errno 2] No such file or directory: './model/city_and_forest_co_training_wba_value_32frames/piece_size_10_fix_False_pretrained_True/fold_1/training_tuples.pkl'
Epoch 1/100
Training loss: 70.73388 || Validation loss: 53.49933
New best model saved at epoch 1 with loss 53.49933
Epoch 2/100
Training loss: 14.17885 || Validation loss: 73.84016
Epoch 3/100
Training loss: 8.64405 || Validation loss: 63.09703
Epoch 4/100
Training loss: 5.30745 || Validation loss: 56.98588
Epoch 5/100
Training loss: 4.65338 || Validation loss: 49.51645
New best model saved at epoch 5 with loss 49.51645
Epoch 6/100
Training loss: 3.70539 || Validation loss: 38.37211
New best model saved at epoch 6 with loss 38.37211
Epoch 7/100
Training loss: 3.32727 || Validation loss: 35.35197
New best model saved at epoch 7 with loss 35.35197
Epoch 8/100
Training loss: 2.84095 || Validation loss: 31.84388
New best model saved at epoch 8 with loss 31.84388
Epoch 9/100
Training loss: 2.36692 || Validation loss: 31.58979
New best model saved at epoch 9 with loss 31.58979
Epoch 10/100
Training loss: 1.43112 || Validation loss: 38.36893
Epoch 11/100
Training loss: 0.96929 || Validation loss: 48.88811
Epoch 12/100
Training loss: 0.56982 || Validation loss: 59.14642
Epoch 13/100
Training loss: 0.38580 || Validation loss: 72.18193
Epoch 14/100
Training loss: 0.19765 || Validation loss: 88.62109
Epoch 15/100
Training loss: 0.11573 || Validation loss: 97.30124
Epoch 16/100
Training loss: 0.06026 || Validation loss: 108.28549
Epoch 17/100
Training loss: 0.03163 || Validation loss: 118.76934
Epoch 18/100
Training loss: 0.01680 || Validation loss: 120.80978
Epoch 19/100
Training loss: 0.00822 || Validation loss: 125.48520
Epoch 20/100
Training loss: 0.00440 || Validation loss: 129.14710
Epoch 21/100
Training loss: 0.00237 || Validation loss: 132.78601
Epoch 22/100
Training loss: 0.00134 || Validation loss: 134.60643
Epoch 23/100
Training loss: 0.00066 || Validation loss: 134.45366
Epoch 24/100
Training loss: 0.00032 || Validation loss: 136.92190
Epoch 25/100
Training loss: 0.00014 || Validation loss: 136.99497
Epoch 26/100
Training loss: 0.00007 || Validation loss: 135.44047
Epoch 27/100
Training loss: 0.00004 || Validation loss: 137.18671
Epoch 28/100
Training loss: 0.00002 || Validation loss: 139.06512
Epoch 29/100
Training loss: 0.00001 || Validation loss: 137.46079
Epoch 30/100
Training loss: 0.00000 || Validation loss: 137.71952
Epoch 31/100
Training loss: 0.00000 || Validation loss: 137.93077
Epoch 32/100
Training loss: 0.00000 || Validation loss: 139.05276
Epoch 33/100
Training loss: 0.00000 || Validation loss: 136.95665
Epoch 34/100
Training loss: 0.00000 || Validation loss: 136.55860
Epoch 35/100
Training loss: 0.00000 || Validation loss: 138.84099
Epoch 36/100
Training loss: 0.00000 || Validation loss: 137.15986
Epoch 37/100
Training loss: 0.00000 || Validation loss: 137.59219
Epoch 38/100
Training loss: 0.00000 || Validation loss: 136.73388
Epoch 39/100
Training loss: 0.00000 || Validation loss: 140.58676
Epoch 40/100
Training loss: 0.00000 || Validation loss: 137.54085
Epoch 41/100
Training loss: 0.00000 || Validation loss: 138.01851
Epoch 42/100
Training loss: 0.00000 || Validation loss: 137.36542
Epoch 43/100
Training loss: 0.00000 || Validation loss: 138.68422
Epoch 44/100
Training loss: 0.00000 || Validation loss: 137.22954
Epoch 45/100
Training loss: 0.00000 || Validation loss: 138.04431
Epoch 46/100
Training loss: 0.00000 || Validation loss: 138.98242
Epoch 47/100
Training loss: 0.00000 || Validation loss: 139.78879
Epoch 48/100
Training loss: 0.00000 || Validation loss: 137.50814
Epoch 49/100
Training loss: 0.00000 || Validation loss: 136.28585
Epoch 50/100
Training loss: 0.00000 || Validation loss: 137.04501
Epoch 51/100
Training loss: 0.00000 || Validation loss: 136.36495
Epoch 52/100
Training loss: 0.00000 || Validation loss: 137.10739
Epoch 53/100
Training loss: 0.00000 || Validation loss: 137.54384
Epoch 54/100
Training loss: 0.00000 || Validation loss: 136.34328
Epoch 55/100
Training loss: 0.00000 || Validation loss: 138.14757
Epoch 56/100
Training loss: 0.00000 || Validation loss: 139.02868
Epoch 57/100
Training loss: 0.00000 || Validation loss: 137.38905
Epoch 58/100
Training loss: 0.00000 || Validation loss: 137.76612
Epoch 59/100
Training loss: 0.00000 || Validation loss: 137.81532
Epoch 60/100
Training loss: 0.00000 || Validation loss: 140.48842
Epoch 61/100
Training loss: 0.00000 || Validation loss: 141.03752
Epoch 62/100
Training loss: 0.00000 || Validation loss: 138.05402
Epoch 63/100
Training loss: 0.00000 || Validation loss: 141.26558
Epoch 64/100
Training loss: 0.00000 || Validation loss: 139.25697
Epoch 65/100
Training loss: 0.00000 || Validation loss: 139.44753
Epoch 66/100
Training loss: 0.00000 || Validation loss: 138.51042
Epoch 67/100
Training loss: 0.00000 || Validation loss: 139.06516
Epoch 68/100
Training loss: 0.00000 || Validation loss: 139.48039
Epoch 69/100
Training loss: 0.00000 || Validation loss: 138.70923
Epoch 70/100
Training loss: 0.00000 || Validation loss: 141.08515
Epoch 71/100
Training loss: 0.00000 || Validation loss: 140.22738
Epoch 72/100
Training loss: 0.00000 || Validation loss: 139.47703
Epoch 73/100
Training loss: 0.00000 || Validation loss: 138.85461
Epoch 74/100
Training loss: 0.00000 || Validation loss: 138.74951
Epoch 75/100
Training loss: 0.00000 || Validation loss: 140.40471
Epoch 76/100
Training loss: 0.00000 || Validation loss: 138.33448
Epoch 77/100
Training loss: 0.00000 || Validation loss: 140.58626
Epoch 78/100
Training loss: 0.00000 || Validation loss: 140.27049
Epoch 79/100
Training loss: 0.00000 || Validation loss: 139.26289
Epoch 80/100
Training loss: 0.00000 || Validation loss: 140.45365
Epoch 81/100
Training loss: 0.00000 || Validation loss: 140.73527
Epoch 82/100
Training loss: 0.00000 || Validation loss: 141.53236
Epoch 83/100
Training loss: 0.00000 || Validation loss: 140.37948
Epoch 84/100
Training loss: 0.00000 || Validation loss: 141.61995
Epoch 85/100
Training loss: 0.00000 || Validation loss: 140.70457
Epoch 86/100
Training loss: 0.00000 || Validation loss: 142.70470
Epoch 87/100
Training loss: 0.00000 || Validation loss: 140.26213
Epoch 88/100
Training loss: 0.00000 || Validation loss: 141.82972
Epoch 89/100
Training loss: 0.00003 || Validation loss: 141.59183
Epoch 90/100
Training loss: 0.00000 || Validation loss: 139.41137
Epoch 91/100
Training loss: 0.00000 || Validation loss: 140.17646
Epoch 92/100
Training loss: 0.00000 || Validation loss: 142.63518
Epoch 93/100
Training loss: 0.00000 || Validation loss: 140.74483
Epoch 94/100
Training loss: 0.00000 || Validation loss: 141.14618
Epoch 95/100
Training loss: 0.00000 || Validation loss: 140.81510
Epoch 96/100
Training loss: 0.00000 || Validation loss: 141.16050
Epoch 97/100
Training loss: 0.00000 || Validation loss: 141.91151
Epoch 98/100
Training loss: 0.00000 || Validation loss: 142.50013
Epoch 99/100
Training loss: 0.00000 || Validation loss: 143.10276
Epoch 100/100
Training loss: 0.00000 || Validation loss: 142.83330
Best model for fold 1 saved from epoch 9 with f1 31.58979
Final training loss: 0.00000 || Final test loss: 142.83330
Fold 2
Model loaded successfully from ./pretrained_model/64_to_256_3layers.ckpt
device : cuda
Model not found at ./model/city_and_forest_co_training_wba_value_32frames/piece_size_10_fix_False_pretrained_True/fold_2/fly_model.ckpt
튜플 파일을 불러오는 중 문제가 발생했습니다 (./model/city_and_forest_co_training_wba_value_32frames/piece_size_10_fix_False_pretrained_True/fold_2): [Errno 2] No such file or directory: './model/city_and_forest_co_training_wba_value_32frames/piece_size_10_fix_False_pretrained_True/fold_2/training_tuples.pkl'
Epoch 1/100
Training loss: 94.73435 || Validation loss: 62.50927
New best model saved at epoch 1 with loss 62.50927
Epoch 2/100
Training loss: 14.22302 || Validation loss: 53.85915
New best model saved at epoch 2 with loss 53.85915
Epoch 3/100
Training loss: 7.33077 || Validation loss: 42.84680
New best model saved at epoch 3 with loss 42.84680
Epoch 4/100
Training loss: 5.43753 || Validation loss: 43.20163
Epoch 5/100
Training loss: 4.29622 || Validation loss: 34.33918
New best model saved at epoch 5 with loss 34.33918
Epoch 6/100
Training loss: 4.92854 || Validation loss: 29.90482
New best model saved at epoch 6 with loss 29.90482
Epoch 7/100
Training loss: 4.07195 || Validation loss: 27.92204
New best model saved at epoch 7 with loss 27.92204
Epoch 8/100
Training loss: 3.43764 || Validation loss: 24.51086
New best model saved at epoch 8 with loss 24.51086
Epoch 9/100
Training loss: 2.70890 || Validation loss: 25.77213
Epoch 10/100
Training loss: 2.02393 || Validation loss: 30.77636
Epoch 11/100
Training loss: 1.20717 || Validation loss: 36.99661
Epoch 12/100
Training loss: 0.85252 || Validation loss: 45.40000
Epoch 13/100
Training loss: 0.52622 || Validation loss: 57.92731
Epoch 14/100
Training loss: 0.26748 || Validation loss: 62.46861
Epoch 15/100
Training loss: 0.15561 || Validation loss: 73.95630
Epoch 16/100
Training loss: 0.09064 || Validation loss: 80.06044
Epoch 17/100
Training loss: 0.04369 || Validation loss: 84.09552
Epoch 18/100
Training loss: 0.02511 || Validation loss: 88.44417
Epoch 19/100
Training loss: 0.01209 || Validation loss: 92.63380
Epoch 20/100
Training loss: 0.00635 || Validation loss: 93.15330
Epoch 21/100
Training loss: 0.00307 || Validation loss: 95.86982
Epoch 22/100
Training loss: 0.00180 || Validation loss: 96.29947
Epoch 23/100
Training loss: 0.00068 || Validation loss: 97.09213
Epoch 24/100
Training loss: 0.00035 || Validation loss: 97.96729
Epoch 25/100
Training loss: 0.00013 || Validation loss: 100.19250
Epoch 26/100
Training loss: 0.00005 || Validation loss: 100.69931
Epoch 27/100
Training loss: 0.00002 || Validation loss: 100.61762
Epoch 28/100
Training loss: 0.00001 || Validation loss: 98.65076
Epoch 29/100
Training loss: 0.00000 || Validation loss: 99.40111
Epoch 30/100
Training loss: 0.00000 || Validation loss: 98.80734
Epoch 31/100
Training loss: 0.00000 || Validation loss: 98.95552
Epoch 32/100
Training loss: 0.00000 || Validation loss: 98.84676
Epoch 33/100
Training loss: 0.00000 || Validation loss: 99.02324
Epoch 34/100
Training loss: 0.00000 || Validation loss: 100.88037
Epoch 35/100
Training loss: 0.00000 || Validation loss: 100.12656
Epoch 36/100
Training loss: 0.00000 || Validation loss: 98.92409
Epoch 37/100
Training loss: 0.00000 || Validation loss: 98.63454
Epoch 38/100
Training loss: 0.00000 || Validation loss: 99.42761
Epoch 39/100
Training loss: 0.00000 || Validation loss: 100.67543
Epoch 40/100
Training loss: 0.00000 || Validation loss: 101.03616
Epoch 41/100
Training loss: 0.00000 || Validation loss: 99.70953
Epoch 42/100
Training loss: 0.00000 || Validation loss: 99.31873
Epoch 43/100
Training loss: 0.00000 || Validation loss: 100.96233
Epoch 44/100
Training loss: 0.00000 || Validation loss: 98.60430
Epoch 45/100
Training loss: 0.00000 || Validation loss: 100.56444
Epoch 46/100
Training loss: 0.00000 || Validation loss: 100.54554
Epoch 47/100
Training loss: 0.00000 || Validation loss: 100.46023
Epoch 48/100
Training loss: 0.00000 || Validation loss: 101.49889
Epoch 49/100
Training loss: 0.00000 || Validation loss: 100.14878
Epoch 50/100
Training loss: 0.00000 || Validation loss: 99.27447
Epoch 51/100
Training loss: 0.00000 || Validation loss: 100.62679
Epoch 52/100
Training loss: 0.00000 || Validation loss: 100.06749
Epoch 53/100
Training loss: 0.00000 || Validation loss: 99.92776
Epoch 54/100
Training loss: 0.00000 || Validation loss: 100.84012
Epoch 55/100
Training loss: 0.00000 || Validation loss: 99.30573
Epoch 56/100
Training loss: 0.00000 || Validation loss: 100.59089
Epoch 57/100
Training loss: 0.00000 || Validation loss: 99.18565
Epoch 58/100
Training loss: 0.00000 || Validation loss: 99.14046
Epoch 59/100
Training loss: 0.00000 || Validation loss: 99.62343
Epoch 60/100
Training loss: 0.00000 || Validation loss: 98.88351
Epoch 61/100
Training loss: 0.00000 || Validation loss: 100.47825
Epoch 62/100
Training loss: 0.00000 || Validation loss: 99.58888
Epoch 63/100
Training loss: 0.00000 || Validation loss: 99.75391
Epoch 64/100
Training loss: 0.00000 || Validation loss: 99.87400
Epoch 65/100
Training loss: 0.00000 || Validation loss: 100.09803
Epoch 66/100
Training loss: 0.00000 || Validation loss: 100.98464
Epoch 67/100
Training loss: 0.00000 || Validation loss: 101.05261
Epoch 68/100
Training loss: 0.00000 || Validation loss: 99.21968
Epoch 69/100
Training loss: 0.00000 || Validation loss: 100.72745
Epoch 70/100
Training loss: 0.00000 || Validation loss: 101.44894
Epoch 71/100
Training loss: 0.00000 || Validation loss: 99.63022
Epoch 72/100
Training loss: 0.00000 || Validation loss: 100.97642
Epoch 73/100
Training loss: 0.00000 || Validation loss: 100.43457
Epoch 74/100
Training loss: 0.00000 || Validation loss: 99.28663
Epoch 75/100
Training loss: 0.00000 || Validation loss: 100.23358
Epoch 76/100
Training loss: 0.00000 || Validation loss: 100.33392
Epoch 77/100
Training loss: 0.00000 || Validation loss: 100.52266
Epoch 78/100
Training loss: 0.00000 || Validation loss: 100.10964
Epoch 79/100
Training loss: 0.00000 || Validation loss: 100.29475
Epoch 80/100
Training loss: 0.00000 || Validation loss: 100.87970
Epoch 81/100
Training loss: 0.00000 || Validation loss: 101.09231
Epoch 82/100
Training loss: 0.00000 || Validation loss: 100.62371
Epoch 83/100
Training loss: 0.00000 || Validation loss: 101.07771
Epoch 84/100
Training loss: 0.00000 || Validation loss: 99.44997
Epoch 85/100
Training loss: 0.00000 || Validation loss: 100.87854
Epoch 86/100
Training loss: 0.00000 || Validation loss: 101.25189
Epoch 87/100
Training loss: 0.00000 || Validation loss: 100.86099
Epoch 88/100
Training loss: 0.00000 || Validation loss: 100.05137
Epoch 89/100
Training loss: 0.00000 || Validation loss: 101.26996
Epoch 90/100
Training loss: 0.00000 || Validation loss: 100.83442
Epoch 91/100
Training loss: 0.00000 || Validation loss: 101.46023
Epoch 92/100
Training loss: 0.00000 || Validation loss: 101.90372
Epoch 93/100
Training loss: 0.00000 || Validation loss: 102.44275
Epoch 94/100
Training loss: 0.00000 || Validation loss: 101.24287
Epoch 95/100
Training loss: 0.00000 || Validation loss: 101.04340
Epoch 96/100
Training loss: 0.00000 || Validation loss: 102.04894
Epoch 97/100
Training loss: 0.00000 || Validation loss: 101.37612
Epoch 98/100
Training loss: 0.00000 || Validation loss: 102.49093
Epoch 99/100
Training loss: 0.00000 || Validation loss: 101.23974
Epoch 100/100
Training loss: 0.00000 || Validation loss: 101.17549
Best model for fold 2 saved from epoch 8 with f1 24.51086
Final training loss: 0.00000 || Final test loss: 101.17549
Fold 3
Model loaded successfully from ./pretrained_model/64_to_256_3layers.ckpt
device : cuda
Model not found at ./model/city_and_forest_co_training_wba_value_32frames/piece_size_10_fix_False_pretrained_True/fold_3/fly_model.ckpt
튜플 파일을 불러오는 중 문제가 발생했습니다 (./model/city_and_forest_co_training_wba_value_32frames/piece_size_10_fix_False_pretrained_True/fold_3): [Errno 2] No such file or directory: './model/city_and_forest_co_training_wba_value_32frames/piece_size_10_fix_False_pretrained_True/fold_3/training_tuples.pkl'
Epoch 1/100
Training loss: 72.90480 || Validation loss: 136.11449
New best model saved at epoch 1 with loss 136.11449
Epoch 2/100
Training loss: 15.39946 || Validation loss: 109.76616
New best model saved at epoch 2 with loss 109.76616
Epoch 3/100
Training loss: 5.05133 || Validation loss: 98.96979
New best model saved at epoch 3 with loss 98.96979
Epoch 4/100
Training loss: 2.83689 || Validation loss: 106.92243
Epoch 5/100
Training loss: 1.96079 || Validation loss: 115.79365
Epoch 6/100
Training loss: 1.27363 || Validation loss: 131.24054
Epoch 7/100
Training loss: 0.81646 || Validation loss: 140.62178
Epoch 8/100
Training loss: 0.57393 || Validation loss: 150.39746
Epoch 9/100
Training loss: 0.29745 || Validation loss: 155.64440
Epoch 10/100
Training loss: 0.13452 || Validation loss: 160.49814
Epoch 11/100
Training loss: 0.06922 || Validation loss: 166.82609
Epoch 12/100
Training loss: 0.03713 || Validation loss: 180.01182
Epoch 13/100
Training loss: 0.00723 || Validation loss: 179.76834
Epoch 14/100
Training loss: 0.00163 || Validation loss: 175.53424
Epoch 15/100
Training loss: 0.00007 || Validation loss: 176.56199
Epoch 16/100
Training loss: 0.00001 || Validation loss: 177.30740
Epoch 17/100
Training loss: 0.00000 || Validation loss: 174.87554
Epoch 18/100
Training loss: 0.00000 || Validation loss: 174.83466
Epoch 19/100
Training loss: 0.00000 || Validation loss: 178.62137
Epoch 20/100
Training loss: 0.00000 || Validation loss: 173.06412
Epoch 21/100
Training loss: 0.00000 || Validation loss: 181.51975
Epoch 22/100
Training loss: 0.00000 || Validation loss: 176.83261
Epoch 23/100
Training loss: 0.00000 || Validation loss: 181.56884
Epoch 24/100
Training loss: 0.00000 || Validation loss: 177.53320
Epoch 25/100
Training loss: 0.00000 || Validation loss: 178.20722
Epoch 26/100
Training loss: 0.00000 || Validation loss: 183.21999
Epoch 27/100
Training loss: 0.00000 || Validation loss: 177.14583
Epoch 28/100
Training loss: 0.00000 || Validation loss: 181.99790
Epoch 29/100
Training loss: 0.00000 || Validation loss: 177.72788
Epoch 30/100
Training loss: 0.00000 || Validation loss: 180.64385
Epoch 31/100
Training loss: 0.00000 || Validation loss: 175.47768
Epoch 32/100
Training loss: 0.00000 || Validation loss: 174.48271
Epoch 33/100
Training loss: 0.00000 || Validation loss: 177.28476
Epoch 34/100
Training loss: 0.00000 || Validation loss: 174.53056
Epoch 35/100
Training loss: 0.00000 || Validation loss: 175.32349
Epoch 36/100
Training loss: 0.00000 || Validation loss: 180.93734
Epoch 37/100
Training loss: 0.00000 || Validation loss: 179.25813
Epoch 38/100
Training loss: 0.00000 || Validation loss: 182.54437
Epoch 39/100
Training loss: 0.00000 || Validation loss: 173.68419
Epoch 40/100
Training loss: 0.00000 || Validation loss: 184.59892
Epoch 41/100
Training loss: 0.00000 || Validation loss: 180.88941
Epoch 42/100
Training loss: 0.00000 || Validation loss: 182.83246
Epoch 43/100
Training loss: 0.00000 || Validation loss: 181.25447
Epoch 44/100
Training loss: 0.00000 || Validation loss: 181.60264
Epoch 45/100
Training loss: 0.00000 || Validation loss: 176.79130
Epoch 46/100
Training loss: 0.00000 || Validation loss: 182.33745
Epoch 47/100
Training loss: 0.00000 || Validation loss: 176.41973
Epoch 48/100
Training loss: 0.00000 || Validation loss: 179.11039
Epoch 49/100
Training loss: 0.00000 || Validation loss: 178.67897
Epoch 50/100
Training loss: 0.00000 || Validation loss: 173.30140
Epoch 51/100
Training loss: 0.00000 || Validation loss: 179.99998
Epoch 52/100
Training loss: 0.00000 || Validation loss: 182.29784
Epoch 53/100
Training loss: 0.00000 || Validation loss: 175.22651
Epoch 54/100
Training loss: 0.00000 || Validation loss: 176.12269
Epoch 55/100
Training loss: 0.00000 || Validation loss: 181.50374
Epoch 56/100
Training loss: 0.00000 || Validation loss: 177.54498
Epoch 57/100
Training loss: 0.00000 || Validation loss: 179.57121
Epoch 58/100
Training loss: 0.00000 || Validation loss: 176.44360
Epoch 59/100
Training loss: 0.00000 || Validation loss: 180.38617
Epoch 60/100
Training loss: 0.00000 || Validation loss: 175.23280
Epoch 61/100
Training loss: 0.00000 || Validation loss: 179.25714
Epoch 62/100
Training loss: 0.00000 || Validation loss: 179.40024
Epoch 63/100
Training loss: 0.00000 || Validation loss: 176.66597
Epoch 64/100
Training loss: 0.00000 || Validation loss: 176.85092
Epoch 65/100
Training loss: 0.00000 || Validation loss: 173.87231
Epoch 66/100
Training loss: 0.00000 || Validation loss: 178.62323
Epoch 67/100
Training loss: 0.00000 || Validation loss: 177.49820
Epoch 68/100
Training loss: 0.00000 || Validation loss: 180.39482
Epoch 69/100
Training loss: 0.00000 || Validation loss: 176.16600
Epoch 70/100
Training loss: 0.00000 || Validation loss: 176.25721
Epoch 71/100
Training loss: 0.00000 || Validation loss: 178.10713
Epoch 72/100
Training loss: 0.00000 || Validation loss: 180.67103
Epoch 73/100
Training loss: 0.00000 || Validation loss: 177.64549
Epoch 74/100
Training loss: 0.00000 || Validation loss: 177.39351
Epoch 75/100
Training loss: 0.00000 || Validation loss: 176.47842
Epoch 76/100
Training loss: 0.00000 || Validation loss: 176.76583
Epoch 77/100
Training loss: 0.00000 || Validation loss: 180.41416
Epoch 78/100
Training loss: 0.00000 || Validation loss: 177.68585
Epoch 79/100
Training loss: 0.00000 || Validation loss: 174.73392
Epoch 80/100
Training loss: 0.00000 || Validation loss: 175.12232
Epoch 81/100
Training loss: 0.00000 || Validation loss: 180.45543
Epoch 82/100
Training loss: 0.00000 || Validation loss: 179.56732
Epoch 83/100
Training loss: 0.00000 || Validation loss: 183.92464
Epoch 84/100
Training loss: 0.00000 || Validation loss: 181.84651
Epoch 85/100
Training loss: 0.00000 || Validation loss: 177.01768
Epoch 86/100
Training loss: 0.00000 || Validation loss: 178.19831
Epoch 87/100
Training loss: 0.00000 || Validation loss: 180.27427
Epoch 88/100
Training loss: 0.00000 || Validation loss: 180.60963
Epoch 89/100
Training loss: 0.00000 || Validation loss: 183.24367
Epoch 90/100
Training loss: 0.00000 || Validation loss: 182.03147
Epoch 91/100
Training loss: 0.00000 || Validation loss: 179.84485
Epoch 92/100
Training loss: 0.00000 || Validation loss: 180.37731
Epoch 93/100
Training loss: 0.00000 || Validation loss: 182.19374
Epoch 94/100
Training loss: 0.00000 || Validation loss: 184.72235
Epoch 95/100
Training loss: 0.00000 || Validation loss: 180.11861
Epoch 96/100
Training loss: 0.00000 || Validation loss: 182.33294
Epoch 97/100
Training loss: 0.00000 || Validation loss: 178.74359
Epoch 98/100
Training loss: 0.00000 || Validation loss: 180.36129
Epoch 99/100
Training loss: 0.00000 || Validation loss: 183.33063
Epoch 100/100
Training loss: 0.00000 || Validation loss: 181.60988
Best model for fold 3 saved from epoch 3 with f1 98.96979
Final training loss: 0.00000 || Final test loss: 181.60988
All fold val losses: [31.58979384104411, 24.510856469472248, 98.96979014078777]
Average val loss: 51.69015
Fold 1
Model loaded successfully from ./pretrained_model/64_to_256_3layers.ckpt
device : cuda
Model not found at ./model/city_and_forest_co_training_wba_value_32frames/piece_size_20_fix_False_pretrained_True/fold_1/fly_model.ckpt
튜플 파일을 불러오는 중 문제가 발생했습니다 (./model/city_and_forest_co_training_wba_value_32frames/piece_size_20_fix_False_pretrained_True/fold_1): [Errno 2] No such file or directory: './model/city_and_forest_co_training_wba_value_32frames/piece_size_20_fix_False_pretrained_True/fold_1/training_tuples.pkl'
Epoch 1/100
Training loss: 76.87222 || Validation loss: 67.32667
New best model saved at epoch 1 with loss 67.32667
Epoch 2/100
Training loss: 12.53508 || Validation loss: 41.46576
New best model saved at epoch 2 with loss 41.46576
Epoch 3/100
Training loss: 6.69148 || Validation loss: 36.94736
New best model saved at epoch 3 with loss 36.94736
Epoch 4/100
Training loss: 4.45796 || Validation loss: 35.43226
New best model saved at epoch 4 with loss 35.43226
Epoch 5/100
Training loss: 4.28346 || Validation loss: 33.12718
New best model saved at epoch 5 with loss 33.12718
Epoch 6/100
Training loss: 3.43071 || Validation loss: 24.71875
New best model saved at epoch 6 with loss 24.71875
Epoch 7/100
Training loss: 3.54020 || Validation loss: 22.04589
New best model saved at epoch 7 with loss 22.04589
Epoch 8/100
Training loss: 3.01150 || Validation loss: 18.11129
New best model saved at epoch 8 with loss 18.11129
Epoch 9/100
Training loss: 3.03154 || Validation loss: 17.54320
New best model saved at epoch 9 with loss 17.54320
Epoch 10/100
Training loss: 2.27559 || Validation loss: 19.32989
Epoch 11/100
Training loss: 1.72352 || Validation loss: 23.95934
Epoch 12/100
Training loss: 1.20243 || Validation loss: 37.13103
Epoch 13/100
Training loss: 0.86748 || Validation loss: 53.90175
Epoch 14/100
Training loss: 0.50157 || Validation loss: 73.95856
Epoch 15/100
Training loss: 0.31994 || Validation loss: 92.79366
Epoch 16/100
Training loss: 0.18113 || Validation loss: 111.83006
Epoch 17/100
Training loss: 0.11958 || Validation loss: 129.82595
Epoch 18/100
Training loss: 0.06231 || Validation loss: 145.12040
Epoch 19/100
Training loss: 0.03515 || Validation loss: 156.08503
Epoch 20/100
Training loss: 0.01946 || Validation loss: 164.38615
Epoch 21/100
Training loss: 0.00856 || Validation loss: 171.85580
Epoch 22/100
Training loss: 0.00477 || Validation loss: 175.76014
Epoch 23/100
Training loss: 0.00238 || Validation loss: 180.55552
Epoch 24/100
Training loss: 0.00110 || Validation loss: 181.80168
Epoch 25/100
Training loss: 0.00053 || Validation loss: 184.21216
Epoch 26/100
Training loss: 0.00023 || Validation loss: 186.37485
Epoch 27/100
Training loss: 0.00009 || Validation loss: 185.08623
Epoch 28/100
Training loss: 0.00004 || Validation loss: 187.78550
Epoch 29/100
Training loss: 0.00002 || Validation loss: 189.54765
Epoch 30/100
Training loss: 0.00001 || Validation loss: 189.00473
Epoch 31/100
Training loss: 0.00000 || Validation loss: 187.80644
Epoch 32/100
Training loss: 0.00000 || Validation loss: 189.27035
Epoch 33/100
Training loss: 0.00000 || Validation loss: 188.16006
Epoch 34/100
Training loss: 0.00000 || Validation loss: 188.14635
Epoch 35/100
Training loss: 0.00000 || Validation loss: 188.33805
Epoch 36/100
Training loss: 0.00000 || Validation loss: 188.02678
Epoch 37/100
Training loss: 0.00000 || Validation loss: 188.92604
Epoch 38/100
Training loss: 0.00000 || Validation loss: 189.00790
Epoch 39/100
Training loss: 0.00000 || Validation loss: 189.49809
Epoch 40/100
Training loss: 0.00000 || Validation loss: 188.25493
Epoch 41/100
Training loss: 0.00000 || Validation loss: 188.21214
Epoch 42/100
Training loss: 0.00000 || Validation loss: 189.26385
Epoch 43/100
Training loss: 0.00000 || Validation loss: 187.56612
Epoch 44/100
Training loss: 0.00000 || Validation loss: 189.80773
Epoch 45/100
Training loss: 0.00000 || Validation loss: 188.28410
Epoch 46/100
Training loss: 0.00000 || Validation loss: 189.66715
Epoch 47/100
Training loss: 0.00000 || Validation loss: 189.30588
Epoch 48/100
Training loss: 0.00000 || Validation loss: 189.89109
Epoch 49/100
Training loss: 0.00000 || Validation loss: 186.80738
Epoch 50/100
Training loss: 0.00000 || Validation loss: 189.83790
Epoch 51/100
Training loss: 0.00000 || Validation loss: 189.04317
Epoch 52/100
Training loss: 0.00000 || Validation loss: 189.02830
Epoch 53/100
Training loss: 0.00000 || Validation loss: 188.04777
Epoch 54/100
Training loss: 0.00000 || Validation loss: 189.05491
Epoch 55/100
Training loss: 0.00000 || Validation loss: 187.97471
Epoch 56/100
Training loss: 0.00000 || Validation loss: 189.05111
Epoch 57/100
Training loss: 0.00000 || Validation loss: 188.21055
Epoch 58/100
Training loss: 0.00000 || Validation loss: 189.62726
Epoch 59/100
Training loss: 0.00000 || Validation loss: 189.13760
Epoch 60/100
Training loss: 0.00000 || Validation loss: 189.30464
Epoch 61/100
Training loss: 0.00000 || Validation loss: 188.39807
Epoch 62/100
Training loss: 0.00000 || Validation loss: 189.81143
Epoch 63/100
Training loss: 0.00000 || Validation loss: 190.24247
Epoch 64/100
Training loss: 0.00000 || Validation loss: 190.38082
Epoch 65/100
Training loss: 0.00000 || Validation loss: 190.52743
Epoch 66/100
Training loss: 0.00000 || Validation loss: 190.48304
Epoch 67/100
Training loss: 0.00000 || Validation loss: 190.07756
Epoch 68/100
Training loss: 0.00000 || Validation loss: 190.26070
Epoch 69/100
Training loss: 0.00000 || Validation loss: 190.58683
Epoch 70/100
Training loss: 0.00000 || Validation loss: 189.12514
Epoch 71/100
Training loss: 0.00000 || Validation loss: 190.48968
Epoch 72/100
Training loss: 0.00000 || Validation loss: 189.75228
Epoch 73/100
Training loss: 0.00000 || Validation loss: 190.62066
Epoch 74/100
Training loss: 0.00000 || Validation loss: 191.52958
Epoch 75/100
Training loss: 0.00000 || Validation loss: 190.70011
Epoch 76/100
Training loss: 0.00000 || Validation loss: 193.23820
Epoch 77/100
Training loss: 0.00000 || Validation loss: 191.50314
Epoch 78/100
Training loss: 0.00000 || Validation loss: 191.42957
Epoch 79/100
Training loss: 0.00000 || Validation loss: 191.46753
Epoch 80/100
Training loss: 0.00000 || Validation loss: 191.99977
Epoch 81/100
Training loss: 0.00000 || Validation loss: 191.26849
Epoch 82/100
Training loss: 0.00000 || Validation loss: 191.17644
Epoch 83/100
Training loss: 0.00000 || Validation loss: 192.77102
Epoch 84/100
Training loss: 0.00000 || Validation loss: 191.26961
Epoch 85/100
Training loss: 0.00000 || Validation loss: 191.96374
Epoch 86/100
Training loss: 0.00000 || Validation loss: 191.61300
Epoch 87/100
Training loss: 0.00000 || Validation loss: 192.16900
Epoch 88/100
Training loss: 0.00000 || Validation loss: 192.12823
Epoch 89/100
Training loss: 0.00000 || Validation loss: 192.17525
Epoch 90/100
Training loss: 0.00000 || Validation loss: 191.19480
Epoch 91/100
Training loss: 0.00000 || Validation loss: 192.54022
Epoch 92/100
Training loss: 0.00001 || Validation loss: 191.91347
Epoch 93/100
Training loss: 0.00001 || Validation loss: 192.79427
Epoch 94/100
Training loss: 0.00000 || Validation loss: 193.96632
Epoch 95/100
Training loss: 0.00000 || Validation loss: 194.15434
Epoch 96/100
Training loss: 0.00000 || Validation loss: 192.57925
Epoch 97/100
Training loss: 0.00000 || Validation loss: 193.51311
Epoch 98/100
Training loss: 0.00000 || Validation loss: 193.44938
Epoch 99/100
Training loss: 0.00000 || Validation loss: 193.25792
Epoch 100/100
Training loss: 0.00000 || Validation loss: 193.67731
Best model for fold 1 saved from epoch 9 with f1 17.54320
Final training loss: 0.00000 || Final test loss: 193.67731
Fold 2
Model loaded successfully from ./pretrained_model/64_to_256_3layers.ckpt
device : cuda
Model not found at ./model/city_and_forest_co_training_wba_value_32frames/piece_size_20_fix_False_pretrained_True/fold_2/fly_model.ckpt
튜플 파일을 불러오는 중 문제가 발생했습니다 (./model/city_and_forest_co_training_wba_value_32frames/piece_size_20_fix_False_pretrained_True/fold_2): [Errno 2] No such file or directory: './model/city_and_forest_co_training_wba_value_32frames/piece_size_20_fix_False_pretrained_True/fold_2/training_tuples.pkl'
Epoch 1/100
Training loss: 72.46427 || Validation loss: 198.89240
New best model saved at epoch 1 with loss 198.89240
Epoch 2/100
Training loss: 13.68138 || Validation loss: 153.76097
New best model saved at epoch 2 with loss 153.76097
Epoch 3/100
Training loss: 8.18103 || Validation loss: 149.25698
New best model saved at epoch 3 with loss 149.25698
Epoch 4/100
Training loss: 5.03179 || Validation loss: 121.01420
New best model saved at epoch 4 with loss 121.01420
Epoch 5/100
Training loss: 4.41002 || Validation loss: 90.76458
New best model saved at epoch 5 with loss 90.76458
Epoch 6/100
Training loss: 3.78768 || Validation loss: 76.95674
New best model saved at epoch 6 with loss 76.95674
Epoch 7/100
Training loss: 3.79703 || Validation loss: 59.36205
New best model saved at epoch 7 with loss 59.36205
Epoch 8/100
Training loss: 3.34716 || Validation loss: 45.02045
New best model saved at epoch 8 with loss 45.02045
Epoch 9/100
Training loss: 2.97406 || Validation loss: 35.26507
New best model saved at epoch 9 with loss 35.26507
Epoch 10/100
Training loss: 2.15639 || Validation loss: 31.48221
New best model saved at epoch 10 with loss 31.48221
Epoch 11/100
Training loss: 1.33130 || Validation loss: 34.06816
Epoch 12/100
Training loss: 1.03071 || Validation loss: 52.87126
Epoch 13/100
Training loss: 0.59117 || Validation loss: 74.76539
Epoch 14/100
Training loss: 0.40472 || Validation loss: 99.41874
Epoch 15/100
Training loss: 0.26082 || Validation loss: 128.08563
Epoch 16/100
Training loss: 0.15313 || Validation loss: 153.43764
Epoch 17/100
Training loss: 0.07504 || Validation loss: 174.14161
Epoch 18/100
Training loss: 0.03944 || Validation loss: 192.29486
Epoch 19/100
Training loss: 0.01970 || Validation loss: 208.94631
Epoch 20/100
Training loss: 0.00974 || Validation loss: 219.99334
Epoch 21/100
Training loss: 0.00516 || Validation loss: 227.30300
Epoch 22/100
Training loss: 0.00248 || Validation loss: 232.43744
Epoch 23/100
Training loss: 0.00113 || Validation loss: 236.94545
Epoch 24/100
Training loss: 0.00056 || Validation loss: 242.74235
Epoch 25/100
Training loss: 0.00024 || Validation loss: 240.44220
Epoch 26/100
Training loss: 0.00010 || Validation loss: 241.89783
Epoch 27/100
Training loss: 0.00004 || Validation loss: 243.38765
Epoch 28/100
Training loss: 0.00002 || Validation loss: 246.83680
Epoch 29/100
Training loss: 0.00001 || Validation loss: 246.89720
Epoch 30/100
Training loss: 0.00000 || Validation loss: 248.22872
Epoch 31/100
Training loss: 0.00000 || Validation loss: 243.83054
Epoch 32/100
Training loss: 0.00000 || Validation loss: 244.02562
Epoch 33/100
Training loss: 0.00000 || Validation loss: 245.04119
Epoch 34/100
Training loss: 0.00000 || Validation loss: 245.09594
Epoch 35/100
Training loss: 0.00000 || Validation loss: 246.59556
Epoch 36/100
Training loss: 0.00000 || Validation loss: 247.59869
Epoch 37/100
Training loss: 0.00000 || Validation loss: 245.95868
Epoch 38/100
Training loss: 0.00000 || Validation loss: 248.46378
Epoch 39/100
Training loss: 0.00000 || Validation loss: 249.74955
Epoch 40/100
Training loss: 0.00000 || Validation loss: 246.43420
Epoch 41/100
Training loss: 0.00000 || Validation loss: 247.27231
Epoch 42/100
Training loss: 0.00000 || Validation loss: 250.05117
Epoch 43/100
Training loss: 0.00000 || Validation loss: 245.75380
Epoch 44/100
Training loss: 0.00000 || Validation loss: 244.35187
Epoch 45/100
Training loss: 0.00000 || Validation loss: 247.85061
Epoch 46/100
Training loss: 0.00000 || Validation loss: 247.03502
Epoch 47/100
Training loss: 0.00000 || Validation loss: 246.99652
Epoch 48/100
Training loss: 0.00000 || Validation loss: 248.68710
Epoch 49/100
Training loss: 0.00000 || Validation loss: 248.55175
Epoch 50/100
Training loss: 0.00000 || Validation loss: 247.85084
Epoch 51/100
Training loss: 0.00000 || Validation loss: 247.38934
Epoch 52/100
Training loss: 0.00000 || Validation loss: 246.05457
Epoch 53/100
Training loss: 0.00000 || Validation loss: 250.77571
Epoch 54/100
Training loss: 0.00000 || Validation loss: 247.08699
Epoch 55/100
Training loss: 0.00000 || Validation loss: 246.96307
Epoch 56/100
Training loss: 0.00000 || Validation loss: 247.71516
Epoch 57/100
Training loss: 0.00000 || Validation loss: 246.59473
Epoch 58/100
Training loss: 0.00000 || Validation loss: 248.21481
Epoch 59/100
Training loss: 0.00000 || Validation loss: 246.46062
Epoch 60/100
Training loss: 0.00000 || Validation loss: 245.90482
Epoch 61/100
Training loss: 0.00000 || Validation loss: 245.66430
Epoch 62/100
Training loss: 0.00000 || Validation loss: 248.84907
Epoch 63/100
Training loss: 0.00000 || Validation loss: 249.28056
Epoch 64/100
Training loss: 0.00000 || Validation loss: 246.44862
Epoch 65/100
Training loss: 0.00000 || Validation loss: 246.47542
Epoch 66/100
Training loss: 0.00000 || Validation loss: 248.41670
Epoch 67/100
Training loss: 0.00000 || Validation loss: 246.31169
Epoch 68/100
Training loss: 0.00001 || Validation loss: 248.52625
Epoch 69/100
Training loss: 0.00000 || Validation loss: 247.40432
Epoch 70/100
Training loss: 0.00000 || Validation loss: 248.04387
Epoch 71/100
Training loss: 0.00000 || Validation loss: 246.66745
Epoch 72/100
Training loss: 0.00000 || Validation loss: 247.03029
Epoch 73/100
Training loss: 0.00000 || Validation loss: 247.19949
Epoch 74/100
Training loss: 0.00000 || Validation loss: 249.77610
Epoch 75/100
Training loss: 0.00000 || Validation loss: 247.24558
Epoch 76/100
Training loss: 0.00000 || Validation loss: 248.40517
Epoch 77/100
Training loss: 0.00000 || Validation loss: 246.43812
Epoch 78/100
Training loss: 0.00000 || Validation loss: 247.58164
Epoch 79/100
Training loss: 0.00000 || Validation loss: 248.54706
Epoch 80/100
Training loss: 0.00000 || Validation loss: 250.09256
Epoch 81/100
Training loss: 0.00000 || Validation loss: 248.73186
Epoch 82/100
Training loss: 0.00000 || Validation loss: 248.10421
Epoch 83/100
Training loss: 0.00000 || Validation loss: 249.06663
Epoch 84/100
Training loss: 0.00000 || Validation loss: 246.08883
Epoch 85/100
Training loss: 0.00000 || Validation loss: 248.00034
Epoch 86/100
Training loss: 0.00000 || Validation loss: 249.24257
Epoch 87/100
Training loss: 0.00000 || Validation loss: 248.91270
Epoch 88/100
Training loss: 0.00000 || Validation loss: 248.26397
Epoch 89/100
Training loss: 0.00000 || Validation loss: 249.19052
Epoch 90/100
Training loss: 0.00000 || Validation loss: 249.18387
Epoch 91/100
Training loss: 0.00000 || Validation loss: 247.67724
Epoch 92/100
Training loss: 0.00000 || Validation loss: 246.51709
Epoch 93/100
Training loss: 0.00000 || Validation loss: 249.14116
Epoch 94/100
Training loss: 0.00000 || Validation loss: 248.96424
Epoch 95/100
Training loss: 0.00000 || Validation loss: 249.97173
Epoch 96/100
Training loss: 0.00000 || Validation loss: 249.00909
Epoch 97/100
Training loss: 0.00000 || Validation loss: 246.15850
Epoch 98/100
Training loss: 0.00000 || Validation loss: 249.42609
Epoch 99/100
Training loss: 0.00049 || Validation loss: 249.33820
Epoch 100/100
Training loss: 0.00034 || Validation loss: 251.58572
Best model for fold 2 saved from epoch 10 with f1 31.48221
Final training loss: 0.00034 || Final test loss: 251.58572
Fold 3
Model loaded successfully from ./pretrained_model/64_to_256_3layers.ckpt
device : cuda
Model not found at ./model/city_and_forest_co_training_wba_value_32frames/piece_size_20_fix_False_pretrained_True/fold_3/fly_model.ckpt
튜플 파일을 불러오는 중 문제가 발생했습니다 (./model/city_and_forest_co_training_wba_value_32frames/piece_size_20_fix_False_pretrained_True/fold_3): [Errno 2] No such file or directory: './model/city_and_forest_co_training_wba_value_32frames/piece_size_20_fix_False_pretrained_True/fold_3/training_tuples.pkl'
Epoch 1/100
Training loss: 58.79275 || Validation loss: 45.79801
New best model saved at epoch 1 with loss 45.79801
Epoch 2/100
Training loss: 7.38639 || Validation loss: 40.55558
New best model saved at epoch 2 with loss 40.55558
Epoch 3/100
Training loss: 4.52824 || Validation loss: 44.42186
Epoch 4/100
Training loss: 3.35718 || Validation loss: 36.80068
New best model saved at epoch 4 with loss 36.80068
Epoch 5/100
Training loss: 3.09187 || Validation loss: 33.10574
New best model saved at epoch 5 with loss 33.10574
Epoch 6/100
Training loss: 2.72963 || Validation loss: 26.02633
New best model saved at epoch 6 with loss 26.02633
Epoch 7/100
Training loss: 2.07901 || Validation loss: 25.76760
New best model saved at epoch 7 with loss 25.76760
Epoch 8/100
Training loss: 1.75597 || Validation loss: 23.92141
New best model saved at epoch 8 with loss 23.92141
Epoch 9/100
Training loss: 1.52566 || Validation loss: 26.75990
Epoch 10/100
Training loss: 1.25573 || Validation loss: 31.15586
Epoch 11/100
Training loss: 0.95012 || Validation loss: 36.36195
Epoch 12/100
Training loss: 0.62405 || Validation loss: 42.06612
Epoch 13/100
Training loss: 0.43483 || Validation loss: 52.31980
Epoch 14/100
Training loss: 0.22963 || Validation loss: 60.99196
Epoch 15/100
Training loss: 0.12712 || Validation loss: 69.44617
Epoch 16/100
Training loss: 0.06129 || Validation loss: 78.18183
Epoch 17/100
Training loss: 0.02834 || Validation loss: 84.58922
Epoch 18/100
Training loss: 0.01197 || Validation loss: 87.51556
Epoch 19/100
Training loss: 0.00457 || Validation loss: 89.44965
Epoch 20/100
Training loss: 0.00215 || Validation loss: 93.12139
Epoch 21/100
Training loss: 0.00075 || Validation loss: 92.71990
Epoch 22/100
Training loss: 0.00027 || Validation loss: 92.19693
Epoch 23/100
Training loss: 0.00010 || Validation loss: 93.67867
Epoch 24/100
Training loss: 0.00003 || Validation loss: 95.35972
Epoch 25/100
Training loss: 0.00001 || Validation loss: 94.36911
Epoch 26/100
Training loss: 0.00000 || Validation loss: 95.44335
Epoch 27/100
Training loss: 0.00000 || Validation loss: 94.60806
Epoch 28/100
Training loss: 0.00000 || Validation loss: 91.51329
Epoch 29/100
Training loss: 0.00000 || Validation loss: 94.04166
Epoch 30/100
Training loss: 0.00000 || Validation loss: 94.06682
Epoch 31/100
Training loss: 0.00000 || Validation loss: 92.70756
Epoch 32/100
Training loss: 0.00000 || Validation loss: 95.32526
Epoch 33/100
Training loss: 0.00000 || Validation loss: 93.17783
Epoch 34/100
Training loss: 0.00000 || Validation loss: 94.64243
Epoch 35/100
Training loss: 0.00000 || Validation loss: 95.64859
Epoch 36/100
Training loss: 0.00000 || Validation loss: 95.40866
Epoch 37/100
Training loss: 0.00000 || Validation loss: 95.77307
Epoch 38/100
Training loss: 0.00000 || Validation loss: 95.95091
Epoch 39/100
Training loss: 0.00000 || Validation loss: 96.11951
Epoch 40/100
Training loss: 0.00000 || Validation loss: 93.64421
Epoch 41/100
Training loss: 0.00000 || Validation loss: 93.01670
Epoch 42/100
Training loss: 0.00000 || Validation loss: 96.54109
Epoch 43/100
Training loss: 0.00000 || Validation loss: 95.30008
Epoch 44/100
Training loss: 0.00000 || Validation loss: 93.35461
Epoch 45/100
Training loss: 0.00000 || Validation loss: 93.65853
Epoch 46/100
Training loss: 0.00000 || Validation loss: 97.64751
Epoch 47/100
Training loss: 0.00000 || Validation loss: 94.78632
Epoch 48/100
Training loss: 0.00000 || Validation loss: 96.23742
Epoch 49/100
Training loss: 0.00000 || Validation loss: 97.53342
Epoch 50/100
Training loss: 0.00000 || Validation loss: 93.56772
Epoch 51/100
Training loss: 0.00000 || Validation loss: 94.56512
Epoch 52/100
Training loss: 0.00000 || Validation loss: 97.22700
Epoch 53/100
Training loss: 0.00000 || Validation loss: 93.50209
Epoch 54/100
Training loss: 0.00000 || Validation loss: 95.34563
Epoch 55/100
Training loss: 0.00000 || Validation loss: 98.77328
Epoch 56/100
Training loss: 0.00000 || Validation loss: 95.15765
Epoch 57/100
Training loss: 0.00000 || Validation loss: 96.43766
Epoch 58/100
Training loss: 0.00000 || Validation loss: 96.99835
Epoch 59/100
Training loss: 0.00000 || Validation loss: 97.09044
Epoch 60/100
Training loss: 0.00000 || Validation loss: 98.16387
Epoch 61/100
Training loss: 0.00001 || Validation loss: 95.27763
Epoch 62/100
Training loss: 0.00000 || Validation loss: 95.18824
Epoch 63/100
Training loss: 0.00000 || Validation loss: 93.54870
Epoch 64/100
Training loss: 0.00000 || Validation loss: 98.56040
Epoch 65/100
Training loss: 0.00000 || Validation loss: 95.48484
Epoch 66/100
Training loss: 0.00000 || Validation loss: 93.49812
Epoch 67/100
Training loss: 0.00000 || Validation loss: 94.29000
Epoch 68/100
Training loss: 0.00000 || Validation loss: 96.04916
Epoch 69/100
Training loss: 0.00000 || Validation loss: 97.01078
Epoch 70/100
Training loss: 0.00000 || Validation loss: 96.08399
Epoch 71/100
Training loss: 0.00000 || Validation loss: 97.04015
Epoch 72/100
Training loss: 0.00000 || Validation loss: 94.70341
Epoch 73/100
Training loss: 0.00001 || Validation loss: 96.95046
Epoch 74/100
Training loss: 0.00000 || Validation loss: 94.77752
Epoch 75/100
Training loss: 0.00000 || Validation loss: 95.66984
Epoch 76/100
Training loss: 0.00000 || Validation loss: 95.98957
Epoch 77/100
Training loss: 0.00000 || Validation loss: 99.24700
Epoch 78/100
Training loss: 0.00000 || Validation loss: 97.15483
Epoch 79/100
Training loss: 0.00000 || Validation loss: 95.60026
Epoch 80/100
Training loss: 0.00000 || Validation loss: 95.94090
Epoch 81/100
Training loss: 0.00000 || Validation loss: 98.78077
Epoch 82/100
Training loss: 0.00000 || Validation loss: 100.19981
Epoch 83/100
Training loss: 0.00000 || Validation loss: 98.79548
Epoch 84/100
Training loss: 0.00000 || Validation loss: 98.20456
Epoch 85/100
Training loss: 0.00000 || Validation loss: 98.02044
Epoch 86/100
Training loss: 0.00000 || Validation loss: 99.63262
Epoch 87/100
Training loss: 0.00000 || Validation loss: 98.78017
Epoch 88/100
Training loss: 0.00000 || Validation loss: 100.57691
Epoch 89/100
Training loss: 0.00000 || Validation loss: 99.75801
Epoch 90/100
Training loss: 0.00000 || Validation loss: 99.52723
Epoch 91/100
Training loss: 0.00000 || Validation loss: 99.14072
Epoch 92/100
Training loss: 0.00000 || Validation loss: 98.01964
Epoch 93/100
Training loss: 0.00000 || Validation loss: 98.71350
Epoch 94/100
Training loss: 0.00000 || Validation loss: 101.68135
Epoch 95/100
Training loss: 0.00007 || Validation loss: 100.89307
Epoch 96/100
Training loss: 0.00001 || Validation loss: 99.74259
Epoch 97/100
Training loss: 0.00000 || Validation loss: 99.46528
Epoch 98/100
Training loss: 0.00000 || Validation loss: 97.89913
Epoch 99/100
Training loss: 0.00000 || Validation loss: 101.79724
Epoch 100/100
Training loss: 0.00000 || Validation loss: 98.41101
Best model for fold 3 saved from epoch 8 with f1 23.92141
Final training loss: 0.00000 || Final test loss: 98.41101
All fold val losses: [17.543204069137573, 31.48221206665039, 23.921412467956543]
Average val loss: 24.31561
Fold 1
Model loaded successfully from ./pretrained_model/64_to_256_3layers.ckpt
device : cuda
Model not found at ./model/city_and_forest_co_training_wba_value_32frames/piece_size_40_fix_False_pretrained_True/fold_1/fly_model.ckpt
튜플 파일을 불러오는 중 문제가 발생했습니다 (./model/city_and_forest_co_training_wba_value_32frames/piece_size_40_fix_False_pretrained_True/fold_1): [Errno 2] No such file or directory: './model/city_and_forest_co_training_wba_value_32frames/piece_size_40_fix_False_pretrained_True/fold_1/training_tuples.pkl'
Epoch 1/100
Traceback (most recent call last):
  File "/myhome/FlyModel/training_direction_pred.py", line 362, in <module>
    training_direction_pred(
  File "/myhome/FlyModel/training_direction_pred.py", line 258, in training_direction_pred
    avg_val_loss = total_val_loss / len(val_batches)
ZeroDivisionError: float division by zero
