./naturalistic/01_Bird.avi                                   Loaded : (5, 3596, 64, 128, 1)
./naturalistic/02_City.avi                                   Loaded : (5, 3596, 64, 128, 1)
./naturalistic/03_Forest.avi                                 Loaded : (5, 3596, 64, 128, 1)
Video is allocated on memory!
Shape : (3, 3596, 64, 128, 5)
augmented shape : (18, 3596, 64, 128, 5)
augmented shape : (18, 3600)
Fold 1
Model loaded successfully from ./pretrained_model/64_to_256_3layers.ckpt
device : cuda
Model not found at ./model/city_and_forest_wba_value_whole_features_8frames/piece_size_1_fix_False/fold_1/fly_model.ckpt
Epoch 1/100
Training loss: 15.72660
Validation loss: 1.42361
New best model saved at epoch 1 with loss 1.42361
First epoch took 18.67 seconds.
Estimated total program duration: 7.78 hours
Estimated program end time (KST): 2024/11/18 10:19:34
Epoch 2/100
Training loss: 0.99005
Validation loss: 1.06420
New best model saved at epoch 2 with loss 1.06420
Epoch 3/100
Training loss: 0.55977
Validation loss: 0.72382
New best model saved at epoch 3 with loss 0.72382
Epoch 4/100
Training loss: 0.38386
Validation loss: 0.73064
Epoch 5/100
Training loss: 0.31678
Validation loss: 0.61153
New best model saved at epoch 5 with loss 0.61153
Epoch 6/100
Training loss: 0.29303
Validation loss: 0.61894
Epoch 7/100
Training loss: 0.25358
Validation loss: 0.49791
New best model saved at epoch 7 with loss 0.49791
Epoch 8/100
Training loss: 0.23543
Validation loss: 0.52934
Epoch 9/100
Training loss: 0.21408
Validation loss: 0.53985
Epoch 10/100
Training loss: 0.23315
Validation loss: 0.47974
New best model saved at epoch 10 with loss 0.47974
Epoch 11/100
Training loss: 0.18928
Validation loss: 0.45348
New best model saved at epoch 11 with loss 0.45348
Epoch 12/100
Training loss: 0.19374
Validation loss: 0.43049
New best model saved at epoch 12 with loss 0.43049
Epoch 13/100
Training loss: 0.18624
Validation loss: 0.38947
New best model saved at epoch 13 with loss 0.38947
Epoch 14/100
Training loss: 0.18597
Validation loss: 0.44487
Epoch 15/100
Training loss: 0.18345
Validation loss: 0.38059
New best model saved at epoch 15 with loss 0.38059
Epoch 16/100
Training loss: 0.17927
Validation loss: 0.38436
Epoch 17/100
Training loss: 0.16297
Validation loss: 0.35000
New best model saved at epoch 17 with loss 0.35000
Epoch 18/100
Training loss: 0.17335
Validation loss: 0.39591
Epoch 19/100
Training loss: 0.17725
Validation loss: 0.38226
Epoch 20/100
Training loss: 0.18160
Validation loss: 0.38596
Epoch 21/100
Training loss: 0.15186
Validation loss: 0.36606
Epoch 22/100
Training loss: 0.15151
Validation loss: 0.33399
New best model saved at epoch 22 with loss 0.33399
Epoch 23/100
Training loss: 0.13614
Validation loss: 0.34524
Epoch 24/100
Training loss: 0.13491
Validation loss: 0.31198
New best model saved at epoch 24 with loss 0.31198
Epoch 25/100
Training loss: 0.12644
Validation loss: 0.29114
New best model saved at epoch 25 with loss 0.29114
Epoch 26/100
Training loss: 0.12738
Validation loss: 0.28725
New best model saved at epoch 26 with loss 0.28725
Epoch 27/100
Training loss: 0.15026
Validation loss: 0.31762
Epoch 28/100
Training loss: 0.14318
Validation loss: 0.30086
Epoch 29/100
Training loss: 0.11884
Validation loss: 0.30410
Epoch 30/100
Training loss: 0.11637
Validation loss: 0.34546
Epoch 31/100
Training loss: 0.11599
Validation loss: 0.35806
Epoch 32/100
Training loss: 0.11130
Validation loss: 0.30512
Epoch 33/100
Training loss: 0.11618
Validation loss: 0.34151
Epoch 34/100
Training loss: 0.11152
Validation loss: 0.30336
Epoch 35/100
Training loss: 0.12225
Validation loss: 0.40290
Epoch 36/100
Training loss: 0.10802
Validation loss: 0.32067
Epoch 37/100
Training loss: 0.11012
Validation loss: 0.26388
New best model saved at epoch 37 with loss 0.26388
Epoch 38/100
Training loss: 0.10934
Validation loss: 0.28052
Epoch 39/100
Training loss: 0.10154
Validation loss: 0.32264
Epoch 40/100
Training loss: 0.09415
Validation loss: 0.28680
Epoch 41/100
Training loss: 0.10707
Validation loss: 0.24116
New best model saved at epoch 41 with loss 0.24116
Epoch 42/100
Training loss: 0.10753
Validation loss: 0.27717
Epoch 43/100
Training loss: 0.08492
Validation loss: 0.26774
Epoch 44/100
Training loss: 0.09682
Validation loss: 0.25333
Epoch 45/100
Training loss: 0.09196
Validation loss: 0.30120
Epoch 46/100
Training loss: 0.08971
Validation loss: 0.29104
Epoch 47/100
Training loss: 0.08762
Validation loss: 0.29986
Epoch 48/100
Training loss: 0.09046
Validation loss: 0.34002
Epoch 49/100
Training loss: 0.08660
Validation loss: 0.28390
Epoch 50/100
Training loss: 0.08741
Validation loss: 0.30657
Epoch 51/100
Training loss: 0.08955
Validation loss: 0.32720
Epoch 52/100
Training loss: 0.08330
Validation loss: 0.22708
New best model saved at epoch 52 with loss 0.22708
Epoch 53/100
Training loss: 0.08078
Validation loss: 0.31585
Epoch 54/100
Training loss: 0.08514
Validation loss: 0.22542
New best model saved at epoch 54 with loss 0.22542
Epoch 55/100
Training loss: 0.08583
Validation loss: 0.32362
Epoch 56/100
Training loss: 0.08605
Validation loss: 0.28380
Epoch 57/100
Training loss: 0.08373
Validation loss: 0.33153
Epoch 58/100
Training loss: 0.07800
Validation loss: 0.30084
Epoch 59/100
Training loss: 0.07480
Validation loss: 0.26277
Epoch 60/100
Training loss: 0.07542
Validation loss: 0.34787
Epoch 61/100
Training loss: 0.08613
Validation loss: 0.24066
Epoch 62/100
Training loss: 0.08075
Validation loss: 0.26068
Epoch 63/100
Training loss: 0.07356
Validation loss: 0.26275
Epoch 64/100
Training loss: 0.07353
Validation loss: 0.24430
Epoch 65/100
Training loss: 0.07717
Validation loss: 0.24439
Epoch 66/100
Training loss: 0.07809
Validation loss: 0.24778
Epoch 67/100
Training loss: 0.07984
Validation loss: 0.25313
Epoch 68/100
Training loss: 0.07383
Validation loss: 0.19987
New best model saved at epoch 68 with loss 0.19987
Epoch 69/100
Training loss: 0.07692
Validation loss: 0.21619
Epoch 70/100
Training loss: 0.07129
Validation loss: 0.30768
Epoch 71/100
Training loss: 0.07066
Validation loss: 0.22793
Epoch 72/100
Training loss: 0.07582
Validation loss: 0.27645
Epoch 73/100
Training loss: 0.07135
Validation loss: 0.29528
Epoch 74/100
Training loss: 0.07819
Validation loss: 0.27708
Epoch 75/100
Training loss: 0.06424
Validation loss: 0.24132
Epoch 76/100
Training loss: 0.07059
Validation loss: 0.25567
Epoch 77/100
Training loss: 0.07168
Validation loss: 0.22734
Epoch 78/100
Training loss: 0.06889
Validation loss: 0.24922
Epoch 79/100
Training loss: 0.07057
Validation loss: 0.26694
Epoch 80/100
Training loss: 0.06568
Validation loss: 0.24000
Epoch 81/100
Training loss: 0.07050
Validation loss: 0.25642
Epoch 82/100
Training loss: 0.07114
Validation loss: 0.24151
Epoch 83/100
Training loss: 0.06785
Validation loss: 0.25397
Epoch 84/100
Training loss: 0.06887
Validation loss: 0.25157
Epoch 85/100
Training loss: 0.07079
Validation loss: 0.26403
Epoch 86/100
Training loss: 0.05677
Validation loss: 0.20557
Epoch 87/100
Training loss: 0.06515
Validation loss: 0.29912
Epoch 88/100
Training loss: 0.06374
Validation loss: 0.21247
Epoch 89/100
Training loss: 0.07206
Validation loss: 0.21176
Epoch 90/100
Training loss: 0.07363
Validation loss: 0.25562
Epoch 91/100
Training loss: 0.06586
Validation loss: 0.22793
Epoch 92/100
Training loss: 0.06823
Validation loss: 0.21824
Epoch 93/100
Training loss: 0.06757
Validation loss: 0.20825
Epoch 94/100
Training loss: 0.06296
Validation loss: 0.21260
Epoch 95/100
Training loss: 0.06316
Validation loss: 0.21187
Epoch 96/100
Training loss: 0.06459
Validation loss: 0.19412
New best model saved at epoch 96 with loss 0.19412
Epoch 97/100
Training loss: 0.06178
Validation loss: 0.25758
Epoch 98/100
Training loss: 0.06105
Validation loss: 0.22168
Epoch 99/100
Training loss: 0.05590
Validation loss: 0.21928
Epoch 100/100
Training loss: 0.06300
Validation loss: 0.21584
Best model for fold 1 saved from epoch 96 with f1 0.19412
Final training loss: 0.06300
Final test loss: 0.21584
Fold 2
Model loaded successfully from ./pretrained_model/64_to_256_3layers.ckpt
device : cuda
Model not found at ./model/city_and_forest_wba_value_whole_features_8frames/piece_size_1_fix_False/fold_2/fly_model.ckpt
Epoch 1/100
Training loss: 20.64596
Validation loss: 2.14491
New best model saved at epoch 1 with loss 2.14491
First epoch took 18.66 seconds.
Estimated total program duration: 7.77 hours
Estimated program end time (KST): 2024/11/18 10:50:28
Epoch 2/100
Training loss: 1.01808
Validation loss: 1.36859
New best model saved at epoch 2 with loss 1.36859
Epoch 3/100
Training loss: 0.56057
Validation loss: 0.99185
New best model saved at epoch 3 with loss 0.99185
Epoch 4/100
Training loss: 0.42225
Validation loss: 0.93289
New best model saved at epoch 4 with loss 0.93289
Epoch 5/100
Training loss: 0.32274
Validation loss: 0.79886
New best model saved at epoch 5 with loss 0.79886
Epoch 6/100
Training loss: 0.27991
Validation loss: 0.77669
New best model saved at epoch 6 with loss 0.77669
Epoch 7/100
Training loss: 0.26070
Validation loss: 0.63233
New best model saved at epoch 7 with loss 0.63233
Epoch 8/100
Training loss: 0.23999
Validation loss: 0.72452
Epoch 9/100
Training loss: 0.21425
Validation loss: 0.59067
New best model saved at epoch 9 with loss 0.59067
Epoch 10/100
Training loss: 0.19989
Validation loss: 0.62278
Epoch 11/100
Training loss: 0.18841
Validation loss: 0.51651
New best model saved at epoch 11 with loss 0.51651
Epoch 12/100
Training loss: 0.18190
Validation loss: 0.50597
New best model saved at epoch 12 with loss 0.50597
Epoch 13/100
Training loss: 0.17448
Validation loss: 0.73472
Epoch 14/100
Training loss: 0.18573
Validation loss: 0.51791
Epoch 15/100
Training loss: 0.18257
Validation loss: 0.67229
Epoch 16/100
Training loss: 0.17225
Validation loss: 0.54595
Epoch 17/100
Training loss: 0.17086
Validation loss: 0.54893
Epoch 18/100
Training loss: 0.15602
Validation loss: 0.52578
Epoch 19/100
Training loss: 0.15627
Validation loss: 0.50284
New best model saved at epoch 19 with loss 0.50284
Epoch 20/100
Training loss: 0.16479
Validation loss: 0.50398
Epoch 21/100
Training loss: 0.14167
Validation loss: 0.42842
New best model saved at epoch 21 with loss 0.42842
Epoch 22/100
Training loss: 0.16222
Validation loss: 0.46264
Epoch 23/100
Training loss: 0.14613
Validation loss: 0.42661
New best model saved at epoch 23 with loss 0.42661
Epoch 24/100
Training loss: 0.14896
Validation loss: 0.54986
Epoch 25/100
Training loss: 0.12236
Validation loss: 0.56371
Epoch 26/100
Training loss: 0.13385
Validation loss: 0.43387
Epoch 27/100
Training loss: 0.12894
Validation loss: 0.45069
Epoch 28/100
Training loss: 0.12092
Validation loss: 0.43553
Epoch 29/100
Training loss: 0.12085
Validation loss: 0.42929
Epoch 30/100
Training loss: 0.10872
Validation loss: 0.48420
Epoch 31/100
Training loss: 0.11991
Validation loss: 0.42485
New best model saved at epoch 31 with loss 0.42485
Epoch 32/100
Training loss: 0.11528
Validation loss: 0.44995
Epoch 33/100
Training loss: 0.09360
Validation loss: 0.52562
Epoch 34/100
Training loss: 0.11000
Validation loss: 0.40895
New best model saved at epoch 34 with loss 0.40895
Epoch 35/100
Training loss: 0.11234
Validation loss: 0.38961
New best model saved at epoch 35 with loss 0.38961
Epoch 36/100
Training loss: 0.10607
Validation loss: 0.44787
Epoch 37/100
Training loss: 0.10304
Validation loss: 0.44383
Epoch 38/100
Training loss: 0.09535
Validation loss: 0.39123
Epoch 39/100
Training loss: 0.10242
Validation loss: 0.49018
Epoch 40/100
Training loss: 0.09048
Validation loss: 0.44702
Epoch 41/100
Training loss: 0.09166
Validation loss: 0.43284
Epoch 42/100
Training loss: 0.10201
Validation loss: 0.44599
Epoch 43/100
Training loss: 0.08866
Validation loss: 0.34364
New best model saved at epoch 43 with loss 0.34364
Epoch 44/100
Training loss: 0.08765
Validation loss: 0.36649
Epoch 45/100
Training loss: 0.08920
Validation loss: 0.33067
New best model saved at epoch 45 with loss 0.33067
Epoch 46/100
Training loss: 0.08060
Validation loss: 0.33217
Epoch 47/100
Training loss: 0.08462
Validation loss: 0.43157
Epoch 48/100
Training loss: 0.08174
Validation loss: 0.36689
Epoch 49/100
Training loss: 0.08953
Validation loss: 0.31114
New best model saved at epoch 49 with loss 0.31114
Epoch 50/100
Training loss: 0.08004
Validation loss: 0.39125
Epoch 51/100
Training loss: 0.07962
Validation loss: 0.38448
Epoch 52/100
Training loss: 0.08192
Validation loss: 0.41093
Epoch 53/100
Training loss: 0.08088
Validation loss: 0.40782
Epoch 54/100
Training loss: 0.07870
Validation loss: 0.33843
Epoch 55/100
Training loss: 0.07540
Validation loss: 0.29883
New best model saved at epoch 55 with loss 0.29883
Epoch 56/100
Training loss: 0.08247
Validation loss: 0.39851
Epoch 57/100
Training loss: 0.09185
Validation loss: 0.36382
Epoch 58/100
Training loss: 0.07511
Validation loss: 0.34923
Epoch 59/100
Training loss: 0.07611
Validation loss: 0.36263
Epoch 60/100
Training loss: 0.07859
Validation loss: 0.27385
New best model saved at epoch 60 with loss 0.27385
Epoch 61/100
Training loss: 0.07558
Validation loss: 0.36758
Epoch 62/100
Training loss: 0.06097
Validation loss: 0.31811
Epoch 63/100
Training loss: 0.07599
Validation loss: 0.46469
Epoch 64/100
Training loss: 0.07132
Validation loss: 0.36147
Epoch 65/100
Training loss: 0.07544
Validation loss: 0.37305
Epoch 66/100
Training loss: 0.07034
Validation loss: 0.31906
Epoch 67/100
Training loss: 0.07107
Validation loss: 0.41384
Epoch 68/100
Training loss: 0.07486
Validation loss: 0.29663
Epoch 69/100
Training loss: 0.06632
Validation loss: 0.38930
Epoch 70/100
Training loss: 0.07029
Validation loss: 0.30987
Epoch 71/100
Training loss: 0.06231
Validation loss: 0.37511
Epoch 72/100
Training loss: 0.07595
Validation loss: 0.35305
Epoch 73/100
Training loss: 0.06776
Validation loss: 0.29407
Epoch 74/100
Training loss: 0.06436
Validation loss: 0.40370
Epoch 75/100
Training loss: 0.06847
Validation loss: 0.42677
Epoch 76/100
Training loss: 0.06468
Validation loss: 0.35276
Epoch 77/100
Training loss: 0.06800
Validation loss: 0.38274
Epoch 78/100
Training loss: 0.06879
Validation loss: 0.40785
Epoch 79/100
Training loss: 0.06977
Validation loss: 0.35427
Epoch 80/100
Training loss: 0.06488
Validation loss: 0.30286
Epoch 81/100
Training loss: 0.06337
Validation loss: 0.35742
Epoch 82/100
Training loss: 0.06175
Validation loss: 0.27115
New best model saved at epoch 82 with loss 0.27115
Epoch 83/100
Training loss: 0.06818
Validation loss: 0.48590
Epoch 84/100
Training loss: 0.06065
Validation loss: 0.32025
Epoch 85/100
Training loss: 0.06728
Validation loss: 0.38864
Epoch 86/100
Training loss: 0.06176
Validation loss: 0.44652
Epoch 87/100
Training loss: 0.06589
Validation loss: 0.29864
Epoch 88/100
Training loss: 0.06116
Validation loss: 0.35184
Epoch 89/100
Training loss: 0.05860
Validation loss: 0.31731
Epoch 90/100
Training loss: 0.05731
Validation loss: 0.34709
Epoch 91/100
Training loss: 0.05999
Validation loss: 0.32800
Epoch 92/100
Training loss: 0.06180
Validation loss: 0.36842
Epoch 93/100
Training loss: 0.06029
Validation loss: 0.31382
Epoch 94/100
Training loss: 0.05644
Validation loss: 0.40681
Epoch 95/100
Training loss: 0.06449
Validation loss: 0.26736
New best model saved at epoch 95 with loss 0.26736
Epoch 96/100
Training loss: 0.05727
Validation loss: 0.33367
Epoch 97/100
Training loss: 0.05834
Validation loss: 0.33882
Epoch 98/100
Training loss: 0.05937
Validation loss: 0.40492
Epoch 99/100
Training loss: 0.06057
Validation loss: 0.29932
Epoch 100/100
Training loss: 0.05924
Validation loss: 0.36146
Best model for fold 2 saved from epoch 95 with f1 0.26736
Final training loss: 0.05924
Final test loss: 0.36146
Fold 3
Model loaded successfully from ./pretrained_model/64_to_256_3layers.ckpt
device : cuda
Model not found at ./model/city_and_forest_wba_value_whole_features_8frames/piece_size_1_fix_False/fold_3/fly_model.ckpt
Epoch 1/100
Training loss: 21.65288
Validation loss: 1.70676
New best model saved at epoch 1 with loss 1.70676
First epoch took 18.57 seconds.
Estimated total program duration: 7.74 hours
Estimated program end time (KST): 2024/11/18 11:19:32
Epoch 2/100
Training loss: 1.17625
Validation loss: 1.01679
New best model saved at epoch 2 with loss 1.01679
Epoch 3/100
Training loss: 0.59294
Validation loss: 0.79208
New best model saved at epoch 3 with loss 0.79208
Epoch 4/100
Training loss: 0.38459
Validation loss: 0.69307
New best model saved at epoch 4 with loss 0.69307
Epoch 5/100
Training loss: 0.31444
Validation loss: 0.65007
New best model saved at epoch 5 with loss 0.65007
Epoch 6/100
Training loss: 0.28842
Validation loss: 0.62813
New best model saved at epoch 6 with loss 0.62813
Epoch 7/100
Training loss: 0.24747
Validation loss: 0.60473
New best model saved at epoch 7 with loss 0.60473
Epoch 8/100
Training loss: 0.21160
Validation loss: 0.53816
New best model saved at epoch 8 with loss 0.53816
Epoch 9/100
Training loss: 0.21937
Validation loss: 0.52291
New best model saved at epoch 9 with loss 0.52291
Epoch 10/100
Training loss: 0.20258
Validation loss: 0.61927
Epoch 11/100
Training loss: 0.19708
Validation loss: 0.54436
Epoch 12/100
Training loss: 0.18221
Validation loss: 0.51520
New best model saved at epoch 12 with loss 0.51520
Epoch 13/100
Training loss: 0.18219
Validation loss: 0.54117
Epoch 14/100
Training loss: 0.19386
Validation loss: 0.48585
New best model saved at epoch 14 with loss 0.48585
Epoch 15/100
Training loss: 0.19438
Validation loss: 0.50842
Epoch 16/100
Training loss: 0.17383
Validation loss: 0.45096
New best model saved at epoch 16 with loss 0.45096
Epoch 17/100
Training loss: 0.16402
Validation loss: 0.43988
New best model saved at epoch 17 with loss 0.43988
Epoch 18/100
Training loss: 0.15651
Validation loss: 0.53749
Epoch 19/100
Training loss: 0.16038
Validation loss: 0.40768
New best model saved at epoch 19 with loss 0.40768
Epoch 20/100
Training loss: 0.14955
Validation loss: 0.40826
Epoch 21/100
Training loss: 0.14314
Validation loss: 0.37376
New best model saved at epoch 21 with loss 0.37376
Epoch 22/100
Training loss: 0.13596
Validation loss: 0.41222
Epoch 23/100
Training loss: 0.14113
Validation loss: 0.44289
Epoch 24/100
Training loss: 0.14149
Validation loss: 0.55028
Epoch 25/100
Training loss: 0.12726
Validation loss: 0.40620
Epoch 26/100
Training loss: 0.12620
Validation loss: 0.41354
Epoch 27/100
Training loss: 0.12246
Validation loss: 0.40218
Epoch 28/100
Training loss: 0.13431
Validation loss: 0.33151
New best model saved at epoch 28 with loss 0.33151
Epoch 29/100
Training loss: 0.12922
Validation loss: 0.36253
Epoch 30/100
Training loss: 0.11821
Validation loss: 0.35656
Epoch 31/100
Training loss: 0.11336
Validation loss: 0.36880
Epoch 32/100
Training loss: 0.11682
Validation loss: 0.32603
New best model saved at epoch 32 with loss 0.32603
Epoch 33/100
Training loss: 0.10560
Validation loss: 0.35651
Epoch 34/100
Training loss: 0.11632
Validation loss: 0.33865
Epoch 35/100
Training loss: 0.10504
Validation loss: 0.30717
New best model saved at epoch 35 with loss 0.30717
Epoch 36/100
Training loss: 0.10822
Validation loss: 0.39000
Epoch 37/100
Training loss: 0.10025
Validation loss: 0.33351
Epoch 38/100
Training loss: 0.10066
Validation loss: 0.44801
Epoch 39/100
Training loss: 0.10165
Validation loss: 0.31917
Epoch 40/100
Training loss: 0.10306
Validation loss: 0.34925
Epoch 41/100
Training loss: 0.09859
Validation loss: 0.36286
Epoch 42/100
Training loss: 0.09702
Validation loss: 0.29763
New best model saved at epoch 42 with loss 0.29763
Epoch 43/100
Training loss: 0.10357
Validation loss: 0.34323
Epoch 44/100
Training loss: 0.09687
Validation loss: 0.39232
Epoch 45/100
Training loss: 0.09761
Validation loss: 0.30751
Epoch 46/100
Training loss: 0.09715
Validation loss: 0.31118
Epoch 47/100
Training loss: 0.09111
Validation loss: 0.28869
New best model saved at epoch 47 with loss 0.28869
Epoch 48/100
Training loss: 0.10398
Validation loss: 0.36691
Epoch 49/100
Training loss: 0.08443
Validation loss: 0.27512
New best model saved at epoch 49 with loss 0.27512
Epoch 50/100
Training loss: 0.09070
Validation loss: 0.27843
Epoch 51/100
Training loss: 0.09283
Validation loss: 0.27138
New best model saved at epoch 51 with loss 0.27138
Epoch 52/100
Training loss: 0.08233
Validation loss: 0.33925
Epoch 53/100
Training loss: 0.08405
Validation loss: 0.30958
Epoch 54/100
Training loss: 0.08830
Validation loss: 0.29119
Epoch 55/100
Training loss: 0.07735
Validation loss: 0.28125
Epoch 56/100
Training loss: 0.07690
Validation loss: 0.31605
Epoch 57/100
Training loss: 0.08227
Validation loss: 0.28503
Epoch 58/100
Training loss: 0.07868
Validation loss: 0.32076
Epoch 59/100
Training loss: 0.08104
Validation loss: 0.32994
Epoch 60/100
Training loss: 0.07685
Validation loss: 0.33840
Epoch 61/100
Training loss: 0.08951
Validation loss: 0.32120
Epoch 62/100
Training loss: 0.07558
Validation loss: 0.30544
Epoch 63/100
Training loss: 0.08027
Validation loss: 0.29026
Epoch 64/100
Training loss: 0.07330
Validation loss: 0.23953
New best model saved at epoch 64 with loss 0.23953
Epoch 65/100
Training loss: 0.07199
Validation loss: 0.25470
Epoch 66/100
Training loss: 0.07378
Validation loss: 0.26470
Epoch 67/100
Training loss: 0.07313
Validation loss: 0.28105
Epoch 68/100
Training loss: 0.07288
Validation loss: 0.25414
Epoch 69/100
Training loss: 0.07747
Validation loss: 0.25176
Epoch 70/100
Training loss: 0.08462
Validation loss: 0.24919
Epoch 71/100
Training loss: 0.06872
Validation loss: 0.28585
Epoch 72/100
Training loss: 0.07221
Validation loss: 0.28337
Epoch 73/100
Training loss: 0.06991
Validation loss: 0.26469
Epoch 74/100
Training loss: 0.07022
Validation loss: 0.27121
Epoch 75/100
Training loss: 0.07264
Validation loss: 0.25073
Epoch 76/100
Training loss: 0.06604
Validation loss: 0.27795
Epoch 77/100
Training loss: 0.07668
Validation loss: 0.26080
Epoch 78/100
Training loss: 0.07352
Validation loss: 0.24527
Epoch 79/100
Training loss: 0.06677
Validation loss: 0.26350
Epoch 80/100
Training loss: 0.07899
Validation loss: 0.25166
Epoch 81/100
Training loss: 0.07248
Validation loss: 0.26310
Epoch 82/100
Training loss: 0.06912
Validation loss: 0.25194
Epoch 83/100
Training loss: 0.06899
Validation loss: 0.26822
Epoch 84/100
Training loss: 0.06951
Validation loss: 0.24690
Epoch 85/100
Training loss: 0.06898
Validation loss: 0.25732
Epoch 86/100
Training loss: 0.06684
Validation loss: 0.29931
Epoch 87/100
Training loss: 0.06492
Validation loss: 0.28413
Epoch 88/100
Training loss: 0.06935
Validation loss: 0.21243
New best model saved at epoch 88 with loss 0.21243
Epoch 89/100
Training loss: 0.06110
Validation loss: 0.24688
Epoch 90/100
Training loss: 0.06372
Validation loss: 0.21998
Epoch 91/100
Training loss: 0.06351
Validation loss: 0.25402
Epoch 92/100
Training loss: 0.07122
Validation loss: 0.27433
Epoch 93/100
Training loss: 0.06441
Validation loss: 0.22590
Epoch 94/100
Training loss: 0.06303
Validation loss: 0.25379
Epoch 95/100
Training loss: 0.06017
Validation loss: 0.24632
Epoch 96/100
Training loss: 0.06238
Validation loss: 0.22865
Epoch 97/100
Training loss: 0.06352
Validation loss: 0.24579
Epoch 98/100
Training loss: 0.06580
Validation loss: 0.23638
Epoch 99/100
Training loss: 0.05833
Validation loss: 0.22883
Epoch 100/100
Training loss: 0.06302
Validation loss: 0.24574
Best model for fold 3 saved from epoch 88 with f1 0.21243
Final training loss: 0.06302
Final test loss: 0.24574
All fold val losses: [0.19412255590712582, 0.26736457701082583, 0.21242785122659472]
Average val loss: 0.22464
Fold 1
Model loaded successfully from ./pretrained_model/64_to_256_3layers.ckpt
device : cuda
Model not found at ./model/city_and_forest_wba_value_whole_features_8frames/piece_size_5_fix_False/fold_1/fly_model.ckpt
Epoch 1/100
Training loss: 17.38634
Validation loss: 2.66135
New best model saved at epoch 1 with loss 2.66135
First epoch took 18.99 seconds.
Estimated total program duration: 7.91 hours
Estimated program end time (KST): 2024/11/18 12:01:25
Epoch 2/100
Training loss: 0.90698
Validation loss: 2.09940
New best model saved at epoch 2 with loss 2.09940
Epoch 3/100
Training loss: 0.44740
Validation loss: 1.48909
New best model saved at epoch 3 with loss 1.48909
Epoch 4/100
Training loss: 0.33716
Validation loss: 1.36653
New best model saved at epoch 4 with loss 1.36653
Epoch 5/100
Training loss: 0.28424
Validation loss: 1.42799
Epoch 6/100
Training loss: 0.27075
Validation loss: 1.39483
Epoch 7/100
Training loss: 0.24900
Validation loss: 1.39305
Epoch 8/100
Training loss: 0.21444
Validation loss: 1.29227
New best model saved at epoch 8 with loss 1.29227
Epoch 9/100
Training loss: 0.21788
Validation loss: 1.26099
New best model saved at epoch 9 with loss 1.26099
Epoch 10/100
Training loss: 0.19233
Validation loss: 1.21452
New best model saved at epoch 10 with loss 1.21452
Epoch 11/100
Training loss: 0.19269
Validation loss: 1.18038
New best model saved at epoch 11 with loss 1.18038
Epoch 12/100
Training loss: 0.19576
Validation loss: 1.25189
Epoch 13/100
Training loss: 0.20078
Validation loss: 1.21199
Epoch 14/100
Training loss: 0.16813
Validation loss: 1.17851
New best model saved at epoch 14 with loss 1.17851
Epoch 15/100
Training loss: 0.17406
Validation loss: 1.21767
Epoch 16/100
Training loss: 0.19702
Validation loss: 1.17801
New best model saved at epoch 16 with loss 1.17801
Epoch 17/100
Training loss: 0.18040
Validation loss: 1.10132
New best model saved at epoch 17 with loss 1.10132
Epoch 18/100
Training loss: 0.17441
Validation loss: 1.22132
Epoch 19/100
Training loss: 0.15035
Validation loss: 1.24066
Epoch 20/100
Training loss: 0.15215
Validation loss: 1.03883
New best model saved at epoch 20 with loss 1.03883
Epoch 21/100
Training loss: 0.14010
Validation loss: 1.25120
Epoch 22/100
Training loss: 0.14314
Validation loss: 1.12608
Epoch 23/100
Training loss: 0.14212
Validation loss: 1.09683
Epoch 24/100
Training loss: 0.15425
Validation loss: 1.19758
Epoch 25/100
Training loss: 0.14845
Validation loss: 1.28939
Epoch 26/100
Training loss: 0.12782
Validation loss: 1.15633
Epoch 27/100
Training loss: 0.12420
Validation loss: 1.07517
Epoch 28/100
Training loss: 0.12730
Validation loss: 1.18096
Epoch 29/100
Training loss: 0.13234
Validation loss: 1.10048
Epoch 30/100
Training loss: 0.12052
Validation loss: 1.27512
Epoch 31/100
Training loss: 0.11502
Validation loss: 1.16538
Epoch 32/100
Training loss: 0.11050
Validation loss: 1.13153
Epoch 33/100
Training loss: 0.11792
Validation loss: 1.08824
Epoch 34/100
Training loss: 0.11129
Validation loss: 1.10686
Epoch 35/100
Training loss: 0.10469
Validation loss: 1.11985
Epoch 36/100
Training loss: 0.10997
Validation loss: 1.11367
Epoch 37/100
Training loss: 0.10729
Validation loss: 1.15982
Epoch 38/100
Training loss: 0.10182
Validation loss: 1.18764
Epoch 39/100
Training loss: 0.09404
Validation loss: 1.23507
Epoch 40/100
Training loss: 0.10300
Validation loss: 1.15258
Epoch 41/100
Training loss: 0.09152
Validation loss: 1.15911
Epoch 42/100
Training loss: 0.10394
Validation loss: 1.14296
Epoch 43/100
Training loss: 0.09332
Validation loss: 1.15214
Epoch 44/100
Training loss: 0.10286
Validation loss: 1.17671
Epoch 45/100
Training loss: 0.08590
Validation loss: 1.12567
Epoch 46/100
Training loss: 0.08388
Validation loss: 1.12212
Epoch 47/100
Training loss: 0.09177
Validation loss: 1.22607
Epoch 48/100
Training loss: 0.09549
Validation loss: 1.17469
Epoch 49/100
Training loss: 0.08440
Validation loss: 1.18081
Epoch 50/100
Training loss: 0.07779
Validation loss: 1.21014
Epoch 51/100
Training loss: 0.09124
Validation loss: 1.21050
Epoch 52/100
Training loss: 0.09319
Validation loss: 1.15555
Epoch 53/100
Training loss: 0.08356
Validation loss: 1.07671
Epoch 54/100
Training loss: 0.08527
Validation loss: 1.12316
Epoch 55/100
Training loss: 0.07725
Validation loss: 1.14004
Epoch 56/100
Training loss: 0.06881
Validation loss: 1.13249
Epoch 57/100
Training loss: 0.08168
Validation loss: 1.15098
Epoch 58/100
Training loss: 0.07487
Validation loss: 1.20838
Epoch 59/100
Training loss: 0.07845
Validation loss: 1.12552
Epoch 60/100
Training loss: 0.07722
Validation loss: 1.11625
Epoch 61/100
Training loss: 0.07534
Validation loss: 1.13938
Epoch 62/100
Training loss: 0.07365
Validation loss: 1.11208
Epoch 63/100
Training loss: 0.07907
Validation loss: 1.14051
Epoch 64/100
Training loss: 0.07019
Validation loss: 1.18149
Epoch 65/100
Training loss: 0.07685
Validation loss: 1.21110
Epoch 66/100
Training loss: 0.07468
Validation loss: 1.14615
Epoch 67/100
Training loss: 0.07112
Validation loss: 1.13279
Epoch 68/100
Training loss: 0.08135
Validation loss: 1.17280
Epoch 69/100
Training loss: 0.07032
Validation loss: 1.17753
Epoch 70/100
Training loss: 0.06937
Validation loss: 1.20345
Epoch 71/100
Training loss: 0.07729
Validation loss: 1.10425
Epoch 72/100
Training loss: 0.06551
Validation loss: 1.14319
Epoch 73/100
Training loss: 0.06073
Validation loss: 1.16610
Epoch 74/100
Training loss: 0.06207
Validation loss: 1.20442
Epoch 75/100
Training loss: 0.06955
Validation loss: 1.20944
Epoch 76/100
Training loss: 0.06964
Validation loss: 1.14630
Epoch 77/100
Training loss: 0.06608
Validation loss: 1.23150
Epoch 78/100
Training loss: 0.06405
Validation loss: 1.17868
Epoch 79/100
Training loss: 0.06592
Validation loss: 1.21060
Epoch 80/100
Training loss: 0.06927
Validation loss: 1.14404
Epoch 81/100
Training loss: 0.06575
Validation loss: 1.20100
Epoch 82/100
Training loss: 0.06487
Validation loss: 1.16787
Epoch 83/100
Training loss: 0.07014
Validation loss: 1.23385
Epoch 84/100
Training loss: 0.07291
Validation loss: 1.17260
Epoch 85/100
Training loss: 0.06027
Validation loss: 1.23199
Epoch 86/100
Training loss: 0.06597
Validation loss: 1.39272
Epoch 87/100
Training loss: 0.06088
Validation loss: 1.21130
Epoch 88/100
Training loss: 0.06605
Validation loss: 1.13540
Epoch 89/100
Training loss: 0.06276
Validation loss: 1.15429
Epoch 90/100
Training loss: 0.06967
Validation loss: 1.19434
Epoch 91/100
Training loss: 0.06843
Validation loss: 1.17709
Epoch 92/100
Training loss: 0.06357
Validation loss: 1.18865
Epoch 93/100
Training loss: 0.06289
Validation loss: 1.15902
Epoch 94/100
Training loss: 0.06657
Validation loss: 1.12227
Epoch 95/100
Training loss: 0.06133
Validation loss: 1.13823
Epoch 96/100
Training loss: 0.06391
Validation loss: 1.09679
Epoch 97/100
Training loss: 0.06059
Validation loss: 1.11310
Epoch 98/100
Training loss: 0.06532
Validation loss: 1.16761
Epoch 99/100
Training loss: 0.06282
Validation loss: 1.16106
Epoch 100/100
Training loss: 0.06503
Validation loss: 1.19196
Best model for fold 1 saved from epoch 20 with f1 1.03883
Final training loss: 0.06503
Final test loss: 1.19196
Fold 2
Model loaded successfully from ./pretrained_model/64_to_256_3layers.ckpt
device : cuda
Model not found at ./model/city_and_forest_wba_value_whole_features_8frames/piece_size_5_fix_False/fold_2/fly_model.ckpt
Epoch 1/100
Training loss: 14.58888
Validation loss: 2.25576
New best model saved at epoch 1 with loss 2.25576
First epoch took 18.74 seconds.
Estimated total program duration: 7.81 hours
Estimated program end time (KST): 2024/11/18 12:26:38
Epoch 2/100
Training loss: 0.87102
Validation loss: 1.85112
New best model saved at epoch 2 with loss 1.85112
Epoch 3/100
Training loss: 0.45629
Validation loss: 1.76910
New best model saved at epoch 3 with loss 1.76910
Epoch 4/100
Training loss: 0.34485
Validation loss: 1.84912
Epoch 5/100
Training loss: 0.27974
Validation loss: 1.56928
New best model saved at epoch 5 with loss 1.56928
Epoch 6/100
Training loss: 0.24636
Validation loss: 1.83917
Epoch 7/100
Training loss: 0.22263
Validation loss: 1.55939
New best model saved at epoch 7 with loss 1.55939
Epoch 8/100
Training loss: 0.19997
Validation loss: 1.49428
New best model saved at epoch 8 with loss 1.49428
Epoch 9/100
Training loss: 0.21235
Validation loss: 1.48029
New best model saved at epoch 9 with loss 1.48029
Epoch 10/100
Training loss: 0.18675
Validation loss: 1.56363
Epoch 11/100
Training loss: 0.16976
Validation loss: 1.61327
Epoch 12/100
Training loss: 0.17289
Validation loss: 1.48059
Epoch 13/100
Training loss: 0.15435
Validation loss: 1.37907
New best model saved at epoch 13 with loss 1.37907
Epoch 14/100
Training loss: 0.17013
Validation loss: 1.60338
Epoch 15/100
Training loss: 0.16926
Validation loss: 1.37099
New best model saved at epoch 15 with loss 1.37099
Epoch 16/100
Training loss: 0.17202
Validation loss: 1.37139
Epoch 17/100
Training loss: 0.17056
Validation loss: 1.39747
Epoch 18/100
Training loss: 0.16270
Validation loss: 1.32756
New best model saved at epoch 18 with loss 1.32756
Epoch 19/100
Training loss: 0.14999
Validation loss: 1.31364
New best model saved at epoch 19 with loss 1.31364
Epoch 20/100
Training loss: 0.13155
Validation loss: 1.33029
Epoch 21/100
Training loss: 0.14618
Validation loss: 1.41348
Epoch 22/100
Training loss: 0.13531
Validation loss: 1.30074
New best model saved at epoch 22 with loss 1.30074
Epoch 23/100
Training loss: 0.12668
Validation loss: 1.41993
Epoch 24/100
Training loss: 0.12932
Validation loss: 1.40986
Epoch 25/100
Training loss: 0.13149
Validation loss: 1.39585
Epoch 26/100
Training loss: 0.11386
Validation loss: 1.37966
Epoch 27/100
Training loss: 0.11235
Validation loss: 1.29924
New best model saved at epoch 27 with loss 1.29924
Epoch 28/100
Training loss: 0.13822
Validation loss: 1.17068
New best model saved at epoch 28 with loss 1.17068
Epoch 29/100
Training loss: 0.10921
Validation loss: 1.22424
Epoch 30/100
Training loss: 0.11066
Validation loss: 1.29157
Epoch 31/100
Training loss: 0.09896
Validation loss: 1.17602
Epoch 32/100
Training loss: 0.11209
Validation loss: 1.29746
Epoch 33/100
Training loss: 0.10858
Validation loss: 1.33542
Epoch 34/100
Training loss: 0.10982
Validation loss: 1.22426
Epoch 35/100
Training loss: 0.09588
Validation loss: 1.14980
New best model saved at epoch 35 with loss 1.14980
Epoch 36/100
Training loss: 0.09919
Validation loss: 1.21635
Epoch 37/100
Training loss: 0.09936
Validation loss: 1.26938
Epoch 38/100
Training loss: 0.10050
Validation loss: 1.15629
Epoch 39/100
Training loss: 0.09631
Validation loss: 1.15874
Epoch 40/100
Training loss: 0.09558
Validation loss: 1.28064
Epoch 41/100
Training loss: 0.08738
Validation loss: 1.24074
Epoch 42/100
Training loss: 0.09728
Validation loss: 1.20297
Epoch 43/100
Training loss: 0.09204
Validation loss: 1.13181
New best model saved at epoch 43 with loss 1.13181
Epoch 44/100
Training loss: 0.08535
Validation loss: 1.24758
Epoch 45/100
Training loss: 0.08173
Validation loss: 1.19560
Epoch 46/100
Training loss: 0.07619
Validation loss: 1.15113
Epoch 47/100
Training loss: 0.09389
Validation loss: 1.07998
New best model saved at epoch 47 with loss 1.07998
Epoch 48/100
Training loss: 0.08715
Validation loss: 1.16982
Epoch 49/100
Training loss: 0.08570
Validation loss: 1.24564
Epoch 50/100
Training loss: 0.08056
Validation loss: 1.18992
Epoch 51/100
Training loss: 0.07930
Validation loss: 1.20201
Epoch 52/100
Training loss: 0.07240
Validation loss: 1.28906
Epoch 53/100
Training loss: 0.07872
Validation loss: 1.09496
Epoch 54/100
Training loss: 0.07632
Validation loss: 1.21790
Epoch 55/100
Training loss: 0.07906
Validation loss: 1.11805
Epoch 56/100
Training loss: 0.07943
Validation loss: 1.02744
New best model saved at epoch 56 with loss 1.02744
Epoch 57/100
Training loss: 0.07064
Validation loss: 1.15644
Epoch 58/100
Training loss: 0.07755
Validation loss: 1.12117
Epoch 59/100
Training loss: 0.08495
Validation loss: 1.11801
Epoch 60/100
Training loss: 0.06677
Validation loss: 1.19437
Epoch 61/100
Training loss: 0.07009
Validation loss: 1.22314
Epoch 62/100
Training loss: 0.06764
Validation loss: 1.21169
Epoch 63/100
Training loss: 0.06162
Validation loss: 1.15196
Epoch 64/100
Training loss: 0.07380
Validation loss: 1.18620
Epoch 65/100
Training loss: 0.07612
Validation loss: 1.15787
Epoch 66/100
Training loss: 0.06806
Validation loss: 1.12541
Epoch 67/100
Training loss: 0.06391
Validation loss: 1.07361
Epoch 68/100
Training loss: 0.06602
Validation loss: 1.14187
Epoch 69/100
Training loss: 0.06755
Validation loss: 1.18811
Epoch 70/100
Training loss: 0.07326
Validation loss: 1.19461
Epoch 71/100
Training loss: 0.06223
Validation loss: 1.13667
Epoch 72/100
Training loss: 0.06428
Validation loss: 1.21649
Epoch 73/100
Training loss: 0.06637
Validation loss: 1.18277
Epoch 74/100
Training loss: 0.06192
Validation loss: 1.20782
Epoch 75/100
Training loss: 0.06555
Validation loss: 1.23385
Epoch 76/100
Training loss: 0.06221
Validation loss: 1.13156
Epoch 77/100
Training loss: 0.06096
Validation loss: 1.09903
Epoch 78/100
Training loss: 0.06273
Validation loss: 1.20512
Epoch 79/100
Training loss: 0.06102
Validation loss: 1.19709
Epoch 80/100
Training loss: 0.06179
Validation loss: 1.07699
Epoch 81/100
Training loss: 0.06070
Validation loss: 1.12213
Epoch 82/100
Training loss: 0.06453
Validation loss: 1.16013
Epoch 83/100
Training loss: 0.06464
Validation loss: 1.16169
Epoch 84/100
Training loss: 0.06153
Validation loss: 1.14909
Epoch 85/100
Training loss: 0.06006
Validation loss: 1.20480
Epoch 86/100
Training loss: 0.05937
Validation loss: 1.22426
Epoch 87/100
Training loss: 0.06060
Validation loss: 1.11275
Epoch 88/100
Training loss: 0.05818
Validation loss: 1.21406
Epoch 89/100
Training loss: 0.05975
Validation loss: 1.14225
Epoch 90/100
Training loss: 0.05704
Validation loss: 1.00552
New best model saved at epoch 90 with loss 1.00552
Epoch 91/100
Training loss: 0.06384
Validation loss: 1.09832
Epoch 92/100
Training loss: 0.05469
Validation loss: 1.16024
Epoch 93/100
Training loss: 0.05939
Validation loss: 1.06235
Epoch 94/100
Training loss: 0.05617
Validation loss: 1.21967
Epoch 95/100
Training loss: 0.05851
Validation loss: 1.16559
Epoch 96/100
Training loss: 0.05852
Validation loss: 1.10775
Epoch 97/100
Training loss: 0.05823
Validation loss: 1.17725
Epoch 98/100
Training loss: 0.05888
Validation loss: 1.15848
Epoch 99/100
Training loss: 0.05541
Validation loss: 1.11103
Epoch 100/100
Training loss: 0.05318
Validation loss: 1.13846
Best model for fold 2 saved from epoch 90 with f1 1.00552
Final training loss: 0.05318
Final test loss: 1.13846
Fold 3
Model loaded successfully from ./pretrained_model/64_to_256_3layers.ckpt
device : cuda
Model not found at ./model/city_and_forest_wba_value_whole_features_8frames/piece_size_5_fix_False/fold_3/fly_model.ckpt
Epoch 1/100
Training loss: 15.92235
Validation loss: 2.30254
New best model saved at epoch 1 with loss 2.30254
First epoch took 18.94 seconds.
Estimated total program duration: 7.89 hours
Estimated program end time (KST): 2024/11/18 13:03:16
Epoch 2/100
Training loss: 0.97129
Validation loss: 1.45813
New best model saved at epoch 2 with loss 1.45813
Epoch 3/100
Training loss: 0.46524
Validation loss: 1.59952
Epoch 4/100
Training loss: 0.31808
Validation loss: 1.31978
New best model saved at epoch 4 with loss 1.31978
Epoch 5/100
Training loss: 0.27700
Validation loss: 1.36758
Epoch 6/100
Training loss: 0.23366
Validation loss: 1.32621
Epoch 7/100
Training loss: 0.21436
Validation loss: 1.32092
Epoch 8/100
Training loss: 0.17677
Validation loss: 1.16506
New best model saved at epoch 8 with loss 1.16506
Epoch 9/100
Training loss: 0.19702
Validation loss: 1.22030
Epoch 10/100
Training loss: 0.17158
Validation loss: 1.37146
Epoch 11/100
Training loss: 0.16604
Validation loss: 1.19519
Epoch 12/100
Training loss: 0.14856
Validation loss: 1.28571
Epoch 13/100
Training loss: 0.14601
Validation loss: 1.25669
Epoch 14/100
Training loss: 0.14434
Validation loss: 1.37262
Epoch 15/100
Training loss: 0.14342
Validation loss: 1.25878
Epoch 16/100
Training loss: 0.13535
Validation loss: 1.20570
Epoch 17/100
Training loss: 0.13573
Validation loss: 1.18766
Epoch 18/100
Training loss: 0.13331
Validation loss: 1.17598
Epoch 19/100
Training loss: 0.14005
Validation loss: 1.26945
Epoch 20/100
Training loss: 0.14207
Validation loss: 1.30314
Epoch 21/100
Training loss: 0.12492
Validation loss: 1.22709
Epoch 22/100
Training loss: 0.12002
Validation loss: 1.21297
Epoch 23/100
Training loss: 0.11741
Validation loss: 1.26413
Epoch 24/100
Training loss: 0.11026
Validation loss: 1.25954
Epoch 25/100
Training loss: 0.11130
Validation loss: 1.09672
New best model saved at epoch 25 with loss 1.09672
Epoch 26/100
Training loss: 0.12324
Validation loss: 1.14892
Epoch 27/100
Training loss: 0.11461
Validation loss: 1.02233
New best model saved at epoch 27 with loss 1.02233
Epoch 28/100
Training loss: 0.10725
Validation loss: 1.17705
Epoch 29/100
Training loss: 0.10569
Validation loss: 1.11887
Epoch 30/100
Training loss: 0.09836
Validation loss: 1.02588
Epoch 31/100
Training loss: 0.09953
Validation loss: 1.11696
Epoch 32/100
Training loss: 0.09835
Validation loss: 1.20302
Epoch 33/100
Training loss: 0.09926
Validation loss: 1.07069
Epoch 34/100
Training loss: 0.09139
Validation loss: 1.09842
Epoch 35/100
Training loss: 0.07972
Validation loss: 1.08599
Epoch 36/100
Training loss: 0.08886
Validation loss: 1.07507
Epoch 37/100
Training loss: 0.08774
Validation loss: 1.14510
Epoch 38/100
Training loss: 0.08679
Validation loss: 1.06690
Epoch 39/100
Training loss: 0.09553
Validation loss: 1.15625
Epoch 40/100
Training loss: 0.08045
Validation loss: 1.15666
Epoch 41/100
Training loss: 0.08144
Validation loss: 1.07593
Epoch 42/100
Training loss: 0.08661
Validation loss: 1.11646
Epoch 43/100
Training loss: 0.09156
Validation loss: 1.17403
Epoch 44/100
Training loss: 0.08305
Validation loss: 1.11236
Epoch 45/100
Training loss: 0.07553
Validation loss: 1.08100
Epoch 46/100
Training loss: 0.08020
Validation loss: 1.02058
New best model saved at epoch 46 with loss 1.02058
Epoch 47/100
Training loss: 0.08082
Validation loss: 1.02080
Epoch 48/100
Training loss: 0.07951
Validation loss: 1.10810
Epoch 49/100
Training loss: 0.07473
Validation loss: 1.04919
Epoch 50/100
Training loss: 0.07504
Validation loss: 1.10195
Epoch 51/100
Training loss: 0.06995
Validation loss: 1.17007
Epoch 52/100
Training loss: 0.08204
Validation loss: 1.04474
Epoch 53/100
Training loss: 0.07572
Validation loss: 1.08575
Epoch 54/100
Training loss: 0.07598
Validation loss: 1.07429
Epoch 55/100
Training loss: 0.06781
Validation loss: 1.05132
Epoch 56/100
Training loss: 0.06581
Validation loss: 1.09887
Epoch 57/100
Training loss: 0.06962
Validation loss: 1.07535
Epoch 58/100
Training loss: 0.06813
Validation loss: 1.09363
Epoch 59/100
Training loss: 0.07074
Validation loss: 1.13391
Epoch 60/100
Training loss: 0.07540
Validation loss: 1.10056
Epoch 61/100
Training loss: 0.06662
Validation loss: 1.02406
Epoch 62/100
Training loss: 0.07020
Validation loss: 1.05875
Epoch 63/100
Training loss: 0.07115
Validation loss: 1.05899
Epoch 64/100
Training loss: 0.06536
Validation loss: 1.08876
Epoch 65/100
Training loss: 0.06886
Validation loss: 1.10321
Epoch 66/100
Training loss: 0.06800
Validation loss: 1.17159
Epoch 67/100
Training loss: 0.06600
Validation loss: 1.06644
Epoch 68/100
Training loss: 0.06426
Validation loss: 0.99519
New best model saved at epoch 68 with loss 0.99519
Epoch 69/100
Training loss: 0.06397
Validation loss: 1.04417
Epoch 70/100
Training loss: 0.06506
Validation loss: 1.12776
Epoch 71/100
Training loss: 0.06208
Validation loss: 1.03472
Epoch 72/100
Training loss: 0.06568
Validation loss: 1.07117
Epoch 73/100
Training loss: 0.06511
Validation loss: 1.02640
Epoch 74/100
Training loss: 0.06167
Validation loss: 1.08502
Epoch 75/100
Training loss: 0.06448
Validation loss: 1.12419
Epoch 76/100
Training loss: 0.05699
Validation loss: 1.03216
Epoch 77/100
Training loss: 0.05869
Validation loss: 1.01499
Epoch 78/100
Training loss: 0.06233
Validation loss: 1.08654
Epoch 79/100
Training loss: 0.06106
Validation loss: 1.08062
Epoch 80/100
Training loss: 0.07148
Validation loss: 1.07319
Epoch 81/100
Training loss: 0.06448
Validation loss: 1.08172
Epoch 82/100
Training loss: 0.06384
Validation loss: 1.02186
Epoch 83/100
Training loss: 0.05958
Validation loss: 1.02453
Epoch 84/100
Training loss: 0.05848
Validation loss: 1.08049
Epoch 85/100
Training loss: 0.05894
Validation loss: 1.07305
Epoch 86/100
Training loss: 0.05575
Validation loss: 0.99122
New best model saved at epoch 86 with loss 0.99122
Epoch 87/100
Training loss: 0.05891
Validation loss: 1.25836
Epoch 88/100
Training loss: 0.06353
Validation loss: 1.13959
Epoch 89/100
Training loss: 0.05690
Validation loss: 1.03904
Epoch 90/100
Training loss: 0.05552
Validation loss: 1.06484
Epoch 91/100
Training loss: 0.05701
Validation loss: 1.05055
Epoch 92/100
Training loss: 0.05424
Validation loss: 1.06805
Epoch 93/100
Training loss: 0.05226
Validation loss: 1.06321
Epoch 94/100
Training loss: 0.05611
Validation loss: 1.06817
Epoch 95/100
Training loss: 0.06067
Validation loss: 1.13645
Epoch 96/100
Training loss: 0.05668
Validation loss: 1.07784
Epoch 97/100
Training loss: 0.05789
Validation loss: 1.13893
Epoch 98/100
Training loss: 0.05453
Validation loss: 1.14626
Epoch 99/100
Training loss: 0.04913
Validation loss: 1.07306
Epoch 100/100
Training loss: 0.04917
Validation loss: 1.06024
Best model for fold 3 saved from epoch 86 with f1 0.99122
Final training loss: 0.04917
Final test loss: 1.06024
All fold val losses: [1.0388291065509503, 1.005515763965937, 0.9912166824707618]
Average val loss: 1.01185
Fold 1
Model loaded successfully from ./pretrained_model/64_to_256_3layers.ckpt
device : cuda
Model not found at ./model/city_and_forest_wba_value_whole_features_8frames/piece_size_10_fix_False/fold_1/fly_model.ckpt
Epoch 1/100
Training loss: 8.43884
Validation loss: 2.76979
New best model saved at epoch 1 with loss 2.76979
First epoch took 18.75 seconds.
Estimated total program duration: 7.81 hours
Estimated program end time (KST): 2024/11/18 13:30:03
Epoch 2/100
Training loss: 0.74338
Validation loss: 1.97044
New best model saved at epoch 2 with loss 1.97044
Epoch 3/100
Training loss: 0.38236
Validation loss: 1.76865
New best model saved at epoch 3 with loss 1.76865
Epoch 4/100
Training loss: 0.30138
Validation loss: 1.79296
Epoch 5/100
Training loss: 0.26552
Validation loss: 1.51012
New best model saved at epoch 5 with loss 1.51012
Epoch 6/100
Training loss: 0.22520
Validation loss: 1.62173
Epoch 7/100
Training loss: 0.20519
Validation loss: 1.44884
New best model saved at epoch 7 with loss 1.44884
Epoch 8/100
Training loss: 0.20954
Validation loss: 1.60459
Epoch 9/100
Training loss: 0.18460
Validation loss: 1.47605
Epoch 10/100
Training loss: 0.17605
Validation loss: 1.69996
Epoch 11/100
Training loss: 0.17790
Validation loss: 1.42222
New best model saved at epoch 11 with loss 1.42222
Epoch 12/100
Training loss: 0.16170
Validation loss: 1.58617
Epoch 13/100
Training loss: 0.16000
Validation loss: 1.42954
Epoch 14/100
Training loss: 0.16886
Validation loss: 1.52352
Epoch 15/100
Training loss: 0.16559
Validation loss: 1.59044
Epoch 16/100
Training loss: 0.14199
Validation loss: 1.58438
Epoch 17/100
Training loss: 0.14028
Validation loss: 1.55412
Epoch 18/100
Training loss: 0.13942
Validation loss: 1.53802
Epoch 19/100
Training loss: 0.14385
Validation loss: 1.46355
Epoch 20/100
Training loss: 0.14578
Validation loss: 1.51630
Epoch 21/100
Training loss: 0.12321
Validation loss: 1.57040
Epoch 22/100
Training loss: 0.12917
Validation loss: 1.58920
Epoch 23/100
Training loss: 0.12914
Validation loss: 1.53078
Epoch 24/100
Training loss: 0.12086
Validation loss: 1.51050
Epoch 25/100
Training loss: 0.11134
Validation loss: 1.47693
Epoch 26/100
Training loss: 0.12280
Validation loss: 1.55316
Epoch 27/100
Training loss: 0.12021
Validation loss: 1.46886
Epoch 28/100
Training loss: 0.10841
Validation loss: 1.47846
Epoch 29/100
Training loss: 0.10426
Validation loss: 1.62540
Epoch 30/100
Training loss: 0.10088
Validation loss: 1.65618
Epoch 31/100
Training loss: 0.10370
Validation loss: 1.63553
Epoch 32/100
Training loss: 0.10038
Validation loss: 1.36553
New best model saved at epoch 32 with loss 1.36553
Epoch 33/100
Training loss: 0.10300
Validation loss: 1.51132
Epoch 34/100
Training loss: 0.09672
Validation loss: 1.48292
Epoch 35/100
Training loss: 0.09369
Validation loss: 1.43910
Epoch 36/100
Training loss: 0.09918
Validation loss: 1.45102
Epoch 37/100
Training loss: 0.09392
Validation loss: 1.41325
Epoch 38/100
Training loss: 0.09591
Validation loss: 1.43702
Epoch 39/100
Training loss: 0.10684
Validation loss: 1.55301
Epoch 40/100
Training loss: 0.08312
Validation loss: 1.36678
Epoch 41/100
Training loss: 0.08759
Validation loss: 1.57150
Epoch 42/100
Training loss: 0.08048
Validation loss: 1.46685
Epoch 43/100
Training loss: 0.09259
Validation loss: 1.61698
Epoch 44/100
Training loss: 0.08383
Validation loss: 1.44000
Epoch 45/100
Training loss: 0.08086
Validation loss: 1.50084
Epoch 46/100
Training loss: 0.08315
Validation loss: 1.48895
Epoch 47/100
Training loss: 0.06964
Validation loss: 1.41903
Epoch 48/100
Training loss: 0.08350
Validation loss: 1.49244
Epoch 49/100
Training loss: 0.08070
Validation loss: 1.51619
Epoch 50/100
Training loss: 0.07524
Validation loss: 1.53479
Epoch 51/100
Training loss: 0.07382
Validation loss: 1.60204
Epoch 52/100
Training loss: 0.08299
Validation loss: 1.42817
Epoch 53/100
Training loss: 0.07714
Validation loss: 1.46219
Epoch 54/100
Training loss: 0.08055
Validation loss: 1.57338
Epoch 55/100
Training loss: 0.07088
Validation loss: 1.53408
Epoch 56/100
Training loss: 0.06726
Validation loss: 1.49033
Epoch 57/100
Training loss: 0.07043
Validation loss: 1.53684
Epoch 58/100
Training loss: 0.06838
Validation loss: 1.47147
Epoch 59/100
Training loss: 0.07774
Validation loss: 1.53495
Epoch 60/100
Training loss: 0.06874
Validation loss: 1.48710
Epoch 61/100
Training loss: 0.07119
Validation loss: 1.52224
Epoch 62/100
Training loss: 0.06764
Validation loss: 1.43235
Epoch 63/100
Training loss: 0.06649
Validation loss: 1.48051
Epoch 64/100
Training loss: 0.06728
Validation loss: 1.55783
Epoch 65/100
Training loss: 0.06997
Validation loss: 1.47664
Epoch 66/100
Training loss: 0.06872
Validation loss: 1.55586
Epoch 67/100
Training loss: 0.06737
Validation loss: 1.54874
Epoch 68/100
Training loss: 0.06905
Validation loss: 1.53824
Epoch 69/100
Training loss: 0.06614
Validation loss: 1.61854
Epoch 70/100
Training loss: 0.06618
Validation loss: 1.48519
Epoch 71/100
Training loss: 0.06069
Validation loss: 1.52303
Epoch 72/100
Training loss: 0.07151
Validation loss: 1.52386
Epoch 73/100
Training loss: 0.06019
Validation loss: 1.55891
Epoch 74/100
Training loss: 0.06422
Validation loss: 1.60961
Epoch 75/100
Training loss: 0.06111
Validation loss: 1.54863
Epoch 76/100
Training loss: 0.05665
Validation loss: 1.48516
Epoch 77/100
Training loss: 0.06471
Validation loss: 1.61833
Epoch 78/100
Training loss: 0.06742
Validation loss: 1.48612
Epoch 79/100
Training loss: 0.05981
Validation loss: 1.55552
Epoch 80/100
Training loss: 0.06661
Validation loss: 1.52220
Epoch 81/100
Training loss: 0.06340
Validation loss: 1.53528
Epoch 82/100
Training loss: 0.05977
Validation loss: 1.55717
Epoch 83/100
Training loss: 0.06420
Validation loss: 1.47004
Epoch 84/100
Training loss: 0.06368
Validation loss: 1.50868
Epoch 85/100
Training loss: 0.05694
Validation loss: 1.54624
Epoch 86/100
Training loss: 0.06451
Validation loss: 1.46550
Epoch 87/100
Training loss: 0.06160
Validation loss: 1.48115
Epoch 88/100
Training loss: 0.05925
Validation loss: 1.48080
Epoch 89/100
Training loss: 0.06018
Validation loss: 1.42065
Epoch 90/100
Training loss: 0.05974
Validation loss: 1.44691
Epoch 91/100
Training loss: 0.06182
Validation loss: 1.52034
Epoch 92/100
Training loss: 0.06327
Validation loss: 1.56357
Epoch 93/100
Training loss: 0.05709
Validation loss: 1.58662
Epoch 94/100
Training loss: 0.05541
Validation loss: 1.56649
Epoch 95/100
Training loss: 0.05814
Validation loss: 1.44940
Epoch 96/100
Training loss: 0.05490
Validation loss: 1.52841
Epoch 97/100
Training loss: 0.06001
Validation loss: 1.59015
Epoch 98/100
Training loss: 0.05745
Validation loss: 1.49502
Epoch 99/100
Training loss: 0.05226
Validation loss: 1.45423
Epoch 100/100
Training loss: 0.05655
Validation loss: 1.47229
Best model for fold 1 saved from epoch 32 with f1 1.36553
Final training loss: 0.05655
Final test loss: 1.47229
Fold 2
Model loaded successfully from ./pretrained_model/64_to_256_3layers.ckpt
device : cuda
Model not found at ./model/city_and_forest_wba_value_whole_features_8frames/piece_size_10_fix_False/fold_2/fly_model.ckpt
Epoch 1/100
Training loss: 15.34944
Validation loss: 2.99841
New best model saved at epoch 1 with loss 2.99841
First epoch took 18.91 seconds.
Estimated total program duration: 7.88 hours
Estimated program end time (KST): 2024/11/18 14:05:37
Epoch 2/100
Training loss: 0.90819
Validation loss: 2.36354
New best model saved at epoch 2 with loss 2.36354
Epoch 3/100
Training loss: 0.47611
Validation loss: 2.13408
New best model saved at epoch 3 with loss 2.13408
Epoch 4/100
Training loss: 0.31321
Validation loss: 2.06750
New best model saved at epoch 4 with loss 2.06750
Epoch 5/100
Training loss: 0.26789
Validation loss: 1.91573
New best model saved at epoch 5 with loss 1.91573
Epoch 6/100
Training loss: 0.23185
Validation loss: 1.73589
New best model saved at epoch 6 with loss 1.73589
Epoch 7/100
Training loss: 0.21508
Validation loss: 1.84555
Epoch 8/100
Training loss: 0.19652
Validation loss: 1.94955
Epoch 9/100
Training loss: 0.20553
Validation loss: 1.75580
Epoch 10/100
Training loss: 0.18602
Validation loss: 1.73394
New best model saved at epoch 10 with loss 1.73394
Epoch 11/100
Training loss: 0.17883
Validation loss: 1.62008
New best model saved at epoch 11 with loss 1.62008
Epoch 12/100
Training loss: 0.16425
Validation loss: 1.63341
Epoch 13/100
Training loss: 0.18167
Validation loss: 1.83877
Epoch 14/100
Training loss: 0.16354
Validation loss: 1.98369
Epoch 15/100
Training loss: 0.15907
Validation loss: 1.80620
Epoch 16/100
Training loss: 0.14912
Validation loss: 1.87982
Epoch 17/100
Training loss: 0.14953
Validation loss: 1.81382
Epoch 18/100
Training loss: 0.15151
Validation loss: 2.03606
Epoch 19/100
Training loss: 0.14082
Validation loss: 1.78316
Epoch 20/100
Training loss: 0.13847
Validation loss: 1.87674
Epoch 21/100
Training loss: 0.13797
Validation loss: 1.95555
Epoch 22/100
Training loss: 0.13290
Validation loss: 1.99630
Epoch 23/100
Training loss: 0.12685
Validation loss: 1.83060
Epoch 24/100
Training loss: 0.13230
Validation loss: 1.69657
Epoch 25/100
Training loss: 0.13039
Validation loss: 1.81009
Epoch 26/100
Training loss: 0.11670
Validation loss: 1.70892
Epoch 27/100
Training loss: 0.12341
Validation loss: 1.81244
Epoch 28/100
Training loss: 0.11511
Validation loss: 1.83307
Epoch 29/100
Training loss: 0.11101
Validation loss: 1.86914
Epoch 30/100
Training loss: 0.11280
Validation loss: 2.15846
Epoch 31/100
Training loss: 0.11494
Validation loss: 1.89090
Epoch 32/100
Training loss: 0.11348
Validation loss: 1.83271
Epoch 33/100
Training loss: 0.10846
Validation loss: 1.78751
Epoch 34/100
Training loss: 0.10613
Validation loss: 1.70510
Epoch 35/100
Training loss: 0.11040
Validation loss: 1.67758
Epoch 36/100
Training loss: 0.09981
Validation loss: 1.93570
Epoch 37/100
Training loss: 0.10514
Validation loss: 1.81357
Epoch 38/100
Training loss: 0.10601
Validation loss: 1.83218
Epoch 39/100
Training loss: 0.09271
Validation loss: 1.90453
Epoch 40/100
Training loss: 0.08755
Validation loss: 1.69293
Epoch 41/100
Training loss: 0.08595
Validation loss: 1.83864
Epoch 42/100
Training loss: 0.09093
Validation loss: 1.70241
Epoch 43/100
Training loss: 0.09265
Validation loss: 1.72265
Epoch 44/100
Training loss: 0.08566
Validation loss: 1.74877
Epoch 45/100
Training loss: 0.08003
Validation loss: 1.72600
Epoch 46/100
Training loss: 0.09367
Validation loss: 1.89985
Epoch 47/100
Training loss: 0.09094
Validation loss: 1.81220
Epoch 48/100
Training loss: 0.08314
Validation loss: 1.74945
Epoch 49/100
Training loss: 0.08480
Validation loss: 1.64077
Epoch 50/100
Training loss: 0.08662
Validation loss: 1.72731
Epoch 51/100
Training loss: 0.07696
Validation loss: 1.73898
Epoch 52/100
Training loss: 0.07318
Validation loss: 1.71669
Epoch 53/100
Training loss: 0.07473
Validation loss: 1.74346
Epoch 54/100
Training loss: 0.08059
Validation loss: 1.76817
Epoch 55/100
Training loss: 0.07828
Validation loss: 1.79526
Epoch 56/100
Training loss: 0.08290
Validation loss: 1.95408
Epoch 57/100
Training loss: 0.07541
Validation loss: 1.75967
Epoch 58/100
Training loss: 0.06918
Validation loss: 1.67538
Epoch 59/100
Training loss: 0.07142
Validation loss: 1.93077
Epoch 60/100
Training loss: 0.07491
Validation loss: 1.68546
Epoch 61/100
Training loss: 0.07476
Validation loss: 1.80938
Epoch 62/100
Training loss: 0.07005
Validation loss: 1.72930
Epoch 63/100
Training loss: 0.07182
Validation loss: 1.71881
Epoch 64/100
Training loss: 0.08024
Validation loss: 1.78315
Epoch 65/100
Training loss: 0.07860
Validation loss: 1.77725
Epoch 66/100
Training loss: 0.07619
Validation loss: 1.72584
Epoch 67/100
Training loss: 0.06628
Validation loss: 1.77963
Epoch 68/100
Training loss: 0.06934
Validation loss: 1.67496
Epoch 69/100
Training loss: 0.06840
Validation loss: 1.79432
Epoch 70/100
Training loss: 0.07122
Validation loss: 1.75506
Epoch 71/100
Training loss: 0.06648
Validation loss: 1.82105
Epoch 72/100
Training loss: 0.06622
Validation loss: 1.87612
Epoch 73/100
Training loss: 0.07290
Validation loss: 1.80050
Epoch 74/100
Training loss: 0.06701
Validation loss: 1.68896
Epoch 75/100
Training loss: 0.06479
Validation loss: 1.74143
Epoch 76/100
Training loss: 0.06875
Validation loss: 1.88446
Epoch 77/100
Training loss: 0.06635
Validation loss: 1.83365
Epoch 78/100
Training loss: 0.07042
Validation loss: 1.67801
Epoch 79/100
Training loss: 0.07010
Validation loss: 1.72018
Epoch 80/100
Training loss: 0.07210
Validation loss: 1.96294
Epoch 81/100
Training loss: 0.06846
Validation loss: 1.74391
Epoch 82/100
Training loss: 0.06087
Validation loss: 1.63301
Epoch 83/100
Training loss: 0.05993
Validation loss: 1.77932
Epoch 84/100
Training loss: 0.06798
Validation loss: 1.77995
Epoch 85/100
Training loss: 0.06601
Validation loss: 1.71501
Epoch 86/100
Training loss: 0.06440
Validation loss: 1.82176
Epoch 87/100
Training loss: 0.06394
Validation loss: 1.80805
Epoch 88/100
Training loss: 0.05674
Validation loss: 1.72609
Epoch 89/100
Training loss: 0.06790
Validation loss: 1.86764
Epoch 90/100
Training loss: 0.06791
Validation loss: 1.80438
Epoch 91/100
Training loss: 0.07004
Validation loss: 1.76184
Epoch 92/100
Training loss: 0.05705
Validation loss: 1.65560
Epoch 93/100
Training loss: 0.06338
Validation loss: 1.64661
Epoch 94/100
Training loss: 0.05992
Validation loss: 1.71383
Epoch 95/100
Training loss: 0.05530
Validation loss: 1.73304
Epoch 96/100
Training loss: 0.06750
Validation loss: 1.77988
Epoch 97/100
Training loss: 0.05838
Validation loss: 1.69990
Epoch 98/100
Training loss: 0.05913
Validation loss: 1.74448
Epoch 99/100
Training loss: 0.06152
Validation loss: 1.69478
Epoch 100/100
Training loss: 0.05624
Validation loss: 1.69788
Best model for fold 2 saved from epoch 11 with f1 1.62008
Final training loss: 0.05624
Final test loss: 1.69788
Fold 3
Model loaded successfully from ./pretrained_model/64_to_256_3layers.ckpt
device : cuda
Model not found at ./model/city_and_forest_wba_value_whole_features_8frames/piece_size_10_fix_False/fold_3/fly_model.ckpt
Epoch 1/100
Training loss: 16.05140
Validation loss: 2.53896
New best model saved at epoch 1 with loss 2.53896
First epoch took 18.79 seconds.
Estimated total program duration: 7.83 hours
Estimated program end time (KST): 2024/11/18 14:34:09
Epoch 2/100
Training loss: 0.95210
Validation loss: 2.26410
New best model saved at epoch 2 with loss 2.26410
Epoch 3/100
Training loss: 0.49967
Validation loss: 1.75758
New best model saved at epoch 3 with loss 1.75758
Epoch 4/100
Training loss: 0.38124
Validation loss: 1.56214
New best model saved at epoch 4 with loss 1.56214
Epoch 5/100
Training loss: 0.30743
Validation loss: 1.62848
Epoch 6/100
Training loss: 0.27047
Validation loss: 1.28628
New best model saved at epoch 6 with loss 1.28628
Epoch 7/100
Training loss: 0.27017
Validation loss: 1.35396
Epoch 8/100
Training loss: 0.22974
Validation loss: 1.44250
Epoch 9/100
Training loss: 0.22480
Validation loss: 1.41189
Epoch 10/100
Training loss: 0.20749
Validation loss: 1.29478
Epoch 11/100
Training loss: 0.19871
Validation loss: 1.24961
New best model saved at epoch 11 with loss 1.24961
Epoch 12/100
Training loss: 0.19672
Validation loss: 1.36239
Epoch 13/100
Training loss: 0.20254
Validation loss: 1.07519
New best model saved at epoch 13 with loss 1.07519
Epoch 14/100
Training loss: 0.18318
Validation loss: 1.41483
Epoch 15/100
Training loss: 0.18119
Validation loss: 1.19376
Epoch 16/100
Training loss: 0.16886
Validation loss: 1.24075
Epoch 17/100
Training loss: 0.17257
Validation loss: 1.12385
Epoch 18/100
Training loss: 0.16623
Validation loss: 1.21410
Epoch 19/100
Training loss: 0.17930
Validation loss: 1.09713
Epoch 20/100
Training loss: 0.16534
Validation loss: 0.99113
New best model saved at epoch 20 with loss 0.99113
Epoch 21/100
Training loss: 0.15910
Validation loss: 1.13737
Epoch 22/100
Training loss: 0.15166
Validation loss: 1.09892
Epoch 23/100
Training loss: 0.14334
Validation loss: 0.98655
New best model saved at epoch 23 with loss 0.98655
Epoch 24/100
Training loss: 0.16602
Validation loss: 1.13654
Epoch 25/100
Training loss: 0.15061
Validation loss: 1.05270
Epoch 26/100
Training loss: 0.13033
Validation loss: 1.07006
Epoch 27/100
Training loss: 0.13080
Validation loss: 0.95976
New best model saved at epoch 27 with loss 0.95976
Epoch 28/100
Training loss: 0.11797
Validation loss: 1.02210
Epoch 29/100
Training loss: 0.12466
Validation loss: 1.11000
Epoch 30/100
Training loss: 0.13015
Validation loss: 1.16927
Epoch 31/100
Training loss: 0.11994
Validation loss: 1.00156
Epoch 32/100
Training loss: 0.11584
Validation loss: 1.07082
Epoch 33/100
Training loss: 0.12919
Validation loss: 0.99341
Epoch 34/100
Training loss: 0.12551
Validation loss: 1.02186
Epoch 35/100
Training loss: 0.11268
Validation loss: 1.03668
Epoch 36/100
Training loss: 0.11746
Validation loss: 1.01874
Epoch 37/100
Training loss: 0.11669
Validation loss: 0.88860
New best model saved at epoch 37 with loss 0.88860
Epoch 38/100
Training loss: 0.10654
Validation loss: 1.05896
Epoch 39/100
Training loss: 0.10135
Validation loss: 0.93610
Epoch 40/100
Training loss: 0.09890
Validation loss: 0.90268
Epoch 41/100
Training loss: 0.10143
Validation loss: 0.93282
Epoch 42/100
Training loss: 0.10319
Validation loss: 0.93185
Epoch 43/100
Training loss: 0.09418
Validation loss: 1.03043
Epoch 44/100
Training loss: 0.10004
Validation loss: 0.97231
Epoch 45/100
Training loss: 0.09746
Validation loss: 0.99394
Epoch 46/100
Training loss: 0.08898
Validation loss: 0.92962
Epoch 47/100
Training loss: 0.09332
Validation loss: 0.97271
Epoch 48/100
Training loss: 0.09764
Validation loss: 0.95538
Epoch 49/100
Training loss: 0.09619
Validation loss: 0.84713
New best model saved at epoch 49 with loss 0.84713
Epoch 50/100
Training loss: 0.08322
Validation loss: 0.98754
Epoch 51/100
Training loss: 0.09947
Validation loss: 0.97418
Epoch 52/100
Training loss: 0.08365
Validation loss: 0.99595
Epoch 53/100
Training loss: 0.09224
Validation loss: 0.99142
Epoch 54/100
Training loss: 0.08674
Validation loss: 0.89083
Epoch 55/100
Training loss: 0.08635
Validation loss: 0.87385
Epoch 56/100
Training loss: 0.08288
Validation loss: 0.95887
Epoch 57/100
Training loss: 0.08356
Validation loss: 0.91413
Epoch 58/100
Training loss: 0.08249
Validation loss: 0.99068
Epoch 59/100
Training loss: 0.08643
Validation loss: 0.92586
Epoch 60/100
Training loss: 0.08645
Validation loss: 0.93014
Epoch 61/100
Training loss: 0.08498
Validation loss: 0.91072
Epoch 62/100
Training loss: 0.07377
Validation loss: 0.98552
Epoch 63/100
Training loss: 0.07880
Validation loss: 0.88142
Epoch 64/100
Training loss: 0.07816
Validation loss: 0.97765
Epoch 65/100
Training loss: 0.07827
Validation loss: 0.98636
Epoch 66/100
Training loss: 0.07645
Validation loss: 0.98660
Epoch 67/100
Training loss: 0.07471
Validation loss: 1.01652
Epoch 68/100
Training loss: 0.07227
Validation loss: 0.98489
Epoch 69/100
Training loss: 0.07538
Validation loss: 0.92399
Epoch 70/100
Training loss: 0.07504
Validation loss: 0.95707
Epoch 71/100
Training loss: 0.06637
Validation loss: 0.94657
Epoch 72/100
Training loss: 0.07639
Validation loss: 0.89242
Epoch 73/100
Training loss: 0.07401
Validation loss: 1.02558
Epoch 74/100
Training loss: 0.07190
Validation loss: 0.98503
Epoch 75/100
Training loss: 0.07422
Validation loss: 0.90723
Epoch 76/100
Training loss: 0.07126
Validation loss: 0.95815
Epoch 77/100
Training loss: 0.07255
Validation loss: 0.92604
Epoch 78/100
Training loss: 0.07144
Validation loss: 1.02695
Epoch 79/100
Training loss: 0.07948
Validation loss: 0.97613
Epoch 80/100
Training loss: 0.07176
Validation loss: 0.97691
Epoch 81/100
Training loss: 0.07579
Validation loss: 0.94191
Epoch 82/100
Training loss: 0.06330
Validation loss: 0.96973
Epoch 83/100
Training loss: 0.07497
Validation loss: 1.02497
Epoch 84/100
Training loss: 0.06202
Validation loss: 0.98809
Epoch 85/100
Training loss: 0.06589
Validation loss: 1.03207
Epoch 86/100
Training loss: 0.06784
Validation loss: 0.94075
Epoch 87/100
Training loss: 0.07185
Validation loss: 1.03233
Epoch 88/100
Training loss: 0.06598
Validation loss: 0.89594
Epoch 89/100
Training loss: 0.07181
Validation loss: 0.92572
Epoch 90/100
Training loss: 0.06876
Validation loss: 0.86328
Epoch 91/100
Training loss: 0.06736
Validation loss: 0.95032
Epoch 92/100
Training loss: 0.06264
Validation loss: 0.96150
Epoch 93/100
Training loss: 0.06483
Validation loss: 0.95298
Epoch 94/100
Training loss: 0.06156
Validation loss: 0.97779
Epoch 95/100
Training loss: 0.06558
Validation loss: 0.99625
Epoch 96/100
Training loss: 0.06544
Validation loss: 1.02424
Epoch 97/100
Training loss: 0.06104
Validation loss: 1.07431
Epoch 98/100
Training loss: 0.06463
Validation loss: 0.91403
Epoch 99/100
Training loss: 0.06553
Validation loss: 0.89403
Epoch 100/100
Training loss: 0.06196
Validation loss: 1.03357
Best model for fold 3 saved from epoch 49 with f1 0.84713
Final training loss: 0.06196
Final test loss: 1.03357
All fold val losses: [1.365533661383849, 1.6200798681149116, 0.8471285099020371]
Average val loss: 1.27758
Fold 1
Model loaded successfully from ./pretrained_model/64_to_256_3layers.ckpt
device : cuda
Model not found at ./model/city_and_forest_wba_value_whole_features_8frames/piece_size_20_fix_False/fold_1/fly_model.ckpt
Epoch 1/100
Training loss: 10.16316
Validation loss: 2.26084
New best model saved at epoch 1 with loss 2.26084
First epoch took 19.50 seconds.
Estimated total program duration: 8.12 hours
Estimated program end time (KST): 2024/11/18 15:23:28
Epoch 2/100
Training loss: 0.91296
Validation loss: 1.96352
New best model saved at epoch 2 with loss 1.96352
Epoch 3/100
Training loss: 0.47882
Validation loss: 1.68382
New best model saved at epoch 3 with loss 1.68382
Epoch 4/100
Training loss: 0.37280
Validation loss: 1.54342
New best model saved at epoch 4 with loss 1.54342
Epoch 5/100
Training loss: 0.29816
Validation loss: 1.37633
New best model saved at epoch 5 with loss 1.37633
Epoch 6/100
Training loss: 0.25007
Validation loss: 1.46906
Epoch 7/100
Training loss: 0.25514
Validation loss: 1.35612
New best model saved at epoch 7 with loss 1.35612
Epoch 8/100
Training loss: 0.21392
Validation loss: 1.43430
Epoch 9/100
Training loss: 0.20917
Validation loss: 1.51402
Epoch 10/100
Training loss: 0.22070
Validation loss: 1.15364
New best model saved at epoch 10 with loss 1.15364
Epoch 11/100
Training loss: 0.19512
Validation loss: 1.38980
Epoch 12/100
Training loss: 0.18899
Validation loss: 1.39759
Epoch 13/100
Training loss: 0.17395
Validation loss: 1.47800
Epoch 14/100
Training loss: 0.18510
Validation loss: 1.43211
Epoch 15/100
Training loss: 0.18342
Validation loss: 1.31039
Epoch 16/100
Training loss: 0.16821
Validation loss: 1.58824
Epoch 17/100
Training loss: 0.15784
Validation loss: 1.16611
Epoch 18/100
Training loss: 0.15996
Validation loss: 1.26183
Epoch 19/100
Training loss: 0.14265
Validation loss: 1.68037
Epoch 20/100
Training loss: 0.15775
Validation loss: 1.27174
Epoch 21/100
Training loss: 0.13410
Validation loss: 1.19719
Epoch 22/100
Training loss: 0.16994
Validation loss: 1.30106
Epoch 23/100
Training loss: 0.13168
Validation loss: 1.15026
New best model saved at epoch 23 with loss 1.15026
Epoch 24/100
Training loss: 0.13020
Validation loss: 1.25551
Epoch 25/100
Training loss: 0.12119
Validation loss: 1.00765
New best model saved at epoch 25 with loss 1.00765
Epoch 26/100
Training loss: 0.12966
Validation loss: 1.25744
Epoch 27/100
Training loss: 0.13097
Validation loss: 1.18578
Epoch 28/100
Training loss: 0.12143
Validation loss: 1.31201
Epoch 29/100
Training loss: 0.11723
Validation loss: 1.16657
Epoch 30/100
Training loss: 0.11610
Validation loss: 1.14686
Epoch 31/100
Training loss: 0.10608
Validation loss: 1.14160
Epoch 32/100
Training loss: 0.11961
Validation loss: 1.20210
Epoch 33/100
Training loss: 0.11616
Validation loss: 1.24196
Epoch 34/100
Training loss: 0.10820
Validation loss: 1.20000
Epoch 35/100
Training loss: 0.11306
Validation loss: 1.18077
Epoch 36/100
Training loss: 0.11280
Validation loss: 1.27241
Epoch 37/100
Training loss: 0.11382
Validation loss: 1.44585
Epoch 38/100
Training loss: 0.10899
Validation loss: 1.21173
Epoch 39/100
Training loss: 0.09359
Validation loss: 1.31479
Epoch 40/100
Training loss: 0.10599
Validation loss: 1.23686
Epoch 41/100
Training loss: 0.09562
Validation loss: 1.15476
Epoch 42/100
Training loss: 0.09666
Validation loss: 1.17830
Epoch 43/100
Training loss: 0.10043
Validation loss: 1.20630
Epoch 44/100
Training loss: 0.09564
Validation loss: 1.29628
Epoch 45/100
Training loss: 0.09528
Validation loss: 1.31418
Epoch 46/100
Training loss: 0.09575
Validation loss: 1.27899
Epoch 47/100
Training loss: 0.09510
Validation loss: 1.27256
Epoch 48/100
Training loss: 0.08527
Validation loss: 1.10663
Epoch 49/100
Training loss: 0.08980
Validation loss: 1.14383
Epoch 50/100
Training loss: 0.08840
Validation loss: 1.14414
Epoch 51/100
Training loss: 0.08692
Validation loss: 1.27095
Epoch 52/100
Training loss: 0.08466
Validation loss: 1.24485
Epoch 53/100
Training loss: 0.08364
Validation loss: 1.07798
Epoch 54/100
Training loss: 0.08386
Validation loss: 1.04658
Epoch 55/100
Training loss: 0.08785
Validation loss: 1.13909
Epoch 56/100
Training loss: 0.08217
Validation loss: 1.10300
Epoch 57/100
Training loss: 0.08142
Validation loss: 1.35885
Epoch 58/100
Training loss: 0.07318
Validation loss: 1.29405
Epoch 59/100
Training loss: 0.07295
Validation loss: 1.14666
Epoch 60/100
Training loss: 0.08826
Validation loss: 1.21311
Epoch 61/100
Training loss: 0.08275
Validation loss: 1.30786
Epoch 62/100
Training loss: 0.07974
Validation loss: 1.17165
Epoch 63/100
Training loss: 0.07410
Validation loss: 1.19645
Epoch 64/100
Training loss: 0.08406
Validation loss: 1.21137
Epoch 65/100
Training loss: 0.07805
Validation loss: 1.23391
Epoch 66/100
Training loss: 0.08244
Validation loss: 1.39483
Epoch 67/100
Training loss: 0.07941
Validation loss: 1.22508
Epoch 68/100
Training loss: 0.08026
Validation loss: 1.14717
Epoch 69/100
Training loss: 0.07029
Validation loss: 1.17576
Epoch 70/100
Training loss: 0.08200
Validation loss: 1.33064
Epoch 71/100
Training loss: 0.07814
Validation loss: 1.17605
Epoch 72/100
Training loss: 0.06345
Validation loss: 1.25951
Epoch 73/100
Training loss: 0.06985
Validation loss: 1.05416
Epoch 74/100
Training loss: 0.07607
Validation loss: 1.32592
Epoch 75/100
Training loss: 0.07142
Validation loss: 1.11037
Epoch 76/100
Training loss: 0.07988
Validation loss: 1.29146
Epoch 77/100
Training loss: 0.07252
Validation loss: 1.07733
Epoch 78/100
Training loss: 0.07686
Validation loss: 1.17494
Epoch 79/100
Training loss: 0.06859
Validation loss: 1.07297
Epoch 80/100
Training loss: 0.06820
Validation loss: 1.24769
Epoch 81/100
Training loss: 0.06976
Validation loss: 1.23874
Epoch 82/100
Training loss: 0.06850
Validation loss: 1.18396
Epoch 83/100
Training loss: 0.06541
Validation loss: 1.16670
Epoch 84/100
Training loss: 0.07592
Validation loss: 1.12700
Epoch 85/100
Training loss: 0.07647
Validation loss: 1.25489
Epoch 86/100
Training loss: 0.06707
Validation loss: 1.16549
Epoch 87/100
Training loss: 0.08894
Validation loss: 1.15986
Epoch 88/100
Training loss: 0.06824
Validation loss: 1.34989
Epoch 89/100
Training loss: 0.06768
Validation loss: 1.19132
Epoch 90/100
Training loss: 0.06601
Validation loss: 1.30361
Epoch 91/100
Training loss: 0.06535
Validation loss: 1.15900
Epoch 92/100
Training loss: 0.06204
Validation loss: 1.06922
Epoch 93/100
Training loss: 0.07035
Validation loss: 1.21615
Epoch 94/100
Training loss: 0.06856
Validation loss: 1.58260
Epoch 95/100
Training loss: 0.06822
Validation loss: 1.15141
Epoch 96/100
Training loss: 0.06147
Validation loss: 1.25642
Epoch 97/100
Training loss: 0.06915
Validation loss: 1.10915
Epoch 98/100
Training loss: 0.06528
Validation loss: 1.03242
Epoch 99/100
Training loss: 0.06228
Validation loss: 1.27584
Epoch 100/100
Training loss: 0.06291
Validation loss: 1.27031
Best model for fold 1 saved from epoch 25 with f1 1.00765
Final training loss: 0.06291
Final test loss: 1.27031
Fold 2
Model loaded successfully from ./pretrained_model/64_to_256_3layers.ckpt
device : cuda
Model not found at ./model/city_and_forest_wba_value_whole_features_8frames/piece_size_20_fix_False/fold_2/fly_model.ckpt
Epoch 1/100
Training loss: 7.47571
Validation loss: 2.34067
New best model saved at epoch 1 with loss 2.34067
First epoch took 19.43 seconds.
Estimated total program duration: 8.10 hours
Estimated program end time (KST): 2024/11/18 15:54:19
Epoch 2/100
Training loss: 0.70985
Validation loss: 1.99628
New best model saved at epoch 2 with loss 1.99628
Epoch 3/100
Training loss: 0.36317
Validation loss: 1.96274
New best model saved at epoch 3 with loss 1.96274
Epoch 4/100
Training loss: 0.29380
Validation loss: 1.75891
New best model saved at epoch 4 with loss 1.75891
Epoch 5/100
Training loss: 0.25860
Validation loss: 1.77880
Epoch 6/100
Training loss: 0.25647
Validation loss: 1.51350
New best model saved at epoch 6 with loss 1.51350
Epoch 7/100
Training loss: 0.21381
Validation loss: 1.61078
Epoch 8/100
Training loss: 0.21403
Validation loss: 1.63657
Epoch 9/100
Training loss: 0.19418
Validation loss: 1.49929
New best model saved at epoch 9 with loss 1.49929
Epoch 10/100
Training loss: 0.17868
Validation loss: 1.28911
New best model saved at epoch 10 with loss 1.28911
Epoch 11/100
Training loss: 0.17533
Validation loss: 1.46509
Epoch 12/100
Training loss: 0.18129
Validation loss: 1.30885
Epoch 13/100
Training loss: 0.16484
Validation loss: 1.24641
New best model saved at epoch 13 with loss 1.24641
Epoch 14/100
Training loss: 0.18494
Validation loss: 1.23480
New best model saved at epoch 14 with loss 1.23480
Epoch 15/100
Training loss: 0.14902
Validation loss: 1.17432
New best model saved at epoch 15 with loss 1.17432
Epoch 16/100
Training loss: 0.13670
Validation loss: 1.39569
Epoch 17/100
Training loss: 0.15786
Validation loss: 1.34348
Epoch 18/100
Training loss: 0.14484
Validation loss: 1.26771
Epoch 19/100
Training loss: 0.13884
Validation loss: 1.28566
Epoch 20/100
Training loss: 0.15115
Validation loss: 1.32360
Epoch 21/100
Training loss: 0.13042
Validation loss: 1.18896
Epoch 22/100
Training loss: 0.13250
Validation loss: 1.10446
New best model saved at epoch 22 with loss 1.10446
Epoch 23/100
Training loss: 0.12879
Validation loss: 1.19841
Epoch 24/100
Training loss: 0.12007
Validation loss: 1.15006
Epoch 25/100
Training loss: 0.13110
Validation loss: 1.32620
Epoch 26/100
Training loss: 0.12582
Validation loss: 1.26248
Epoch 27/100
Training loss: 0.11019
Validation loss: 1.19359
Epoch 28/100
Training loss: 0.11194
Validation loss: 1.21454
Epoch 29/100
Training loss: 0.11251
Validation loss: 1.16887
Epoch 30/100
Training loss: 0.10730
Validation loss: 1.22745
Epoch 31/100
Training loss: 0.10860
Validation loss: 1.25600
Epoch 32/100
Training loss: 0.10898
Validation loss: 1.08936
New best model saved at epoch 32 with loss 1.08936
Epoch 33/100
Training loss: 0.10823
Validation loss: 1.14423
Epoch 34/100
Training loss: 0.10011
Validation loss: 1.19822
Epoch 35/100
Training loss: 0.09971
Validation loss: 1.13419
Epoch 36/100
Training loss: 0.09293
Validation loss: 1.23072
Epoch 37/100
Training loss: 0.09280
Validation loss: 1.08954
Epoch 38/100
Training loss: 0.09345
Validation loss: 1.10825
Epoch 39/100
Training loss: 0.09870
Validation loss: 1.19248
Epoch 40/100
Training loss: 0.08511
Validation loss: 1.23392
Epoch 41/100
Training loss: 0.08652
Validation loss: 1.28485
Epoch 42/100
Training loss: 0.09617
Validation loss: 1.19901
Epoch 43/100
Training loss: 0.09450
Validation loss: 1.17521
Epoch 44/100
Training loss: 0.08487
Validation loss: 1.23029
Epoch 45/100
Training loss: 0.09387
Validation loss: 1.25362
Epoch 46/100
Training loss: 0.08675
Validation loss: 1.18450
Epoch 47/100
Training loss: 0.09361
Validation loss: 1.06535
New best model saved at epoch 47 with loss 1.06535
Epoch 48/100
Training loss: 0.09752
Validation loss: 1.19367
Epoch 49/100
Training loss: 0.08272
Validation loss: 1.18955
Epoch 50/100
Training loss: 0.08154
Validation loss: 1.16561
Epoch 51/100
Training loss: 0.08141
Validation loss: 1.19500
Epoch 52/100
Training loss: 0.08893
Validation loss: 1.09974
Epoch 53/100
Training loss: 0.07735
Validation loss: 1.17824
Epoch 54/100
Training loss: 0.07980
Validation loss: 1.16135
Epoch 55/100
Training loss: 0.07780
Validation loss: 1.13788
Epoch 56/100
Training loss: 0.07684
Validation loss: 1.10662
Epoch 57/100
Training loss: 0.07474
Validation loss: 1.14241
Epoch 58/100
Training loss: 0.07908
Validation loss: 1.09830
Epoch 59/100
Training loss: 0.07427
Validation loss: 1.10200
Epoch 60/100
Training loss: 0.07197
Validation loss: 1.14229
Epoch 61/100
Training loss: 0.08462
Validation loss: 1.16986
Epoch 62/100
Training loss: 0.07823
Validation loss: 1.15315
Epoch 63/100
Training loss: 0.07793
Validation loss: 1.17632
Epoch 64/100
Training loss: 0.07533
Validation loss: 1.10675
Epoch 65/100
Training loss: 0.08303
Validation loss: 1.15547
Epoch 66/100
Training loss: 0.07503
Validation loss: 1.09385
Epoch 67/100
Training loss: 0.06946
Validation loss: 1.03737
New best model saved at epoch 67 with loss 1.03737
Epoch 68/100
Training loss: 0.07250
Validation loss: 1.08341
Epoch 69/100
Training loss: 0.07013
Validation loss: 1.10696
Epoch 70/100
Training loss: 0.07047
Validation loss: 1.15460
Epoch 71/100
Training loss: 0.07729
Validation loss: 1.08017
Epoch 72/100
Training loss: 0.07971
Validation loss: 1.11609
Epoch 73/100
Training loss: 0.06660
Validation loss: 1.14183
Epoch 74/100
Training loss: 0.06379
Validation loss: 1.16404
Epoch 75/100
Training loss: 0.07223
Validation loss: 1.07211
Epoch 76/100
Training loss: 0.06638
Validation loss: 1.08661
Epoch 77/100
Training loss: 0.07335
Validation loss: 1.18344
Epoch 78/100
Training loss: 0.06651
Validation loss: 1.06502
Epoch 79/100
Training loss: 0.06686
Validation loss: 1.09079
Epoch 80/100
Training loss: 0.06948
Validation loss: 1.06041
Epoch 81/100
Training loss: 0.06957
Validation loss: 1.04934
Epoch 82/100
Training loss: 0.06595
Validation loss: 1.11534
Epoch 83/100
Training loss: 0.06433
Validation loss: 1.10545
Epoch 84/100
Training loss: 0.06669
Validation loss: 1.00639
New best model saved at epoch 84 with loss 1.00639
Epoch 85/100
Training loss: 0.06582
Validation loss: 1.07952
Epoch 86/100
Training loss: 0.05870
Validation loss: 1.06339
Epoch 87/100
Training loss: 0.07149
Validation loss: 1.11432
Epoch 88/100
Training loss: 0.06419
Validation loss: 1.05912
Epoch 89/100
Training loss: 0.06038
Validation loss: 1.08567
Epoch 90/100
Training loss: 0.06810
Validation loss: 1.09322
Epoch 91/100
Training loss: 0.07004
Validation loss: 1.15143
Epoch 92/100
Training loss: 0.06157
Validation loss: 1.08271
Epoch 93/100
Training loss: 0.06600
Validation loss: 1.04381
Epoch 94/100
Training loss: 0.06697
Validation loss: 1.14842
Epoch 95/100
Training loss: 0.06158
Validation loss: 0.99544
New best model saved at epoch 95 with loss 0.99544
Epoch 96/100
Training loss: 0.05931
Validation loss: 1.02776
Epoch 97/100
Training loss: 0.06250
Validation loss: 1.10838
Epoch 98/100
Training loss: 0.06662
Validation loss: 1.09995
Epoch 99/100
Training loss: 0.06706
Validation loss: 1.00135
Epoch 100/100
Training loss: 0.06358
Validation loss: 1.03178
Best model for fold 2 saved from epoch 95 with f1 0.99544
Final training loss: 0.06358
Final test loss: 1.03178
Fold 3
Model loaded successfully from ./pretrained_model/64_to_256_3layers.ckpt
device : cuda
Model not found at ./model/city_and_forest_wba_value_whole_features_8frames/piece_size_20_fix_False/fold_3/fly_model.ckpt
Epoch 1/100
Training loss: 14.71532
Validation loss: 2.47317
New best model saved at epoch 1 with loss 2.47317
First epoch took 19.28 seconds.
Estimated total program duration: 8.04 hours
Estimated program end time (KST): 2024/11/18 16:23:04
Epoch 2/100
Training loss: 0.88303
Validation loss: 2.74445
Epoch 3/100
Training loss: 0.49473
Validation loss: 2.44275
New best model saved at epoch 3 with loss 2.44275
Epoch 4/100
Training loss: 0.32881
Validation loss: 2.28549
New best model saved at epoch 4 with loss 2.28549
Epoch 5/100
Training loss: 0.28172
Validation loss: 2.19951
New best model saved at epoch 5 with loss 2.19951
Epoch 6/100
Training loss: 0.26527
Validation loss: 2.42781
Epoch 7/100
Training loss: 0.23201
Validation loss: 2.32682
Epoch 8/100
Training loss: 0.20363
Validation loss: 2.09293
New best model saved at epoch 8 with loss 2.09293
Epoch 9/100
Training loss: 0.21478
Validation loss: 2.15819
Epoch 10/100
Training loss: 0.21338
Validation loss: 2.20804
Epoch 11/100
Training loss: 0.18175
Validation loss: 1.87170
New best model saved at epoch 11 with loss 1.87170
Epoch 12/100
Training loss: 0.18805
Validation loss: 2.02597
Epoch 13/100
Training loss: 0.16054
Validation loss: 2.07015
Epoch 14/100
Training loss: 0.17499
Validation loss: 1.99031
Epoch 15/100
Training loss: 0.16405
Validation loss: 2.08561
Epoch 16/100
Training loss: 0.15707
Validation loss: 2.13352
Epoch 17/100
Training loss: 0.14694
Validation loss: 2.09691
Epoch 18/100
Training loss: 0.13752
Validation loss: 2.03075
Epoch 19/100
Training loss: 0.14349
Validation loss: 1.98742
Epoch 20/100
Training loss: 0.13611
Validation loss: 2.01299
Epoch 21/100
Training loss: 0.11398
Validation loss: 1.95956
Epoch 22/100
Training loss: 0.13833
Validation loss: 2.04665
Epoch 23/100
Training loss: 0.12445
Validation loss: 2.01051
Epoch 24/100
Training loss: 0.13584
Validation loss: 2.01442
Epoch 25/100
Training loss: 0.11199
Validation loss: 2.03850
Epoch 26/100
Training loss: 0.11016
Validation loss: 2.01468
Epoch 27/100
Training loss: 0.10667
Validation loss: 2.09954
Epoch 28/100
Training loss: 0.11192
Validation loss: 2.04974
Epoch 29/100
Training loss: 0.10814
Validation loss: 1.99619
Epoch 30/100
Training loss: 0.09728
Validation loss: 2.00245
Epoch 31/100
Training loss: 0.10417
Validation loss: 2.16819
Epoch 32/100
Training loss: 0.10445
Validation loss: 2.05040
Epoch 33/100
Training loss: 0.09962
Validation loss: 2.16641
Epoch 34/100
Training loss: 0.09328
Validation loss: 2.12568
Epoch 35/100
Training loss: 0.09316
Validation loss: 2.13051
Epoch 36/100
Training loss: 0.08877
Validation loss: 2.17464
Epoch 37/100
Training loss: 0.08296
Validation loss: 2.06874
Epoch 38/100
Training loss: 0.09413
Validation loss: 2.13867
Epoch 39/100
Training loss: 0.08259
Validation loss: 2.21893
Epoch 40/100
Training loss: 0.07842
Validation loss: 2.14922
Epoch 41/100
Training loss: 0.08286
Validation loss: 2.05226
Epoch 42/100
Training loss: 0.08110
Validation loss: 2.25968
Epoch 43/100
Training loss: 0.08214
Validation loss: 2.08875
Epoch 44/100
Training loss: 0.09130
Validation loss: 2.27052
Epoch 45/100
Training loss: 0.08011
Validation loss: 2.13186
Epoch 46/100
Training loss: 0.08047
Validation loss: 2.27172
Epoch 47/100
Training loss: 0.07777
Validation loss: 2.07415
Epoch 48/100
Training loss: 0.08358
Validation loss: 2.11815
Epoch 49/100
Training loss: 0.07847
Validation loss: 2.16719
Epoch 50/100
Training loss: 0.07717
Validation loss: 2.07552
Epoch 51/100
Training loss: 0.07070
Validation loss: 2.03041
Epoch 52/100
Training loss: 0.07376
Validation loss: 2.14677
Epoch 53/100
Training loss: 0.07396
Validation loss: 2.30157
Epoch 54/100
Training loss: 0.07375
Validation loss: 2.07830
Epoch 55/100
Training loss: 0.07464
Validation loss: 2.06050
Epoch 56/100
Training loss: 0.06777
Validation loss: 2.13268
Epoch 57/100
Training loss: 0.06899
Validation loss: 2.17896
Epoch 58/100
Training loss: 0.07100
Validation loss: 2.15164
Epoch 59/100
Training loss: 0.07800
Validation loss: 2.10046
Epoch 60/100
Training loss: 0.07124
Validation loss: 2.12035
Epoch 61/100
Training loss: 0.07350
Validation loss: 2.13236
Epoch 62/100
Training loss: 0.06596
Validation loss: 2.26331
Epoch 63/100
Training loss: 0.06636
Validation loss: 2.05963
Epoch 64/100
Training loss: 0.06413
Validation loss: 2.02648
Epoch 65/100
Training loss: 0.06790
Validation loss: 2.16270
Epoch 66/100
Training loss: 0.07007
Validation loss: 2.07004
Epoch 67/100
Training loss: 0.06500
Validation loss: 2.19011
Epoch 68/100
Training loss: 0.06016
Validation loss: 2.25468
Epoch 69/100
Training loss: 0.06786
Validation loss: 2.20528
Epoch 70/100
Training loss: 0.06319
Validation loss: 2.17011
Epoch 71/100
Training loss: 0.06322
Validation loss: 2.07315
Epoch 72/100
Training loss: 0.05918
Validation loss: 2.16097
Epoch 73/100
Training loss: 0.06320
Validation loss: 2.24900
Epoch 74/100
Training loss: 0.05614
Validation loss: 2.18485
Epoch 75/100
Training loss: 0.05211
Validation loss: 2.23622
Epoch 76/100
Training loss: 0.05334
Validation loss: 1.96874
Epoch 77/100
Training loss: 0.05975
Validation loss: 2.13739
Epoch 78/100
Training loss: 0.05972
Validation loss: 2.19874
Epoch 79/100
Training loss: 0.05758
Validation loss: 2.24366
Epoch 80/100
Training loss: 0.05685
Validation loss: 2.17413
Epoch 81/100
Training loss: 0.06295
Validation loss: 2.21578
Epoch 82/100
Training loss: 0.05887
Validation loss: 2.12871
Epoch 83/100
Training loss: 0.05848
Validation loss: 2.29745
Epoch 84/100
Training loss: 0.05781
Validation loss: 2.17628
Epoch 85/100
Training loss: 0.05908
Validation loss: 2.20821
Epoch 86/100
Training loss: 0.05888
Validation loss: 2.10607
Epoch 87/100
Training loss: 0.06081
Validation loss: 2.14420
Epoch 88/100
Training loss: 0.05791
Validation loss: 2.13121
Epoch 89/100
Training loss: 0.05311
Validation loss: 2.29719
Epoch 90/100
Training loss: 0.05273
Validation loss: 2.18125
Epoch 91/100
Training loss: 0.05641
Validation loss: 2.29414
Epoch 92/100
Training loss: 0.05833
Validation loss: 2.18396
Epoch 93/100
Training loss: 0.05459
Validation loss: 2.32841
Epoch 94/100
Training loss: 0.05871
Validation loss: 2.31567
Epoch 95/100
Training loss: 0.05279
Validation loss: 2.14368
Epoch 96/100
Training loss: 0.05919
Validation loss: 2.15154
Epoch 97/100
Training loss: 0.05909
Validation loss: 2.20795
Epoch 98/100
Training loss: 0.05439
Validation loss: 2.18615
Epoch 99/100
Training loss: 0.05484
Validation loss: 2.23471
Epoch 100/100
Training loss: 0.05701
Validation loss: 2.25189
Best model for fold 3 saved from epoch 11 with f1 1.87170
Final training loss: 0.05701
Final test loss: 2.25189
All fold val losses: [1.0076532028615475, 0.9954413020362457, 1.8716950938105583]
Average val loss: 1.29160
Fold 1
Model loaded successfully from ./pretrained_model/64_to_256_3layers.ckpt
device : cuda
Model not found at ./model/city_and_forest_wba_value_whole_features_8frames/piece_size_40_fix_False/fold_1/fly_model.ckpt
Epoch 1/100
Training loss: 10.73681
Validation loss: 3.06800
New best model saved at epoch 1 with loss 3.06800
First epoch took 19.40 seconds.
Estimated total program duration: 8.08 hours
Estimated program end time (KST): 2024/11/18 16:58:22
Epoch 2/100
Training loss: 0.87111
Validation loss: 2.91677
New best model saved at epoch 2 with loss 2.91677
Epoch 3/100
Training loss: 0.39507
Validation loss: 2.14946
New best model saved at epoch 3 with loss 2.14946
Epoch 4/100
Training loss: 0.29822
Validation loss: 2.12804
New best model saved at epoch 4 with loss 2.12804
Epoch 5/100
Training loss: 0.24808
Validation loss: 2.20406
Epoch 6/100
Training loss: 0.23053
Validation loss: 2.04586
New best model saved at epoch 6 with loss 2.04586
Epoch 7/100
Training loss: 0.20920
Validation loss: 1.71719
New best model saved at epoch 7 with loss 1.71719
Epoch 8/100
Training loss: 0.19609
Validation loss: 2.35351
Epoch 9/100
Training loss: 0.18792
Validation loss: 1.85073
Epoch 10/100
Training loss: 0.17076
Validation loss: 1.82744
Epoch 11/100
Training loss: 0.18074
Validation loss: 1.77402
Epoch 12/100
Training loss: 0.17001
Validation loss: 1.89257
Epoch 13/100
Training loss: 0.13731
Validation loss: 1.81319
Epoch 14/100
Training loss: 0.15702
Validation loss: 2.07287
Epoch 15/100
Training loss: 0.14070
Validation loss: 1.80466
Epoch 16/100
Training loss: 0.14192
Validation loss: 1.91279
Epoch 17/100
Training loss: 0.13717
Validation loss: 2.03472
Epoch 18/100
Training loss: 0.14318
Validation loss: 1.87785
Epoch 19/100
Training loss: 0.13794
Validation loss: 1.93063
Epoch 20/100
Training loss: 0.13058
Validation loss: 2.07495
Epoch 21/100
Training loss: 0.12690
Validation loss: 1.89496
Epoch 22/100
Training loss: 0.12149
Validation loss: 1.79040
Epoch 23/100
Training loss: 0.12782
Validation loss: 1.81329
Epoch 24/100
Training loss: 0.12274
Validation loss: 1.90581
Epoch 25/100
Training loss: 0.10973
Validation loss: 1.69383
New best model saved at epoch 25 with loss 1.69383
Epoch 26/100
Training loss: 0.10534
Validation loss: 1.91512
Epoch 27/100
Training loss: 0.11158
Validation loss: 1.74661
Epoch 28/100
Training loss: 0.10911
Validation loss: 1.86850
Epoch 29/100
Training loss: 0.10102
Validation loss: 1.95665
Epoch 30/100
Training loss: 0.11095
Validation loss: 1.79209
Epoch 31/100
Training loss: 0.11634
Validation loss: 1.92946
Epoch 32/100
Training loss: 0.09945
Validation loss: 1.93467
Epoch 33/100
Training loss: 0.10304
Validation loss: 1.73162
Epoch 34/100
Training loss: 0.10074
Validation loss: 2.05625
Epoch 35/100
Training loss: 0.09992
Validation loss: 1.95777
Epoch 36/100
Training loss: 0.10085
Validation loss: 2.03562
Epoch 37/100
Training loss: 0.09449
Validation loss: 1.94878
Epoch 38/100
Training loss: 0.08505
Validation loss: 1.65530
New best model saved at epoch 38 with loss 1.65530
Epoch 39/100
Training loss: 0.08569
Validation loss: 1.77344
Epoch 40/100
Training loss: 0.09003
Validation loss: 1.79311
Epoch 41/100
Training loss: 0.09027
Validation loss: 1.83664
Epoch 42/100
Training loss: 0.09142
Validation loss: 1.95926
Epoch 43/100
Training loss: 0.07972
Validation loss: 1.87538
Epoch 44/100
Training loss: 0.08834
Validation loss: 1.88420
Epoch 45/100
Training loss: 0.08250
Validation loss: 1.84780
Epoch 46/100
Training loss: 0.08006
Validation loss: 1.92444
Epoch 47/100
Training loss: 0.07458
Validation loss: 1.96781
Epoch 48/100
Training loss: 0.08638
Validation loss: 1.91003
Epoch 49/100
Training loss: 0.07989
Validation loss: 1.95498
Epoch 50/100
Training loss: 0.07316
Validation loss: 1.76895
Epoch 51/100
Training loss: 0.07649
Validation loss: 1.89009
Epoch 52/100
Training loss: 0.07723
Validation loss: 1.96607
Epoch 53/100
Training loss: 0.07582
Validation loss: 1.89772
Epoch 54/100
Training loss: 0.08170
Validation loss: 1.79996
Epoch 55/100
Training loss: 0.06890
Validation loss: 1.88140
Epoch 56/100
Training loss: 0.06879
Validation loss: 1.91738
Epoch 57/100
Training loss: 0.07335
Validation loss: 1.93602
Epoch 58/100
Training loss: 0.07543
Validation loss: 1.93065
Epoch 59/100
Training loss: 0.07189
Validation loss: 1.84158
Epoch 60/100
Training loss: 0.06803
Validation loss: 1.82288
Epoch 61/100
Training loss: 0.06854
Validation loss: 2.02279
Epoch 62/100
Training loss: 0.07777
Validation loss: 1.84342
Epoch 63/100
Training loss: 0.07272
Validation loss: 1.91995
Epoch 64/100
Training loss: 0.07092
Validation loss: 1.93792
Epoch 65/100
Training loss: 0.06769
Validation loss: 1.73774
Epoch 66/100
Training loss: 0.06579
Validation loss: 1.71631
Epoch 67/100
Training loss: 0.06971
Validation loss: 2.05905
Epoch 68/100
Training loss: 0.06959
Validation loss: 1.92958
Epoch 69/100
Training loss: 0.06700
Validation loss: 1.82114
Epoch 70/100
Training loss: 0.06741
Validation loss: 2.04079
Epoch 71/100
Training loss: 0.06377
Validation loss: 1.91138
Epoch 72/100
Training loss: 0.06314
Validation loss: 2.02602
Epoch 73/100
Training loss: 0.06155
Validation loss: 1.92426
Epoch 74/100
Training loss: 0.06950
Validation loss: 1.92047
Epoch 75/100
Training loss: 0.06960
Validation loss: 1.85798
Epoch 76/100
Training loss: 0.06910
Validation loss: 1.84803
Epoch 77/100
Training loss: 0.06546
Validation loss: 1.94822
Epoch 78/100
Training loss: 0.06530
Validation loss: 1.99638
Epoch 79/100
Training loss: 0.05974
Validation loss: 1.72580
Epoch 80/100
Training loss: 0.05796
Validation loss: 1.87593
Epoch 81/100
Training loss: 0.07075
Validation loss: 1.81034
Epoch 82/100
Training loss: 0.05874
Validation loss: 1.88041
Epoch 83/100
Training loss: 0.06647
Validation loss: 1.95256
Epoch 84/100
Training loss: 0.05811
Validation loss: 1.87984
Epoch 85/100
Training loss: 0.05801
Validation loss: 1.85363
Epoch 86/100
Training loss: 0.05848
Validation loss: 1.93455
Epoch 87/100
Training loss: 0.07003
Validation loss: 1.91981
Epoch 88/100
Training loss: 0.06900
Validation loss: 1.90542
Epoch 89/100
Training loss: 0.05822
Validation loss: 1.97237
Epoch 90/100
Training loss: 0.05822
Validation loss: 1.97988
Epoch 91/100
Training loss: 0.06280
Validation loss: 1.94664
Epoch 92/100
Training loss: 0.06021
Validation loss: 1.88141
Epoch 93/100
Training loss: 0.06014
Validation loss: 2.00385
Epoch 94/100
Training loss: 0.06113
Validation loss: 1.98017
Epoch 95/100
Training loss: 0.06124
Validation loss: 2.05714
Epoch 96/100
Training loss: 0.06292
Validation loss: 1.85712
Epoch 97/100
Training loss: 0.05661
Validation loss: 1.94120
Epoch 98/100
Training loss: 0.05359
Validation loss: 1.90811
Epoch 99/100
Training loss: 0.06008
Validation loss: 1.85210
Epoch 100/100
Training loss: 0.05640
Validation loss: 1.95875
Best model for fold 1 saved from epoch 38 with f1 1.65530
Final training loss: 0.05640
Final test loss: 1.95875
Fold 2
Model loaded successfully from ./pretrained_model/64_to_256_3layers.ckpt
device : cuda
Model not found at ./model/city_and_forest_wba_value_whole_features_8frames/piece_size_40_fix_False/fold_2/fly_model.ckpt
Epoch 1/100
Training loss: 12.88075
Validation loss: 3.79924
New best model saved at epoch 1 with loss 3.79924
First epoch took 19.33 seconds.
Estimated total program duration: 8.05 hours
Estimated program end time (KST): 2024/11/18 17:28:56
Epoch 2/100
Training loss: 0.86603
Validation loss: 3.35909
New best model saved at epoch 2 with loss 3.35909
Epoch 3/100
Training loss: 0.43808
Validation loss: 2.75095
New best model saved at epoch 3 with loss 2.75095
Epoch 4/100
Training loss: 0.30840
Validation loss: 2.73949
New best model saved at epoch 4 with loss 2.73949
Epoch 5/100
Training loss: 0.25659
Validation loss: 3.00084
Epoch 6/100
Training loss: 0.21412
Validation loss: 2.88530
Epoch 7/100
Training loss: 0.19376
Validation loss: 2.59999
New best model saved at epoch 7 with loss 2.59999
Epoch 8/100
Training loss: 0.18044
Validation loss: 2.58888
New best model saved at epoch 8 with loss 2.58888
Epoch 9/100
Training loss: 0.15321
Validation loss: 2.56192
New best model saved at epoch 9 with loss 2.56192
Epoch 10/100
Training loss: 0.16909
Validation loss: 2.61737
Epoch 11/100
Training loss: 0.15482
Validation loss: 2.71038
Epoch 12/100
Training loss: 0.14197
Validation loss: 2.71006
Epoch 13/100
Training loss: 0.14059
Validation loss: 2.59359
Epoch 14/100
Training loss: 0.14050
Validation loss: 2.66581
Epoch 15/100
Training loss: 0.13782
Validation loss: 2.49995
New best model saved at epoch 15 with loss 2.49995
Epoch 16/100
Training loss: 0.13384
Validation loss: 2.57421
Epoch 17/100
Training loss: 0.12282
Validation loss: 2.57293
Epoch 18/100
Training loss: 0.12862
Validation loss: 2.72079
Epoch 19/100
Training loss: 0.11552
Validation loss: 2.59706
Epoch 20/100
Training loss: 0.11027
Validation loss: 2.76053
Epoch 21/100
Training loss: 0.12308
Validation loss: 2.60572
Epoch 22/100
Training loss: 0.10096
Validation loss: 2.95304
Epoch 23/100
Training loss: 0.10676
Validation loss: 2.51123
Epoch 24/100
Training loss: 0.12565
Validation loss: 2.76902
Epoch 25/100
Training loss: 0.09690
Validation loss: 2.57598
Epoch 26/100
Training loss: 0.09060
Validation loss: 2.69429
Epoch 27/100
Training loss: 0.10287
Validation loss: 2.64058
Epoch 28/100
Training loss: 0.09427
Validation loss: 2.66744
Epoch 29/100
Training loss: 0.08759
Validation loss: 2.65057
Epoch 30/100
Training loss: 0.08772
Validation loss: 2.56950
Epoch 31/100
Training loss: 0.08600
Validation loss: 2.77086
Epoch 32/100
Training loss: 0.08808
Validation loss: 2.66829
Epoch 33/100
Training loss: 0.08454
Validation loss: 2.81368
Epoch 34/100
Training loss: 0.07454
Validation loss: 2.70652
Epoch 35/100
Training loss: 0.07942
Validation loss: 2.87133
Epoch 36/100
Training loss: 0.08619
Validation loss: 2.80772
Epoch 37/100
Training loss: 0.08133
Validation loss: 2.61008
Epoch 38/100
Training loss: 0.07268
Validation loss: 2.79288
Epoch 39/100
Training loss: 0.07134
Validation loss: 2.57088
Epoch 40/100
Training loss: 0.07045
Validation loss: 2.77107
Epoch 41/100
Training loss: 0.07373
Validation loss: 2.77310
Epoch 42/100
Training loss: 0.07088
Validation loss: 2.82770
Epoch 43/100
Training loss: 0.07234
Validation loss: 2.69034
Epoch 44/100
Training loss: 0.07650
Validation loss: 2.85421
Epoch 45/100
Training loss: 0.07448
Validation loss: 2.69833
Epoch 46/100
Training loss: 0.07262
Validation loss: 2.75677
Epoch 47/100
Training loss: 0.07533
Validation loss: 2.86446
Epoch 48/100
Training loss: 0.06393
Validation loss: 2.67860
Epoch 49/100
Training loss: 0.06144
Validation loss: 2.74776
Epoch 50/100
Training loss: 0.06491
Validation loss: 2.61788
Epoch 51/100
Training loss: 0.06904
Validation loss: 2.83856
Epoch 52/100
Training loss: 0.06354
Validation loss: 2.60965
Epoch 53/100
Training loss: 0.05853
Validation loss: 2.62885
Epoch 54/100
Training loss: 0.05372
Validation loss: 2.61133
Epoch 55/100
Training loss: 0.05803
Validation loss: 2.61645
Epoch 56/100
Training loss: 0.06118
Validation loss: 2.73079
Epoch 57/100
Training loss: 0.06110
Validation loss: 2.67344
Epoch 58/100
Training loss: 0.05870
Validation loss: 2.66773
Epoch 59/100
Training loss: 0.05777
Validation loss: 2.68697
Epoch 60/100
Training loss: 0.05334
Validation loss: 2.66027
Epoch 61/100
Training loss: 0.05648
Validation loss: 2.68771
Epoch 62/100
Training loss: 0.05746
Validation loss: 2.62144
Epoch 63/100
Training loss: 0.05371
Validation loss: 2.83190
Epoch 64/100
Training loss: 0.05797
Validation loss: 2.68860
Epoch 65/100
Training loss: 0.05723
Validation loss: 2.87100
Epoch 66/100
Training loss: 0.05419
Validation loss: 2.73411
Epoch 67/100
Training loss: 0.06075
Validation loss: 3.03417
Epoch 68/100
Training loss: 0.05628
Validation loss: 2.62641
Epoch 69/100
Training loss: 0.05645
Validation loss: 2.94849
Epoch 70/100
Training loss: 0.05309
Validation loss: 2.78907
Epoch 71/100
Training loss: 0.05086
Validation loss: 2.71976
Epoch 72/100
Training loss: 0.05072
Validation loss: 2.84713
Epoch 73/100
Training loss: 0.05665
Validation loss: 2.74470
Epoch 74/100
Training loss: 0.05141
Validation loss: 2.75635
Epoch 75/100
Training loss: 0.05103
Validation loss: 2.75173
Epoch 76/100
Training loss: 0.04954
Validation loss: 2.75620
Epoch 77/100
Training loss: 0.04998
Validation loss: 2.70641
Epoch 78/100
Training loss: 0.04921
Validation loss: 2.82572
Epoch 79/100
Training loss: 0.05671
Validation loss: 2.66284
Epoch 80/100
Training loss: 0.05096
Validation loss: 2.64706
Epoch 81/100
Training loss: 0.05276
Validation loss: 2.70448
Epoch 82/100
Training loss: 0.04811
Validation loss: 2.74640
Epoch 83/100
Training loss: 0.04839
Validation loss: 2.69966
Epoch 84/100
Training loss: 0.04742
Validation loss: 2.63569
Epoch 85/100
Training loss: 0.05032
Validation loss: 2.70884
Epoch 86/100
Training loss: 0.04868
Validation loss: 2.93639
Epoch 87/100
Training loss: 0.04998
Validation loss: 2.93000
Epoch 88/100
Training loss: 0.04799
Validation loss: 2.81851
Epoch 89/100
Training loss: 0.04445
Validation loss: 2.68965
Epoch 90/100
Training loss: 0.05247
Validation loss: 2.75065
Epoch 91/100
Training loss: 0.04726
Validation loss: 2.88473
Epoch 92/100
Training loss: 0.04135
Validation loss: 2.78934
Epoch 93/100
Training loss: 0.05070
Validation loss: 2.82214
Epoch 94/100
Training loss: 0.04769
Validation loss: 2.83856
Epoch 95/100
Training loss: 0.04891
Validation loss: 2.79307
Epoch 96/100
Training loss: 0.04178
Validation loss: 2.91367
Epoch 97/100
Training loss: 0.04447
Validation loss: 2.87204
Epoch 98/100
Training loss: 0.04842
Validation loss: 2.86839
Epoch 99/100
Training loss: 0.04326
Validation loss: 2.79809
Epoch 100/100
Training loss: 0.05143
Validation loss: 3.02662
Best model for fold 2 saved from epoch 15 with f1 2.49995
Final training loss: 0.05143
Final test loss: 3.02662
Fold 3
Model loaded successfully from ./pretrained_model/64_to_256_3layers.ckpt
device : cuda
Model not found at ./model/city_and_forest_wba_value_whole_features_8frames/piece_size_40_fix_False/fold_3/fly_model.ckpt
Epoch 1/100
Training loss: 16.57663
Validation loss: 2.72503
New best model saved at epoch 1 with loss 2.72503
First epoch took 19.42 seconds.
Estimated total program duration: 8.09 hours
Estimated program end time (KST): 2024/11/18 18:03:41
Epoch 2/100
Training loss: 1.02981
Validation loss: 2.21191
New best model saved at epoch 2 with loss 2.21191
Epoch 3/100
Training loss: 0.48909
Validation loss: 2.14711
New best model saved at epoch 3 with loss 2.14711
Epoch 4/100
Training loss: 0.33095
Validation loss: 1.96193
New best model saved at epoch 4 with loss 1.96193
Epoch 5/100
Training loss: 0.26773
Validation loss: 1.90501
New best model saved at epoch 5 with loss 1.90501
Epoch 6/100
Training loss: 0.23253
Validation loss: 1.67163
New best model saved at epoch 6 with loss 1.67163
Epoch 7/100
Training loss: 0.20487
Validation loss: 1.86466
Epoch 8/100
Training loss: 0.18153
Validation loss: 1.69935
Epoch 9/100
Training loss: 0.20180
Validation loss: 1.95831
Epoch 10/100
Training loss: 0.16836
Validation loss: 1.79819
Epoch 11/100
Training loss: 0.17727
Validation loss: 1.88058
Epoch 12/100
Training loss: 0.16210
Validation loss: 1.66682
New best model saved at epoch 12 with loss 1.66682
Epoch 13/100
Training loss: 0.16447
Validation loss: 1.82204
Epoch 14/100
Training loss: 0.15563
Validation loss: 1.70492
Epoch 15/100
Training loss: 0.15472
Validation loss: 1.75034
Epoch 16/100
Training loss: 0.15958
Validation loss: 1.71403
Epoch 17/100
Training loss: 0.14288
Validation loss: 1.72219
Epoch 18/100
Training loss: 0.13290
Validation loss: 1.64680
New best model saved at epoch 18 with loss 1.64680
Epoch 19/100
Training loss: 0.13774
Validation loss: 1.68589
Epoch 20/100
Training loss: 0.14844
Validation loss: 1.75204
Epoch 21/100
Training loss: 0.13630
Validation loss: 1.76440
Epoch 22/100
Training loss: 0.13654
Validation loss: 1.66453
Epoch 23/100
Training loss: 0.13995
Validation loss: 1.54139
New best model saved at epoch 23 with loss 1.54139
Epoch 24/100
Training loss: 0.13345
Validation loss: 1.54043
New best model saved at epoch 24 with loss 1.54043
Epoch 25/100
Training loss: 0.10526
Validation loss: 1.62042
Epoch 26/100
Training loss: 0.11173
Validation loss: 1.58807
Epoch 27/100
Training loss: 0.12412
Validation loss: 1.53911
New best model saved at epoch 27 with loss 1.53911
Epoch 28/100
Training loss: 0.11102
Validation loss: 1.48337
New best model saved at epoch 28 with loss 1.48337
Epoch 29/100
Training loss: 0.10988
Validation loss: 1.53010
Epoch 30/100
Training loss: 0.11918
Validation loss: 1.60775
Epoch 31/100
Training loss: 0.10773
Validation loss: 1.47369
New best model saved at epoch 31 with loss 1.47369
Epoch 32/100
Training loss: 0.10635
Validation loss: 1.49799
Epoch 33/100
Training loss: 0.10593
Validation loss: 1.52521
Epoch 34/100
Training loss: 0.09141
Validation loss: 1.47844
Epoch 35/100
Training loss: 0.09988
Validation loss: 1.62574
Epoch 36/100
Training loss: 0.10085
Validation loss: 1.44560
New best model saved at epoch 36 with loss 1.44560
Epoch 37/100
Training loss: 0.08911
Validation loss: 1.43139
New best model saved at epoch 37 with loss 1.43139
Epoch 38/100
Training loss: 0.08921
Validation loss: 1.58799
Epoch 39/100
Training loss: 0.08850
Validation loss: 1.53142
Epoch 40/100
Training loss: 0.08700
Validation loss: 1.51941
Epoch 41/100
Training loss: 0.08401
Validation loss: 1.53862
Epoch 42/100
Training loss: 0.09154
Validation loss: 1.54983
Epoch 43/100
Training loss: 0.08523
Validation loss: 1.51221
Epoch 44/100
Training loss: 0.07252
Validation loss: 1.58135
Epoch 45/100
Training loss: 0.08243
Validation loss: 1.42455
New best model saved at epoch 45 with loss 1.42455
Epoch 46/100
Training loss: 0.08388
Validation loss: 1.42529
Epoch 47/100
Training loss: 0.08364
Validation loss: 1.65771
Epoch 48/100
Training loss: 0.07807
Validation loss: 1.53962
Epoch 49/100
Training loss: 0.08030
Validation loss: 1.59739
Epoch 50/100
Training loss: 0.08170
Validation loss: 1.59621
Epoch 51/100
Training loss: 0.07344
Validation loss: 1.50658
Epoch 52/100
Training loss: 0.07495
Validation loss: 1.62224
Epoch 53/100
Training loss: 0.07274
Validation loss: 1.49291
Epoch 54/100
Training loss: 0.07452
Validation loss: 1.60668
Epoch 55/100
Training loss: 0.07974
Validation loss: 1.63636
Epoch 56/100
Training loss: 0.07185
Validation loss: 1.45765
Epoch 57/100
Training loss: 0.07450
Validation loss: 1.57126
Epoch 58/100
Training loss: 0.07032
Validation loss: 1.43036
Epoch 59/100
Training loss: 0.07299
Validation loss: 1.58481
Epoch 60/100
Training loss: 0.07308
Validation loss: 1.52873
Epoch 61/100
Training loss: 0.06264
Validation loss: 1.57450
Epoch 62/100
Training loss: 0.07403
Validation loss: 1.44195
Epoch 63/100
Training loss: 0.07073
Validation loss: 1.66625
Epoch 64/100
Training loss: 0.07252
Validation loss: 1.42916
Epoch 65/100
Training loss: 0.07295
Validation loss: 1.50620
Epoch 66/100
Training loss: 0.06459
Validation loss: 1.43162
Epoch 67/100
Training loss: 0.06759
Validation loss: 1.55422
Epoch 68/100
Training loss: 0.05848
Validation loss: 1.54813
Epoch 69/100
Training loss: 0.06907
Validation loss: 1.56350
Epoch 70/100
Training loss: 0.06345
Validation loss: 1.58350
Epoch 71/100
Training loss: 0.06561
Validation loss: 1.60302
Epoch 72/100
Training loss: 0.06065
Validation loss: 1.43703
Epoch 73/100
Training loss: 0.06226
Validation loss: 1.42156
New best model saved at epoch 73 with loss 1.42156
Epoch 74/100
Training loss: 0.07346
Validation loss: 1.51694
Epoch 75/100
Training loss: 0.06118
Validation loss: 1.51194
Epoch 76/100
Training loss: 0.06391
Validation loss: 1.56408
Epoch 77/100
Training loss: 0.06249
Validation loss: 1.74790
Epoch 78/100
Training loss: 0.06410
Validation loss: 1.57768
Epoch 79/100
Training loss: 0.06127
Validation loss: 1.58488
Epoch 80/100
Training loss: 0.06253
Validation loss: 1.78094
Epoch 81/100
Training loss: 0.06128
Validation loss: 1.60749
Epoch 82/100
Training loss: 0.06420
Validation loss: 1.53423
Epoch 83/100
Training loss: 0.06233
Validation loss: 1.64863
Epoch 84/100
Training loss: 0.06056
Validation loss: 1.54817
Epoch 85/100
Training loss: 0.05706
Validation loss: 1.54772
Epoch 86/100
Training loss: 0.05890
Validation loss: 1.66225
Epoch 87/100
Training loss: 0.06676
Validation loss: 1.60693
Epoch 88/100
Training loss: 0.05658
Validation loss: 1.56840
Epoch 89/100
Training loss: 0.06390
Validation loss: 1.48992
Epoch 90/100
Training loss: 0.05898
Validation loss: 1.57334
Epoch 91/100
Training loss: 0.05843
Validation loss: 1.68331
Epoch 92/100
Training loss: 0.05588
Validation loss: 1.60838
Epoch 93/100
Training loss: 0.05705
Validation loss: 1.62466
Epoch 94/100
Training loss: 0.06108
Validation loss: 1.66673
Epoch 95/100
Training loss: 0.05610
Validation loss: 1.67918
Epoch 96/100
Training loss: 0.05617
Validation loss: 1.60278
Epoch 97/100
Training loss: 0.05861
Validation loss: 1.53776
Epoch 98/100
Training loss: 0.05959
Validation loss: 1.56511
Epoch 99/100
Training loss: 0.05442
Validation loss: 1.61973
Epoch 100/100
Training loss: 0.05700
Validation loss: 1.74247
Best model for fold 3 saved from epoch 73 with f1 1.42156
Final training loss: 0.05700
Final test loss: 1.74247
All fold val losses: [1.6553007314602535, 2.4999529967705407, 1.4215624518692493]
Average val loss: 1.85894
./naturalistic/01_Bird.avi                                   Loaded : (5, 3596, 64, 128, 1)
./naturalistic/02_City.avi                                   Loaded : (5, 3596, 64, 128, 1)
./naturalistic/03_Forest.avi                                 Loaded : (5, 3596, 64, 128, 1)
Video is allocated on memory!
Shape : (3, 3596, 64, 128, 5)
device : cuda
load model
epoch : 95
learning rate : 0.0001
device : cuda
load model
epoch : 19
learning rate : 0.0001
device : cuda
load model
epoch : 31
learning rate : 0.0001
device : cuda
load model
epoch : 24
learning rate : 0.0001
device : cuda
load model
epoch : 37
learning rate : 0.0001
프레임 0/3593 처리 중...
프레임 100/3593 처리 중...
프레임 200/3593 처리 중...
프레임 300/3593 처리 중...
프레임 400/3593 처리 중...
프레임 500/3593 처리 중...
프레임 600/3593 처리 중...
프레임 700/3593 처리 중...
프레임 800/3593 처리 중...
프레임 900/3593 처리 중...
프레임 1000/3593 처리 중...
프레임 1100/3593 처리 중...
프레임 1200/3593 처리 중...
프레임 1300/3593 처리 중...
프레임 1400/3593 처리 중...
프레임 1500/3593 처리 중...
프레임 1600/3593 처리 중...
프레임 1700/3593 처리 중...
프레임 1800/3593 처리 중...
프레임 1900/3593 처리 중...
프레임 2000/3593 처리 중...
프레임 2100/3593 처리 중...
프레임 2200/3593 처리 중...
프레임 2300/3593 처리 중...
프레임 2400/3593 처리 중...
프레임 2500/3593 처리 중...
프레임 2600/3593 처리 중...
프레임 2700/3593 처리 중...
프레임 2800/3593 처리 중...
프레임 2900/3593 처리 중...
프레임 3000/3593 처리 중...
프레임 3100/3593 처리 중...
프레임 3200/3593 처리 중...
프레임 3300/3593 처리 중...
프레임 3400/3593 처리 중...
프레임 3500/3593 처리 중...
성공적으로 저장되었습니다: city_city_and_forest_wba_value_whole_features_8frames.avi
./naturalistic/01_Bird.avi                                   Loaded : (5, 3596, 64, 128, 1)
./naturalistic/02_City.avi                                   Loaded : (5, 3596, 64, 128, 1)
./naturalistic/03_Forest.avi                                 Loaded : (5, 3596, 64, 128, 1)
Video is allocated on memory!
Shape : (3, 3596, 64, 128, 5)
device : cuda
load model
epoch : 95
learning rate : 0.0001
device : cuda
load model
epoch : 19
learning rate : 0.0001
device : cuda
load model
epoch : 31
learning rate : 0.0001
device : cuda
load model
epoch : 24
learning rate : 0.0001
device : cuda
load model
epoch : 37
learning rate : 0.0001
프레임 0/3593 처리 중...
프레임 100/3593 처리 중...
프레임 200/3593 처리 중...
프레임 300/3593 처리 중...
프레임 400/3593 처리 중...
프레임 500/3593 처리 중...
프레임 600/3593 처리 중...
프레임 700/3593 처리 중...
프레임 800/3593 처리 중...
프레임 900/3593 처리 중...
프레임 1000/3593 처리 중...
프레임 1100/3593 처리 중...
프레임 1200/3593 처리 중...
프레임 1300/3593 처리 중...
프레임 1400/3593 처리 중...
프레임 1500/3593 처리 중...
프레임 1600/3593 처리 중...
프레임 1700/3593 처리 중...
프레임 1800/3593 처리 중...
프레임 1900/3593 처리 중...
프레임 2000/3593 처리 중...
프레임 2100/3593 처리 중...
프레임 2200/3593 처리 중...
프레임 2300/3593 처리 중...
프레임 2400/3593 처리 중...
프레임 2500/3593 처리 중...
프레임 2600/3593 처리 중...
프레임 2700/3593 처리 중...
프레임 2800/3593 처리 중...
프레임 2900/3593 처리 중...
프레임 3000/3593 처리 중...
프레임 3100/3593 처리 중...
프레임 3200/3593 처리 중...
프레임 3300/3593 처리 중...
프레임 3400/3593 처리 중...
프레임 3500/3593 처리 중...
성공적으로 저장되었습니다: forest_city_and_forest_wba_value_whole_features_8frames.avi
./naturalistic/01_Bird.avi                                   Loaded : (5, 3596, 64, 128, 1)
./naturalistic/02_City.avi                                   Loaded : (5, 3596, 64, 128, 1)
./naturalistic/03_Forest.avi                                 Loaded : (5, 3596, 64, 128, 1)
Video is allocated on memory!
Shape : (3, 3596, 64, 128, 5)
augmented shape : (18, 3596, 64, 128, 5)
augmented shape : (18, 3600)
Fold 1
Model loaded successfully from ./pretrained_model/64_to_256_3layers.ckpt
device : cuda
Model not found at ./model/city_and_forest_wba_value_whole_features_16frames/piece_size_1_fix_False/fold_1/fly_model.ckpt
Epoch 1/100
Training loss: 31.12268
Validation loss: 11.60675
New best model saved at epoch 1 with loss 11.60675
First epoch took 13.55 seconds.
Estimated total program duration: 5.65 hours
Estimated program end time (KST): 2024/11/18 17:32:28
Epoch 2/100
Training loss: 3.98582
Validation loss: 5.55001
New best model saved at epoch 2 with loss 5.55001
Epoch 3/100
Training loss: 2.29176
Validation loss: 5.31665
New best model saved at epoch 3 with loss 5.31665
Epoch 4/100
Training loss: 1.47569
Validation loss: 5.25192
New best model saved at epoch 4 with loss 5.25192
Epoch 5/100
Training loss: 1.27157
Validation loss: 5.03462
New best model saved at epoch 5 with loss 5.03462
Epoch 6/100
Training loss: 1.08770
Validation loss: 4.08183
New best model saved at epoch 6 with loss 4.08183
Epoch 7/100
Training loss: 0.95974
Validation loss: 4.06087
New best model saved at epoch 7 with loss 4.06087
Epoch 8/100
Training loss: 0.87007
Validation loss: 4.72498
Epoch 9/100
Training loss: 0.82598
Validation loss: 4.13613
Epoch 10/100
Training loss: 0.76262
Validation loss: 4.03989
New best model saved at epoch 10 with loss 4.03989
Epoch 11/100
Training loss: 0.69220
Validation loss: 4.01152
New best model saved at epoch 11 with loss 4.01152
Epoch 12/100
Training loss: 0.71892
Validation loss: 3.93671
New best model saved at epoch 12 with loss 3.93671
Epoch 13/100
Training loss: 0.67685
Validation loss: 3.83071
New best model saved at epoch 13 with loss 3.83071
Epoch 14/100
Training loss: 0.58976
Validation loss: 4.20574
Epoch 15/100
Training loss: 0.55934
Validation loss: 3.54341
New best model saved at epoch 15 with loss 3.54341
Epoch 16/100
Training loss: 0.59191
Validation loss: 3.78776
Epoch 17/100
Training loss: 0.57370
Validation loss: 3.63360
Epoch 18/100
Training loss: 0.60420
Validation loss: 4.79875
Epoch 19/100
Training loss: 0.56840
Validation loss: 3.81297
Epoch 20/100
Training loss: 0.56529
Validation loss: 4.14911
Epoch 21/100
Training loss: 0.54707
Validation loss: 4.26195
Epoch 22/100
Training loss: 0.48418
Validation loss: 4.28346
Epoch 23/100
Training loss: 0.51322
Validation loss: 4.19496
Epoch 24/100
Training loss: 0.53678
Validation loss: 3.85577
Epoch 25/100
Training loss: 0.48185
Validation loss: 4.22774
Epoch 26/100
Training loss: 0.48540
Validation loss: 4.04394
Epoch 27/100
Training loss: 0.49907
Validation loss: 5.12047
Epoch 28/100
Training loss: 0.42749
Validation loss: 4.13128
Epoch 29/100
Training loss: 0.46624
Validation loss: 3.80777
Epoch 30/100
Training loss: 0.41167
Validation loss: 4.14860
Epoch 31/100
Training loss: 0.40645
Validation loss: 4.18148
Epoch 32/100
Training loss: 0.41303
Validation loss: 4.49475
Epoch 33/100
Training loss: 0.46725
Validation loss: 3.81085
Epoch 34/100
Training loss: 0.43817
Validation loss: 4.34592
Epoch 35/100
Training loss: 0.39635
Validation loss: 5.22358
Epoch 36/100
Training loss: 0.44240
Validation loss: 4.47201
Epoch 37/100
Training loss: 0.39831
Validation loss: 3.95864
Epoch 38/100
Training loss: 0.38564
Validation loss: 4.27693
Epoch 39/100
Training loss: 0.47518
Validation loss: 4.27120
Epoch 40/100
Training loss: 0.42593
Validation loss: 4.06704
Epoch 41/100
Training loss: 0.35022
Validation loss: 4.04644
Epoch 42/100
Training loss: 0.45973
Validation loss: 4.45181
Epoch 43/100
Training loss: 0.42272
Validation loss: 4.15390
Epoch 44/100
Training loss: 0.43079
Validation loss: 4.08511
Epoch 45/100
Training loss: 0.36205
Validation loss: 4.97850
Epoch 46/100
Training loss: 0.31968
Validation loss: 4.31790
Epoch 47/100
Training loss: 0.36785
Validation loss: 4.20250
Epoch 48/100
Training loss: 0.36695
Validation loss: 4.41992
Epoch 49/100
Training loss: 0.36725
Validation loss: 4.40900
Epoch 50/100
Training loss: 0.35266
Validation loss: 4.21242
Epoch 51/100
Training loss: 0.32953
Validation loss: 4.15402
Epoch 52/100
Training loss: 0.27567
Validation loss: 4.24124
Epoch 53/100
Training loss: 0.30113
Validation loss: 4.03306
Epoch 54/100
Training loss: 0.39764
Validation loss: 3.90894
Epoch 55/100
Training loss: 0.33633
Validation loss: 4.24996
Epoch 56/100
Training loss: 0.30948
Validation loss: 4.10875
Epoch 57/100
Training loss: 0.30065
Validation loss: 4.18323
Epoch 58/100
Training loss: 0.34572
Validation loss: 3.81075
Epoch 59/100
Training loss: 0.27871
Validation loss: 4.33422
Epoch 60/100
Training loss: 0.32779
Validation loss: 3.99378
Epoch 61/100
Training loss: 0.32190
Validation loss: 4.04014
Epoch 62/100
Training loss: 0.30169
Validation loss: 4.61949
Epoch 63/100
Training loss: 0.29800
Validation loss: 4.44359
Epoch 64/100
Training loss: 0.28895
Validation loss: 4.64287
Epoch 65/100
Training loss: 0.33466
Validation loss: 4.99956
Epoch 66/100
Training loss: 0.31928
Validation loss: 4.48768
Epoch 67/100
Training loss: 0.27844
Validation loss: 4.68705
Epoch 68/100
Training loss: 0.27306
Validation loss: 4.81501
Epoch 69/100
Training loss: 0.31719
Validation loss: 4.18801
Epoch 70/100
Training loss: 0.25511
Validation loss: 4.76601
Epoch 71/100
Training loss: 0.29427
Validation loss: 4.61303
Epoch 72/100
Training loss: 0.25585
Validation loss: 4.29469
Epoch 73/100
Training loss: 0.25832
Validation loss: 4.57873
Epoch 74/100
Training loss: 0.25628
Validation loss: 5.08511
Epoch 75/100
Training loss: 0.25607
Validation loss: 4.08644
Epoch 76/100
Training loss: 0.27004
Validation loss: 4.11144
Epoch 77/100
Training loss: 0.26933
Validation loss: 4.73285
Epoch 78/100
Training loss: 0.29588
Validation loss: 4.67766
Epoch 79/100
Training loss: 0.24654
Validation loss: 4.20727
Epoch 80/100
Training loss: 0.25195
Validation loss: 4.32132
Epoch 81/100
Training loss: 0.28048
Validation loss: 3.92991
Epoch 82/100
Training loss: 0.25968
Validation loss: 4.43259
Epoch 83/100
Training loss: 0.31633
Validation loss: 4.40725
Epoch 84/100
Training loss: 0.23814
Validation loss: 4.18627
Epoch 85/100
Training loss: 0.26575
Validation loss: 4.74839
Epoch 86/100
Training loss: 0.24998
Validation loss: 4.85174
Epoch 87/100
Training loss: 0.25819
Validation loss: 4.31961
Epoch 88/100
Training loss: 0.23346
Validation loss: 4.26271
Epoch 89/100
Training loss: 0.22229
Validation loss: 4.06169
Epoch 90/100
Training loss: 0.21475
Validation loss: 4.39437
Epoch 91/100
Training loss: 0.23181
Validation loss: 4.23885
Epoch 92/100
Training loss: 0.24070
Validation loss: 4.59449
Epoch 93/100
Training loss: 0.29035
Validation loss: 4.23168
Epoch 94/100
Training loss: 0.24186
Validation loss: 4.15667
Epoch 95/100
Training loss: 0.24265
Validation loss: 3.95090
Epoch 96/100
Training loss: 0.24867
Validation loss: 3.88745
Epoch 97/100
Training loss: 0.22365
Validation loss: 3.79664
Epoch 98/100
Training loss: 0.21209
Validation loss: 4.19402
Epoch 99/100
Training loss: 0.21890
Validation loss: 4.18904
Epoch 100/100
Training loss: 0.22220
Validation loss: 4.48568
Best model for fold 1 saved from epoch 15 with f1 3.54341
Final training loss: 0.22220
Final test loss: 4.48568
Fold 2
Model loaded successfully from ./pretrained_model/64_to_256_3layers.ckpt
device : cuda
Model not found at ./model/city_and_forest_wba_value_whole_features_16frames/piece_size_1_fix_False/fold_2/fly_model.ckpt
Epoch 1/100
Training loss: 32.64467
Validation loss: 12.71700
New best model saved at epoch 1 with loss 12.71700
First epoch took 13.40 seconds.
Estimated total program duration: 5.58 hours
Estimated program end time (KST): 2024/11/18 17:50:26
Epoch 2/100
Training loss: 3.64111
Validation loss: 8.75709
New best model saved at epoch 2 with loss 8.75709
Epoch 3/100
Training loss: 1.93655
Validation loss: 7.17925
New best model saved at epoch 3 with loss 7.17925
Epoch 4/100
Training loss: 1.54040
Validation loss: 6.30232
New best model saved at epoch 4 with loss 6.30232
Epoch 5/100
Training loss: 1.08293
Validation loss: 5.37264
New best model saved at epoch 5 with loss 5.37264
Epoch 6/100
Training loss: 0.86156
Validation loss: 6.19739
Epoch 7/100
Training loss: 0.81670
Validation loss: 5.56938
Epoch 8/100
Training loss: 0.70324
Validation loss: 5.68351
Epoch 9/100
Training loss: 0.69177
Validation loss: 5.58108
Epoch 10/100
Training loss: 0.58388
Validation loss: 5.25932
New best model saved at epoch 10 with loss 5.25932
Epoch 11/100
Training loss: 0.56496
Validation loss: 5.03427
New best model saved at epoch 11 with loss 5.03427
Epoch 12/100
Training loss: 0.52950
Validation loss: 4.72049
New best model saved at epoch 12 with loss 4.72049
Epoch 13/100
Training loss: 0.57880
Validation loss: 4.47049
New best model saved at epoch 13 with loss 4.47049
Epoch 14/100
Training loss: 0.50551
Validation loss: 4.11484
New best model saved at epoch 14 with loss 4.11484
Epoch 15/100
Training loss: 0.57029
Validation loss: 4.56308
Epoch 16/100
Training loss: 0.51578
Validation loss: 4.72482
Epoch 17/100
Training loss: 0.44736
Validation loss: 4.92354
Epoch 18/100
Training loss: 0.44475
Validation loss: 4.97675
Epoch 19/100
Training loss: 0.49131
Validation loss: 4.80684
Epoch 20/100
Training loss: 0.46575
Validation loss: 5.53054
Epoch 21/100
Training loss: 0.41348
Validation loss: 4.55227
Epoch 22/100
Training loss: 0.46850
Validation loss: 4.48617
Epoch 23/100
Training loss: 0.42419
Validation loss: 4.65558
Epoch 24/100
Training loss: 0.48958
Validation loss: 4.85764
Epoch 25/100
Training loss: 0.50777
Validation loss: 4.38007
Epoch 26/100
Training loss: 0.42732
Validation loss: 4.54889
Epoch 27/100
Training loss: 0.40278
Validation loss: 4.58330
Epoch 28/100
Training loss: 0.40035
Validation loss: 4.68139
Epoch 29/100
Training loss: 0.42605
Validation loss: 4.48247
Epoch 30/100
Training loss: 0.37698
Validation loss: 4.87135
Epoch 31/100
Training loss: 0.40893
Validation loss: 4.82494
Epoch 32/100
Training loss: 0.39458
Validation loss: 4.96344
Epoch 33/100
Training loss: 0.43894
Validation loss: 4.44969
Epoch 34/100
Training loss: 0.39357
Validation loss: 5.07133
Epoch 35/100
Training loss: 0.36742
Validation loss: 5.12843
Epoch 36/100
Training loss: 0.44122
Validation loss: 4.67161
Epoch 37/100
Training loss: 0.41279
Validation loss: 4.66766
Epoch 38/100
Training loss: 0.37348
Validation loss: 4.26270
Epoch 39/100
Training loss: 0.36757
Validation loss: 4.77782
Epoch 40/100
Training loss: 0.36922
Validation loss: 5.27352
Epoch 41/100
Training loss: 0.36618
Validation loss: 4.91369
Epoch 42/100
Training loss: 0.38671
Validation loss: 5.41161
Epoch 43/100
Training loss: 0.38694
Validation loss: 4.74277
Epoch 44/100
Training loss: 0.32358
Validation loss: 4.98088
Epoch 45/100
Training loss: 0.36776
Validation loss: 4.56921
Epoch 46/100
Training loss: 0.36852
Validation loss: 4.49203
Epoch 47/100
Training loss: 0.36423
Validation loss: 5.01845
Epoch 48/100
Training loss: 0.30737
Validation loss: 4.93563
Epoch 49/100
Training loss: 0.29844
Validation loss: 5.20953
Epoch 50/100
Training loss: 0.32936
Validation loss: 4.74909
Epoch 51/100
Training loss: 0.29085
Validation loss: 4.96315
Epoch 52/100
Training loss: 0.33411
Validation loss: 5.08973
Epoch 53/100
Training loss: 0.39737
Validation loss: 4.34081
Epoch 54/100
Training loss: 0.34063
Validation loss: 4.15700
Epoch 55/100
Training loss: 0.31024
Validation loss: 4.59386
Epoch 56/100
Training loss: 0.34927
Validation loss: 4.16271
Epoch 57/100
Training loss: 0.33028
Validation loss: 4.64306
Epoch 58/100
Training loss: 0.32717
Validation loss: 4.60620
Epoch 59/100
Training loss: 0.32239
Validation loss: 4.36124
Epoch 60/100
Training loss: 0.30963
Validation loss: 4.44457
Epoch 61/100
Training loss: 0.27849
Validation loss: 4.82445
Epoch 62/100
Training loss: 0.28383
Validation loss: 3.84020
New best model saved at epoch 62 with loss 3.84020
Epoch 63/100
Training loss: 0.29797
Validation loss: 4.46145
Epoch 64/100
Training loss: 0.25833
Validation loss: 4.34202
Epoch 65/100
Training loss: 0.25142
Validation loss: 4.21413
Epoch 66/100
Training loss: 0.25707
Validation loss: 4.38202
Epoch 67/100
Training loss: 0.30542
Validation loss: 4.53693
Epoch 68/100
Training loss: 0.27618
Validation loss: 4.91315
Epoch 69/100
Training loss: 0.25853
Validation loss: 4.30790
Epoch 70/100
Training loss: 0.29864
Validation loss: 3.95948
Epoch 71/100
Training loss: 0.30004
Validation loss: 4.25524
Epoch 72/100
Training loss: 0.24889
Validation loss: 3.84182
Epoch 73/100
Training loss: 0.26458
Validation loss: 4.14551
Epoch 74/100
Training loss: 0.27478
Validation loss: 4.13771
Epoch 75/100
Training loss: 0.27340
Validation loss: 4.17155
Epoch 76/100
Training loss: 0.22779
Validation loss: 4.14533
Epoch 77/100
Training loss: 0.25216
Validation loss: 4.03822
Epoch 78/100
Training loss: 0.25466
Validation loss: 4.33116
Epoch 79/100
Training loss: 0.27329
Validation loss: 4.33979
Epoch 80/100
Training loss: 0.26714
Validation loss: 4.41646
Epoch 81/100
Training loss: 0.25216
Validation loss: 4.02839
Epoch 82/100
Training loss: 0.23828
Validation loss: 4.12124
Epoch 83/100
Training loss: 0.28267
Validation loss: 3.98966
Epoch 84/100
Training loss: 0.23887
Validation loss: 5.29050
Epoch 85/100
Training loss: 0.23681
Validation loss: 4.11215
Epoch 86/100
Training loss: 0.21854
Validation loss: 4.47993
Epoch 87/100
Training loss: 0.26268
Validation loss: 4.62025
Epoch 88/100
Training loss: 0.25375
Validation loss: 4.21889
Epoch 89/100
Training loss: 0.23809
Validation loss: 4.51176
Epoch 90/100
Training loss: 0.24147
Validation loss: 4.32389
Epoch 91/100
Training loss: 0.23842
Validation loss: 4.03316
Epoch 92/100
Training loss: 0.23155
Validation loss: 4.19417
Epoch 93/100
Training loss: 0.26943
Validation loss: 4.13287
Epoch 94/100
Training loss: 0.21634
Validation loss: 4.34248
Epoch 95/100
Training loss: 0.21471
Validation loss: 4.31885
Epoch 96/100
Training loss: 0.22880
Validation loss: 4.98538
Epoch 97/100
Training loss: 0.23027
Validation loss: 4.27279
Epoch 98/100
Training loss: 0.22328
Validation loss: 4.54316
Epoch 99/100
Training loss: 0.25172
Validation loss: 4.91055
Epoch 100/100
Training loss: 0.24291
Validation loss: 4.32174
Best model for fold 2 saved from epoch 62 with f1 3.84020
Final training loss: 0.24291
Final test loss: 4.32174
Fold 3
Model loaded successfully from ./pretrained_model/64_to_256_3layers.ckpt
device : cuda
Model not found at ./model/city_and_forest_wba_value_whole_features_16frames/piece_size_1_fix_False/fold_3/fly_model.ckpt
Epoch 1/100
Training loss: 41.46893
Validation loss: 12.79734
New best model saved at epoch 1 with loss 12.79734
First epoch took 13.41 seconds.
Estimated total program duration: 5.59 hours
Estimated program end time (KST): 2024/11/18 18:12:28
Epoch 2/100
Training loss: 5.12790
Validation loss: 6.47684
New best model saved at epoch 2 with loss 6.47684
Epoch 3/100
Training loss: 2.53982
Validation loss: 5.60880
New best model saved at epoch 3 with loss 5.60880
Epoch 4/100
Training loss: 1.77949
Validation loss: 5.63940
Epoch 5/100
Training loss: 1.32349
Validation loss: 4.46207
New best model saved at epoch 5 with loss 4.46207
Epoch 6/100
Training loss: 1.21885
Validation loss: 4.43376
New best model saved at epoch 6 with loss 4.43376
Epoch 7/100
Training loss: 1.02368
Validation loss: 3.78863
New best model saved at epoch 7 with loss 3.78863
Epoch 8/100
Training loss: 0.82149
Validation loss: 4.08217
Epoch 9/100
Training loss: 0.74010
Validation loss: 3.87692
Epoch 10/100
Training loss: 0.83433
Validation loss: 3.59231
New best model saved at epoch 10 with loss 3.59231
Epoch 11/100
Training loss: 0.76337
Validation loss: 3.81355
Epoch 12/100
Training loss: 0.64749
Validation loss: 4.31246
Epoch 13/100
Training loss: 0.63005
Validation loss: 3.58557
New best model saved at epoch 13 with loss 3.58557
Epoch 14/100
Training loss: 0.67435
Validation loss: 3.53793
New best model saved at epoch 14 with loss 3.53793
Epoch 15/100
Training loss: 0.65738
Validation loss: 3.81468
Epoch 16/100
Training loss: 0.58083
Validation loss: 3.44059
New best model saved at epoch 16 with loss 3.44059
Epoch 17/100
Training loss: 0.61412
Validation loss: 4.01030
Epoch 18/100
Training loss: 0.58314
Validation loss: 3.33615
New best model saved at epoch 18 with loss 3.33615
Epoch 19/100
Training loss: 0.59358
Validation loss: 3.29770
New best model saved at epoch 19 with loss 3.29770
Epoch 20/100
Training loss: 0.55201
Validation loss: 3.58578
Epoch 21/100
Training loss: 0.56483
Validation loss: 3.63290
Epoch 22/100
Training loss: 0.49423
Validation loss: 3.38048
Epoch 23/100
Training loss: 0.54038
Validation loss: 3.26805
New best model saved at epoch 23 with loss 3.26805
Epoch 24/100
Training loss: 0.51351
Validation loss: 3.68986
Epoch 25/100
Training loss: 0.47230
Validation loss: 3.46923
Epoch 26/100
Training loss: 0.51094
Validation loss: 3.47176
Epoch 27/100
Training loss: 0.49542
Validation loss: 3.63091
Epoch 28/100
Training loss: 0.50812
Validation loss: 3.64791
Epoch 29/100
Training loss: 0.46332
Validation loss: 3.31978
Epoch 30/100
Training loss: 0.47656
Validation loss: 3.49222
Epoch 31/100
Training loss: 0.45663
Validation loss: 3.60384
Epoch 32/100
Training loss: 0.45149
Validation loss: 3.58089
Epoch 33/100
Training loss: 0.44082
Validation loss: 3.03394
New best model saved at epoch 33 with loss 3.03394
Epoch 34/100
Training loss: 0.43867
Validation loss: 3.11568
Epoch 35/100
Training loss: 0.43793
Validation loss: 3.45722
Epoch 36/100
Training loss: 0.48500
Validation loss: 3.82584
Epoch 37/100
Training loss: 0.39770
Validation loss: 3.67652
Epoch 38/100
Training loss: 0.43245
Validation loss: 4.12219
Epoch 39/100
Training loss: 0.40673
Validation loss: 3.38103
Epoch 40/100
Training loss: 0.46413
Validation loss: 4.14298
Epoch 41/100
Training loss: 0.41977
Validation loss: 3.69493
Epoch 42/100
Training loss: 0.40145
Validation loss: 3.50127
Epoch 43/100
Training loss: 0.47596
Validation loss: 3.32204
Epoch 44/100
Training loss: 0.44718
Validation loss: 3.25956
Epoch 45/100
Training loss: 0.38886
Validation loss: 3.64875
Epoch 46/100
Training loss: 0.40685
Validation loss: 3.64104
Epoch 47/100
Training loss: 0.39269
Validation loss: 3.31590
Epoch 48/100
Training loss: 0.39280
Validation loss: 3.43376
Epoch 49/100
Training loss: 0.34879
Validation loss: 3.44119
Epoch 50/100
Training loss: 0.35290
Validation loss: 3.25705
Epoch 51/100
Training loss: 0.34955
Validation loss: 3.00095
New best model saved at epoch 51 with loss 3.00095
Epoch 52/100
Training loss: 0.39145
Validation loss: 3.33268
Epoch 53/100
Training loss: 0.44409
Validation loss: 3.29592
Epoch 54/100
Training loss: 0.37276
Validation loss: 3.00668
Epoch 55/100
Training loss: 0.32533
Validation loss: 2.96982
New best model saved at epoch 55 with loss 2.96982
Epoch 56/100
Training loss: 0.34696
Validation loss: 3.14780
Epoch 57/100
Training loss: 0.32436
Validation loss: 3.13646
Epoch 58/100
Training loss: 0.35302
Validation loss: 3.21773
Epoch 59/100
Training loss: 0.32145
Validation loss: 3.31471
Epoch 60/100
Training loss: 0.30876
Validation loss: 2.88196
New best model saved at epoch 60 with loss 2.88196
Epoch 61/100
Training loss: 0.30330
Validation loss: 3.22338
Epoch 62/100
Training loss: 0.35419
Validation loss: 3.07799
Epoch 63/100
Training loss: 0.35779
Validation loss: 2.83323
New best model saved at epoch 63 with loss 2.83323
Epoch 64/100
Training loss: 0.32851
Validation loss: 2.82393
New best model saved at epoch 64 with loss 2.82393
Epoch 65/100
Training loss: 0.35550
Validation loss: 3.17073
Epoch 66/100
Training loss: 0.33069
Validation loss: 3.84822
Epoch 67/100
Training loss: 0.28810
Validation loss: 3.49899
Epoch 68/100
Training loss: 0.32199
Validation loss: 3.16191
Epoch 69/100
Training loss: 0.28853
Validation loss: 3.28181
Epoch 70/100
Training loss: 0.30357
Validation loss: 2.81443
New best model saved at epoch 70 with loss 2.81443
Epoch 71/100
Training loss: 0.35062
Validation loss: 3.33268
Epoch 72/100
Training loss: 0.34309
Validation loss: 3.17249
Epoch 73/100
Training loss: 0.26232
Validation loss: 3.01825
Epoch 74/100
Training loss: 0.26445
Validation loss: 3.19746
Epoch 75/100
Training loss: 0.28449
Validation loss: 2.90517
Epoch 76/100
Training loss: 0.29631
Validation loss: 2.99739
Epoch 77/100
Training loss: 0.27485
Validation loss: 3.12468
Epoch 78/100
Training loss: 0.28393
Validation loss: 3.01332
Epoch 79/100
Training loss: 0.28179
Validation loss: 3.39188
Epoch 80/100
Training loss: 0.29534
Validation loss: 3.23520
Epoch 81/100
Training loss: 0.32053
Validation loss: 3.05687
Epoch 82/100
Training loss: 0.31597
Validation loss: 3.85939
Epoch 83/100
Training loss: 0.26205
Validation loss: 3.43575
Epoch 84/100
Training loss: 0.30630
Validation loss: 3.10042
Epoch 85/100
Training loss: 0.27577
Validation loss: 3.45321
Epoch 86/100
Training loss: 0.24641
Validation loss: 3.22119
Epoch 87/100
Training loss: 0.24193
Validation loss: 3.03070
Epoch 88/100
Training loss: 0.26254
Validation loss: 3.78340
Epoch 89/100
Training loss: 0.30241
Validation loss: 3.32487
Epoch 90/100
Training loss: 0.30477
Validation loss: 3.29902
Epoch 91/100
Training loss: 0.27333
Validation loss: 2.91225
Epoch 92/100
Training loss: 0.24431
Validation loss: 3.09407
Epoch 93/100
Training loss: 0.26373
Validation loss: 3.38685
Epoch 94/100
Training loss: 0.30239
Validation loss: 3.60116
Epoch 95/100
Training loss: 0.24001
Validation loss: 3.42819
Epoch 96/100
Training loss: 0.27249
Validation loss: 3.21203
Epoch 97/100
Training loss: 0.25240
Validation loss: 3.43040
Epoch 98/100
Training loss: 0.24206
Validation loss: 2.83721
Epoch 99/100
Training loss: 0.26392
Validation loss: 3.08327
Epoch 100/100
Training loss: 0.28134
Validation loss: 3.51809
Best model for fold 3 saved from epoch 70 with f1 2.81443
Final training loss: 0.28134
Final test loss: 3.51809
All fold val losses: [3.543413140944072, 3.8402027998651778, 2.814428923917668]
Average val loss: 3.39935
Fold 1
Model loaded successfully from ./pretrained_model/64_to_256_3layers.ckpt
device : cuda
Model not found at ./model/city_and_forest_wba_value_whole_features_16frames/piece_size_5_fix_False/fold_1/fly_model.ckpt
Epoch 1/100
Training loss: 38.24831
Validation loss: 18.86692
New best model saved at epoch 1 with loss 18.86692
First epoch took 13.53 seconds.
Estimated total program duration: 5.64 hours
Estimated program end time (KST): 2024/11/18 18:37:27
Epoch 2/100
Training loss: 4.49266
Validation loss: 11.22598
New best model saved at epoch 2 with loss 11.22598
Epoch 3/100
Training loss: 2.10933
Validation loss: 8.29150
New best model saved at epoch 3 with loss 8.29150
Epoch 4/100
Training loss: 1.50164
Validation loss: 7.35928
New best model saved at epoch 4 with loss 7.35928
Epoch 5/100
Training loss: 1.25501
Validation loss: 6.84173
New best model saved at epoch 5 with loss 6.84173
Epoch 6/100
Training loss: 1.04759
Validation loss: 6.55240
New best model saved at epoch 6 with loss 6.55240
Epoch 7/100
Training loss: 0.80593
Validation loss: 6.45423
New best model saved at epoch 7 with loss 6.45423
Epoch 8/100
Training loss: 0.71128
Validation loss: 5.99490
New best model saved at epoch 8 with loss 5.99490
Epoch 9/100
Training loss: 0.73618
Validation loss: 6.13056
Epoch 10/100
Training loss: 0.61199
Validation loss: 6.00328
Epoch 11/100
Training loss: 0.66943
Validation loss: 6.00361
Epoch 12/100
Training loss: 0.53234
Validation loss: 5.42045
New best model saved at epoch 12 with loss 5.42045
Epoch 13/100
Training loss: 0.54537
Validation loss: 6.53092
Epoch 14/100
Training loss: 0.55234
Validation loss: 5.73390
Epoch 15/100
Training loss: 0.58192
Validation loss: 6.10940
Epoch 16/100
Training loss: 0.53689
Validation loss: 5.93996
Epoch 17/100
Training loss: 0.46861
Validation loss: 5.61416
Epoch 18/100
Training loss: 0.48930
Validation loss: 6.11193
Epoch 19/100
Training loss: 0.54451
Validation loss: 6.07775
Epoch 20/100
Training loss: 0.51055
Validation loss: 6.00934
Epoch 21/100
Training loss: 0.45919
Validation loss: 5.74008
Epoch 22/100
Training loss: 0.49777
Validation loss: 5.95052
Epoch 23/100
Training loss: 0.48336
Validation loss: 6.09655
Epoch 24/100
Training loss: 0.55317
Validation loss: 5.80067
Epoch 25/100
Training loss: 0.50408
Validation loss: 6.29289
Epoch 26/100
Training loss: 0.47370
Validation loss: 5.55160
Epoch 27/100
Training loss: 0.42730
Validation loss: 5.53805
Epoch 28/100
Training loss: 0.45594
Validation loss: 5.72736
Epoch 29/100
Training loss: 0.44138
Validation loss: 5.47868
Epoch 30/100
Training loss: 0.39444
Validation loss: 5.68002
Epoch 31/100
Training loss: 0.43598
Validation loss: 5.46814
Epoch 32/100
Training loss: 0.42712
Validation loss: 5.54093
Epoch 33/100
Training loss: 0.42173
Validation loss: 5.37603
New best model saved at epoch 33 with loss 5.37603
Epoch 34/100
Training loss: 0.42507
Validation loss: 5.87457
Epoch 35/100
Training loss: 0.43528
Validation loss: 5.38470
Epoch 36/100
Training loss: 0.39510
Validation loss: 5.41970
Epoch 37/100
Training loss: 0.38762
Validation loss: 5.61576
Epoch 38/100
Training loss: 0.40467
Validation loss: 5.53523
Epoch 39/100
Training loss: 0.42375
Validation loss: 5.03551
New best model saved at epoch 39 with loss 5.03551
Epoch 40/100
Training loss: 0.42396
Validation loss: 5.38035
Epoch 41/100
Training loss: 0.36864
Validation loss: 5.57191
Epoch 42/100
Training loss: 0.43765
Validation loss: 5.23503
Epoch 43/100
Training loss: 0.34171
Validation loss: 5.11630
Epoch 44/100
Training loss: 0.32836
Validation loss: 5.13856
Epoch 45/100
Training loss: 0.35287
Validation loss: 5.60841
Epoch 46/100
Training loss: 0.33855
Validation loss: 5.12782
Epoch 47/100
Training loss: 0.33542
Validation loss: 5.36431
Epoch 48/100
Training loss: 0.33011
Validation loss: 5.32814
Epoch 49/100
Training loss: 0.30708
Validation loss: 5.37685
Epoch 50/100
Training loss: 0.32135
Validation loss: 5.33109
Epoch 51/100
Training loss: 0.33400
Validation loss: 5.51150
Epoch 52/100
Training loss: 0.32044
Validation loss: 5.07639
Epoch 53/100
Training loss: 0.36248
Validation loss: 5.22782
Epoch 54/100
Training loss: 0.34500
Validation loss: 5.23041
Epoch 55/100
Training loss: 0.31959
Validation loss: 5.06022
Epoch 56/100
Training loss: 0.34934
Validation loss: 4.87946
New best model saved at epoch 56 with loss 4.87946
Epoch 57/100
Training loss: 0.32079
Validation loss: 5.27025
Epoch 58/100
Training loss: 0.28783
Validation loss: 4.80662
New best model saved at epoch 58 with loss 4.80662
Epoch 59/100
Training loss: 0.26837
Validation loss: 4.94258
Epoch 60/100
Training loss: 0.32726
Validation loss: 4.68606
New best model saved at epoch 60 with loss 4.68606
Epoch 61/100
Training loss: 0.27180
Validation loss: 5.27903
Epoch 62/100
Training loss: 0.30712
Validation loss: 5.03119
Epoch 63/100
Training loss: 0.29524
Validation loss: 5.19404
Epoch 64/100
Training loss: 0.27041
Validation loss: 5.11472
Epoch 65/100
Training loss: 0.28909
Validation loss: 5.36921
Epoch 66/100
Training loss: 0.29414
Validation loss: 4.94256
Epoch 67/100
Training loss: 0.29518
Validation loss: 4.88341
Epoch 68/100
Training loss: 0.25942
Validation loss: 5.01148
Epoch 69/100
Training loss: 0.26012
Validation loss: 4.84674
Epoch 70/100
Training loss: 0.25678
Validation loss: 5.57072
Epoch 71/100
Training loss: 0.29018
Validation loss: 4.95286
Epoch 72/100
Training loss: 0.25079
Validation loss: 4.96557
Epoch 73/100
Training loss: 0.28317
Validation loss: 4.90744
Epoch 74/100
Training loss: 0.29559
Validation loss: 4.99343
Epoch 75/100
Training loss: 0.28996
Validation loss: 5.09975
Epoch 76/100
Training loss: 0.29123
Validation loss: 4.82658
Epoch 77/100
Training loss: 0.27441
Validation loss: 5.23932
Epoch 78/100
Training loss: 0.25216
Validation loss: 4.57111
New best model saved at epoch 78 with loss 4.57111
Epoch 79/100
Training loss: 0.26729
Validation loss: 5.26610
Epoch 80/100
Training loss: 0.27315
Validation loss: 5.13059
Epoch 81/100
Training loss: 0.25759
Validation loss: 5.32103
Epoch 82/100
Training loss: 0.24590
Validation loss: 5.39218
Epoch 83/100
Training loss: 0.23472
Validation loss: 5.45243
Epoch 84/100
Training loss: 0.25249
Validation loss: 5.05314
Epoch 85/100
Training loss: 0.24953
Validation loss: 4.93148
Epoch 86/100
Training loss: 0.24190
Validation loss: 4.83348
Epoch 87/100
Training loss: 0.25845
Validation loss: 4.66294
Epoch 88/100
Training loss: 0.26577
Validation loss: 5.24908
Epoch 89/100
Training loss: 0.22914
Validation loss: 4.89820
Epoch 90/100
Training loss: 0.24206
Validation loss: 4.76167
Epoch 91/100
Training loss: 0.26111
Validation loss: 4.80352
Epoch 92/100
Training loss: 0.24773
Validation loss: 4.86528
Epoch 93/100
Training loss: 0.22327
Validation loss: 5.01910
Epoch 94/100
Training loss: 0.23512
Validation loss: 4.79558
Epoch 95/100
Training loss: 0.21100
Validation loss: 4.73912
Epoch 96/100
Training loss: 0.24520
Validation loss: 4.65752
Epoch 97/100
Training loss: 0.21700
Validation loss: 4.78695
Epoch 98/100
Training loss: 0.22796
Validation loss: 5.08291
Epoch 99/100
Training loss: 0.22950
Validation loss: 4.69416
Epoch 100/100
Training loss: 0.20253
Validation loss: 4.69524
Best model for fold 1 saved from epoch 78 with f1 4.57111
Final training loss: 0.20253
Final test loss: 4.69524
Fold 2
Model loaded successfully from ./pretrained_model/64_to_256_3layers.ckpt
device : cuda
Model not found at ./model/city_and_forest_wba_value_whole_features_16frames/piece_size_5_fix_False/fold_2/fly_model.ckpt
Epoch 1/100
Training loss: 38.69319
Validation loss: 9.13758
New best model saved at epoch 1 with loss 9.13758
First epoch took 13.64 seconds.
Estimated total program duration: 5.68 hours
Estimated program end time (KST): 2024/11/18 19:02:16
Epoch 2/100
Training loss: 3.98782
Validation loss: 8.87405
New best model saved at epoch 2 with loss 8.87405
Epoch 3/100
Training loss: 2.30388
Validation loss: 6.71336
New best model saved at epoch 3 with loss 6.71336
Epoch 4/100
Training loss: 1.57646
Validation loss: 5.72041
New best model saved at epoch 4 with loss 5.72041
Epoch 5/100
Training loss: 1.11863
Validation loss: 5.44993
New best model saved at epoch 5 with loss 5.44993
Epoch 6/100
Training loss: 1.04759
Validation loss: 6.52738
Epoch 7/100
Training loss: 0.95801
Validation loss: 5.87862
Epoch 8/100
Training loss: 0.86587
Validation loss: 5.57672
Epoch 9/100
Training loss: 0.77361
Validation loss: 5.95838
Epoch 10/100
Training loss: 0.71837
Validation loss: 5.71964
Epoch 11/100
Training loss: 0.73733
Validation loss: 6.26726
Epoch 12/100
Training loss: 0.75213
Validation loss: 5.62518
Epoch 13/100
Training loss: 0.59455
Validation loss: 5.64590
Epoch 14/100
Training loss: 0.59534
Validation loss: 5.69383
Epoch 15/100
Training loss: 0.52904
Validation loss: 5.12881
New best model saved at epoch 15 with loss 5.12881
Epoch 16/100
Training loss: 0.50850
Validation loss: 5.54090
Epoch 17/100
Training loss: 0.52391
Validation loss: 5.19444
Epoch 18/100
Training loss: 0.50170
Validation loss: 5.83666
Epoch 19/100
Training loss: 0.54611
Validation loss: 5.12466
New best model saved at epoch 19 with loss 5.12466
Epoch 20/100
Training loss: 0.51818
Validation loss: 5.17142
Epoch 21/100
Training loss: 0.53476
Validation loss: 5.52787
Epoch 22/100
Training loss: 0.50084
Validation loss: 5.41169
Epoch 23/100
Training loss: 0.49666
Validation loss: 5.55873
Epoch 24/100
Training loss: 0.50952
Validation loss: 5.37229
Epoch 25/100
Training loss: 0.47383
Validation loss: 5.18511
Epoch 26/100
Training loss: 0.50011
Validation loss: 5.41409
Epoch 27/100
Training loss: 0.49121
Validation loss: 5.18152
Epoch 28/100
Training loss: 0.46259
Validation loss: 5.71133
Epoch 29/100
Training loss: 0.44528
Validation loss: 5.47552
Epoch 30/100
Training loss: 0.46721
Validation loss: 5.37802
Epoch 31/100
Training loss: 0.42315
Validation loss: 5.82952
Epoch 32/100
Training loss: 0.45759
Validation loss: 4.71148
New best model saved at epoch 32 with loss 4.71148
Epoch 33/100
Training loss: 0.40713
Validation loss: 5.59401
Epoch 34/100
Training loss: 0.40541
Validation loss: 5.24208
Epoch 35/100
Training loss: 0.43074
Validation loss: 5.18151
Epoch 36/100
Training loss: 0.39118
Validation loss: 5.11876
Epoch 37/100
Training loss: 0.42529
Validation loss: 4.57708
New best model saved at epoch 37 with loss 4.57708
Epoch 38/100
Training loss: 0.46487
Validation loss: 5.01629
Epoch 39/100
Training loss: 0.43503
Validation loss: 5.25724
Epoch 40/100
Training loss: 0.38981
Validation loss: 5.74607
Epoch 41/100
Training loss: 0.42816
Validation loss: 4.86946
Epoch 42/100
Training loss: 0.41939
Validation loss: 5.08295
Epoch 43/100
Training loss: 0.37997
Validation loss: 5.61374
Epoch 44/100
Training loss: 0.35429
Validation loss: 5.38748
Epoch 45/100
Training loss: 0.35056
Validation loss: 5.15833
Epoch 46/100
Training loss: 0.35758
Validation loss: 5.05629
Epoch 47/100
Training loss: 0.37503
Validation loss: 5.61724
Epoch 48/100
Training loss: 0.38906
Validation loss: 5.21536
Epoch 49/100
Training loss: 0.42119
Validation loss: 4.94450
Epoch 50/100
Training loss: 0.36748
Validation loss: 5.01936
Epoch 51/100
Training loss: 0.30776
Validation loss: 5.10264
Epoch 52/100
Training loss: 0.28875
Validation loss: 5.17390
Epoch 53/100
Training loss: 0.36533
Validation loss: 5.51705
Epoch 54/100
Training loss: 0.35807
Validation loss: 5.15518
Epoch 55/100
Training loss: 0.33162
Validation loss: 4.66683
Epoch 56/100
Training loss: 0.33359
Validation loss: 4.95103
Epoch 57/100
Training loss: 0.34361
Validation loss: 5.33128
Epoch 58/100
Training loss: 0.31906
Validation loss: 4.79552
Epoch 59/100
Training loss: 0.29294
Validation loss: 5.25455
Epoch 60/100
Training loss: 0.30487
Validation loss: 5.29584
Epoch 61/100
Training loss: 0.32043
Validation loss: 5.04760
Epoch 62/100
Training loss: 0.29618
Validation loss: 4.78769
Epoch 63/100
Training loss: 0.31652
Validation loss: 4.88111
Epoch 64/100
Training loss: 0.40816
Validation loss: 4.87585
Epoch 65/100
Training loss: 0.30660
Validation loss: 5.09008
Epoch 66/100
Training loss: 0.30110
Validation loss: 4.92865
Epoch 67/100
Training loss: 0.31402
Validation loss: 4.92088
Epoch 68/100
Training loss: 0.27874
Validation loss: 4.83983
Epoch 69/100
Training loss: 0.30916
Validation loss: 4.66366
Epoch 70/100
Training loss: 0.37365
Validation loss: 4.75081
Epoch 71/100
Training loss: 0.31344
Validation loss: 4.95311
Epoch 72/100
Training loss: 0.27791
Validation loss: 4.80802
Epoch 73/100
Training loss: 0.32882
Validation loss: 4.88276
Epoch 74/100
Training loss: 0.27731
Validation loss: 4.75920
Epoch 75/100
Training loss: 0.29476
Validation loss: 4.65221
Epoch 76/100
Training loss: 0.27516
Validation loss: 4.86232
Epoch 77/100
Training loss: 0.29110
Validation loss: 5.07010
Epoch 78/100
Training loss: 0.27805
Validation loss: 5.99490
Epoch 79/100
Training loss: 0.29364
Validation loss: 4.76038
Epoch 80/100
Training loss: 0.28368
Validation loss: 5.08519
Epoch 81/100
Training loss: 0.30271
Validation loss: 4.70638
Epoch 82/100
Training loss: 0.23964
Validation loss: 4.95249
Epoch 83/100
Training loss: 0.28099
Validation loss: 4.84313
Epoch 84/100
Training loss: 0.25198
Validation loss: 5.03502
Epoch 85/100
Training loss: 0.23453
Validation loss: 5.02864
Epoch 86/100
Training loss: 0.28070
Validation loss: 4.80487
Epoch 87/100
Training loss: 0.30529
Validation loss: 5.21690
Epoch 88/100
Training loss: 0.26073
Validation loss: 5.17857
Epoch 89/100
Training loss: 0.23489
Validation loss: 5.00147
Epoch 90/100
Training loss: 0.22814
Validation loss: 4.96353
Epoch 91/100
Training loss: 0.26179
Validation loss: 4.83088
Epoch 92/100
Training loss: 0.22098
Validation loss: 4.83091
Epoch 93/100
Training loss: 0.22001
Validation loss: 5.04550
Epoch 94/100
Training loss: 0.24081
Validation loss: 4.81268
Epoch 95/100
Training loss: 0.24099
Validation loss: 5.38862
Epoch 96/100
Training loss: 0.27758
Validation loss: 5.00476
Epoch 97/100
Training loss: 0.25326
Validation loss: 5.23286
Epoch 98/100
Training loss: 0.22109
Validation loss: 5.14503
Epoch 99/100
Training loss: 0.25006
Validation loss: 5.61230
Epoch 100/100
Training loss: 0.21877
Validation loss: 5.35835
Best model for fold 2 saved from epoch 37 with f1 4.57708
Final training loss: 0.21877
Final test loss: 5.35835
Fold 3
Model loaded successfully from ./pretrained_model/64_to_256_3layers.ckpt
device : cuda
Model not found at ./model/city_and_forest_wba_value_whole_features_16frames/piece_size_5_fix_False/fold_3/fly_model.ckpt
Epoch 1/100
Training loss: 29.76990
Validation loss: 12.74698
New best model saved at epoch 1 with loss 12.74698
First epoch took 13.53 seconds.
Estimated total program duration: 5.64 hours
Estimated program end time (KST): 2024/11/18 19:21:31
Epoch 2/100
Training loss: 3.62691
Validation loss: 9.17728
New best model saved at epoch 2 with loss 9.17728
Epoch 3/100
Training loss: 1.82985
Validation loss: 9.59331
Epoch 4/100
Training loss: 1.38096
Validation loss: 9.59529
Epoch 5/100
Training loss: 1.10707
Validation loss: 9.39415
Epoch 6/100
Training loss: 1.02924
Validation loss: 9.63940
Epoch 7/100
Training loss: 0.93521
Validation loss: 9.57384
Epoch 8/100
Training loss: 0.76110
Validation loss: 9.68954
Epoch 9/100
Training loss: 0.70672
Validation loss: 9.51912
Epoch 10/100
Training loss: 0.72034
Validation loss: 9.36089
Epoch 11/100
Training loss: 0.60110
Validation loss: 9.48243
Epoch 12/100
Training loss: 0.55273
Validation loss: 9.27890
Epoch 13/100
Training loss: 0.64716
Validation loss: 8.72453
New best model saved at epoch 13 with loss 8.72453
Epoch 14/100
Training loss: 0.59388
Validation loss: 8.30706
New best model saved at epoch 14 with loss 8.30706
Epoch 15/100
Training loss: 0.56014
Validation loss: 8.70660
Epoch 16/100
Training loss: 0.48754
Validation loss: 8.62384
Epoch 17/100
Training loss: 0.54411
Validation loss: 9.27627
Epoch 18/100
Training loss: 0.50611
Validation loss: 8.88292
Epoch 19/100
Training loss: 0.51250
Validation loss: 9.41368
Epoch 20/100
Training loss: 0.51188
Validation loss: 9.77293
Epoch 21/100
Training loss: 0.50183
Validation loss: 9.04023
Epoch 22/100
Training loss: 0.47295
Validation loss: 9.38573
Epoch 23/100
Training loss: 0.50470
Validation loss: 8.82910
Epoch 24/100
Training loss: 0.44548
Validation loss: 9.03242
Epoch 25/100
Training loss: 0.46481
Validation loss: 8.53381
Epoch 26/100
Training loss: 0.50920
Validation loss: 9.05351
Epoch 27/100
Training loss: 0.43653
Validation loss: 9.13187
Epoch 28/100
Training loss: 0.45082
Validation loss: 9.38505
Epoch 29/100
Training loss: 0.41871
Validation loss: 9.53090
Epoch 30/100
Training loss: 0.46747
Validation loss: 9.30039
Epoch 31/100
Training loss: 0.41658
Validation loss: 9.58283
Epoch 32/100
Training loss: 0.39811
Validation loss: 9.06214
Epoch 33/100
Training loss: 0.38320
Validation loss: 9.13265
Epoch 34/100
Training loss: 0.40467
Validation loss: 8.83115
Epoch 35/100
Training loss: 0.37892
Validation loss: 9.37577
Epoch 36/100
Training loss: 0.40943
Validation loss: 8.66165
Epoch 37/100
Training loss: 0.40886
Validation loss: 10.60996
Epoch 38/100
Training loss: 0.35586
Validation loss: 9.43248
Epoch 39/100
Training loss: 0.37808
Validation loss: 9.71089
Epoch 40/100
Training loss: 0.37836
Validation loss: 8.99853
Epoch 41/100
Training loss: 0.36981
Validation loss: 9.49613
Epoch 42/100
Training loss: 0.37903
Validation loss: 9.69667
Epoch 43/100
Training loss: 0.38264
Validation loss: 9.38917
Epoch 44/100
Training loss: 0.29367
Validation loss: 9.36411
Epoch 45/100
Training loss: 0.42922
Validation loss: 9.90770
Epoch 46/100
Training loss: 0.34997
Validation loss: 9.22471
Epoch 47/100
Training loss: 0.31810
Validation loss: 9.29793
Epoch 48/100
Training loss: 0.33239
Validation loss: 10.05970
Epoch 49/100
Training loss: 0.36076
Validation loss: 8.92810
Epoch 50/100
Training loss: 0.33119
Validation loss: 9.86193
Epoch 51/100
Training loss: 0.32594
Validation loss: 9.19418
Epoch 52/100
Training loss: 0.32787
Validation loss: 8.97229
Epoch 53/100
Training loss: 0.30517
Validation loss: 9.64603
Epoch 54/100
Training loss: 0.33401
Validation loss: 9.59326
Epoch 55/100
Training loss: 0.28735
Validation loss: 9.46180
Epoch 56/100
Training loss: 0.35982
Validation loss: 9.16433
Epoch 57/100
Training loss: 0.31024
Validation loss: 9.39213
Epoch 58/100
Training loss: 0.32130
Validation loss: 9.01538
Epoch 59/100
Training loss: 0.34994
Validation loss: 9.55878
Epoch 60/100
Training loss: 0.31183
Validation loss: 9.54025
Epoch 61/100
Training loss: 0.27731
Validation loss: 9.36278
Epoch 62/100
Training loss: 0.27754
Validation loss: 10.12913
Epoch 63/100
Training loss: 0.32449
Validation loss: 9.73614
Epoch 64/100
Training loss: 0.31160
Validation loss: 9.00571
Epoch 65/100
Training loss: 0.28761
Validation loss: 8.55830
Epoch 66/100
Training loss: 0.29661
Validation loss: 8.68778
Epoch 67/100
Training loss: 0.26064
Validation loss: 8.86818
Epoch 68/100
Training loss: 0.28909
Validation loss: 9.21688
Epoch 69/100
Training loss: 0.25862
Validation loss: 9.53747
Epoch 70/100
Training loss: 0.26021
Validation loss: 9.08878
Epoch 71/100
Training loss: 0.23833
Validation loss: 9.14814
Epoch 72/100
Training loss: 0.22979
Validation loss: 9.57506
Epoch 73/100
Training loss: 0.26044
Validation loss: 9.29934
Epoch 74/100
Training loss: 0.28428
Validation loss: 9.02182
Epoch 75/100
Training loss: 0.23191
Validation loss: 9.42630
Epoch 76/100
Training loss: 0.23893
Validation loss: 10.28324
Epoch 77/100
Training loss: 0.27277
Validation loss: 10.27967
Epoch 78/100
Training loss: 0.25152
Validation loss: 9.62418
Epoch 79/100
Training loss: 0.27495
Validation loss: 9.00112
Epoch 80/100
Training loss: 0.23929
Validation loss: 10.01151
Epoch 81/100
Training loss: 0.27413
Validation loss: 9.35223
Epoch 82/100
Training loss: 0.25481
Validation loss: 9.54919
Epoch 83/100
Training loss: 0.25616
Validation loss: 8.84401
Epoch 84/100
Training loss: 0.22932
Validation loss: 9.69167
Epoch 85/100
Training loss: 0.27568
Validation loss: 9.48518
Epoch 86/100
Training loss: 0.23819
Validation loss: 9.98350
Epoch 87/100
Training loss: 0.20865
Validation loss: 9.48463
Epoch 88/100
Training loss: 0.23539
Validation loss: 9.75597
Epoch 89/100
Training loss: 0.22803
Validation loss: 9.24950
Epoch 90/100
Training loss: 0.23546
Validation loss: 9.58865
Epoch 91/100
Training loss: 0.25524
Validation loss: 8.89396
Epoch 92/100
Training loss: 0.24392
Validation loss: 9.94935
Epoch 93/100
Training loss: 0.23276
Validation loss: 8.81977
Epoch 94/100
Training loss: 0.25344
Validation loss: 9.42063
Epoch 95/100
Training loss: 0.22045
Validation loss: 9.58121
Epoch 96/100
Training loss: 0.20486
Validation loss: 9.47256
Epoch 97/100
Training loss: 0.21561
Validation loss: 8.82060
Epoch 98/100
Training loss: 0.22417
Validation loss: 9.52265
Epoch 99/100
Training loss: 0.23271
Validation loss: 9.23027
Epoch 100/100
Training loss: 0.22269
Validation loss: 9.46580
Best model for fold 3 saved from epoch 14 with f1 8.30706
Final training loss: 0.22269
Final test loss: 9.46580
All fold val losses: [4.571111009671138, 4.57708268899184, 8.307064423194298]
Average val loss: 5.81842
Fold 1
Model loaded successfully from ./pretrained_model/64_to_256_3layers.ckpt
device : cuda
Model not found at ./model/city_and_forest_wba_value_whole_features_16frames/piece_size_10_fix_False/fold_1/fly_model.ckpt
Epoch 1/100
Training loss: 31.94637
Validation loss: 29.87453
New best model saved at epoch 1 with loss 29.87453
First epoch took 13.96 seconds.
Estimated total program duration: 5.82 hours
Estimated program end time (KST): 2024/11/18 19:54:14
Epoch 2/100
Training loss: 5.00987
Validation loss: 14.93489
New best model saved at epoch 2 with loss 14.93489
Epoch 3/100
Training loss: 2.07923
Validation loss: 9.60041
New best model saved at epoch 3 with loss 9.60041
Epoch 4/100
Training loss: 1.51626
Validation loss: 9.29480
New best model saved at epoch 4 with loss 9.29480
Epoch 5/100
Training loss: 1.25040
Validation loss: 7.81678
New best model saved at epoch 5 with loss 7.81678
Epoch 6/100
Training loss: 1.05629
Validation loss: 7.56120
New best model saved at epoch 6 with loss 7.56120
Epoch 7/100
Training loss: 0.99169
Validation loss: 6.52063
New best model saved at epoch 7 with loss 6.52063
Epoch 8/100
Training loss: 0.80305
Validation loss: 6.93776
Epoch 9/100
Training loss: 0.85698
Validation loss: 6.24165
New best model saved at epoch 9 with loss 6.24165
Epoch 10/100
Training loss: 0.85374
Validation loss: 5.98639
New best model saved at epoch 10 with loss 5.98639
Epoch 11/100
Training loss: 0.77617
Validation loss: 4.82055
New best model saved at epoch 11 with loss 4.82055
Epoch 12/100
Training loss: 0.76885
Validation loss: 4.95294
Epoch 13/100
Training loss: 0.69864
Validation loss: 5.59704
Epoch 14/100
Training loss: 0.71140
Validation loss: 4.77500
New best model saved at epoch 14 with loss 4.77500
Epoch 15/100
Training loss: 0.59819
Validation loss: 4.62845
New best model saved at epoch 15 with loss 4.62845
Epoch 16/100
Training loss: 0.60870
Validation loss: 5.11884
Epoch 17/100
Training loss: 0.57727
Validation loss: 3.94871
New best model saved at epoch 17 with loss 3.94871
Epoch 18/100
Training loss: 0.52820
Validation loss: 5.37275
Epoch 19/100
Training loss: 0.60295
Validation loss: 5.60034
Epoch 20/100
Training loss: 0.57552
Validation loss: 3.66132
New best model saved at epoch 20 with loss 3.66132
Epoch 21/100
Training loss: 0.58301
Validation loss: 4.90831
Epoch 22/100
Training loss: 0.52411
Validation loss: 4.26570
Epoch 23/100
Training loss: 0.56070
Validation loss: 5.28596
Epoch 24/100
Training loss: 0.51141
Validation loss: 4.29655
Epoch 25/100
Training loss: 0.47909
Validation loss: 4.26973
Epoch 26/100
Training loss: 0.52121
Validation loss: 4.48095
Epoch 27/100
Training loss: 0.49802
Validation loss: 4.99025
Epoch 28/100
Training loss: 0.50757
Validation loss: 4.36339
Epoch 29/100
Training loss: 0.44965
Validation loss: 4.45489
Epoch 30/100
Training loss: 0.47191
Validation loss: 4.32558
Epoch 31/100
Training loss: 0.46221
Validation loss: 3.46083
New best model saved at epoch 31 with loss 3.46083
Epoch 32/100
Training loss: 0.48225
Validation loss: 4.08041
Epoch 33/100
Training loss: 0.46512
Validation loss: 3.71356
Epoch 34/100
Training loss: 0.41569
Validation loss: 3.63099
Epoch 35/100
Training loss: 0.47271
Validation loss: 3.62236
Epoch 36/100
Training loss: 0.40290
Validation loss: 3.65691
Epoch 37/100
Training loss: 0.45140
Validation loss: 3.96350
Epoch 38/100
Training loss: 0.48881
Validation loss: 3.54491
Epoch 39/100
Training loss: 0.41389
Validation loss: 4.24366
Epoch 40/100
Training loss: 0.42917
Validation loss: 4.34702
Epoch 41/100
Training loss: 0.42610
Validation loss: 3.41467
New best model saved at epoch 41 with loss 3.41467
Epoch 42/100
Training loss: 0.41755
Validation loss: 4.20466
Epoch 43/100
Training loss: 0.44373
Validation loss: 4.07971
Epoch 44/100
Training loss: 0.41850
Validation loss: 3.56685
Epoch 45/100
Training loss: 0.45923
Validation loss: 4.18204
Epoch 46/100
Training loss: 0.38299
Validation loss: 3.87287
Epoch 47/100
Training loss: 0.40213
Validation loss: 3.61000
Epoch 48/100
Training loss: 0.40651
Validation loss: 4.03830
Epoch 49/100
Training loss: 0.32958
Validation loss: 3.37840
New best model saved at epoch 49 with loss 3.37840
Epoch 50/100
Training loss: 0.40298
Validation loss: 4.15993
Epoch 51/100
Training loss: 0.37038
Validation loss: 3.65415
Epoch 52/100
Training loss: 0.38660
Validation loss: 3.57838
Epoch 53/100
Training loss: 0.37255
Validation loss: 3.34442
New best model saved at epoch 53 with loss 3.34442
Epoch 54/100
Training loss: 0.35506
Validation loss: 3.10270
New best model saved at epoch 54 with loss 3.10270
Epoch 55/100
Training loss: 0.43427
Validation loss: 3.48289
Epoch 56/100
Training loss: 0.35343
Validation loss: 3.87870
Epoch 57/100
Training loss: 0.36488
Validation loss: 3.38257
Epoch 58/100
Training loss: 0.37339
Validation loss: 3.46835
Epoch 59/100
Training loss: 0.34021
Validation loss: 3.58421
Epoch 60/100
Training loss: 0.35256
Validation loss: 3.46393
Epoch 61/100
Training loss: 0.32342
Validation loss: 3.10470
Epoch 62/100
Training loss: 0.36908
Validation loss: 3.31932
Epoch 63/100
Training loss: 0.38341
Validation loss: 3.83853
Epoch 64/100
Training loss: 0.33312
Validation loss: 3.67945
Epoch 65/100
Training loss: 0.31463
Validation loss: 3.79425
Epoch 66/100
Training loss: 0.34307
Validation loss: 3.43528
Epoch 67/100
Training loss: 0.31675
Validation loss: 3.77654
Epoch 68/100
Training loss: 0.31195
Validation loss: 3.61693
Epoch 69/100
Training loss: 0.31937
Validation loss: 3.89532
Epoch 70/100
Training loss: 0.28596
Validation loss: 3.33523
Epoch 71/100
Training loss: 0.28320
Validation loss: 3.34627
Epoch 72/100
Training loss: 0.30343
Validation loss: 3.58798
Epoch 73/100
Training loss: 0.29085
Validation loss: 3.44498
Epoch 74/100
Training loss: 0.32420
Validation loss: 3.61739
Epoch 75/100
Training loss: 0.28927
Validation loss: 3.24209
Epoch 76/100
Training loss: 0.29695
Validation loss: 3.03201
New best model saved at epoch 76 with loss 3.03201
Epoch 77/100
Training loss: 0.26974
Validation loss: 3.64607
Epoch 78/100
Training loss: 0.29697
Validation loss: 3.71196
Epoch 79/100
Training loss: 0.26862
Validation loss: 3.20059
Epoch 80/100
Training loss: 0.30607
Validation loss: 3.42926
Epoch 81/100
Training loss: 0.25987
Validation loss: 3.62899
Epoch 82/100
Training loss: 0.33256
Validation loss: 3.71446
Epoch 83/100
Training loss: 0.30919
Validation loss: 3.36841
Epoch 84/100
Training loss: 0.27695
Validation loss: 3.62879
Epoch 85/100
Training loss: 0.27195
Validation loss: 3.28535
Epoch 86/100
Training loss: 0.30004
Validation loss: 3.67722
Epoch 87/100
Training loss: 0.31400
Validation loss: 3.55428
Epoch 88/100
Training loss: 0.27310
Validation loss: 3.64660
Epoch 89/100
Training loss: 0.26596
Validation loss: 3.35609
Epoch 90/100
Training loss: 0.34274
Validation loss: 3.58910
Epoch 91/100
Training loss: 0.29581
Validation loss: 3.52979
Epoch 92/100
Training loss: 0.28876
Validation loss: 3.68019
Epoch 93/100
Training loss: 0.25008
Validation loss: 3.16447
Epoch 94/100
Training loss: 0.28780
Validation loss: 3.49123
Epoch 95/100
Training loss: 0.26660
Validation loss: 3.58961
Epoch 96/100
Training loss: 0.26413
Validation loss: 3.39972
Epoch 97/100
Training loss: 0.23927
Validation loss: 3.68756
Epoch 98/100
Training loss: 0.25267
Validation loss: 3.37930
Epoch 99/100
Training loss: 0.26360
Validation loss: 3.75514
Epoch 100/100
Training loss: 0.25963
Validation loss: 3.60034
Best model for fold 1 saved from epoch 76 with f1 3.03201
Final training loss: 0.25963
Final test loss: 3.60034
Fold 2
Model loaded successfully from ./pretrained_model/64_to_256_3layers.ckpt
device : cuda
Model not found at ./model/city_and_forest_wba_value_whole_features_16frames/piece_size_10_fix_False/fold_2/fly_model.ckpt
Epoch 1/100
Training loss: 41.07516
Validation loss: 19.06866
New best model saved at epoch 1 with loss 19.06866
First epoch took 13.85 seconds.
Estimated total program duration: 5.77 hours
Estimated program end time (KST): 2024/11/18 20:14:13
Epoch 2/100
Training loss: 4.42810
Validation loss: 12.44510
New best model saved at epoch 2 with loss 12.44510
Epoch 3/100
Training loss: 2.41877
Validation loss: 11.11636
New best model saved at epoch 3 with loss 11.11636
Epoch 4/100
Training loss: 1.52593
Validation loss: 11.43217
Epoch 5/100
Training loss: 1.16307
Validation loss: 9.48299
New best model saved at epoch 5 with loss 9.48299
Epoch 6/100
Training loss: 1.04242
Validation loss: 9.10353
New best model saved at epoch 6 with loss 9.10353
Epoch 7/100
Training loss: 0.85716
Validation loss: 8.46439
New best model saved at epoch 7 with loss 8.46439
Epoch 8/100
Training loss: 0.86657
Validation loss: 8.61313
Epoch 9/100
Training loss: 0.74672
Validation loss: 7.99166
New best model saved at epoch 9 with loss 7.99166
Epoch 10/100
Training loss: 0.74307
Validation loss: 7.77680
New best model saved at epoch 10 with loss 7.77680
Epoch 11/100
Training loss: 0.70316
Validation loss: 7.94224
Epoch 12/100
Training loss: 0.72755
Validation loss: 8.09948
Epoch 13/100
Training loss: 0.62802
Validation loss: 8.25372
Epoch 14/100
Training loss: 0.58092
Validation loss: 7.98830
Epoch 15/100
Training loss: 0.58567
Validation loss: 7.52490
New best model saved at epoch 15 with loss 7.52490
Epoch 16/100
Training loss: 0.56523
Validation loss: 7.06607
New best model saved at epoch 16 with loss 7.06607
Epoch 17/100
Training loss: 0.52645
Validation loss: 7.77099
Epoch 18/100
Training loss: 0.51702
Validation loss: 8.03175
Epoch 19/100
Training loss: 0.57157
Validation loss: 7.38553
Epoch 20/100
Training loss: 0.53519
Validation loss: 7.96438
Epoch 21/100
Training loss: 0.47167
Validation loss: 7.45786
Epoch 22/100
Training loss: 0.47183
Validation loss: 7.40949
Epoch 23/100
Training loss: 0.52918
Validation loss: 7.29586
Epoch 24/100
Training loss: 0.51219
Validation loss: 7.77947
Epoch 25/100
Training loss: 0.52662
Validation loss: 6.82600
New best model saved at epoch 25 with loss 6.82600
Epoch 26/100
Training loss: 0.49210
Validation loss: 7.31825
Epoch 27/100
Training loss: 0.47744
Validation loss: 7.09608
Epoch 28/100
Training loss: 0.40237
Validation loss: 6.90627
Epoch 29/100
Training loss: 0.49151
Validation loss: 7.60187
Epoch 30/100
Training loss: 0.44235
Validation loss: 7.40204
Epoch 31/100
Training loss: 0.44997
Validation loss: 7.13883
Epoch 32/100
Training loss: 0.39882
Validation loss: 7.15007
Epoch 33/100
Training loss: 0.42660
Validation loss: 7.09684
Epoch 34/100
Training loss: 0.39653
Validation loss: 6.99274
Epoch 35/100
Training loss: 0.41278
Validation loss: 7.24379
Epoch 36/100
Training loss: 0.41611
Validation loss: 7.25499
Epoch 37/100
Training loss: 0.42532
Validation loss: 7.29265
Epoch 38/100
Training loss: 0.39195
Validation loss: 6.98352
Epoch 39/100
Training loss: 0.40394
Validation loss: 7.04423
Epoch 40/100
Training loss: 0.43106
Validation loss: 6.95324
Epoch 41/100
Training loss: 0.39408
Validation loss: 7.06688
Epoch 42/100
Training loss: 0.37562
Validation loss: 7.44892
Epoch 43/100
Training loss: 0.38921
Validation loss: 7.11416
Epoch 44/100
Training loss: 0.33977
Validation loss: 7.18781
Epoch 45/100
Training loss: 0.34668
Validation loss: 7.28379
Epoch 46/100
Training loss: 0.37560
Validation loss: 6.79523
New best model saved at epoch 46 with loss 6.79523
Epoch 47/100
Training loss: 0.37409
Validation loss: 7.16627
Epoch 48/100
Training loss: 0.36075
Validation loss: 7.14571
Epoch 49/100
Training loss: 0.39529
Validation loss: 6.87039
Epoch 50/100
Training loss: 0.36413
Validation loss: 7.60861
Epoch 51/100
Training loss: 0.39709
Validation loss: 7.02581
Epoch 52/100
Training loss: 0.33510
Validation loss: 7.02411
Epoch 53/100
Training loss: 0.33227
Validation loss: 7.03261
Epoch 54/100
Training loss: 0.37160
Validation loss: 7.34471
Epoch 55/100
Training loss: 0.35121
Validation loss: 6.78045
New best model saved at epoch 55 with loss 6.78045
Epoch 56/100
Training loss: 0.32054
Validation loss: 6.83737
Epoch 57/100
Training loss: 0.29245
Validation loss: 7.30243
Epoch 58/100
Training loss: 0.29804
Validation loss: 7.14074
Epoch 59/100
Training loss: 0.32627
Validation loss: 6.87548
Epoch 60/100
Training loss: 0.35929
Validation loss: 7.29287
Epoch 61/100
Training loss: 0.30254
Validation loss: 6.98955
Epoch 62/100
Training loss: 0.30542
Validation loss: 7.14483
Epoch 63/100
Training loss: 0.28198
Validation loss: 7.06215
Epoch 64/100
Training loss: 0.30007
Validation loss: 6.67369
New best model saved at epoch 64 with loss 6.67369
Epoch 65/100
Training loss: 0.31698
Validation loss: 6.96197
Epoch 66/100
Training loss: 0.32114
Validation loss: 6.84176
Epoch 67/100
Training loss: 0.30077
Validation loss: 6.73256
Epoch 68/100
Training loss: 0.30157
Validation loss: 7.41800
Epoch 69/100
Training loss: 0.29320
Validation loss: 6.97165
Epoch 70/100
Training loss: 0.26675
Validation loss: 7.16179
Epoch 71/100
Training loss: 0.27297
Validation loss: 7.01641
Epoch 72/100
Training loss: 0.32263
Validation loss: 6.86006
Epoch 73/100
Training loss: 0.27100
Validation loss: 6.97127
Epoch 74/100
Training loss: 0.27198
Validation loss: 6.66471
New best model saved at epoch 74 with loss 6.66471
Epoch 75/100
Training loss: 0.29555
Validation loss: 6.79106
Epoch 76/100
Training loss: 0.29116
Validation loss: 7.10686
Epoch 77/100
Training loss: 0.29087
Validation loss: 6.69430
Epoch 78/100
Training loss: 0.29496
Validation loss: 6.88712
Epoch 79/100
Training loss: 0.26657
Validation loss: 6.82042
Epoch 80/100
Training loss: 0.22541
Validation loss: 6.64053
New best model saved at epoch 80 with loss 6.64053
Epoch 81/100
Training loss: 0.27862
Validation loss: 7.23837
Epoch 82/100
Training loss: 0.26211
Validation loss: 6.99944
Epoch 83/100
Training loss: 0.26326
Validation loss: 6.99258
Epoch 84/100
Training loss: 0.26081
Validation loss: 6.83941
Epoch 85/100
Training loss: 0.26686
Validation loss: 7.06918
Epoch 86/100
Training loss: 0.25155
Validation loss: 6.91211
Epoch 87/100
Training loss: 0.25614
Validation loss: 6.94303
Epoch 88/100
Training loss: 0.22608
Validation loss: 6.57946
New best model saved at epoch 88 with loss 6.57946
Epoch 89/100
Training loss: 0.24229
Validation loss: 6.48216
New best model saved at epoch 89 with loss 6.48216
Epoch 90/100
Training loss: 0.25347
Validation loss: 6.60613
Epoch 91/100
Training loss: 0.24698
Validation loss: 6.78191
Epoch 92/100
Training loss: 0.25200
Validation loss: 6.44251
New best model saved at epoch 92 with loss 6.44251
Epoch 93/100
Training loss: 0.24654
Validation loss: 6.69895
Epoch 94/100
Training loss: 0.23134
Validation loss: 6.57368
Epoch 95/100
Training loss: 0.24545
Validation loss: 6.38397
New best model saved at epoch 95 with loss 6.38397
Epoch 96/100
Training loss: 0.25639
Validation loss: 6.46822
Epoch 97/100
Training loss: 0.25369
Validation loss: 6.69491
Epoch 98/100
Training loss: 0.23446
Validation loss: 6.91386
Epoch 99/100
Training loss: 0.23333
Validation loss: 6.55304
Epoch 100/100
Training loss: 0.23871
Validation loss: 6.72254
Best model for fold 2 saved from epoch 95 with f1 6.38397
Final training loss: 0.23871
Final test loss: 6.72254
Fold 3
Model loaded successfully from ./pretrained_model/64_to_256_3layers.ckpt
device : cuda
Model not found at ./model/city_and_forest_wba_value_whole_features_16frames/piece_size_10_fix_False/fold_3/fly_model.ckpt
Epoch 1/100
Training loss: 31.17791
Validation loss: 21.70550
New best model saved at epoch 1 with loss 21.70550
First epoch took 13.91 seconds.
Estimated total program duration: 5.80 hours
Estimated program end time (KST): 2024/11/18 20:38:25
Epoch 2/100
Training loss: 3.90742
Validation loss: 12.85076
New best model saved at epoch 2 with loss 12.85076
Epoch 3/100
Training loss: 2.00516
Validation loss: 9.74694
New best model saved at epoch 3 with loss 9.74694
Epoch 4/100
Training loss: 1.45095
Validation loss: 9.38278
New best model saved at epoch 4 with loss 9.38278
Epoch 5/100
Training loss: 1.11062
Validation loss: 8.56784
New best model saved at epoch 5 with loss 8.56784
Epoch 6/100
Training loss: 1.05467
Validation loss: 8.67224
Epoch 7/100
Training loss: 0.87828
Validation loss: 8.79450
Epoch 8/100
Training loss: 0.86346
Validation loss: 8.94364
Epoch 9/100
Training loss: 0.84991
Validation loss: 8.58417
Epoch 10/100
Training loss: 0.75109
Validation loss: 7.93638
New best model saved at epoch 10 with loss 7.93638
Epoch 11/100
Training loss: 0.68822
Validation loss: 8.70709
Epoch 12/100
Training loss: 0.62306
Validation loss: 8.67600
Epoch 13/100
Training loss: 0.63772
Validation loss: 8.53256
Epoch 14/100
Training loss: 0.59526
Validation loss: 8.23201
Epoch 15/100
Training loss: 0.63074
Validation loss: 8.54470
Epoch 16/100
Training loss: 0.56608
Validation loss: 8.18473
Epoch 17/100
Training loss: 0.54026
Validation loss: 7.69857
New best model saved at epoch 17 with loss 7.69857
Epoch 18/100
Training loss: 0.53465
Validation loss: 8.37213
Epoch 19/100
Training loss: 0.46802
Validation loss: 8.54555
Epoch 20/100
Training loss: 0.53185
Validation loss: 8.27094
Epoch 21/100
Training loss: 0.49818
Validation loss: 8.24697
Epoch 22/100
Training loss: 0.52309
Validation loss: 8.42925
Epoch 23/100
Training loss: 0.49131
Validation loss: 8.37885
Epoch 24/100
Training loss: 0.45242
Validation loss: 8.31231
Epoch 25/100
Training loss: 0.43576
Validation loss: 8.40595
Epoch 26/100
Training loss: 0.44656
Validation loss: 8.14709
Epoch 27/100
Training loss: 0.47929
Validation loss: 8.32935
Epoch 28/100
Training loss: 0.42521
Validation loss: 8.09578
Epoch 29/100
Training loss: 0.44376
Validation loss: 8.53456
Epoch 30/100
Training loss: 0.40080
Validation loss: 8.56876
Epoch 31/100
Training loss: 0.40697
Validation loss: 8.06549
Epoch 32/100
Training loss: 0.41121
Validation loss: 7.93467
Epoch 33/100
Training loss: 0.41701
Validation loss: 8.15309
Epoch 34/100
Training loss: 0.38380
Validation loss: 8.37939
Epoch 35/100
Training loss: 0.45629
Validation loss: 8.60015
Epoch 36/100
Training loss: 0.39166
Validation loss: 8.85152
Epoch 37/100
Training loss: 0.36694
Validation loss: 7.99820
Epoch 38/100
Training loss: 0.38186
Validation loss: 8.94883
Epoch 39/100
Training loss: 0.40143
Validation loss: 8.64820
Epoch 40/100
Training loss: 0.37100
Validation loss: 7.97573
Epoch 41/100
Training loss: 0.38915
Validation loss: 8.31095
Epoch 42/100
Training loss: 0.34253
Validation loss: 8.14617
Epoch 43/100
Training loss: 0.37618
Validation loss: 8.68680
Epoch 44/100
Training loss: 0.32262
Validation loss: 7.98076
Epoch 45/100
Training loss: 0.34069
Validation loss: 8.61867
Epoch 46/100
Training loss: 0.36085
Validation loss: 8.37422
Epoch 47/100
Training loss: 0.34806
Validation loss: 8.57986
Epoch 48/100
Training loss: 0.31429
Validation loss: 8.47088
Epoch 49/100
Training loss: 0.34008
Validation loss: 8.46608
Epoch 50/100
Training loss: 0.34760
Validation loss: 7.97371
Epoch 51/100
Training loss: 0.32314
Validation loss: 8.41810
Epoch 52/100
Training loss: 0.36667
Validation loss: 8.20934
Epoch 53/100
Training loss: 0.31395
Validation loss: 8.16283
Epoch 54/100
Training loss: 0.34519
Validation loss: 8.53909
Epoch 55/100
Training loss: 0.35315
Validation loss: 8.13721
Epoch 56/100
Training loss: 0.31890
Validation loss: 8.38781
Epoch 57/100
Training loss: 0.35826
Validation loss: 8.47201
Epoch 58/100
Training loss: 0.29503
Validation loss: 8.43819
Epoch 59/100
Training loss: 0.35637
Validation loss: 8.75223
Epoch 60/100
Training loss: 0.31580
Validation loss: 8.34785
Epoch 61/100
Training loss: 0.28191
Validation loss: 8.47450
Epoch 62/100
Training loss: 0.30660
Validation loss: 8.58092
Epoch 63/100
Training loss: 0.31046
Validation loss: 8.46044
Epoch 64/100
Training loss: 0.28453
Validation loss: 8.41420
Epoch 65/100
Training loss: 0.30928
Validation loss: 8.64036
Epoch 66/100
Training loss: 0.31059
Validation loss: 8.68207
Epoch 67/100
Training loss: 0.25491
Validation loss: 8.45232
Epoch 68/100
Training loss: 0.26645
Validation loss: 8.45626
Epoch 69/100
Training loss: 0.30121
Validation loss: 8.30928
Epoch 70/100
Training loss: 0.26685
Validation loss: 8.11231
Epoch 71/100
Training loss: 0.26802
Validation loss: 8.29587
Epoch 72/100
Training loss: 0.28214
Validation loss: 8.27830
Epoch 73/100
Training loss: 0.27962
Validation loss: 8.55613
Epoch 74/100
Training loss: 0.27759
Validation loss: 8.55673
Epoch 75/100
Training loss: 0.29261
Validation loss: 8.04343
Epoch 76/100
Training loss: 0.24870
Validation loss: 8.13258
Epoch 77/100
Training loss: 0.26702
Validation loss: 8.50409
Epoch 78/100
Training loss: 0.27567
Validation loss: 8.07203
Epoch 79/100
Training loss: 0.22744
Validation loss: 8.67966
Epoch 80/100
Training loss: 0.28134
Validation loss: 8.08263
Epoch 81/100
Training loss: 0.25862
Validation loss: 8.86450
Epoch 82/100
Training loss: 0.25805
Validation loss: 8.40113
Epoch 83/100
Training loss: 0.27321
Validation loss: 8.33473
Epoch 84/100
Training loss: 0.27906
Validation loss: 8.82124
Epoch 85/100
Training loss: 0.32385
Validation loss: 8.60672
Epoch 86/100
Training loss: 0.24945
Validation loss: 8.60343
Epoch 87/100
Training loss: 0.23307
Validation loss: 8.86173
Epoch 88/100
Training loss: 0.24381
Validation loss: 8.67798
Epoch 89/100
Training loss: 0.23700
Validation loss: 8.50053
Epoch 90/100
Training loss: 0.22363
Validation loss: 8.95668
Epoch 91/100
Training loss: 0.29022
Validation loss: 8.57680
Epoch 92/100
Training loss: 0.22705
Validation loss: 8.38819
Epoch 93/100
Training loss: 0.24494
Validation loss: 8.02081
Epoch 94/100
Training loss: 0.21665
Validation loss: 8.32356
Epoch 95/100
Training loss: 0.22106
Validation loss: 8.20886
Epoch 96/100
Training loss: 0.23588
Validation loss: 8.61518
Epoch 97/100
Training loss: 0.20989
Validation loss: 8.38969
Epoch 98/100
Training loss: 0.22368
Validation loss: 8.48849
Epoch 99/100
Training loss: 0.19484
Validation loss: 8.44417
Epoch 100/100
Training loss: 0.24999
Validation loss: 8.09669
Best model for fold 3 saved from epoch 17 with f1 7.69857
Final training loss: 0.24999
Final test loss: 8.09669
All fold val losses: [3.032011777162552, 6.383965204159419, 7.698566913604736]
Average val loss: 5.70485
Fold 1
Model loaded successfully from ./pretrained_model/64_to_256_3layers.ckpt
device : cuda
Model not found at ./model/city_and_forest_wba_value_whole_features_16frames/piece_size_20_fix_False/fold_1/fly_model.ckpt
Epoch 1/100
Training loss: 30.98109
Validation loss: 14.66490
New best model saved at epoch 1 with loss 14.66490
First epoch took 13.95 seconds.
Estimated total program duration: 5.81 hours
Estimated program end time (KST): 2024/11/18 21:01:52
Epoch 2/100
Training loss: 3.90898
Validation loss: 9.57825
New best model saved at epoch 2 with loss 9.57825
Epoch 3/100
Training loss: 1.97953
Validation loss: 9.01962
New best model saved at epoch 3 with loss 9.01962
Epoch 4/100
Training loss: 1.39281
Validation loss: 7.10713
New best model saved at epoch 4 with loss 7.10713
Epoch 5/100
Training loss: 1.14225
Validation loss: 7.08143
New best model saved at epoch 5 with loss 7.08143
Epoch 6/100
Training loss: 0.91971
Validation loss: 7.44361
Epoch 7/100
Training loss: 0.84427
Validation loss: 6.50580
New best model saved at epoch 7 with loss 6.50580
Epoch 8/100
Training loss: 0.71395
Validation loss: 6.17860
New best model saved at epoch 8 with loss 6.17860
Epoch 9/100
Training loss: 0.67320
Validation loss: 6.28168
Epoch 10/100
Training loss: 0.61361
Validation loss: 6.55461
Epoch 11/100
Training loss: 0.61649
Validation loss: 6.43891
Epoch 12/100
Training loss: 0.58390
Validation loss: 6.05808
New best model saved at epoch 12 with loss 6.05808
Epoch 13/100
Training loss: 0.58329
Validation loss: 6.10462
Epoch 14/100
Training loss: 0.53888
Validation loss: 6.08046
Epoch 15/100
Training loss: 0.51965
Validation loss: 6.03252
New best model saved at epoch 15 with loss 6.03252
Epoch 16/100
Training loss: 0.53740
Validation loss: 5.70398
New best model saved at epoch 16 with loss 5.70398
Epoch 17/100
Training loss: 0.47553
Validation loss: 6.03190
Epoch 18/100
Training loss: 0.48628
Validation loss: 6.05182
Epoch 19/100
Training loss: 0.46907
Validation loss: 5.77407
Epoch 20/100
Training loss: 0.47022
Validation loss: 6.61145
Epoch 21/100
Training loss: 0.50368
Validation loss: 6.45041
Epoch 22/100
Training loss: 0.41861
Validation loss: 6.42076
Epoch 23/100
Training loss: 0.50434
Validation loss: 6.95049
Epoch 24/100
Training loss: 0.43019
Validation loss: 5.98575
Epoch 25/100
Training loss: 0.44563
Validation loss: 6.17068
Epoch 26/100
Training loss: 0.49094
Validation loss: 6.37000
Epoch 27/100
Training loss: 0.47940
Validation loss: 6.39262
Epoch 28/100
Training loss: 0.45777
Validation loss: 6.34834
Epoch 29/100
Training loss: 0.45810
Validation loss: 6.35099
Epoch 30/100
Training loss: 0.43488
Validation loss: 6.44256
Epoch 31/100
Training loss: 0.41141
Validation loss: 6.50771
Epoch 32/100
Training loss: 0.37090
Validation loss: 6.13064
Epoch 33/100
Training loss: 0.38216
Validation loss: 6.39798
Epoch 34/100
Training loss: 0.37691
Validation loss: 6.48061
Epoch 35/100
Training loss: 0.41760
Validation loss: 6.79948
Epoch 36/100
Training loss: 0.42840
Validation loss: 6.05930
Epoch 37/100
Training loss: 0.36732
Validation loss: 6.61040
Epoch 38/100
Training loss: 0.35679
Validation loss: 6.14942
Epoch 39/100
Training loss: 0.35691
Validation loss: 6.26211
Epoch 40/100
Training loss: 0.37360
Validation loss: 6.80921
Epoch 41/100
Training loss: 0.32752
Validation loss: 6.36724
Epoch 42/100
Training loss: 0.34686
Validation loss: 6.37860
Epoch 43/100
Training loss: 0.37574
Validation loss: 6.97330
Epoch 44/100
Training loss: 0.32344
Validation loss: 6.09902
Epoch 45/100
Training loss: 0.34146
Validation loss: 6.20335
Epoch 46/100
Training loss: 0.37521
Validation loss: 6.36571
Epoch 47/100
Training loss: 0.34276
Validation loss: 6.35879
Epoch 48/100
Training loss: 0.32704
Validation loss: 6.57462
Epoch 49/100
Training loss: 0.35702
Validation loss: 6.26828
Epoch 50/100
Training loss: 0.45606
Validation loss: 6.24160
Epoch 51/100
Training loss: 0.31481
Validation loss: 6.80093
Epoch 52/100
Training loss: 0.28440
Validation loss: 6.37531
Epoch 53/100
Training loss: 0.30555
Validation loss: 6.32896
Epoch 54/100
Training loss: 0.30679
Validation loss: 6.30934
Epoch 55/100
Training loss: 0.30009
Validation loss: 6.21032
Epoch 56/100
Training loss: 0.27903
Validation loss: 6.40644
Epoch 57/100
Training loss: 0.32213
Validation loss: 6.53844
Epoch 58/100
Training loss: 0.31329
Validation loss: 6.13212
Epoch 59/100
Training loss: 0.30905
Validation loss: 6.61150
Epoch 60/100
Training loss: 0.29516
Validation loss: 6.53190
Epoch 61/100
Training loss: 0.30251
Validation loss: 6.34018
Epoch 62/100
Training loss: 0.29738
Validation loss: 6.17702
Epoch 63/100
Training loss: 0.31844
Validation loss: 6.89412
Epoch 64/100
Training loss: 0.26564
Validation loss: 6.38258
Epoch 65/100
Training loss: 0.27470
Validation loss: 6.30262
Epoch 66/100
Training loss: 0.30400
Validation loss: 6.36048
Epoch 67/100
Training loss: 0.27831
Validation loss: 6.15420
Epoch 68/100
Training loss: 0.29025
Validation loss: 6.70484
Epoch 69/100
Training loss: 0.27183
Validation loss: 6.15182
Epoch 70/100
Training loss: 0.32042
Validation loss: 6.15940
Epoch 71/100
Training loss: 0.26886
Validation loss: 6.29004
Epoch 72/100
Training loss: 0.27878
Validation loss: 6.43792
Epoch 73/100
Training loss: 0.25686
Validation loss: 6.59168
Epoch 74/100
Training loss: 0.26682
Validation loss: 6.11694
Epoch 75/100
Training loss: 0.23884
Validation loss: 6.38430
Epoch 76/100
Training loss: 0.30641
Validation loss: 6.50421
Epoch 77/100
Training loss: 0.25474
Validation loss: 5.98287
Epoch 78/100
Training loss: 0.26049
Validation loss: 6.03538
Epoch 79/100
Training loss: 0.24551
Validation loss: 6.46980
Epoch 80/100
Training loss: 0.27602
Validation loss: 6.39053
Epoch 81/100
Training loss: 0.25289
Validation loss: 6.32733
Epoch 82/100
Training loss: 0.25789
Validation loss: 6.39895
Epoch 83/100
Training loss: 0.23440
Validation loss: 6.40882
Epoch 84/100
Training loss: 0.28271
Validation loss: 6.12913
Epoch 85/100
Training loss: 0.25613
Validation loss: 6.18835
Epoch 86/100
Training loss: 0.23650
Validation loss: 6.09435
Epoch 87/100
Training loss: 0.27984
Validation loss: 6.54244
Epoch 88/100
Training loss: 0.25925
Validation loss: 6.44595
Epoch 89/100
Training loss: 0.23850
Validation loss: 6.91653
Epoch 90/100
Training loss: 0.25488
Validation loss: 5.80251
Epoch 91/100
Training loss: 0.25267
Validation loss: 6.21161
Epoch 92/100
Training loss: 0.24627
Validation loss: 6.72396
Epoch 93/100
Training loss: 0.26093
Validation loss: 6.01500
Epoch 94/100
Training loss: 0.23033
Validation loss: 6.10231
Epoch 95/100
Training loss: 0.21806
Validation loss: 6.06470
Epoch 96/100
Training loss: 0.22472
Validation loss: 7.47161
Epoch 97/100
Training loss: 0.21396
Validation loss: 6.24264
Epoch 98/100
Training loss: 0.27642
Validation loss: 6.74425
Epoch 99/100
Training loss: 0.22865
Validation loss: 6.47472
Epoch 100/100
Training loss: 0.23624
Validation loss: 6.77215
Best model for fold 1 saved from epoch 16 with f1 5.70398
Final training loss: 0.23624
Final test loss: 6.77215
Fold 2
Model loaded successfully from ./pretrained_model/64_to_256_3layers.ckpt
device : cuda
Model not found at ./model/city_and_forest_wba_value_whole_features_16frames/piece_size_20_fix_False/fold_2/fly_model.ckpt
Epoch 1/100
Training loss: 30.94076
Validation loss: 57.53207
New best model saved at epoch 1 with loss 57.53207
First epoch took 13.95 seconds.
Estimated total program duration: 5.81 hours
Estimated program end time (KST): 2024/11/18 21:24:33
Epoch 2/100
Training loss: 4.05323
Validation loss: 28.50722
New best model saved at epoch 2 with loss 28.50722
Epoch 3/100
Training loss: 1.80823
Validation loss: 23.87180
New best model saved at epoch 3 with loss 23.87180
Epoch 4/100
Training loss: 1.35381
Validation loss: 17.92176
New best model saved at epoch 4 with loss 17.92176
Epoch 5/100
Training loss: 1.00459
Validation loss: 16.74025
New best model saved at epoch 5 with loss 16.74025
Epoch 6/100
Training loss: 0.87591
Validation loss: 16.78115
Epoch 7/100
Training loss: 0.74901
Validation loss: 12.28311
New best model saved at epoch 7 with loss 12.28311
Epoch 8/100
Training loss: 0.72310
Validation loss: 14.47461
Epoch 9/100
Training loss: 0.74789
Validation loss: 11.26579
New best model saved at epoch 9 with loss 11.26579
Epoch 10/100
Training loss: 0.66837
Validation loss: 10.21122
New best model saved at epoch 10 with loss 10.21122
Epoch 11/100
Training loss: 0.61838
Validation loss: 11.33990
Epoch 12/100
Training loss: 0.56197
Validation loss: 9.34890
New best model saved at epoch 12 with loss 9.34890
Epoch 13/100
Training loss: 0.50424
Validation loss: 9.81337
Epoch 14/100
Training loss: 0.55960
Validation loss: 10.16309
Epoch 15/100
Training loss: 0.58559
Validation loss: 8.67650
New best model saved at epoch 15 with loss 8.67650
Epoch 16/100
Training loss: 0.56106
Validation loss: 9.19065
Epoch 17/100
Training loss: 0.46414
Validation loss: 8.75162
Epoch 18/100
Training loss: 0.55290
Validation loss: 8.87424
Epoch 19/100
Training loss: 0.44728
Validation loss: 8.89759
Epoch 20/100
Training loss: 0.45431
Validation loss: 8.57140
New best model saved at epoch 20 with loss 8.57140
Epoch 21/100
Training loss: 0.46248
Validation loss: 8.15901
New best model saved at epoch 21 with loss 8.15901
Epoch 22/100
Training loss: 0.45555
Validation loss: 8.84967
Epoch 23/100
Training loss: 0.51593
Validation loss: 8.15050
New best model saved at epoch 23 with loss 8.15050
Epoch 24/100
Training loss: 0.45585
Validation loss: 7.67828
New best model saved at epoch 24 with loss 7.67828
Epoch 25/100
Training loss: 0.47531
Validation loss: 7.74815
Epoch 26/100
Training loss: 0.44233
Validation loss: 7.65406
New best model saved at epoch 26 with loss 7.65406
Epoch 27/100
Training loss: 0.36935
Validation loss: 8.78360
Epoch 28/100
Training loss: 0.41713
Validation loss: 7.67942
Epoch 29/100
Training loss: 0.42251
Validation loss: 7.79538
Epoch 30/100
Training loss: 0.49004
Validation loss: 7.48179
New best model saved at epoch 30 with loss 7.48179
Epoch 31/100
Training loss: 0.40554
Validation loss: 7.78151
Epoch 32/100
Training loss: 0.48034
Validation loss: 9.12590
Epoch 33/100
Training loss: 0.39295
Validation loss: 7.43670
New best model saved at epoch 33 with loss 7.43670
Epoch 34/100
Training loss: 0.38061
Validation loss: 7.33159
New best model saved at epoch 34 with loss 7.33159
Epoch 35/100
Training loss: 0.42781
Validation loss: 7.00361
New best model saved at epoch 35 with loss 7.00361
Epoch 36/100
Training loss: 0.38191
Validation loss: 8.32309
Epoch 37/100
Training loss: 0.38587
Validation loss: 7.84420
Epoch 38/100
Training loss: 0.41124
Validation loss: 7.57665
Epoch 39/100
Training loss: 0.37380
Validation loss: 7.32620
Epoch 40/100
Training loss: 0.33666
Validation loss: 7.96015
Epoch 41/100
Training loss: 0.35060
Validation loss: 8.10838
Epoch 42/100
Training loss: 0.35010
Validation loss: 7.58624
Epoch 43/100
Training loss: 0.35055
Validation loss: 7.82433
Epoch 44/100
Training loss: 0.37883
Validation loss: 7.99371
Epoch 45/100
Training loss: 0.30740
Validation loss: 7.78326
Epoch 46/100
Training loss: 0.29325
Validation loss: 7.40491
Epoch 47/100
Training loss: 0.34908
Validation loss: 7.69061
Epoch 48/100
Training loss: 0.36989
Validation loss: 7.59909
Epoch 49/100
Training loss: 0.45150
Validation loss: 8.26441
Epoch 50/100
Training loss: 0.33198
Validation loss: 7.30081
Epoch 51/100
Training loss: 0.27736
Validation loss: 7.17958
Epoch 52/100
Training loss: 0.32942
Validation loss: 7.25977
Epoch 53/100
Training loss: 0.34047
Validation loss: 7.42112
Epoch 54/100
Training loss: 0.29650
Validation loss: 8.75071
Epoch 55/100
Training loss: 0.28193
Validation loss: 7.44670
Epoch 56/100
Training loss: 0.28749
Validation loss: 7.35673
Epoch 57/100
Training loss: 0.30071
Validation loss: 7.78327
Epoch 58/100
Training loss: 0.32723
Validation loss: 7.55033
Epoch 59/100
Training loss: 0.30590
Validation loss: 7.93856
Epoch 60/100
Training loss: 0.27757
Validation loss: 7.10050
Epoch 61/100
Training loss: 0.27356
Validation loss: 7.56732
Epoch 62/100
Training loss: 0.27152
Validation loss: 7.27197
Epoch 63/100
Training loss: 0.30646
Validation loss: 7.63542
Epoch 64/100
Training loss: 0.31410
Validation loss: 7.43257
Epoch 65/100
Training loss: 0.28528
Validation loss: 7.25330
Epoch 66/100
Training loss: 0.26886
Validation loss: 7.99728
Epoch 67/100
Training loss: 0.23799
Validation loss: 7.31927
Epoch 68/100
Training loss: 0.30450
Validation loss: 7.55932
Epoch 69/100
Training loss: 0.28825
Validation loss: 7.23652
Epoch 70/100
Training loss: 0.29057
Validation loss: 7.12377
Epoch 71/100
Training loss: 0.32358
Validation loss: 7.33910
Epoch 72/100
Training loss: 0.30741
Validation loss: 6.99960
New best model saved at epoch 72 with loss 6.99960
Epoch 73/100
Training loss: 0.28029
Validation loss: 7.05923
Epoch 74/100
Training loss: 0.27819
Validation loss: 7.11805
Epoch 75/100
Training loss: 0.24852
Validation loss: 7.42658
Epoch 76/100
Training loss: 0.28578
Validation loss: 7.31453
Epoch 77/100
Training loss: 0.26872
Validation loss: 7.18875
Epoch 78/100
Training loss: 0.25049
Validation loss: 7.29081
Epoch 79/100
Training loss: 0.23880
Validation loss: 7.66680
Epoch 80/100
Training loss: 0.25974
Validation loss: 7.30329
Epoch 81/100
Training loss: 0.24076
Validation loss: 7.12813
Epoch 82/100
Training loss: 0.23925
Validation loss: 7.68927
Epoch 83/100
Training loss: 0.24364
Validation loss: 7.49981
Epoch 84/100
Training loss: 0.27800
Validation loss: 7.01165
Epoch 85/100
Training loss: 0.24904
Validation loss: 6.75835
New best model saved at epoch 85 with loss 6.75835
Epoch 86/100
Training loss: 0.23442
Validation loss: 7.29628
Epoch 87/100
Training loss: 0.25120
Validation loss: 7.60467
Epoch 88/100
Training loss: 0.23850
Validation loss: 7.13575
Epoch 89/100
Training loss: 0.25063
Validation loss: 7.71681
Epoch 90/100
Training loss: 0.21798
Validation loss: 7.05794
Epoch 91/100
Training loss: 0.23216
Validation loss: 7.54724
Epoch 92/100
Training loss: 0.23606
Validation loss: 7.01665
Epoch 93/100
Training loss: 0.24886
Validation loss: 8.19558
Epoch 94/100
Training loss: 0.26877
Validation loss: 7.13310
Epoch 95/100
Training loss: 0.23771
Validation loss: 7.51207
Epoch 96/100
Training loss: 0.23313
Validation loss: 7.62259
Epoch 97/100
Training loss: 0.21605
Validation loss: 7.57548
Epoch 98/100
Training loss: 0.22063
Validation loss: 7.14981
Epoch 99/100
Training loss: 0.22857
Validation loss: 7.61313
Epoch 100/100
Training loss: 0.22722
Validation loss: 7.20865
Best model for fold 2 saved from epoch 85 with f1 6.75835
Final training loss: 0.22722
Final test loss: 7.20865
Fold 3
Model loaded successfully from ./pretrained_model/64_to_256_3layers.ckpt
device : cuda
Model not found at ./model/city_and_forest_wba_value_whole_features_16frames/piece_size_20_fix_False/fold_3/fly_model.ckpt
Epoch 1/100
Training loss: 43.76960
Validation loss: 35.49887
New best model saved at epoch 1 with loss 35.49887
First epoch took 13.92 seconds.
Estimated total program duration: 5.80 hours
Estimated program end time (KST): 2024/11/18 21:46:33
Epoch 2/100
Training loss: 4.78265
Validation loss: 18.04267
New best model saved at epoch 2 with loss 18.04267
Epoch 3/100
Training loss: 2.58474
Validation loss: 19.82985
Epoch 4/100
Training loss: 1.87716
Validation loss: 14.52790
New best model saved at epoch 4 with loss 14.52790
Epoch 5/100
Training loss: 1.46328
Validation loss: 12.83193
New best model saved at epoch 5 with loss 12.83193
Epoch 6/100
Training loss: 1.20309
Validation loss: 11.06648
New best model saved at epoch 6 with loss 11.06648
Epoch 7/100
Training loss: 1.13666
Validation loss: 10.68518
New best model saved at epoch 7 with loss 10.68518
Epoch 8/100
Training loss: 0.95356
Validation loss: 8.64997
New best model saved at epoch 8 with loss 8.64997
Epoch 9/100
Training loss: 1.13977
Validation loss: 10.95048
Epoch 10/100
Training loss: 0.89732
Validation loss: 9.25134
Epoch 11/100
Training loss: 0.80064
Validation loss: 7.10621
New best model saved at epoch 11 with loss 7.10621
Epoch 12/100
Training loss: 0.70546
Validation loss: 7.36527
Epoch 13/100
Training loss: 0.76285
Validation loss: 7.51443
Epoch 14/100
Training loss: 0.76753
Validation loss: 6.67403
New best model saved at epoch 14 with loss 6.67403
Epoch 15/100
Training loss: 0.74464
Validation loss: 7.58778
Epoch 16/100
Training loss: 0.70587
Validation loss: 7.09250
Epoch 17/100
Training loss: 0.68068
Validation loss: 7.47746
Epoch 18/100
Training loss: 0.64315
Validation loss: 6.74538
Epoch 19/100
Training loss: 0.58656
Validation loss: 6.77202
Epoch 20/100
Training loss: 0.59822
Validation loss: 7.41032
Epoch 21/100
Training loss: 0.62766
Validation loss: 7.67045
Epoch 22/100
Training loss: 0.56532
Validation loss: 7.27662
Epoch 23/100
Training loss: 0.59135
Validation loss: 6.76789
Epoch 24/100
Training loss: 0.62885
Validation loss: 6.56874
New best model saved at epoch 24 with loss 6.56874
Epoch 25/100
Training loss: 0.53438
Validation loss: 7.09296
Epoch 26/100
Training loss: 0.50669
Validation loss: 5.54305
New best model saved at epoch 26 with loss 5.54305
Epoch 27/100
Training loss: 0.58401
Validation loss: 5.91624
Epoch 28/100
Training loss: 0.58270
Validation loss: 6.78672
Epoch 29/100
Training loss: 0.47192
Validation loss: 6.88449
Epoch 30/100
Training loss: 0.56477
Validation loss: 6.81895
Epoch 31/100
Training loss: 0.49528
Validation loss: 5.96283
Epoch 32/100
Training loss: 0.47683
Validation loss: 6.07598
Epoch 33/100
Training loss: 0.52059
Validation loss: 5.59989
Epoch 34/100
Training loss: 0.55264
Validation loss: 6.78410
Epoch 35/100
Training loss: 0.47724
Validation loss: 5.72431
Epoch 36/100
Training loss: 0.48136
Validation loss: 7.33238
Epoch 37/100
Training loss: 0.53625
Validation loss: 6.44739
Epoch 38/100
Training loss: 0.50285
Validation loss: 6.64109
Epoch 39/100
Training loss: 0.50024
Validation loss: 6.29181
Epoch 40/100
Training loss: 0.49771
Validation loss: 5.63846
Epoch 41/100
Training loss: 0.44045
Validation loss: 6.22946
Epoch 42/100
Training loss: 0.42215
Validation loss: 6.55751
Epoch 43/100
Training loss: 0.42375
Validation loss: 5.90467
Epoch 44/100
Training loss: 0.43533
Validation loss: 6.19732
Epoch 45/100
Training loss: 0.44783
Validation loss: 6.26171
Epoch 46/100
Training loss: 0.41968
Validation loss: 6.19382
Epoch 47/100
Training loss: 0.41125
Validation loss: 5.75919
Epoch 48/100
Training loss: 0.38081
Validation loss: 6.98995
Epoch 49/100
Training loss: 0.37761
Validation loss: 5.83937
Epoch 50/100
Training loss: 0.39906
Validation loss: 6.62317
Epoch 51/100
Training loss: 0.41106
Validation loss: 6.31073
Epoch 52/100
Training loss: 0.35942
Validation loss: 5.55603
Epoch 53/100
Training loss: 0.36603
Validation loss: 6.40772
Epoch 54/100
Training loss: 0.34895
Validation loss: 6.47384
Epoch 55/100
Training loss: 0.36433
Validation loss: 6.54317
Epoch 56/100
Training loss: 0.38119
Validation loss: 6.36597
Epoch 57/100
Training loss: 0.44561
Validation loss: 6.20417
Epoch 58/100
Training loss: 0.44017
Validation loss: 6.41971
Epoch 59/100
Training loss: 0.35696
Validation loss: 5.81417
Epoch 60/100
Training loss: 0.37448
Validation loss: 5.88742
Epoch 61/100
Training loss: 0.37260
Validation loss: 5.47843
New best model saved at epoch 61 with loss 5.47843
Epoch 62/100
Training loss: 0.38500
Validation loss: 5.67963
Epoch 63/100
Training loss: 0.32878
Validation loss: 5.76581
Epoch 64/100
Training loss: 0.30050
Validation loss: 5.78197
Epoch 65/100
Training loss: 0.35170
Validation loss: 5.71270
Epoch 66/100
Training loss: 0.33257
Validation loss: 6.31141
Epoch 67/100
Training loss: 0.32390
Validation loss: 6.44150
Epoch 68/100
Training loss: 0.30144
Validation loss: 5.85714
Epoch 69/100
Training loss: 0.29634
Validation loss: 5.76944
Epoch 70/100
Training loss: 0.30996
Validation loss: 5.79920
Epoch 71/100
Training loss: 0.31979
Validation loss: 6.02210
Epoch 72/100
Training loss: 0.33619
Validation loss: 5.69463
Epoch 73/100
Training loss: 0.31367
Validation loss: 5.70367
Epoch 74/100
Training loss: 0.32178
Validation loss: 5.54930
Epoch 75/100
Training loss: 0.29758
Validation loss: 5.86707
Epoch 76/100
Training loss: 0.26233
Validation loss: 5.50676
Epoch 77/100
Training loss: 0.27245
Validation loss: 5.51414
Epoch 78/100
Training loss: 0.28725
Validation loss: 6.26301
Epoch 79/100
Training loss: 0.33131
Validation loss: 5.55834
Epoch 80/100
Training loss: 0.33476
Validation loss: 5.63245
Epoch 81/100
Training loss: 0.32999
Validation loss: 6.07988
Epoch 82/100
Training loss: 0.27567
Validation loss: 5.74771
Epoch 83/100
Training loss: 0.27220
Validation loss: 6.05769
Epoch 84/100
Training loss: 0.25774
Validation loss: 6.34554
Epoch 85/100
Training loss: 0.29376
Validation loss: 5.68306
Epoch 86/100
Training loss: 0.28196
Validation loss: 6.37631
Epoch 87/100
Training loss: 0.27672
Validation loss: 6.31100
Epoch 88/100
Training loss: 0.29805
Validation loss: 6.00428
Epoch 89/100
Training loss: 0.26730
Validation loss: 6.38870
Epoch 90/100
Training loss: 0.28164
Validation loss: 6.30366
Epoch 91/100
Training loss: 0.27203
Validation loss: 6.38392
Epoch 92/100
Training loss: 0.27435
Validation loss: 5.95733
Epoch 93/100
Training loss: 0.26832
Validation loss: 6.83442
Epoch 94/100
Training loss: 0.26612
Validation loss: 6.28899
Epoch 95/100
Training loss: 0.25770
Validation loss: 5.67502
Epoch 96/100
Training loss: 0.26127
Validation loss: 6.04282
Epoch 97/100
Training loss: 0.24779
Validation loss: 6.03400
Epoch 98/100
Training loss: 0.23262
Validation loss: 5.98128
Epoch 99/100
Training loss: 0.23511
Validation loss: 6.93044
Epoch 100/100
Training loss: 0.22360
Validation loss: 5.69917
Best model for fold 3 saved from epoch 61 with f1 5.47843
Final training loss: 0.22360
Final test loss: 5.69917
All fold val losses: [5.7039766410986585, 6.758351822694142, 5.478434930245082]
Average val loss: 5.98025
Fold 1
Model loaded successfully from ./pretrained_model/64_to_256_3layers.ckpt
device : cuda
Model not found at ./model/city_and_forest_wba_value_whole_features_16frames/piece_size_40_fix_False/fold_1/fly_model.ckpt
Epoch 1/100
Training loss: 31.79734
Validation loss: 12.97608
New best model saved at epoch 1 with loss 12.97608
First epoch took 15.40 seconds.
Estimated total program duration: 6.42 hours
Estimated program end time (KST): 2024/11/18 22:46:16
Epoch 2/100
Training loss: 3.40978
Validation loss: 12.83556
New best model saved at epoch 2 with loss 12.83556
Epoch 3/100
Training loss: 1.88708
Validation loss: 11.05888
New best model saved at epoch 3 with loss 11.05888
Epoch 4/100
Training loss: 1.49567
Validation loss: 13.12515
Epoch 5/100
Training loss: 1.12355
Validation loss: 9.88235
New best model saved at epoch 5 with loss 9.88235
Epoch 6/100
Training loss: 0.98377
Validation loss: 10.32356
Epoch 7/100
Training loss: 0.84329
Validation loss: 11.12816
Epoch 8/100
Training loss: 0.83360
Validation loss: 9.47671
New best model saved at epoch 8 with loss 9.47671
Epoch 9/100
Training loss: 0.81893
Validation loss: 10.73287
Epoch 10/100
Training loss: 0.73275
Validation loss: 9.11035
New best model saved at epoch 10 with loss 9.11035
Epoch 11/100
Training loss: 0.65551
Validation loss: 10.62932
Epoch 12/100
Training loss: 0.62948
Validation loss: 10.16321
Epoch 13/100
Training loss: 0.59373
Validation loss: 8.91257
New best model saved at epoch 13 with loss 8.91257
Epoch 14/100
Training loss: 0.61741
Validation loss: 9.03346
Epoch 15/100
Training loss: 0.55879
Validation loss: 9.17740
Epoch 16/100
Training loss: 0.57706
Validation loss: 9.95515
Epoch 17/100
Training loss: 0.63197
Validation loss: 8.67589
New best model saved at epoch 17 with loss 8.67589
Epoch 18/100
Training loss: 0.54682
Validation loss: 9.98151
Epoch 19/100
Training loss: 0.52696
Validation loss: 9.39895
Epoch 20/100
Training loss: 0.53659
Validation loss: 9.36748
Epoch 21/100
Training loss: 0.59390
Validation loss: 10.00206
Epoch 22/100
Training loss: 0.52217
Validation loss: 9.22304
Epoch 23/100
Training loss: 0.55754
Validation loss: 9.43254
Epoch 24/100
Training loss: 0.52908
Validation loss: 10.72890
Epoch 25/100
Training loss: 0.51710
Validation loss: 10.42153
Epoch 26/100
Training loss: 0.47628
Validation loss: 9.50177
Epoch 27/100
Training loss: 0.45891
Validation loss: 9.83645
Epoch 28/100
Training loss: 0.38763
Validation loss: 9.39949
Epoch 29/100
Training loss: 0.46623
Validation loss: 9.92063
Epoch 30/100
Training loss: 0.47535
Validation loss: 8.70793
Epoch 31/100
Training loss: 0.43468
Validation loss: 8.85975
Epoch 32/100
Training loss: 0.48158
Validation loss: 9.76466
Epoch 33/100
Training loss: 0.41956
Validation loss: 9.13546
Epoch 34/100
Training loss: 0.45121
Validation loss: 9.21930
Epoch 35/100
Training loss: 0.44344
Validation loss: 9.47531
Epoch 36/100
Training loss: 0.38816
Validation loss: 9.34612
Epoch 37/100
Training loss: 0.40228
Validation loss: 9.21611
Epoch 38/100
Training loss: 0.36122
Validation loss: 9.27814
Epoch 39/100
Training loss: 0.39936
Validation loss: 9.67496
Epoch 40/100
Training loss: 0.40659
Validation loss: 10.10466
Epoch 41/100
Training loss: 0.41053
Validation loss: 9.11828
Epoch 42/100
Training loss: 0.38018
Validation loss: 10.34849
Epoch 43/100
Training loss: 0.35712
Validation loss: 8.81309
Epoch 44/100
Training loss: 0.44050
Validation loss: 9.89467
Epoch 45/100
Training loss: 0.37151
Validation loss: 9.57605
Epoch 46/100
Training loss: 0.37799
Validation loss: 8.65754
New best model saved at epoch 46 with loss 8.65754
Epoch 47/100
Training loss: 0.33266
Validation loss: 8.84521
Epoch 48/100
Training loss: 0.39401
Validation loss: 8.34748
New best model saved at epoch 48 with loss 8.34748
Epoch 49/100
Training loss: 0.31626
Validation loss: 9.68544
Epoch 50/100
Training loss: 0.33873
Validation loss: 9.50161
Epoch 51/100
Training loss: 0.34520
Validation loss: 10.32440
Epoch 52/100
Training loss: 0.33182
Validation loss: 8.64259
Epoch 53/100
Training loss: 0.34385
Validation loss: 9.31837
Epoch 54/100
Training loss: 0.29489
Validation loss: 9.07895
Epoch 55/100
Training loss: 0.31790
Validation loss: 10.07448
Epoch 56/100
Training loss: 0.34766
Validation loss: 9.86115
Epoch 57/100
Training loss: 0.28760
Validation loss: 9.05713
Epoch 58/100
Training loss: 0.32245
Validation loss: 9.52827
Epoch 59/100
Training loss: 0.35828
Validation loss: 9.29033
Epoch 60/100
Training loss: 0.32495
Validation loss: 8.45777
Epoch 61/100
Training loss: 0.27293
Validation loss: 9.65157
Epoch 62/100
Training loss: 0.30599
Validation loss: 9.26432
Epoch 63/100
Training loss: 0.32069
Validation loss: 8.25431
New best model saved at epoch 63 with loss 8.25431
Epoch 64/100
Training loss: 0.30157
Validation loss: 9.45391
Epoch 65/100
Training loss: 0.30641
Validation loss: 8.71861
Epoch 66/100
Training loss: 0.31672
Validation loss: 8.66510
Epoch 67/100
Training loss: 0.27928
Validation loss: 9.51244
Epoch 68/100
Training loss: 0.29359
Validation loss: 9.13930
Epoch 69/100
Training loss: 0.27900
Validation loss: 8.74907
Epoch 70/100
Training loss: 0.27656
Validation loss: 8.84127
Epoch 71/100
Training loss: 0.29017
Validation loss: 9.06880
Epoch 72/100
Training loss: 0.29466
Validation loss: 9.89239
Epoch 73/100
Training loss: 0.26727
Validation loss: 8.93156
Epoch 74/100
Training loss: 0.30815
Validation loss: 8.96588
Epoch 75/100
Training loss: 0.30642
Validation loss: 9.61044
Epoch 76/100
Training loss: 0.26885
Validation loss: 9.12157
Epoch 77/100
Training loss: 0.24377
Validation loss: 8.60597
Epoch 78/100
Training loss: 0.28533
Validation loss: 8.20950
New best model saved at epoch 78 with loss 8.20950
Epoch 79/100
Training loss: 0.26516
Validation loss: 8.65267
Epoch 80/100
Training loss: 0.26013
Validation loss: 9.08032
Epoch 81/100
Training loss: 0.29030
Validation loss: 8.90202
Epoch 82/100
Training loss: 0.25024
Validation loss: 8.47343
Epoch 83/100
Training loss: 0.23928
Validation loss: 9.01710
Epoch 84/100
Training loss: 0.24710
Validation loss: 9.15944
Epoch 85/100
Training loss: 0.27485
Validation loss: 9.43295
Epoch 86/100
Training loss: 0.22924
Validation loss: 8.60055
Epoch 87/100
Training loss: 0.23577
Validation loss: 8.64424
Epoch 88/100
Training loss: 0.23089
Validation loss: 8.61013
Epoch 89/100
Training loss: 0.24467
Validation loss: 9.01718
Epoch 90/100
Training loss: 0.26767
Validation loss: 8.77550
Epoch 91/100
Training loss: 0.24140
Validation loss: 9.26427
Epoch 92/100
Training loss: 0.23718
Validation loss: 9.13063
Epoch 93/100
Training loss: 0.24589
Validation loss: 7.84070
New best model saved at epoch 93 with loss 7.84070
Epoch 94/100
Training loss: 0.21743
Validation loss: 9.02283
Epoch 95/100
Training loss: 0.26264
Validation loss: 8.91114
Epoch 96/100
Training loss: 0.20396
Validation loss: 8.68983
Epoch 97/100
Training loss: 0.22219
Validation loss: 8.48288
Epoch 98/100
Training loss: 0.20562
Validation loss: 9.39250
Epoch 99/100
Training loss: 0.22629
Validation loss: 8.95522
Epoch 100/100
Training loss: 0.22326
Validation loss: 8.50122
Best model for fold 1 saved from epoch 93 with f1 7.84070
Final training loss: 0.22326
Final test loss: 8.50122
Fold 2
Model loaded successfully from ./pretrained_model/64_to_256_3layers.ckpt
device : cuda
Model not found at ./model/city_and_forest_wba_value_whole_features_16frames/piece_size_40_fix_False/fold_2/fly_model.ckpt
Epoch 1/100
Training loss: 29.24854
Validation loss: 31.62562
New best model saved at epoch 1 with loss 31.62562
First epoch took 15.40 seconds.
Estimated total program duration: 6.42 hours
Estimated program end time (KST): 2024/11/18 23:11:12
Epoch 2/100
Training loss: 3.24741
Validation loss: 16.88845
New best model saved at epoch 2 with loss 16.88845
Epoch 3/100
Training loss: 2.01924
Validation loss: 14.24635
New best model saved at epoch 3 with loss 14.24635
Epoch 4/100
Training loss: 1.39100
Validation loss: 12.91166
New best model saved at epoch 4 with loss 12.91166
Epoch 5/100
Training loss: 0.98842
Validation loss: 11.50308
New best model saved at epoch 5 with loss 11.50308
Epoch 6/100
Training loss: 0.93641
Validation loss: 10.91022
New best model saved at epoch 6 with loss 10.91022
Epoch 7/100
Training loss: 0.80270
Validation loss: 10.87553
New best model saved at epoch 7 with loss 10.87553
Epoch 8/100
Training loss: 0.71842
Validation loss: 10.23237
New best model saved at epoch 8 with loss 10.23237
Epoch 9/100
Training loss: 0.71796
Validation loss: 8.88155
New best model saved at epoch 9 with loss 8.88155
Epoch 10/100
Training loss: 0.61940
Validation loss: 8.77590
New best model saved at epoch 10 with loss 8.77590
Epoch 11/100
Training loss: 0.61785
Validation loss: 8.91607
Epoch 12/100
Training loss: 0.56102
Validation loss: 9.00783
Epoch 13/100
Training loss: 0.55707
Validation loss: 9.74163
Epoch 14/100
Training loss: 0.54722
Validation loss: 8.51926
New best model saved at epoch 14 with loss 8.51926
Epoch 15/100
Training loss: 0.52173
Validation loss: 8.39210
New best model saved at epoch 15 with loss 8.39210
Epoch 16/100
Training loss: 0.50881
Validation loss: 8.50655
Epoch 17/100
Training loss: 0.51376
Validation loss: 8.82738
Epoch 18/100
Training loss: 0.47566
Validation loss: 7.69331
New best model saved at epoch 18 with loss 7.69331
Epoch 19/100
Training loss: 0.45022
Validation loss: 8.96404
Epoch 20/100
Training loss: 0.49854
Validation loss: 8.25392
Epoch 21/100
Training loss: 0.50530
Validation loss: 7.72365
Epoch 22/100
Training loss: 0.45296
Validation loss: 8.30662
Epoch 23/100
Training loss: 0.45790
Validation loss: 7.34584
New best model saved at epoch 23 with loss 7.34584
Epoch 24/100
Training loss: 0.57458
Validation loss: 7.22874
New best model saved at epoch 24 with loss 7.22874
Epoch 25/100
Training loss: 0.56180
Validation loss: 7.55510
Epoch 26/100
Training loss: 0.45387
Validation loss: 8.24621
Epoch 27/100
Training loss: 0.48266
Validation loss: 7.92985
Epoch 28/100
Training loss: 0.40717
Validation loss: 8.56542
Epoch 29/100
Training loss: 0.43751
Validation loss: 8.15088
Epoch 30/100
Training loss: 0.45581
Validation loss: 8.47183
Epoch 31/100
Training loss: 0.43633
Validation loss: 7.99368
Epoch 32/100
Training loss: 0.40655
Validation loss: 7.48179
Epoch 33/100
Training loss: 0.46869
Validation loss: 7.47487
Epoch 34/100
Training loss: 0.39540
Validation loss: 7.70474
Epoch 35/100
Training loss: 0.42148
Validation loss: 7.29846
Epoch 36/100
Training loss: 0.42436
Validation loss: 8.85102
Epoch 37/100
Training loss: 0.42673
Validation loss: 8.00601
Epoch 38/100
Training loss: 0.44063
Validation loss: 7.60845
Epoch 39/100
Training loss: 0.38098
Validation loss: 8.20255
Epoch 40/100
Training loss: 0.34237
Validation loss: 7.53936
Epoch 41/100
Training loss: 0.34864
Validation loss: 7.88289
Epoch 42/100
Training loss: 0.44443
Validation loss: 7.31070
Epoch 43/100
Training loss: 0.34414
Validation loss: 7.61226
Epoch 44/100
Training loss: 0.37562
Validation loss: 7.45746
Epoch 45/100
Training loss: 0.34777
Validation loss: 8.23959
Epoch 46/100
Training loss: 0.30360
Validation loss: 7.46465
Epoch 47/100
Training loss: 0.37611
Validation loss: 7.23948
Epoch 48/100
Training loss: 0.33367
Validation loss: 7.71535
Epoch 49/100
Training loss: 0.33063
Validation loss: 7.78725
Epoch 50/100
Training loss: 0.34185
Validation loss: 7.32592
Epoch 51/100
Training loss: 0.33163
Validation loss: 8.09797
Epoch 52/100
Training loss: 0.34720
Validation loss: 7.58419
Epoch 53/100
Training loss: 0.34360
Validation loss: 7.44497
Epoch 54/100
Training loss: 0.32002
Validation loss: 7.10431
New best model saved at epoch 54 with loss 7.10431
Epoch 55/100
Training loss: 0.27966
Validation loss: 7.54946
Epoch 56/100
Training loss: 0.31495
Validation loss: 7.64013
Epoch 57/100
Training loss: 0.34498
Validation loss: 7.90293
Epoch 58/100
Training loss: 0.34880
Validation loss: 7.47895
Epoch 59/100
Training loss: 0.31320
Validation loss: 7.76113
Epoch 60/100
Training loss: 0.32895
Validation loss: 7.67271
Epoch 61/100
Training loss: 0.30062
Validation loss: 7.49650
Epoch 62/100
Training loss: 0.30409
Validation loss: 7.37314
Epoch 63/100
Training loss: 0.31325
Validation loss: 7.40009
Epoch 64/100
Training loss: 0.31718
Validation loss: 7.14824
Epoch 65/100
Training loss: 0.27905
Validation loss: 7.36675
Epoch 66/100
Training loss: 0.26485
Validation loss: 7.61991
Epoch 67/100
Training loss: 0.27927
Validation loss: 7.25974
Epoch 68/100
Training loss: 0.28658
Validation loss: 7.16375
Epoch 69/100
Training loss: 0.30934
Validation loss: 7.80916
Epoch 70/100
Training loss: 0.29012
Validation loss: 7.23920
Epoch 71/100
Training loss: 0.28338
Validation loss: 7.77351
Epoch 72/100
Training loss: 0.26098
Validation loss: 7.53701
Epoch 73/100
Training loss: 0.27573
Validation loss: 7.69694
Epoch 74/100
Training loss: 0.28845
Validation loss: 7.16036
Epoch 75/100
Training loss: 0.22991
Validation loss: 7.88812
Epoch 76/100
Training loss: 0.24765
Validation loss: 7.35762
Epoch 77/100
Training loss: 0.28837
Validation loss: 7.13793
Epoch 78/100
Training loss: 0.29126
Validation loss: 8.41660
Epoch 79/100
Training loss: 0.25546
Validation loss: 7.17689
Epoch 80/100
Training loss: 0.24857
Validation loss: 7.62688
Epoch 81/100
Training loss: 0.27077
Validation loss: 7.68495
Epoch 82/100
Training loss: 0.23048
Validation loss: 7.55449
Epoch 83/100
Training loss: 0.25239
Validation loss: 7.50758
Epoch 84/100
Training loss: 0.25927
Validation loss: 7.50776
Epoch 85/100
Training loss: 0.25175
Validation loss: 7.66425
Epoch 86/100
Training loss: 0.29842
Validation loss: 7.86120
Epoch 87/100
Training loss: 0.28321
Validation loss: 7.57484
Epoch 88/100
Training loss: 0.23822
Validation loss: 7.45674
Epoch 89/100
Training loss: 0.21511
Validation loss: 7.54776
Epoch 90/100
Training loss: 0.24960
Validation loss: 7.88584
Epoch 91/100
Training loss: 0.20424
Validation loss: 7.72501
Epoch 92/100
Training loss: 0.22900
Validation loss: 7.26666
Epoch 93/100
Training loss: 0.27238
Validation loss: 7.53967
Epoch 94/100
Training loss: 0.22707
Validation loss: 7.68489
Epoch 95/100
Training loss: 0.24884
Validation loss: 7.73073
Epoch 96/100
Training loss: 0.25158
Validation loss: 7.26070
Epoch 97/100
Training loss: 0.23405
Validation loss: 7.18192
Epoch 98/100
Training loss: 0.25624
Validation loss: 7.55224
Epoch 99/100
Training loss: 0.23708
Validation loss: 7.69474
Epoch 100/100
Training loss: 0.22621
Validation loss: 7.52131
Best model for fold 2 saved from epoch 54 with f1 7.10431
Final training loss: 0.22621
Final test loss: 7.52131
Fold 3
Model loaded successfully from ./pretrained_model/64_to_256_3layers.ckpt
device : cuda
Model not found at ./model/city_and_forest_wba_value_whole_features_16frames/piece_size_40_fix_False/fold_3/fly_model.ckpt
Epoch 1/100
Training loss: 28.31632
Validation loss: 21.94098
New best model saved at epoch 1 with loss 21.94098
First epoch took 15.51 seconds.
Estimated total program duration: 6.46 hours
Estimated program end time (KST): 2024/11/18 23:39:09
Epoch 2/100
Training loss: 3.20110
Validation loss: 14.76542
New best model saved at epoch 2 with loss 14.76542
Epoch 3/100
Training loss: 1.72226
Validation loss: 10.51969
New best model saved at epoch 3 with loss 10.51969
Epoch 4/100
Training loss: 1.22161
Validation loss: 9.93517
New best model saved at epoch 4 with loss 9.93517
Epoch 5/100
Training loss: 1.11409
Validation loss: 8.28569
New best model saved at epoch 5 with loss 8.28569
Epoch 6/100
Training loss: 0.84899
Validation loss: 7.54093
New best model saved at epoch 6 with loss 7.54093
Epoch 7/100
Training loss: 0.74961
Validation loss: 7.57894
Epoch 8/100
Training loss: 0.74525
Validation loss: 6.93599
New best model saved at epoch 8 with loss 6.93599
Epoch 9/100
Training loss: 0.75237
Validation loss: 6.46615
New best model saved at epoch 9 with loss 6.46615
Epoch 10/100
Training loss: 0.60676
Validation loss: 6.65658
Epoch 11/100
Training loss: 0.56709
Validation loss: 7.49145
Epoch 12/100
Training loss: 0.57983
Validation loss: 6.39162
New best model saved at epoch 12 with loss 6.39162
Epoch 13/100
Training loss: 0.58956
Validation loss: 7.04825
Epoch 14/100
Training loss: 0.58914
Validation loss: 7.47175
Epoch 15/100
Training loss: 0.50185
Validation loss: 6.82178
Epoch 16/100
Training loss: 0.53599
Validation loss: 6.32462
New best model saved at epoch 16 with loss 6.32462
Epoch 17/100
Training loss: 0.52594
Validation loss: 6.50578
Epoch 18/100
Training loss: 0.50214
Validation loss: 6.98779
Epoch 19/100
Training loss: 0.50479
Validation loss: 7.26068
Epoch 20/100
Training loss: 0.48768
Validation loss: 6.41116
Epoch 21/100
Training loss: 0.47250
Validation loss: 7.68260
Epoch 22/100
Training loss: 0.54662
Validation loss: 6.80193
Epoch 23/100
Training loss: 0.45655
Validation loss: 7.54665
Epoch 24/100
Training loss: 0.43679
Validation loss: 6.50351
Epoch 25/100
Training loss: 0.46136
Validation loss: 6.84159
Epoch 26/100
Training loss: 0.50630
Validation loss: 6.27745
New best model saved at epoch 26 with loss 6.27745
Epoch 27/100
Training loss: 0.41443
Validation loss: 6.78021
Epoch 28/100
Training loss: 0.44190
Validation loss: 7.01832
Epoch 29/100
Training loss: 0.42499
Validation loss: 6.22381
New best model saved at epoch 29 with loss 6.22381
Epoch 30/100
Training loss: 0.39841
Validation loss: 7.15512
Epoch 31/100
Training loss: 0.39268
Validation loss: 6.65026
Epoch 32/100
Training loss: 0.38790
Validation loss: 6.49462
Epoch 33/100
Training loss: 0.44565
Validation loss: 5.83268
New best model saved at epoch 33 with loss 5.83268
Epoch 34/100
Training loss: 0.36315
Validation loss: 6.42578
Epoch 35/100
Training loss: 0.39825
Validation loss: 5.62672
New best model saved at epoch 35 with loss 5.62672
Epoch 36/100
Training loss: 0.38941
Validation loss: 6.63053
Epoch 37/100
Training loss: 0.42247
Validation loss: 6.66434
Epoch 38/100
Training loss: 0.34319
Validation loss: 6.75346
Epoch 39/100
Training loss: 0.35054
Validation loss: 6.68545
Epoch 40/100
Training loss: 0.34888
Validation loss: 6.46075
Epoch 41/100
Training loss: 0.30398
Validation loss: 6.11037
Epoch 42/100
Training loss: 0.30759
Validation loss: 6.33730
Epoch 43/100
Training loss: 0.32348
Validation loss: 6.14488
Epoch 44/100
Training loss: 0.35356
Validation loss: 6.62830
Epoch 45/100
Training loss: 0.31834
Validation loss: 6.28156
Epoch 46/100
Training loss: 0.35346
Validation loss: 7.56371
Epoch 47/100
Training loss: 0.38383
Validation loss: 6.35002
Epoch 48/100
Training loss: 0.36362
Validation loss: 6.07164
Epoch 49/100
Training loss: 0.35412
Validation loss: 6.78086
Epoch 50/100
Training loss: 0.31884
Validation loss: 6.20919
Epoch 51/100
Training loss: 0.31167
Validation loss: 7.01293
Epoch 52/100
Training loss: 0.35889
Validation loss: 5.87222
Epoch 53/100
Training loss: 0.30352
Validation loss: 6.04221
Epoch 54/100
Training loss: 0.28529
Validation loss: 5.72364
Epoch 55/100
Training loss: 0.29579
Validation loss: 5.58303
New best model saved at epoch 55 with loss 5.58303
Epoch 56/100
Training loss: 0.28647
Validation loss: 6.20910
Epoch 57/100
Training loss: 0.29547
Validation loss: 5.67642
Epoch 58/100
Training loss: 0.25575
Validation loss: 6.22514
Epoch 59/100
Training loss: 0.28504
Validation loss: 5.81593
Epoch 60/100
Training loss: 0.28121
Validation loss: 6.24874
Epoch 61/100
Training loss: 0.26493
Validation loss: 6.41955
Epoch 62/100
Training loss: 0.26405
Validation loss: 6.18704
Epoch 63/100
Training loss: 0.26915
Validation loss: 6.13767
Epoch 64/100
Training loss: 0.28151
Validation loss: 5.51302
New best model saved at epoch 64 with loss 5.51302
Epoch 65/100
Training loss: 0.27019
Validation loss: 6.15574
Epoch 66/100
Training loss: 0.28440
Validation loss: 5.72962
Epoch 67/100
Training loss: 0.27498
Validation loss: 6.24730
Epoch 68/100
Training loss: 0.25198
Validation loss: 5.63745
Epoch 69/100
Training loss: 0.25550
Validation loss: 5.97706
Epoch 70/100
Training loss: 0.24766
Validation loss: 5.69248
Epoch 71/100
Training loss: 0.27233
Validation loss: 5.52236
Epoch 72/100
Training loss: 0.26145
Validation loss: 6.27267
Epoch 73/100
Training loss: 0.26087
Validation loss: 5.88266
Epoch 74/100
Training loss: 0.23775
Validation loss: 6.29791
Epoch 75/100
Training loss: 0.24199
Validation loss: 6.04563
Epoch 76/100
Training loss: 0.27957
Validation loss: 5.84904
Epoch 77/100
Training loss: 0.29437
Validation loss: 6.52521
Epoch 78/100
Training loss: 0.26782
Validation loss: 6.02452
Epoch 79/100
Training loss: 0.25825
Validation loss: 5.38914
New best model saved at epoch 79 with loss 5.38914
Epoch 80/100
Training loss: 0.24228
Validation loss: 5.90936
Epoch 81/100
Training loss: 0.27727
Validation loss: 5.98206
Epoch 82/100
Training loss: 0.23901
Validation loss: 6.40930
Epoch 83/100
Training loss: 0.24145
Validation loss: 6.29411
Epoch 84/100
Training loss: 0.24172
Validation loss: 6.22805
Epoch 85/100
Training loss: 0.23502
Validation loss: 5.76684
Epoch 86/100
Training loss: 0.23902
Validation loss: 6.04443
Epoch 87/100
Training loss: 0.22874
Validation loss: 5.88710
Epoch 88/100
Training loss: 0.24403
Validation loss: 6.19212
Epoch 89/100
Training loss: 0.27365
Validation loss: 5.80423
Epoch 90/100
Training loss: 0.23389
Validation loss: 6.18024
Epoch 91/100
Training loss: 0.24225
Validation loss: 6.35131
Epoch 92/100
Training loss: 0.22144
Validation loss: 5.97615
Epoch 93/100
Training loss: 0.22367
Validation loss: 5.99284
Epoch 94/100
Training loss: 0.22127
Validation loss: 6.15102
Epoch 95/100
Training loss: 0.23014
Validation loss: 5.53793
Epoch 96/100
Training loss: 0.20144
Validation loss: 6.28337
Epoch 97/100
Training loss: 0.24049
Validation loss: 6.28261
Epoch 98/100
Training loss: 0.24229
Validation loss: 5.88700
Epoch 99/100
Training loss: 0.20268
Validation loss: 5.78738
Epoch 100/100
Training loss: 0.24145
Validation loss: 5.80237
Best model for fold 3 saved from epoch 79 with f1 5.38914
Final training loss: 0.24145
Final test loss: 5.80237
All fold val losses: [7.8407018184661865, 7.104312300682068, 5.389135777950287]
Average val loss: 6.77805
./naturalistic/01_Bird.avi                                   Loaded : (5, 3596, 64, 128, 1)
./naturalistic/02_City.avi                                   Loaded : (5, 3596, 64, 128, 1)
./naturalistic/03_Forest.avi                                 Loaded : (5, 3596, 64, 128, 1)
Video is allocated on memory!
Shape : (3, 3596, 64, 128, 5)
device : cuda
load model
epoch : 14
learning rate : 0.0001
device : cuda
load model
epoch : 77
learning rate : 0.0001
device : cuda
load model
epoch : 75
learning rate : 0.0001
device : cuda
load model
epoch : 15
learning rate : 0.0001
device : cuda
load model
epoch : 92
learning rate : 0.0001
프레임 0/3593 처리 중...
프레임 100/3593 처리 중...
프레임 200/3593 처리 중...
프레임 300/3593 처리 중...
프레임 400/3593 처리 중...
프레임 500/3593 처리 중...
프레임 600/3593 처리 중...
프레임 700/3593 처리 중...
프레임 800/3593 처리 중...
프레임 900/3593 처리 중...
프레임 1000/3593 처리 중...
프레임 1100/3593 처리 중...
프레임 1200/3593 처리 중...
프레임 1300/3593 처리 중...
프레임 1400/3593 처리 중...
프레임 1500/3593 처리 중...
프레임 1600/3593 처리 중...
프레임 1700/3593 처리 중...
프레임 1800/3593 처리 중...
프레임 1900/3593 처리 중...
프레임 2000/3593 처리 중...
프레임 2100/3593 처리 중...
프레임 2200/3593 처리 중...
프레임 2300/3593 처리 중...
프레임 2400/3593 처리 중...
프레임 2500/3593 처리 중...
프레임 2600/3593 처리 중...
프레임 2700/3593 처리 중...
프레임 2800/3593 처리 중...
프레임 2900/3593 처리 중...
프레임 3000/3593 처리 중...
프레임 3100/3593 처리 중...
프레임 3200/3593 처리 중...
프레임 3300/3593 처리 중...
프레임 3400/3593 처리 중...
프레임 3500/3593 처리 중...
성공적으로 저장되었습니다: city_city_and_forest_wba_value_whole_features_16frames.avi
./naturalistic/01_Bird.avi                                   Loaded : (5, 3596, 64, 128, 1)
./naturalistic/02_City.avi                                   Loaded : (5, 3596, 64, 128, 1)
./naturalistic/03_Forest.avi                                 Loaded : (5, 3596, 64, 128, 1)
Video is allocated on memory!
Shape : (3, 3596, 64, 128, 5)
device : cuda
load model
epoch : 14
learning rate : 0.0001
device : cuda
load model
epoch : 77
learning rate : 0.0001
device : cuda
load model
epoch : 75
learning rate : 0.0001
device : cuda
load model
epoch : 15
learning rate : 0.0001
device : cuda
load model
epoch : 92
learning rate : 0.0001
프레임 0/3593 처리 중...
프레임 100/3593 처리 중...
프레임 200/3593 처리 중...
프레임 300/3593 처리 중...
프레임 400/3593 처리 중...
프레임 500/3593 처리 중...
프레임 600/3593 처리 중...
프레임 700/3593 처리 중...
프레임 800/3593 처리 중...
프레임 900/3593 처리 중...
프레임 1000/3593 처리 중...
프레임 1100/3593 처리 중...
프레임 1200/3593 처리 중...
프레임 1300/3593 처리 중...
프레임 1400/3593 처리 중...
프레임 1500/3593 처리 중...
프레임 1600/3593 처리 중...
프레임 1700/3593 처리 중...
프레임 1800/3593 처리 중...
프레임 1900/3593 처리 중...
프레임 2000/3593 처리 중...
프레임 2100/3593 처리 중...
프레임 2200/3593 처리 중...
프레임 2300/3593 처리 중...
프레임 2400/3593 처리 중...
프레임 2500/3593 처리 중...
프레임 2600/3593 처리 중...
프레임 2700/3593 처리 중...
프레임 2800/3593 처리 중...
프레임 2900/3593 처리 중...
프레임 3000/3593 처리 중...
프레임 3100/3593 처리 중...
프레임 3200/3593 처리 중...
프레임 3300/3593 처리 중...
프레임 3400/3593 처리 중...
프레임 3500/3593 처리 중...
성공적으로 저장되었습니다: forest_city_and_forest_wba_value_whole_features_16frames.avi
./naturalistic/01_Bird.avi                                   Loaded : (5, 3596, 64, 128, 1)
./naturalistic/02_City.avi                                   Loaded : (5, 3596, 64, 128, 1)
./naturalistic/03_Forest.avi                                 Loaded : (5, 3596, 64, 128, 1)
Video is allocated on memory!
Shape : (3, 3596, 64, 128, 5)
augmented shape : (18, 3596, 64, 128, 5)
augmented shape : (18, 3600)
Fold 1
Model loaded successfully from ./pretrained_model/64_to_256_3layers.ckpt
device : cuda
Model not found at ./model/city_and_forest_wba_value_whole_features_32frames/piece_size_1_fix_False/fold_1/fly_model.ckpt
Epoch 1/100
Training loss: 71.52061
Validation loss: 40.32306
New best model saved at epoch 1 with loss 40.32306
First epoch took 18.10 seconds.
Estimated total program duration: 7.54 hours
Estimated program end time (KST): 2024/11/19 02:12:49
Epoch 2/100
Training loss: 15.38656
Validation loss: 32.99349
New best model saved at epoch 2 with loss 32.99349
Epoch 3/100
Training loss: 10.86148
Validation loss: 29.11712
New best model saved at epoch 3 with loss 29.11712
Epoch 4/100
Training loss: 7.01570
Validation loss: 24.85571
New best model saved at epoch 4 with loss 24.85571
Epoch 5/100
Training loss: 4.98264
Validation loss: 23.88762
New best model saved at epoch 5 with loss 23.88762
Epoch 6/100
Training loss: 4.34065
Validation loss: 20.41458
New best model saved at epoch 6 with loss 20.41458
Epoch 7/100
Training loss: 3.74660
Validation loss: 21.06328
Epoch 8/100
Training loss: 3.11485
Validation loss: 21.35998
Epoch 9/100
Training loss: 2.73449
Validation loss: 21.70877
Epoch 10/100
Training loss: 2.93831
Validation loss: 19.98369
New best model saved at epoch 10 with loss 19.98369
Epoch 11/100
Training loss: 2.51714
Validation loss: 19.17979
New best model saved at epoch 11 with loss 19.17979
Epoch 12/100
Training loss: 2.57201
Validation loss: 22.23678
Epoch 13/100
Training loss: 2.39040
Validation loss: 17.74569
New best model saved at epoch 13 with loss 17.74569
Epoch 14/100
Training loss: 2.12849
Validation loss: 19.71940
Epoch 15/100
Training loss: 1.92460
Validation loss: 21.35363
Epoch 16/100
Training loss: 1.88402
Validation loss: 21.20058
Epoch 17/100
Training loss: 1.83586
Validation loss: 20.98583
Epoch 18/100
Training loss: 1.72914
Validation loss: 22.23961
Epoch 19/100
Training loss: 1.64730
Validation loss: 19.81617
Epoch 20/100
Training loss: 1.87222
Validation loss: 22.58288
Epoch 21/100
Training loss: 1.60473
Validation loss: 21.39025
Epoch 22/100
Training loss: 1.66454
Validation loss: 21.87156
Epoch 23/100
Training loss: 1.54345
Validation loss: 20.09807
Epoch 24/100
Training loss: 2.20597
Validation loss: 21.17752
Epoch 25/100
Training loss: 1.45099
Validation loss: 24.18899
Epoch 26/100
Training loss: 1.53720
Validation loss: 20.20323
Epoch 27/100
Training loss: 1.62691
Validation loss: 20.02732
Epoch 28/100
Training loss: 1.64509
Validation loss: 21.18427
Epoch 29/100
Training loss: 1.82374
Validation loss: 20.39570
Epoch 30/100
Training loss: 1.58617
Validation loss: 20.39407
Epoch 31/100
Training loss: 1.33060
Validation loss: 20.46808
Epoch 32/100
Training loss: 1.38551
Validation loss: 21.98987
Epoch 33/100
Training loss: 1.51616
Validation loss: 18.77092
Epoch 34/100
Training loss: 1.22414
Validation loss: 19.81955
Epoch 35/100
Training loss: 1.45588
Validation loss: 22.75145
Epoch 36/100
Training loss: 1.23207
Validation loss: 19.17013
Epoch 37/100
Training loss: 1.28261
Validation loss: 21.18576
Epoch 38/100
Training loss: 1.15002
Validation loss: 21.63926
Epoch 39/100
Training loss: 1.17951
Validation loss: 20.71473
Epoch 40/100
Training loss: 1.43887
Validation loss: 19.08598
Epoch 41/100
Training loss: 1.21324
Validation loss: 24.32252
Epoch 42/100
Training loss: 1.19479
Validation loss: 23.00501
Epoch 43/100
Training loss: 1.36702
Validation loss: 20.47674
Epoch 44/100
Training loss: 1.34304
Validation loss: 21.24621
Epoch 45/100
Training loss: 1.12798
Validation loss: 22.19633
Epoch 46/100
Training loss: 1.32555
Validation loss: 21.66709
Epoch 47/100
Training loss: 1.25605
Validation loss: 24.32998
Epoch 48/100
Training loss: 1.36082
Validation loss: 21.70892
Epoch 49/100
Training loss: 1.30154
Validation loss: 21.82991
Epoch 50/100
Training loss: 1.25742
Validation loss: 22.34017
Epoch 51/100
Training loss: 1.10099
Validation loss: 22.81054
Epoch 52/100
Training loss: 1.14732
Validation loss: 20.93122
Epoch 53/100
Training loss: 1.08085
Validation loss: 22.29321
Epoch 54/100
Training loss: 1.22953
Validation loss: 20.70662
Epoch 55/100
Training loss: 1.05285
Validation loss: 21.69140
Epoch 56/100
Training loss: 1.10686
Validation loss: 23.50885
Epoch 57/100
Training loss: 1.30542
Validation loss: 23.93493
Epoch 58/100
Training loss: 1.32094
Validation loss: 20.72905
Epoch 59/100
Training loss: 1.23183
Validation loss: 23.20282
Epoch 60/100
Training loss: 1.14936
Validation loss: 21.14571
Epoch 61/100
Training loss: 1.13390
Validation loss: 21.88683
Epoch 62/100
Training loss: 1.46510
Validation loss: 21.29574
Epoch 63/100
Training loss: 1.20127
Validation loss: 24.23060
Epoch 64/100
Training loss: 0.99253
Validation loss: 23.35345
Epoch 65/100
Training loss: 0.89476
Validation loss: 23.47170
Epoch 66/100
Training loss: 1.04848
Validation loss: 20.74383
Epoch 67/100
Training loss: 0.99099
Validation loss: 24.81663
Epoch 68/100
Training loss: 1.10803
Validation loss: 27.48310
Epoch 69/100
Training loss: 1.61575
Validation loss: 21.93714
Epoch 70/100
Training loss: 1.27900
Validation loss: 22.53628
Epoch 71/100
Training loss: 1.09786
Validation loss: 24.85489
Epoch 72/100
Training loss: 1.00962
Validation loss: 20.60384
Epoch 73/100
Training loss: 1.01879
Validation loss: 23.07302
Epoch 74/100
Training loss: 0.98742
Validation loss: 23.55635
Epoch 75/100
Training loss: 1.07331
Validation loss: 23.42740
Epoch 76/100
Training loss: 1.05827
Validation loss: 26.57476
Epoch 77/100
Training loss: 1.06325
Validation loss: 23.16308
Epoch 78/100
Training loss: 0.93950
Validation loss: 26.60696
Epoch 79/100
Training loss: 1.05080
Validation loss: 22.83000
Epoch 80/100
Training loss: 0.83542
Validation loss: 23.82088
Epoch 81/100
Training loss: 0.91532
Validation loss: 22.41243
Epoch 82/100
Training loss: 1.10550
Validation loss: 22.88178
Epoch 83/100
Training loss: 0.95502
Validation loss: 22.72297
Epoch 84/100
Training loss: 0.97066
Validation loss: 22.54049
Epoch 85/100
Training loss: 0.91152
Validation loss: 22.31081
Epoch 86/100
Training loss: 1.29543
Validation loss: 26.55813
Epoch 87/100
Training loss: 1.02420
Validation loss: 22.00584
Epoch 88/100
Training loss: 1.15577
Validation loss: 22.13078
Epoch 89/100
Training loss: 0.96032
Validation loss: 22.97857
Epoch 90/100
Training loss: 1.00228
Validation loss: 24.43861
Epoch 91/100
Training loss: 0.95435
Validation loss: 22.87683
Epoch 92/100
Training loss: 1.00639
Validation loss: 22.72975
Epoch 93/100
Training loss: 0.98775
Validation loss: 24.16471
Epoch 94/100
Training loss: 0.97350
Validation loss: 22.40680
Epoch 95/100
Training loss: 1.07311
Validation loss: 21.15583
Epoch 96/100
Training loss: 0.85114
Validation loss: 22.25846
Epoch 97/100
Training loss: 0.87269
Validation loss: 21.20438
Epoch 98/100
Training loss: 0.96962
Validation loss: 20.92161
Epoch 99/100
Training loss: 0.94155
Validation loss: 21.64818
Epoch 100/100
Training loss: 0.92748
Validation loss: 21.32083
Best model for fold 1 saved from epoch 13 with f1 17.74569
Final training loss: 0.92748
Final test loss: 21.32083
Fold 2
Model loaded successfully from ./pretrained_model/64_to_256_3layers.ckpt
device : cuda
Model not found at ./model/city_and_forest_wba_value_whole_features_32frames/piece_size_1_fix_False/fold_2/fly_model.ckpt
Epoch 1/100
Training loss: 64.12418
Validation loss: 53.64902
New best model saved at epoch 1 with loss 53.64902
First epoch took 17.87 seconds.
Estimated total program duration: 7.45 hours
Estimated program end time (KST): 2024/11/19 02:35:20
Epoch 2/100
Training loss: 14.36766
Validation loss: 25.61588
New best model saved at epoch 2 with loss 25.61588
Epoch 3/100
Training loss: 8.94315
Validation loss: 29.59181
Epoch 4/100
Training loss: 5.48562
Validation loss: 24.42214
New best model saved at epoch 4 with loss 24.42214
Epoch 5/100
Training loss: 3.81601
Validation loss: 18.86076
New best model saved at epoch 5 with loss 18.86076
Epoch 6/100
Training loss: 3.78686
Validation loss: 15.28174
New best model saved at epoch 6 with loss 15.28174
Epoch 7/100
Training loss: 3.30561
Validation loss: 19.26985
Epoch 8/100
Training loss: 2.85742
Validation loss: 16.78103
Epoch 9/100
Training loss: 2.72545
Validation loss: 16.16313
Epoch 10/100
Training loss: 2.75562
Validation loss: 17.03584
Epoch 11/100
Training loss: 2.41739
Validation loss: 15.67947
Epoch 12/100
Training loss: 2.68850
Validation loss: 15.73028
Epoch 13/100
Training loss: 2.25236
Validation loss: 15.24322
New best model saved at epoch 13 with loss 15.24322
Epoch 14/100
Training loss: 1.93488
Validation loss: 16.34037
Epoch 15/100
Training loss: 1.66959
Validation loss: 16.23410
Epoch 16/100
Training loss: 1.92803
Validation loss: 16.45790
Epoch 17/100
Training loss: 1.88377
Validation loss: 15.68782
Epoch 18/100
Training loss: 1.89038
Validation loss: 14.28313
New best model saved at epoch 18 with loss 14.28313
Epoch 19/100
Training loss: 1.98809
Validation loss: 14.90284
Epoch 20/100
Training loss: 1.42418
Validation loss: 13.75296
New best model saved at epoch 20 with loss 13.75296
Epoch 21/100
Training loss: 1.64571
Validation loss: 13.97360
Epoch 22/100
Training loss: 1.53053
Validation loss: 14.75722
Epoch 23/100
Training loss: 1.42017
Validation loss: 13.38238
New best model saved at epoch 23 with loss 13.38238
Epoch 24/100
Training loss: 1.46616
Validation loss: 14.38360
Epoch 25/100
Training loss: 1.45691
Validation loss: 14.49988
Epoch 26/100
Training loss: 1.35502
Validation loss: 13.80929
Epoch 27/100
Training loss: 1.33388
Validation loss: 13.06579
New best model saved at epoch 27 with loss 13.06579
Epoch 28/100
Training loss: 1.51867
Validation loss: 13.56675
Epoch 29/100
Training loss: 1.45433
Validation loss: 14.37875
Epoch 30/100
Training loss: 1.62781
Validation loss: 14.71311
Epoch 31/100
Training loss: 1.48536
Validation loss: 14.56309
Epoch 32/100
Training loss: 1.22993
Validation loss: 13.73999
Epoch 33/100
Training loss: 1.20268
Validation loss: 16.06025
Epoch 34/100
Training loss: 1.35599
Validation loss: 13.87182
Epoch 35/100
Training loss: 1.62083
Validation loss: 13.53454
Epoch 36/100
Training loss: 1.32065
Validation loss: 14.57070
Epoch 37/100
Training loss: 1.57062
Validation loss: 14.84497
Epoch 38/100
Training loss: 1.55541
Validation loss: 13.69556
Epoch 39/100
Training loss: 1.23253
Validation loss: 13.57326
Epoch 40/100
Training loss: 1.28553
Validation loss: 13.31937
Epoch 41/100
Training loss: 1.45874
Validation loss: 13.89475
Epoch 42/100
Training loss: 1.21540
Validation loss: 15.68354
Epoch 43/100
Training loss: 1.32846
Validation loss: 14.09747
Epoch 44/100
Training loss: 1.02230
Validation loss: 15.48294
Epoch 45/100
Training loss: 0.94263
Validation loss: 15.16693
Epoch 46/100
Training loss: 1.01221
Validation loss: 14.33167
Epoch 47/100
Training loss: 1.14655
Validation loss: 14.73850
Epoch 48/100
Training loss: 1.14626
Validation loss: 13.45461
Epoch 49/100
Training loss: 1.26716
Validation loss: 14.78248
Epoch 50/100
Training loss: 1.31383
Validation loss: 15.02541
Epoch 51/100
Training loss: 1.41460
Validation loss: 13.42775
Epoch 52/100
Training loss: 1.29372
Validation loss: 14.53419
Epoch 53/100
Training loss: 1.18982
Validation loss: 14.91890
Epoch 54/100
Training loss: 1.59712
Validation loss: 15.19772
Epoch 55/100
Training loss: 1.49970
Validation loss: 13.50455
Epoch 56/100
Training loss: 1.06129
Validation loss: 15.99999
Epoch 57/100
Training loss: 1.07157
Validation loss: 14.93546
Epoch 58/100
Training loss: 1.09646
Validation loss: 15.10330
Epoch 59/100
Training loss: 1.02775
Validation loss: 15.58191
Epoch 60/100
Training loss: 1.13178
Validation loss: 15.25139
Epoch 61/100
Training loss: 1.08051
Validation loss: 13.59157
Epoch 62/100
Training loss: 1.15036
Validation loss: 14.61610
Epoch 63/100
Training loss: 1.04000
Validation loss: 14.24215
Epoch 64/100
Training loss: 1.19907
Validation loss: 17.64050
Epoch 65/100
Training loss: 1.11241
Validation loss: 15.29624
Epoch 66/100
Training loss: 1.15089
Validation loss: 13.93609
Epoch 67/100
Training loss: 1.16013
Validation loss: 14.21079
Epoch 68/100
Training loss: 1.03977
Validation loss: 14.71972
Epoch 69/100
Training loss: 1.07216
Validation loss: 14.88667
Epoch 70/100
Training loss: 1.29557
Validation loss: 14.85853
Epoch 71/100
Training loss: 1.22612
Validation loss: 16.53177
Epoch 72/100
Training loss: 0.94094
Validation loss: 14.39472
Epoch 73/100
Training loss: 0.96474
Validation loss: 15.84057
Epoch 74/100
Training loss: 1.15294
Validation loss: 13.72796
Epoch 75/100
Training loss: 1.17482
Validation loss: 13.88542
Epoch 76/100
Training loss: 1.03630
Validation loss: 13.14795
Epoch 77/100
Training loss: 1.08205
Validation loss: 14.37190
Epoch 78/100
Training loss: 1.15398
Validation loss: 15.39082
Epoch 79/100
Training loss: 0.98463
Validation loss: 15.16335
Epoch 80/100
Training loss: 0.97952
Validation loss: 15.88510
Epoch 81/100
Training loss: 1.06358
Validation loss: 15.40680
Epoch 82/100
Training loss: 0.84033
Validation loss: 14.66919
Epoch 83/100
Training loss: 0.94345
Validation loss: 14.97086
Epoch 84/100
Training loss: 0.94396
Validation loss: 15.56990
Epoch 85/100
Training loss: 0.81343
Validation loss: 15.11459
Epoch 86/100
Training loss: 0.82920
Validation loss: 14.40989
Epoch 87/100
Training loss: 0.98615
Validation loss: 14.58819
Epoch 88/100
Training loss: 0.93024
Validation loss: 16.12004
Epoch 89/100
Training loss: 1.15424
Validation loss: 14.63191
Epoch 90/100
Training loss: 0.97790
Validation loss: 16.07160
Epoch 91/100
Training loss: 0.94624
Validation loss: 14.35557
Epoch 92/100
Training loss: 0.93164
Validation loss: 14.99341
Epoch 93/100
Training loss: 0.84844
Validation loss: 14.39577
Epoch 94/100
Training loss: 0.76883
Validation loss: 15.24205
Epoch 95/100
Training loss: 0.79912
Validation loss: 14.81896
Epoch 96/100
Training loss: 0.96482
Validation loss: 14.59138
Epoch 97/100
Training loss: 0.91062
Validation loss: 17.49286
Epoch 98/100
Training loss: 0.98209
Validation loss: 14.20304
Epoch 99/100
Training loss: 1.08031
Validation loss: 13.43773
Epoch 100/100
Training loss: 1.01822
Validation loss: 14.47491
Best model for fold 2 saved from epoch 27 with f1 13.06579
Final training loss: 1.01822
Final test loss: 14.47491
Fold 3
Model loaded successfully from ./pretrained_model/64_to_256_3layers.ckpt
device : cuda
Model not found at ./model/city_and_forest_wba_value_whole_features_32frames/piece_size_1_fix_False/fold_3/fly_model.ckpt
Epoch 1/100
Training loss: 91.27011
Validation loss: 83.02412
New best model saved at epoch 1 with loss 83.02412
First epoch took 18.02 seconds.
Estimated total program duration: 7.51 hours
Estimated program end time (KST): 2024/11/19 03:07:05
Epoch 2/100
Training loss: 19.55319
Validation loss: 37.30600
New best model saved at epoch 2 with loss 37.30600
Epoch 3/100
Training loss: 6.99107
Validation loss: 34.22688
New best model saved at epoch 3 with loss 34.22688
Epoch 4/100
Training loss: 6.35663
Validation loss: 29.94938
New best model saved at epoch 4 with loss 29.94938
Epoch 5/100
Training loss: 4.57115
Validation loss: 30.84848
Epoch 6/100
Training loss: 3.46768
Validation loss: 32.15198
Epoch 7/100
Training loss: 3.23568
Validation loss: 27.89768
New best model saved at epoch 7 with loss 27.89768
Epoch 8/100
Training loss: 2.74622
Validation loss: 30.46394
Epoch 9/100
Training loss: 2.28018
Validation loss: 28.31744
Epoch 10/100
Training loss: 2.18967
Validation loss: 28.37752
Epoch 11/100
Training loss: 2.08328
Validation loss: 27.19239
New best model saved at epoch 11 with loss 27.19239
Epoch 12/100
Training loss: 2.23238
Validation loss: 25.45079
New best model saved at epoch 12 with loss 25.45079
Epoch 13/100
Training loss: 1.55918
Validation loss: 23.55743
New best model saved at epoch 13 with loss 23.55743
Epoch 14/100
Training loss: 1.75861
Validation loss: 24.80040
Epoch 15/100
Training loss: 1.80799
Validation loss: 24.07017
Epoch 16/100
Training loss: 1.78010
Validation loss: 26.85469
Epoch 17/100
Training loss: 1.64006
Validation loss: 28.69499
Epoch 18/100
Training loss: 1.63539
Validation loss: 28.61330
Epoch 19/100
Training loss: 1.67917
Validation loss: 28.38861
Epoch 20/100
Training loss: 1.68363
Validation loss: 28.48760
Epoch 21/100
Training loss: 1.43625
Validation loss: 27.27126
Epoch 22/100
Training loss: 1.38929
Validation loss: 25.16926
Epoch 23/100
Training loss: 1.62150
Validation loss: 27.33018
Epoch 24/100
Training loss: 1.33194
Validation loss: 26.22482
Epoch 25/100
Training loss: 1.26896
Validation loss: 26.79625
Epoch 26/100
Training loss: 1.56613
Validation loss: 25.06457
Epoch 27/100
Training loss: 1.43739
Validation loss: 24.88126
Epoch 28/100
Training loss: 1.27371
Validation loss: 27.90861
Epoch 29/100
Training loss: 1.47700
Validation loss: 24.01532
Epoch 30/100
Training loss: 1.34234
Validation loss: 25.71270
Epoch 31/100
Training loss: 1.69656
Validation loss: 24.75450
Epoch 32/100
Training loss: 1.34494
Validation loss: 25.23888
Epoch 33/100
Training loss: 1.25119
Validation loss: 24.63410
Epoch 34/100
Training loss: 1.17412
Validation loss: 26.82985
Epoch 35/100
Training loss: 1.44924
Validation loss: 24.11490
Epoch 36/100
Training loss: 1.08543
Validation loss: 24.92520
Epoch 37/100
Training loss: 1.14679
Validation loss: 24.19477
Epoch 38/100
Training loss: 1.06195
Validation loss: 26.53102
Epoch 39/100
Training loss: 1.09289
Validation loss: 26.02008
Epoch 40/100
Training loss: 1.11577
Validation loss: 23.97629
Epoch 41/100
Training loss: 1.47925
Validation loss: 26.95965
Epoch 42/100
Training loss: 1.06592
Validation loss: 23.95941
Epoch 43/100
Training loss: 1.39086
Validation loss: 26.63890
Epoch 44/100
Training loss: 1.12270
Validation loss: 28.22589
Epoch 45/100
Training loss: 1.33389
Validation loss: 25.91808
Epoch 46/100
Training loss: 0.95263
Validation loss: 24.93821
Epoch 47/100
Training loss: 1.05284
Validation loss: 24.82646
Epoch 48/100
Training loss: 1.16042
Validation loss: 27.48063
Epoch 49/100
Training loss: 1.16791
Validation loss: 23.78742
Epoch 50/100
Training loss: 1.41596
Validation loss: 26.72006
Epoch 51/100
Training loss: 0.92952
Validation loss: 26.52102
Epoch 52/100
Training loss: 0.99528
Validation loss: 24.96149
Epoch 53/100
Training loss: 1.15506
Validation loss: 22.64790
New best model saved at epoch 53 with loss 22.64790
Epoch 54/100
Training loss: 1.38501
Validation loss: 24.80176
Epoch 55/100
Training loss: 1.07982
Validation loss: 24.13900
Epoch 56/100
Training loss: 0.97502
Validation loss: 24.50133
Epoch 57/100
Training loss: 1.04284
Validation loss: 24.36610
Epoch 58/100
Training loss: 1.04145
Validation loss: 25.97459
Epoch 59/100
Training loss: 1.00664
Validation loss: 26.68155
Epoch 60/100
Training loss: 1.08533
Validation loss: 29.40319
Epoch 61/100
Training loss: 1.21159
Validation loss: 22.85682
Epoch 62/100
Training loss: 1.07512
Validation loss: 25.23624
Epoch 63/100
Training loss: 1.00695
Validation loss: 26.22595
Epoch 64/100
Training loss: 0.81005
Validation loss: 28.16579
Epoch 65/100
Training loss: 0.86423
Validation loss: 26.63465
Epoch 66/100
Training loss: 1.12846
Validation loss: 23.68108
Epoch 67/100
Training loss: 1.12389
Validation loss: 24.21336
Epoch 68/100
Training loss: 1.05938
Validation loss: 24.09032
Epoch 69/100
Training loss: 1.21113
Validation loss: 28.37073
Epoch 70/100
Training loss: 1.04594
Validation loss: 23.55572
Epoch 71/100
Training loss: 1.06944
Validation loss: 23.93377
Epoch 72/100
Training loss: 1.05339
Validation loss: 25.52198
Epoch 73/100
Training loss: 0.81456
Validation loss: 24.39522
Epoch 74/100
Training loss: 0.79501
Validation loss: 24.74844
Epoch 75/100
Training loss: 1.13639
Validation loss: 25.30230
Epoch 76/100
Training loss: 1.03022
Validation loss: 26.51575
Epoch 77/100
Training loss: 0.89992
Validation loss: 26.18290
Epoch 78/100
Training loss: 0.92944
Validation loss: 22.50814
New best model saved at epoch 78 with loss 22.50814
Epoch 79/100
Training loss: 1.04833
Validation loss: 25.42138
Epoch 80/100
Training loss: 0.90418
Validation loss: 26.88772
Epoch 81/100
Training loss: 1.12123
Validation loss: 24.86867
Epoch 82/100
Training loss: 0.89009
Validation loss: 26.21563
Epoch 83/100
Training loss: 0.98767
Validation loss: 26.02834
Epoch 84/100
Training loss: 0.75793
Validation loss: 24.52265
Epoch 85/100
Training loss: 1.03711
Validation loss: 25.48051
Epoch 86/100
Training loss: 0.84279
Validation loss: 25.51825
Epoch 87/100
Training loss: 0.97492
Validation loss: 26.64448
Epoch 88/100
Training loss: 0.76755
Validation loss: 24.79159
Epoch 89/100
Training loss: 0.76154
Validation loss: 25.17345
Epoch 90/100
Training loss: 0.88653
Validation loss: 25.63255
Epoch 91/100
Training loss: 0.86443
Validation loss: 24.52594
Epoch 92/100
Training loss: 0.79754
Validation loss: 27.16002
Epoch 93/100
Training loss: 0.81170
Validation loss: 22.41278
New best model saved at epoch 93 with loss 22.41278
Epoch 94/100
Training loss: 1.06817
Validation loss: 25.82076
Epoch 95/100
Training loss: 0.81743
Validation loss: 27.20877
Epoch 96/100
Training loss: 0.78617
Validation loss: 26.47966
Epoch 97/100
Training loss: 0.72689
Validation loss: 26.40422
Epoch 98/100
Training loss: 0.90909
Validation loss: 23.45551
Epoch 99/100
Training loss: 0.89222
Validation loss: 23.96648
Epoch 100/100
Training loss: 0.71826
Validation loss: 27.32596
Best model for fold 3 saved from epoch 93 with f1 22.41278
Final training loss: 0.71826
Final test loss: 27.32596
All fold val losses: [17.745690482003347, 13.065786702292305, 22.41278008052281]
Average val loss: 17.74142
Fold 1
Model loaded successfully from ./pretrained_model/64_to_256_3layers.ckpt
device : cuda
Model not found at ./model/city_and_forest_wba_value_whole_features_32frames/piece_size_5_fix_False/fold_1/fly_model.ckpt
Epoch 1/100
Training loss: 90.03840
Validation loss: 52.93032
New best model saved at epoch 1 with loss 52.93032
First epoch took 18.57 seconds.
Estimated total program duration: 7.74 hours
Estimated program end time (KST): 2024/11/19 03:49:14
Epoch 2/100
Training loss: 15.78723
Validation loss: 29.93658
New best model saved at epoch 2 with loss 29.93658
Epoch 3/100
Training loss: 9.27804
Validation loss: 34.89382
Epoch 4/100
Training loss: 6.90352
Validation loss: 33.52352
Epoch 5/100
Training loss: 4.25758
Validation loss: 27.32285
New best model saved at epoch 5 with loss 27.32285
Epoch 6/100
Training loss: 4.27068
Validation loss: 25.29333
New best model saved at epoch 6 with loss 25.29333
Epoch 7/100
Training loss: 3.53709
Validation loss: 24.62893
New best model saved at epoch 7 with loss 24.62893
Epoch 8/100
Training loss: 3.48312
Validation loss: 23.12290
New best model saved at epoch 8 with loss 23.12290
Epoch 9/100
Training loss: 3.10465
Validation loss: 26.31354
Epoch 10/100
Training loss: 2.38984
Validation loss: 24.24814
Epoch 11/100
Training loss: 2.37764
Validation loss: 23.46693
Epoch 12/100
Training loss: 2.23759
Validation loss: 23.29308
Epoch 13/100
Training loss: 2.26171
Validation loss: 24.01957
Epoch 14/100
Training loss: 2.00605
Validation loss: 26.19754
Epoch 15/100
Training loss: 2.22836
Validation loss: 23.54512
Epoch 16/100
Training loss: 1.94089
Validation loss: 24.30232
Epoch 17/100
Training loss: 1.70499
Validation loss: 24.35319
Epoch 18/100
Training loss: 1.98645
Validation loss: 23.68602
Epoch 19/100
Training loss: 1.71955
Validation loss: 23.18895
Epoch 20/100
Training loss: 1.46358
Validation loss: 23.69146
Epoch 21/100
Training loss: 1.54205
Validation loss: 24.14964
Epoch 22/100
Training loss: 1.58463
Validation loss: 22.96486
New best model saved at epoch 22 with loss 22.96486
Epoch 23/100
Training loss: 1.61007
Validation loss: 23.77333
Epoch 24/100
Training loss: 1.68789
Validation loss: 22.48766
New best model saved at epoch 24 with loss 22.48766
Epoch 25/100
Training loss: 1.38798
Validation loss: 25.10212
Epoch 26/100
Training loss: 1.32740
Validation loss: 23.63794
Epoch 27/100
Training loss: 1.57010
Validation loss: 21.39085
New best model saved at epoch 27 with loss 21.39085
Epoch 28/100
Training loss: 1.36333
Validation loss: 21.79922
Epoch 29/100
Training loss: 1.27047
Validation loss: 24.15666
Epoch 30/100
Training loss: 1.37583
Validation loss: 22.94413
Epoch 31/100
Training loss: 1.43237
Validation loss: 23.62696
Epoch 32/100
Training loss: 1.34870
Validation loss: 23.02596
Epoch 33/100
Training loss: 1.30391
Validation loss: 24.12357
Epoch 34/100
Training loss: 1.39301
Validation loss: 23.39327
Epoch 35/100
Training loss: 1.40122
Validation loss: 22.61595
Epoch 36/100
Training loss: 1.50612
Validation loss: 22.70759
Epoch 37/100
Training loss: 1.25190
Validation loss: 22.88360
Epoch 38/100
Training loss: 1.29363
Validation loss: 23.18103
Epoch 39/100
Training loss: 1.43857
Validation loss: 23.24812
Epoch 40/100
Training loss: 1.36632
Validation loss: 22.70700
Epoch 41/100
Training loss: 1.28287
Validation loss: 23.03945
Epoch 42/100
Training loss: 1.27726
Validation loss: 23.42297
Epoch 43/100
Training loss: 1.38122
Validation loss: 22.58068
Epoch 44/100
Training loss: 1.78068
Validation loss: 23.50777
Epoch 45/100
Training loss: 1.10895
Validation loss: 23.94300
Epoch 46/100
Training loss: 1.34131
Validation loss: 23.66827
Epoch 47/100
Training loss: 1.16593
Validation loss: 23.41297
Epoch 48/100
Training loss: 1.15758
Validation loss: 23.39214
Epoch 49/100
Training loss: 1.31682
Validation loss: 23.84877
Epoch 50/100
Training loss: 1.14249
Validation loss: 21.64055
Epoch 51/100
Training loss: 1.26935
Validation loss: 23.54401
Epoch 52/100
Training loss: 1.04934
Validation loss: 22.10738
Epoch 53/100
Training loss: 1.14155
Validation loss: 21.93988
Epoch 54/100
Training loss: 1.11413
Validation loss: 24.60528
Epoch 55/100
Training loss: 1.10439
Validation loss: 24.67507
Epoch 56/100
Training loss: 1.15006
Validation loss: 22.17638
Epoch 57/100
Training loss: 1.12777
Validation loss: 23.13318
Epoch 58/100
Training loss: 1.15771
Validation loss: 23.96607
Epoch 59/100
Training loss: 1.13681
Validation loss: 22.71276
Epoch 60/100
Training loss: 1.07210
Validation loss: 21.81110
Epoch 61/100
Training loss: 0.95339
Validation loss: 22.38350
Epoch 62/100
Training loss: 0.90712
Validation loss: 24.17560
Epoch 63/100
Training loss: 1.15062
Validation loss: 22.33369
Epoch 64/100
Training loss: 0.99967
Validation loss: 23.34654
Epoch 65/100
Training loss: 1.17243
Validation loss: 22.84510
Epoch 66/100
Training loss: 1.18585
Validation loss: 26.49599
Epoch 67/100
Training loss: 1.08533
Validation loss: 21.90033
Epoch 68/100
Training loss: 1.17345
Validation loss: 22.51572
Epoch 69/100
Training loss: 0.95150
Validation loss: 22.97333
Epoch 70/100
Training loss: 0.88535
Validation loss: 22.88686
Epoch 71/100
Training loss: 0.98592
Validation loss: 22.83913
Epoch 72/100
Training loss: 1.26464
Validation loss: 21.78177
Epoch 73/100
Training loss: 1.21814
Validation loss: 22.39200
Epoch 74/100
Training loss: 0.91715
Validation loss: 21.34110
New best model saved at epoch 74 with loss 21.34110
Epoch 75/100
Training loss: 1.08431
Validation loss: 21.48504
Epoch 76/100
Training loss: 1.16455
Validation loss: 23.42368
Epoch 77/100
Training loss: 1.00158
Validation loss: 22.54598
Epoch 78/100
Training loss: 1.03998
Validation loss: 22.25843
Epoch 79/100
Training loss: 1.02768
Validation loss: 23.35500
Epoch 80/100
Training loss: 1.04329
Validation loss: 21.84528
Epoch 81/100
Training loss: 0.95795
Validation loss: 21.26976
New best model saved at epoch 81 with loss 21.26976
Epoch 82/100
Training loss: 1.20372
Validation loss: 21.74589
Epoch 83/100
Training loss: 1.05234
Validation loss: 22.50459
Epoch 84/100
Training loss: 0.93371
Validation loss: 22.63357
Epoch 85/100
Training loss: 0.99586
Validation loss: 21.75949
Epoch 86/100
Training loss: 0.91676
Validation loss: 22.77773
Epoch 87/100
Training loss: 0.87968
Validation loss: 23.47133
Epoch 88/100
Training loss: 1.01612
Validation loss: 22.26448
Epoch 89/100
Training loss: 1.25733
Validation loss: 22.59441
Epoch 90/100
Training loss: 0.93911
Validation loss: 22.86140
Epoch 91/100
Training loss: 0.91359
Validation loss: 22.04441
Epoch 92/100
Training loss: 0.87581
Validation loss: 23.00961
Epoch 93/100
Training loss: 0.92491
Validation loss: 22.90437
Epoch 94/100
Training loss: 0.87804
Validation loss: 22.09796
Epoch 95/100
Training loss: 0.82031
Validation loss: 21.86771
Epoch 96/100
Training loss: 0.77508
Validation loss: 22.38793
Epoch 97/100
Training loss: 1.11252
Validation loss: 22.56965
Epoch 98/100
Training loss: 0.86902
Validation loss: 22.83274
Epoch 99/100
Training loss: 0.89319
Validation loss: 22.05738
Epoch 100/100
Training loss: 0.86963
Validation loss: 22.00820
Best model for fold 1 saved from epoch 81 with f1 21.26976
Final training loss: 0.86963
Final test loss: 22.00820
Fold 2
Model loaded successfully from ./pretrained_model/64_to_256_3layers.ckpt
device : cuda
Model not found at ./model/city_and_forest_wba_value_whole_features_32frames/piece_size_5_fix_False/fold_2/fly_model.ckpt
Epoch 1/100
Training loss: 58.94383
Validation loss: 107.29898
New best model saved at epoch 1 with loss 107.29898
First epoch took 18.62 seconds.
Estimated total program duration: 7.76 hours
Estimated program end time (KST): 2024/11/19 04:19:49
Epoch 2/100
Training loss: 13.25843
Validation loss: 50.87130
New best model saved at epoch 2 with loss 50.87130
Epoch 3/100
Training loss: 8.64240
Validation loss: 46.74799
New best model saved at epoch 3 with loss 46.74799
Epoch 4/100
Training loss: 6.19224
Validation loss: 47.74209
Epoch 5/100
Training loss: 4.21559
Validation loss: 41.15241
New best model saved at epoch 5 with loss 41.15241
Epoch 6/100
Training loss: 3.89363
Validation loss: 40.80891
New best model saved at epoch 6 with loss 40.80891
Epoch 7/100
Training loss: 4.35155
Validation loss: 32.94113
New best model saved at epoch 7 with loss 32.94113
Epoch 8/100
Training loss: 3.82764
Validation loss: 36.69160
Epoch 9/100
Training loss: 2.87068
Validation loss: 33.02636
Epoch 10/100
Training loss: 2.57457
Validation loss: 30.55448
New best model saved at epoch 10 with loss 30.55448
Epoch 11/100
Training loss: 2.32101
Validation loss: 24.71990
New best model saved at epoch 11 with loss 24.71990
Epoch 12/100
Training loss: 2.37719
Validation loss: 30.38645
Epoch 13/100
Training loss: 2.67093
Validation loss: 26.71449
Epoch 14/100
Training loss: 2.47085
Validation loss: 26.72869
Epoch 15/100
Training loss: 2.24361
Validation loss: 22.57115
New best model saved at epoch 15 with loss 22.57115
Epoch 16/100
Training loss: 2.60317
Validation loss: 22.85135
Epoch 17/100
Training loss: 1.94095
Validation loss: 23.50369
Epoch 18/100
Training loss: 1.99464
Validation loss: 22.04764
New best model saved at epoch 18 with loss 22.04764
Epoch 19/100
Training loss: 1.72835
Validation loss: 22.66697
Epoch 20/100
Training loss: 2.14216
Validation loss: 24.88337
Epoch 21/100
Training loss: 2.10542
Validation loss: 19.99621
New best model saved at epoch 21 with loss 19.99621
Epoch 22/100
Training loss: 1.87285
Validation loss: 23.78058
Epoch 23/100
Training loss: 1.71953
Validation loss: 23.48579
Epoch 24/100
Training loss: 1.91989
Validation loss: 24.19358
Epoch 25/100
Training loss: 1.69570
Validation loss: 23.39932
Epoch 26/100
Training loss: 1.66141
Validation loss: 20.61473
Epoch 27/100
Training loss: 1.88705
Validation loss: 22.91103
Epoch 28/100
Training loss: 1.63441
Validation loss: 22.13691
Epoch 29/100
Training loss: 1.86578
Validation loss: 21.56360
Epoch 30/100
Training loss: 2.01321
Validation loss: 23.94384
Epoch 31/100
Training loss: 1.48911
Validation loss: 19.59619
New best model saved at epoch 31 with loss 19.59619
Epoch 32/100
Training loss: 1.65639
Validation loss: 20.36300
Epoch 33/100
Training loss: 1.38149
Validation loss: 20.25873
Epoch 34/100
Training loss: 1.66399
Validation loss: 17.75010
New best model saved at epoch 34 with loss 17.75010
Epoch 35/100
Training loss: 1.51100
Validation loss: 19.66016
Epoch 36/100
Training loss: 1.52524
Validation loss: 23.30735
Epoch 37/100
Training loss: 1.51186
Validation loss: 20.27509
Epoch 38/100
Training loss: 1.44064
Validation loss: 20.66946
Epoch 39/100
Training loss: 1.50559
Validation loss: 20.10952
Epoch 40/100
Training loss: 1.54830
Validation loss: 19.51952
Epoch 41/100
Training loss: 1.42667
Validation loss: 21.47925
Epoch 42/100
Training loss: 1.39674
Validation loss: 18.03384
Epoch 43/100
Training loss: 1.40243
Validation loss: 20.32668
Epoch 44/100
Training loss: 1.38830
Validation loss: 18.34006
Epoch 45/100
Training loss: 1.25093
Validation loss: 20.96317
Epoch 46/100
Training loss: 1.41060
Validation loss: 17.60153
New best model saved at epoch 46 with loss 17.60153
Epoch 47/100
Training loss: 1.13416
Validation loss: 22.04077
Epoch 48/100
Training loss: 1.39124
Validation loss: 19.59924
Epoch 49/100
Training loss: 1.30606
Validation loss: 22.44238
Epoch 50/100
Training loss: 1.40103
Validation loss: 20.03775
Epoch 51/100
Training loss: 1.31961
Validation loss: 20.25304
Epoch 52/100
Training loss: 1.44479
Validation loss: 19.43329
Epoch 53/100
Training loss: 1.28553
Validation loss: 18.44219
Epoch 54/100
Training loss: 1.26611
Validation loss: 21.13552
Epoch 55/100
Training loss: 1.43051
Validation loss: 21.06182
Epoch 56/100
Training loss: 1.31642
Validation loss: 18.60866
Epoch 57/100
Training loss: 1.58538
Validation loss: 18.10213
Epoch 58/100
Training loss: 1.42460
Validation loss: 18.67611
Epoch 59/100
Training loss: 1.33535
Validation loss: 17.59658
New best model saved at epoch 59 with loss 17.59658
Epoch 60/100
Training loss: 1.34698
Validation loss: 20.33125
Epoch 61/100
Training loss: 1.32028
Validation loss: 19.40314
Epoch 62/100
Training loss: 0.97196
Validation loss: 18.37322
Epoch 63/100
Training loss: 1.13111
Validation loss: 17.97236
Epoch 64/100
Training loss: 1.25459
Validation loss: 19.20406
Epoch 65/100
Training loss: 1.26015
Validation loss: 20.66899
Epoch 66/100
Training loss: 1.18485
Validation loss: 17.40079
New best model saved at epoch 66 with loss 17.40079
Epoch 67/100
Training loss: 1.37205
Validation loss: 22.25526
Epoch 68/100
Training loss: 1.29758
Validation loss: 20.54833
Epoch 69/100
Training loss: 1.21231
Validation loss: 19.91708
Epoch 70/100
Training loss: 1.11301
Validation loss: 18.66925
Epoch 71/100
Training loss: 1.05861
Validation loss: 19.28225
Epoch 72/100
Training loss: 1.13127
Validation loss: 19.17437
Epoch 73/100
Training loss: 1.17458
Validation loss: 17.53396
Epoch 74/100
Training loss: 1.31980
Validation loss: 18.05149
Epoch 75/100
Training loss: 1.12889
Validation loss: 19.38740
Epoch 76/100
Training loss: 1.17020
Validation loss: 18.53315
Epoch 77/100
Training loss: 1.07869
Validation loss: 19.77060
Epoch 78/100
Training loss: 1.18356
Validation loss: 19.49646
Epoch 79/100
Training loss: 1.17566
Validation loss: 15.95679
New best model saved at epoch 79 with loss 15.95679
Epoch 80/100
Training loss: 1.11207
Validation loss: 19.68863
Epoch 81/100
Training loss: 1.08888
Validation loss: 20.22144
Epoch 82/100
Training loss: 1.13825
Validation loss: 19.99082
Epoch 83/100
Training loss: 1.17608
Validation loss: 20.33682
Epoch 84/100
Training loss: 1.10414
Validation loss: 20.93224
Epoch 85/100
Training loss: 1.52223
Validation loss: 18.44910
Epoch 86/100
Training loss: 1.21309
Validation loss: 20.69721
Epoch 87/100
Training loss: 1.33749
Validation loss: 20.98341
Epoch 88/100
Training loss: 1.08097
Validation loss: 19.43252
Epoch 89/100
Training loss: 1.00181
Validation loss: 21.19851
Epoch 90/100
Training loss: 0.90821
Validation loss: 18.09369
Epoch 91/100
Training loss: 0.86969
Validation loss: 19.66344
Epoch 92/100
Training loss: 0.88592
Validation loss: 19.45287
Epoch 93/100
Training loss: 0.87874
Validation loss: 18.71689
Epoch 94/100
Training loss: 0.98768
Validation loss: 19.33675
Epoch 95/100
Training loss: 1.03998
Validation loss: 18.89552
Epoch 96/100
Training loss: 1.06358
Validation loss: 19.80309
Epoch 97/100
Training loss: 0.94297
Validation loss: 22.01390
Epoch 98/100
Training loss: 0.93161
Validation loss: 18.64428
Epoch 99/100
Training loss: 1.07267
Validation loss: 19.72010
Epoch 100/100
Training loss: 0.98094
Validation loss: 19.51373
Best model for fold 2 saved from epoch 79 with f1 15.95679
Final training loss: 0.98094
Final test loss: 19.51373
Fold 3
Model loaded successfully from ./pretrained_model/64_to_256_3layers.ckpt
device : cuda
Model not found at ./model/city_and_forest_wba_value_whole_features_32frames/piece_size_5_fix_False/fold_3/fly_model.ckpt
Epoch 1/100
Training loss: 75.07561
Validation loss: 60.46808
New best model saved at epoch 1 with loss 60.46808
First epoch took 18.63 seconds.
Estimated total program duration: 7.76 hours
Estimated program end time (KST): 2024/11/19 04:49:27
Epoch 2/100
Training loss: 16.31681
Validation loss: 51.39249
New best model saved at epoch 2 with loss 51.39249
Epoch 3/100
Training loss: 9.09121
Validation loss: 40.07548
New best model saved at epoch 3 with loss 40.07548
Epoch 4/100
Training loss: 6.58252
Validation loss: 44.60104
Epoch 5/100
Training loss: 5.33812
Validation loss: 35.31445
New best model saved at epoch 5 with loss 35.31445
Epoch 6/100
Training loss: 4.05152
Validation loss: 32.91825
New best model saved at epoch 6 with loss 32.91825
Epoch 7/100
Training loss: 3.76389
Validation loss: 32.64687
New best model saved at epoch 7 with loss 32.64687
Epoch 8/100
Training loss: 3.36328
Validation loss: 34.12540
Epoch 9/100
Training loss: 2.98638
Validation loss: 30.69493
New best model saved at epoch 9 with loss 30.69493
Epoch 10/100
Training loss: 2.67927
Validation loss: 34.58765
Epoch 11/100
Training loss: 2.60078
Validation loss: 29.65677
New best model saved at epoch 11 with loss 29.65677
Epoch 12/100
Training loss: 2.48900
Validation loss: 30.67167
Epoch 13/100
Training loss: 1.88115
Validation loss: 33.05916
Epoch 14/100
Training loss: 2.33017
Validation loss: 31.48488
Epoch 15/100
Training loss: 1.91685
Validation loss: 28.30570
New best model saved at epoch 15 with loss 28.30570
Epoch 16/100
Training loss: 2.22410
Validation loss: 28.96721
Epoch 17/100
Training loss: 2.00386
Validation loss: 27.59676
New best model saved at epoch 17 with loss 27.59676
Epoch 18/100
Training loss: 1.98843
Validation loss: 28.24129
Epoch 19/100
Training loss: 1.61356
Validation loss: 29.38189
Epoch 20/100
Training loss: 1.92716
Validation loss: 28.50347
Epoch 21/100
Training loss: 1.55163
Validation loss: 26.86556
New best model saved at epoch 21 with loss 26.86556
Epoch 22/100
Training loss: 1.98859
Validation loss: 29.57506
Epoch 23/100
Training loss: 1.76506
Validation loss: 31.96428
Epoch 24/100
Training loss: 1.49106
Validation loss: 29.69119
Epoch 25/100
Training loss: 1.74420
Validation loss: 29.35500
Epoch 26/100
Training loss: 1.58143
Validation loss: 31.24293
Epoch 27/100
Training loss: 1.68244
Validation loss: 27.51980
Epoch 28/100
Training loss: 1.49176
Validation loss: 29.64464
Epoch 29/100
Training loss: 1.64569
Validation loss: 28.57603
Epoch 30/100
Training loss: 1.38986
Validation loss: 29.10295
Epoch 31/100
Training loss: 1.69712
Validation loss: 28.39487
Epoch 32/100
Training loss: 1.43876
Validation loss: 27.52813
Epoch 33/100
Training loss: 1.30042
Validation loss: 29.55009
Epoch 34/100
Training loss: 1.48408
Validation loss: 26.90893
Epoch 35/100
Training loss: 1.54550
Validation loss: 27.85858
Epoch 36/100
Training loss: 1.43655
Validation loss: 30.33780
Epoch 37/100
Training loss: 1.52080
Validation loss: 27.28816
Epoch 38/100
Training loss: 1.37817
Validation loss: 29.23986
Epoch 39/100
Training loss: 1.23586
Validation loss: 26.36076
New best model saved at epoch 39 with loss 26.36076
Epoch 40/100
Training loss: 1.21226
Validation loss: 27.99786
Epoch 41/100
Training loss: 1.25827
Validation loss: 29.14774
Epoch 42/100
Training loss: 1.42146
Validation loss: 28.60758
Epoch 43/100
Training loss: 1.32776
Validation loss: 26.52969
Epoch 44/100
Training loss: 1.45573
Validation loss: 28.15636
Epoch 45/100
Training loss: 1.28407
Validation loss: 29.05452
Epoch 46/100
Training loss: 1.30789
Validation loss: 27.19317
Epoch 47/100
Training loss: 1.27104
Validation loss: 27.89843
Epoch 48/100
Training loss: 1.53586
Validation loss: 27.25062
Epoch 49/100
Training loss: 1.44407
Validation loss: 27.34289
Epoch 50/100
Training loss: 1.07718
Validation loss: 27.67024
Epoch 51/100
Training loss: 1.15945
Validation loss: 26.85898
Epoch 52/100
Training loss: 1.32567
Validation loss: 27.94814
Epoch 53/100
Training loss: 1.30509
Validation loss: 28.28611
Epoch 54/100
Training loss: 1.26508
Validation loss: 26.89025
Epoch 55/100
Training loss: 1.23314
Validation loss: 29.01767
Epoch 56/100
Training loss: 1.10668
Validation loss: 25.24610
New best model saved at epoch 56 with loss 25.24610
Epoch 57/100
Training loss: 1.20699
Validation loss: 25.49006
Epoch 58/100
Training loss: 1.29225
Validation loss: 27.79128
Epoch 59/100
Training loss: 1.20637
Validation loss: 28.64050
Epoch 60/100
Training loss: 0.98834
Validation loss: 27.75719
Epoch 61/100
Training loss: 1.27551
Validation loss: 28.98829
Epoch 62/100
Training loss: 1.31989
Validation loss: 26.92021
Epoch 63/100
Training loss: 1.05955
Validation loss: 28.65812
Epoch 64/100
Training loss: 1.07276
Validation loss: 27.63620
Epoch 65/100
Training loss: 1.18051
Validation loss: 27.56123
Epoch 66/100
Training loss: 1.03613
Validation loss: 26.52717
Epoch 67/100
Training loss: 1.25445
Validation loss: 27.53583
Epoch 68/100
Training loss: 1.05211
Validation loss: 26.48753
Epoch 69/100
Training loss: 1.09151
Validation loss: 27.52360
Epoch 70/100
Training loss: 1.04423
Validation loss: 28.29409
Epoch 71/100
Training loss: 1.04118
Validation loss: 27.56256
Epoch 72/100
Training loss: 1.01037
Validation loss: 26.04720
Epoch 73/100
Training loss: 0.90340
Validation loss: 26.02756
Epoch 74/100
Training loss: 1.03825
Validation loss: 27.10873
Epoch 75/100
Training loss: 1.08209
Validation loss: 25.69525
Epoch 76/100
Training loss: 1.10967
Validation loss: 28.75918
Epoch 77/100
Training loss: 0.98852
Validation loss: 26.23948
Epoch 78/100
Training loss: 1.02861
Validation loss: 26.36413
Epoch 79/100
Training loss: 1.65062
Validation loss: 27.28397
Epoch 80/100
Training loss: 1.04887
Validation loss: 27.27182
Epoch 81/100
Training loss: 1.00721
Validation loss: 27.45876
Epoch 82/100
Training loss: 0.91854
Validation loss: 27.19308
Epoch 83/100
Training loss: 0.91526
Validation loss: 27.58076
Epoch 84/100
Training loss: 0.90742
Validation loss: 26.38242
Epoch 85/100
Training loss: 1.02447
Validation loss: 26.27378
Epoch 86/100
Training loss: 0.92227
Validation loss: 28.57530
Epoch 87/100
Training loss: 0.83086
Validation loss: 27.97578
Epoch 88/100
Training loss: 1.10332
Validation loss: 27.44034
Epoch 89/100
Training loss: 1.01751
Validation loss: 28.93985
Epoch 90/100
Training loss: 0.96739
Validation loss: 27.74604
Epoch 91/100
Training loss: 0.98877
Validation loss: 27.63209
Epoch 92/100
Training loss: 1.05736
Validation loss: 28.28415
Epoch 93/100
Training loss: 0.94501
Validation loss: 27.07807
Epoch 94/100
Training loss: 0.88588
Validation loss: 26.01184
Epoch 95/100
Training loss: 0.98761
Validation loss: 25.32908
Epoch 96/100
Training loss: 1.07148
Validation loss: 24.42225
New best model saved at epoch 96 with loss 24.42225
Epoch 97/100
Training loss: 0.85777
Validation loss: 25.27937
Epoch 98/100
Training loss: 0.97337
Validation loss: 26.10134
Epoch 99/100
Training loss: 0.84874
Validation loss: 26.36534
Epoch 100/100
Training loss: 0.80300
Validation loss: 27.32789
Best model for fold 3 saved from epoch 96 with f1 24.42225
Final training loss: 0.80300
Final test loss: 27.32789
All fold val losses: [21.269760767618816, 15.956792751948038, 24.422249635060627]
Average val loss: 20.54960
Fold 1
Model loaded successfully from ./pretrained_model/64_to_256_3layers.ckpt
device : cuda
Model not found at ./model/city_and_forest_wba_value_whole_features_32frames/piece_size_10_fix_False/fold_1/fly_model.ckpt
Epoch 1/100
Training loss: 67.20139
Validation loss: 53.95486
New best model saved at epoch 1 with loss 53.95486
First epoch took 18.47 seconds.
Estimated total program duration: 7.70 hours
Estimated program end time (KST): 2024/11/19 05:14:57
Epoch 2/100
Training loss: 13.09372
Validation loss: 58.38044
Epoch 3/100
Training loss: 7.74061
Validation loss: 29.76508
New best model saved at epoch 3 with loss 29.76508
Epoch 4/100
Training loss: 5.93534
Validation loss: 30.70695
Epoch 5/100
Training loss: 4.23180
Validation loss: 29.36409
New best model saved at epoch 5 with loss 29.36409
Epoch 6/100
Training loss: 3.61224
Validation loss: 30.24788
Epoch 7/100
Training loss: 3.24382
Validation loss: 28.57620
New best model saved at epoch 7 with loss 28.57620
Epoch 8/100
Training loss: 2.52412
Validation loss: 25.23920
New best model saved at epoch 8 with loss 25.23920
Epoch 9/100
Training loss: 2.44570
Validation loss: 25.16061
New best model saved at epoch 9 with loss 25.16061
Epoch 10/100
Training loss: 2.61310
Validation loss: 25.89801
Epoch 11/100
Training loss: 2.11315
Validation loss: 26.34925
Epoch 12/100
Training loss: 2.58030
Validation loss: 22.74175
New best model saved at epoch 12 with loss 22.74175
Epoch 13/100
Training loss: 2.14033
Validation loss: 22.07187
New best model saved at epoch 13 with loss 22.07187
Epoch 14/100
Training loss: 1.88144
Validation loss: 23.42207
Epoch 15/100
Training loss: 2.08277
Validation loss: 21.06651
New best model saved at epoch 15 with loss 21.06651
Epoch 16/100
Training loss: 2.04746
Validation loss: 22.03073
Epoch 17/100
Training loss: 1.64667
Validation loss: 20.32985
New best model saved at epoch 17 with loss 20.32985
Epoch 18/100
Training loss: 1.79605
Validation loss: 21.30590
Epoch 19/100
Training loss: 1.77533
Validation loss: 22.20633
Epoch 20/100
Training loss: 1.30834
Validation loss: 23.28791
Epoch 21/100
Training loss: 1.52457
Validation loss: 22.44476
Epoch 22/100
Training loss: 1.47478
Validation loss: 20.31734
New best model saved at epoch 22 with loss 20.31734
Epoch 23/100
Training loss: 1.44322
Validation loss: 19.91837
New best model saved at epoch 23 with loss 19.91837
Epoch 24/100
Training loss: 1.43046
Validation loss: 22.21983
Epoch 25/100
Training loss: 1.87499
Validation loss: 22.03662
Epoch 26/100
Training loss: 1.52808
Validation loss: 20.44602
Epoch 27/100
Training loss: 1.45950
Validation loss: 22.02093
Epoch 28/100
Training loss: 1.57376
Validation loss: 20.89945
Epoch 29/100
Training loss: 1.16910
Validation loss: 20.41845
Epoch 30/100
Training loss: 1.48901
Validation loss: 22.19570
Epoch 31/100
Training loss: 1.32988
Validation loss: 21.63402
Epoch 32/100
Training loss: 1.41324
Validation loss: 20.21612
Epoch 33/100
Training loss: 1.34380
Validation loss: 21.10896
Epoch 34/100
Training loss: 1.29499
Validation loss: 20.01436
Epoch 35/100
Training loss: 1.47943
Validation loss: 20.99808
Epoch 36/100
Training loss: 1.17472
Validation loss: 20.47309
Epoch 37/100
Training loss: 1.52935
Validation loss: 22.14890
Epoch 38/100
Training loss: 1.65247
Validation loss: 20.54429
Epoch 39/100
Training loss: 1.21198
Validation loss: 20.45346
Epoch 40/100
Training loss: 1.27474
Validation loss: 20.97494
Epoch 41/100
Training loss: 1.39243
Validation loss: 21.37166
Epoch 42/100
Training loss: 1.20950
Validation loss: 21.94295
Epoch 43/100
Training loss: 1.42162
Validation loss: 21.71742
Epoch 44/100
Training loss: 1.30477
Validation loss: 21.25328
Epoch 45/100
Training loss: 1.55498
Validation loss: 21.58100
Epoch 46/100
Training loss: 1.47454
Validation loss: 20.62703
Epoch 47/100
Training loss: 1.38532
Validation loss: 20.33372
Epoch 48/100
Training loss: 1.18494
Validation loss: 21.00430
Epoch 49/100
Training loss: 1.33465
Validation loss: 19.80992
New best model saved at epoch 49 with loss 19.80992
Epoch 50/100
Training loss: 1.20664
Validation loss: 23.71286
Epoch 51/100
Training loss: 0.99133
Validation loss: 20.70318
Epoch 52/100
Training loss: 1.24620
Validation loss: 21.33756
Epoch 53/100
Training loss: 1.19389
Validation loss: 21.13454
Epoch 54/100
Training loss: 1.04896
Validation loss: 22.13513
Epoch 55/100
Training loss: 1.27686
Validation loss: 20.26023
Epoch 56/100
Training loss: 1.09246
Validation loss: 21.33101
Epoch 57/100
Training loss: 0.93741
Validation loss: 19.01731
New best model saved at epoch 57 with loss 19.01731
Epoch 58/100
Training loss: 1.13887
Validation loss: 20.14298
Epoch 59/100
Training loss: 1.35006
Validation loss: 19.09069
Epoch 60/100
Training loss: 1.09592
Validation loss: 21.65297
Epoch 61/100
Training loss: 1.36888
Validation loss: 20.72200
Epoch 62/100
Training loss: 1.50854
Validation loss: 20.52682
Epoch 63/100
Training loss: 1.11763
Validation loss: 20.59361
Epoch 64/100
Training loss: 0.95747
Validation loss: 21.98958
Epoch 65/100
Training loss: 1.13688
Validation loss: 21.64937
Epoch 66/100
Training loss: 1.15787
Validation loss: 20.52583
Epoch 67/100
Training loss: 1.01176
Validation loss: 20.22723
Epoch 68/100
Training loss: 0.93387
Validation loss: 21.18961
Epoch 69/100
Training loss: 0.97630
Validation loss: 20.68771
Epoch 70/100
Training loss: 1.13415
Validation loss: 21.06347
Epoch 71/100
Training loss: 1.17953
Validation loss: 20.39709
Epoch 72/100
Training loss: 1.05105
Validation loss: 22.42622
Epoch 73/100
Training loss: 1.06073
Validation loss: 21.52166
Epoch 74/100
Training loss: 1.44017
Validation loss: 20.28662
Epoch 75/100
Training loss: 1.26053
Validation loss: 21.47086
Epoch 76/100
Training loss: 1.23285
Validation loss: 20.66995
Epoch 77/100
Training loss: 1.14619
Validation loss: 20.68925
Epoch 78/100
Training loss: 1.25739
Validation loss: 22.66704
Epoch 79/100
Training loss: 1.21549
Validation loss: 21.46976
Epoch 80/100
Training loss: 0.96284
Validation loss: 22.21244
Epoch 81/100
Training loss: 1.19151
Validation loss: 20.90763
Epoch 82/100
Training loss: 1.17270
Validation loss: 19.01900
Epoch 83/100
Training loss: 0.92511
Validation loss: 21.21982
Epoch 84/100
Training loss: 0.91468
Validation loss: 21.80127
Epoch 85/100
Training loss: 0.99734
Validation loss: 20.55764
Epoch 86/100
Training loss: 0.87231
Validation loss: 21.50589
Epoch 87/100
Training loss: 0.98863
Validation loss: 19.60832
Epoch 88/100
Training loss: 0.81652
Validation loss: 21.33983
Epoch 89/100
Training loss: 0.84255
Validation loss: 20.54119
Epoch 90/100
Training loss: 0.87810
Validation loss: 21.42988
Epoch 91/100
Training loss: 1.05102
Validation loss: 20.78287
Epoch 92/100
Training loss: 1.06640
Validation loss: 19.86373
Epoch 93/100
Training loss: 0.97382
Validation loss: 20.79961
Epoch 94/100
Training loss: 0.87075
Validation loss: 20.26093
Epoch 95/100
Training loss: 0.86347
Validation loss: 19.82522
Epoch 96/100
Training loss: 0.99713
Validation loss: 20.41234
Epoch 97/100
Training loss: 1.04774
Validation loss: 21.70434
Epoch 98/100
Training loss: 1.17276
Validation loss: 20.78661
Epoch 99/100
Training loss: 0.88775
Validation loss: 19.99000
Epoch 100/100
Training loss: 0.75971
Validation loss: 21.22550
Best model for fold 1 saved from epoch 57 with f1 19.01731
Final training loss: 0.75971
Final test loss: 21.22550
Fold 2
Model loaded successfully from ./pretrained_model/64_to_256_3layers.ckpt
device : cuda
Model not found at ./model/city_and_forest_wba_value_whole_features_32frames/piece_size_10_fix_False/fold_2/fly_model.ckpt
Epoch 1/100
Training loss: 72.37132
Validation loss: 56.34623
New best model saved at epoch 1 with loss 56.34623
First epoch took 18.55 seconds.
Estimated total program duration: 7.73 hours
Estimated program end time (KST): 2024/11/19 05:46:22
Epoch 2/100
Training loss: 17.87534
Validation loss: 39.19973
New best model saved at epoch 2 with loss 39.19973
Epoch 3/100
Training loss: 10.65082
Validation loss: 28.50871
New best model saved at epoch 3 with loss 28.50871
Epoch 4/100
Training loss: 6.24695
Validation loss: 34.40962
Epoch 5/100
Training loss: 4.91778
Validation loss: 25.03148
New best model saved at epoch 5 with loss 25.03148
Epoch 6/100
Training loss: 4.39269
Validation loss: 30.10167
Epoch 7/100
Training loss: 3.83758
Validation loss: 27.53906
Epoch 8/100
Training loss: 3.37058
Validation loss: 26.61686
Epoch 9/100
Training loss: 2.59618
Validation loss: 29.19600
Epoch 10/100
Training loss: 2.36204
Validation loss: 23.88414
New best model saved at epoch 10 with loss 23.88414
Epoch 11/100
Training loss: 1.95536
Validation loss: 26.18252
Epoch 12/100
Training loss: 2.14998
Validation loss: 24.95565
Epoch 13/100
Training loss: 2.19308
Validation loss: 24.70591
Epoch 14/100
Training loss: 1.98994
Validation loss: 25.62699
Epoch 15/100
Training loss: 2.08390
Validation loss: 20.70648
New best model saved at epoch 15 with loss 20.70648
Epoch 16/100
Training loss: 2.19229
Validation loss: 23.14720
Epoch 17/100
Training loss: 1.91153
Validation loss: 23.80803
Epoch 18/100
Training loss: 1.82464
Validation loss: 23.72498
Epoch 19/100
Training loss: 1.90808
Validation loss: 22.17998
Epoch 20/100
Training loss: 1.90336
Validation loss: 21.80539
Epoch 21/100
Training loss: 2.03356
Validation loss: 20.47228
New best model saved at epoch 21 with loss 20.47228
Epoch 22/100
Training loss: 1.72173
Validation loss: 19.69583
New best model saved at epoch 22 with loss 19.69583
Epoch 23/100
Training loss: 1.79780
Validation loss: 21.64985
Epoch 24/100
Training loss: 1.59984
Validation loss: 21.81769
Epoch 25/100
Training loss: 1.69482
Validation loss: 19.79370
Epoch 26/100
Training loss: 1.66865
Validation loss: 20.71951
Epoch 27/100
Training loss: 1.59145
Validation loss: 20.92119
Epoch 28/100
Training loss: 1.50421
Validation loss: 20.54019
Epoch 29/100
Training loss: 1.65132
Validation loss: 19.75643
Epoch 30/100
Training loss: 1.36045
Validation loss: 19.99424
Epoch 31/100
Training loss: 1.47158
Validation loss: 23.00172
Epoch 32/100
Training loss: 1.51732
Validation loss: 22.80407
Epoch 33/100
Training loss: 1.60106
Validation loss: 20.76146
Epoch 34/100
Training loss: 1.56495
Validation loss: 21.43626
Epoch 35/100
Training loss: 1.68439
Validation loss: 20.45088
Epoch 36/100
Training loss: 1.44093
Validation loss: 19.94701
Epoch 37/100
Training loss: 1.37961
Validation loss: 20.77517
Epoch 38/100
Training loss: 1.32255
Validation loss: 21.06501
Epoch 39/100
Training loss: 1.67458
Validation loss: 18.01301
New best model saved at epoch 39 with loss 18.01301
Epoch 40/100
Training loss: 1.37264
Validation loss: 20.36318
Epoch 41/100
Training loss: 1.45610
Validation loss: 19.79089
Epoch 42/100
Training loss: 1.26763
Validation loss: 21.12650
Epoch 43/100
Training loss: 1.26112
Validation loss: 21.00452
Epoch 44/100
Training loss: 1.37630
Validation loss: 21.12123
Epoch 45/100
Training loss: 1.31266
Validation loss: 21.45145
Epoch 46/100
Training loss: 1.32655
Validation loss: 21.14017
Epoch 47/100
Training loss: 1.45784
Validation loss: 20.63380
Epoch 48/100
Training loss: 1.38429
Validation loss: 21.17970
Epoch 49/100
Training loss: 1.26231
Validation loss: 21.31068
Epoch 50/100
Training loss: 1.59145
Validation loss: 19.76634
Epoch 51/100
Training loss: 1.42269
Validation loss: 20.34123
Epoch 52/100
Training loss: 1.67648
Validation loss: 17.96782
New best model saved at epoch 52 with loss 17.96782
Epoch 53/100
Training loss: 1.42686
Validation loss: 20.09286
Epoch 54/100
Training loss: 1.24080
Validation loss: 19.32685
Epoch 55/100
Training loss: 1.10534
Validation loss: 21.06796
Epoch 56/100
Training loss: 1.32810
Validation loss: 18.48222
Epoch 57/100
Training loss: 1.27849
Validation loss: 19.25992
Epoch 58/100
Training loss: 1.26457
Validation loss: 21.06645
Epoch 59/100
Training loss: 1.15631
Validation loss: 18.45590
Epoch 60/100
Training loss: 1.13365
Validation loss: 20.90187
Epoch 61/100
Training loss: 1.23794
Validation loss: 21.39911
Epoch 62/100
Training loss: 1.09140
Validation loss: 18.27037
Epoch 63/100
Training loss: 1.13379
Validation loss: 20.45228
Epoch 64/100
Training loss: 1.10494
Validation loss: 19.98375
Epoch 65/100
Training loss: 1.12742
Validation loss: 18.66801
Epoch 66/100
Training loss: 1.30297
Validation loss: 19.02398
Epoch 67/100
Training loss: 1.18210
Validation loss: 20.13197
Epoch 68/100
Training loss: 0.90652
Validation loss: 18.21259
Epoch 69/100
Training loss: 1.35319
Validation loss: 19.01985
Epoch 70/100
Training loss: 1.19906
Validation loss: 19.26639
Epoch 71/100
Training loss: 1.08505
Validation loss: 21.89957
Epoch 72/100
Training loss: 1.21239
Validation loss: 19.06475
Epoch 73/100
Training loss: 1.04570
Validation loss: 19.09748
Epoch 74/100
Training loss: 1.14902
Validation loss: 20.51789
Epoch 75/100
Training loss: 1.24409
Validation loss: 19.12973
Epoch 76/100
Training loss: 1.09615
Validation loss: 18.46525
Epoch 77/100
Training loss: 1.25184
Validation loss: 19.85120
Epoch 78/100
Training loss: 1.19960
Validation loss: 19.73457
Epoch 79/100
Training loss: 1.09526
Validation loss: 19.17332
Epoch 80/100
Training loss: 0.95749
Validation loss: 20.19874
Epoch 81/100
Training loss: 0.93869
Validation loss: 20.23576
Epoch 82/100
Training loss: 1.01852
Validation loss: 19.68110
Epoch 83/100
Training loss: 1.03796
Validation loss: 20.01206
Epoch 84/100
Training loss: 0.96674
Validation loss: 20.77574
Epoch 85/100
Training loss: 1.07264
Validation loss: 21.19214
Epoch 86/100
Training loss: 1.17420
Validation loss: 20.46569
Epoch 87/100
Training loss: 0.90393
Validation loss: 19.96044
Epoch 88/100
Training loss: 1.11419
Validation loss: 18.99446
Epoch 89/100
Training loss: 0.94479
Validation loss: 19.96692
Epoch 90/100
Training loss: 1.02061
Validation loss: 18.74293
Epoch 91/100
Training loss: 0.91509
Validation loss: 19.63400
Epoch 92/100
Training loss: 0.97779
Validation loss: 19.51016
Epoch 93/100
Training loss: 0.94520
Validation loss: 19.83159
Epoch 94/100
Training loss: 0.84267
Validation loss: 19.21135
Epoch 95/100
Training loss: 1.08996
Validation loss: 19.64722
Epoch 96/100
Training loss: 1.04711
Validation loss: 20.70444
Epoch 97/100
Training loss: 1.00786
Validation loss: 18.33312
Epoch 98/100
Training loss: 1.15329
Validation loss: 20.86602
Epoch 99/100
Training loss: 0.98693
Validation loss: 19.12200
Epoch 100/100
Training loss: 1.07739
Validation loss: 20.81154
Best model for fold 2 saved from epoch 52 with f1 17.96782
Final training loss: 1.07739
Final test loss: 20.81154
Fold 3
Model loaded successfully from ./pretrained_model/64_to_256_3layers.ckpt
device : cuda
Model not found at ./model/city_and_forest_wba_value_whole_features_32frames/piece_size_10_fix_False/fold_3/fly_model.ckpt
Epoch 1/100
Training loss: 69.05428
Validation loss: 54.00236
New best model saved at epoch 1 with loss 54.00236
First epoch took 18.51 seconds.
Estimated total program duration: 7.71 hours
Estimated program end time (KST): 2024/11/19 06:14:35
Epoch 2/100
Training loss: 16.24255
Validation loss: 54.98264
Epoch 3/100
Training loss: 8.39672
Validation loss: 60.63845
Epoch 4/100
Training loss: 6.82244
Validation loss: 58.61555
Epoch 5/100
Training loss: 5.63957
Validation loss: 43.04094
New best model saved at epoch 5 with loss 43.04094
Epoch 6/100
Training loss: 4.07221
Validation loss: 45.12269
Epoch 7/100
Training loss: 3.44904
Validation loss: 52.40468
Epoch 8/100
Training loss: 3.13977
Validation loss: 40.33668
New best model saved at epoch 8 with loss 40.33668
Epoch 9/100
Training loss: 3.55457
Validation loss: 35.61112
New best model saved at epoch 9 with loss 35.61112
Epoch 10/100
Training loss: 2.88096
Validation loss: 35.97448
Epoch 11/100
Training loss: 2.49853
Validation loss: 38.26271
Epoch 12/100
Training loss: 2.38208
Validation loss: 33.86394
New best model saved at epoch 12 with loss 33.86394
Epoch 13/100
Training loss: 2.17949
Validation loss: 37.31613
Epoch 14/100
Training loss: 1.87673
Validation loss: 30.27371
New best model saved at epoch 14 with loss 30.27371
Epoch 15/100
Training loss: 2.04977
Validation loss: 29.83613
New best model saved at epoch 15 with loss 29.83613
Epoch 16/100
Training loss: 2.05080
Validation loss: 32.84531
Epoch 17/100
Training loss: 1.99875
Validation loss: 28.78400
New best model saved at epoch 17 with loss 28.78400
Epoch 18/100
Training loss: 2.03479
Validation loss: 33.26322
Epoch 19/100
Training loss: 1.76762
Validation loss: 31.53276
Epoch 20/100
Training loss: 1.70225
Validation loss: 30.96924
Epoch 21/100
Training loss: 1.73929
Validation loss: 29.37556
Epoch 22/100
Training loss: 1.74339
Validation loss: 33.91745
Epoch 23/100
Training loss: 1.82711
Validation loss: 30.87359
Epoch 24/100
Training loss: 1.53834
Validation loss: 31.37873
Epoch 25/100
Training loss: 1.79729
Validation loss: 27.84810
New best model saved at epoch 25 with loss 27.84810
Epoch 26/100
Training loss: 1.59334
Validation loss: 29.74252
Epoch 27/100
Training loss: 1.44297
Validation loss: 27.66894
New best model saved at epoch 27 with loss 27.66894
Epoch 28/100
Training loss: 1.66796
Validation loss: 26.79272
New best model saved at epoch 28 with loss 26.79272
Epoch 29/100
Training loss: 1.42217
Validation loss: 27.27296
Epoch 30/100
Training loss: 1.42113
Validation loss: 24.77684
New best model saved at epoch 30 with loss 24.77684
Epoch 31/100
Training loss: 1.65226
Validation loss: 30.57720
Epoch 32/100
Training loss: 1.48826
Validation loss: 26.81672
Epoch 33/100
Training loss: 1.54922
Validation loss: 28.13128
Epoch 34/100
Training loss: 1.53275
Validation loss: 30.28179
Epoch 35/100
Training loss: 1.66154
Validation loss: 30.22911
Epoch 36/100
Training loss: 1.33694
Validation loss: 26.98642
Epoch 37/100
Training loss: 1.43481
Validation loss: 26.77770
Epoch 38/100
Training loss: 1.32973
Validation loss: 26.81741
Epoch 39/100
Training loss: 1.36107
Validation loss: 27.93171
Epoch 40/100
Training loss: 1.32088
Validation loss: 26.53467
Epoch 41/100
Training loss: 1.71077
Validation loss: 25.12058
Epoch 42/100
Training loss: 1.49112
Validation loss: 27.40205
Epoch 43/100
Training loss: 1.71812
Validation loss: 24.13403
New best model saved at epoch 43 with loss 24.13403
Epoch 44/100
Training loss: 1.45762
Validation loss: 27.97867
Epoch 45/100
Training loss: 1.53620
Validation loss: 24.85816
Epoch 46/100
Training loss: 1.44278
Validation loss: 26.47563
Epoch 47/100
Training loss: 1.38965
Validation loss: 32.28574
Epoch 48/100
Training loss: 1.38797
Validation loss: 28.30617
Epoch 49/100
Training loss: 1.48825
Validation loss: 28.43945
Epoch 50/100
Training loss: 1.43694
Validation loss: 29.42268
Epoch 51/100
Training loss: 1.23078
Validation loss: 25.67049
Epoch 52/100
Training loss: 1.14947
Validation loss: 26.36074
Epoch 53/100
Training loss: 1.28564
Validation loss: 28.42121
Epoch 54/100
Training loss: 1.24275
Validation loss: 28.03616
Epoch 55/100
Training loss: 1.29930
Validation loss: 21.81880
New best model saved at epoch 55 with loss 21.81880
Epoch 56/100
Training loss: 1.24933
Validation loss: 26.33237
Epoch 57/100
Training loss: 1.20759
Validation loss: 25.93926
Epoch 58/100
Training loss: 1.38489
Validation loss: 24.81608
Epoch 59/100
Training loss: 1.49100
Validation loss: 28.23724
Epoch 60/100
Training loss: 1.60197
Validation loss: 27.73388
Epoch 61/100
Training loss: 1.55549
Validation loss: 32.75671
Epoch 62/100
Training loss: 1.33670
Validation loss: 24.38970
Epoch 63/100
Training loss: 1.04273
Validation loss: 27.05669
Epoch 64/100
Training loss: 1.33939
Validation loss: 26.32854
Epoch 65/100
Training loss: 1.33949
Validation loss: 25.31736
Epoch 66/100
Training loss: 1.16522
Validation loss: 28.47595
Epoch 67/100
Training loss: 1.15765
Validation loss: 28.66578
Epoch 68/100
Training loss: 1.17400
Validation loss: 28.47182
Epoch 69/100
Training loss: 1.23924
Validation loss: 27.29875
Epoch 70/100
Training loss: 1.38703
Validation loss: 26.16824
Epoch 71/100
Training loss: 1.38563
Validation loss: 26.53962
Epoch 72/100
Training loss: 1.12529
Validation loss: 26.40182
Epoch 73/100
Training loss: 1.25621
Validation loss: 27.70947
Epoch 74/100
Training loss: 1.24929
Validation loss: 28.26014
Epoch 75/100
Training loss: 0.96520
Validation loss: 28.57682
Epoch 76/100
Training loss: 1.18482
Validation loss: 25.03165
Epoch 77/100
Training loss: 1.22231
Validation loss: 27.95929
Epoch 78/100
Training loss: 1.04494
Validation loss: 26.42061
Epoch 79/100
Training loss: 1.09670
Validation loss: 27.59022
Epoch 80/100
Training loss: 1.12001
Validation loss: 24.27614
Epoch 81/100
Training loss: 1.10839
Validation loss: 25.38466
Epoch 82/100
Training loss: 1.14414
Validation loss: 26.95535
Epoch 83/100
Training loss: 1.10210
Validation loss: 24.67407
Epoch 84/100
Training loss: 1.03382
Validation loss: 26.87820
Epoch 85/100
Training loss: 1.18835
Validation loss: 30.02159
Epoch 86/100
Training loss: 1.00690
Validation loss: 25.24877
Epoch 87/100
Training loss: 0.98013
Validation loss: 25.05871
Epoch 88/100
Training loss: 1.12686
Validation loss: 25.94223
Epoch 89/100
Training loss: 1.17234
Validation loss: 26.19763
Epoch 90/100
Training loss: 1.16532
Validation loss: 27.36100
Epoch 91/100
Training loss: 0.99587
Validation loss: 26.62542
Epoch 92/100
Training loss: 0.93110
Validation loss: 27.16687
Epoch 93/100
Training loss: 1.08566
Validation loss: 24.14458
Epoch 94/100
Training loss: 1.29683
Validation loss: 26.39947
Epoch 95/100
Training loss: 0.97996
Validation loss: 24.78807
Epoch 96/100
Training loss: 1.13857
Validation loss: 24.95048
Epoch 97/100
Training loss: 1.10430
Validation loss: 25.42881
Epoch 98/100
Training loss: 0.97393
Validation loss: 25.37475
Epoch 99/100
Training loss: 0.99255
Validation loss: 27.11803
Epoch 100/100
Training loss: 1.06665
Validation loss: 25.11133
Best model for fold 3 saved from epoch 55 with f1 21.81880
Final training loss: 1.06665
Final test loss: 25.11133
All fold val losses: [19.017311890920002, 17.9678152402242, 21.818801403045654]
Average val loss: 19.60131
Fold 1
Model loaded successfully from ./pretrained_model/64_to_256_3layers.ckpt
device : cuda
Model not found at ./model/city_and_forest_wba_value_whole_features_32frames/piece_size_20_fix_False/fold_1/fly_model.ckpt
Epoch 1/100
Training loss: 59.24962
Validation loss: 52.28616
New best model saved at epoch 1 with loss 52.28616
First epoch took 20.52 seconds.
Estimated total program duration: 8.55 hours
Estimated program end time (KST): 2024/11/19 07:34:20
Epoch 2/100
Training loss: 12.90865
Validation loss: 39.46775
New best model saved at epoch 2 with loss 39.46775
Epoch 3/100
Training loss: 7.58402
Validation loss: 31.06972
New best model saved at epoch 3 with loss 31.06972
Epoch 4/100
Training loss: 5.39316
Validation loss: 34.43487
Epoch 5/100
Training loss: 4.53215
Validation loss: 27.06138
New best model saved at epoch 5 with loss 27.06138
Epoch 6/100
Training loss: 3.60049
Validation loss: 28.73441
Epoch 7/100
Training loss: 3.45726
Validation loss: 25.35952
New best model saved at epoch 7 with loss 25.35952
Epoch 8/100
Training loss: 3.14817
Validation loss: 26.61859
Epoch 9/100
Training loss: 2.84738
Validation loss: 25.70718
Epoch 10/100
Training loss: 2.73375
Validation loss: 19.25768
New best model saved at epoch 10 with loss 19.25768
Epoch 11/100
Training loss: 2.61950
Validation loss: 20.05243
Epoch 12/100
Training loss: 2.87378
Validation loss: 21.64804
Epoch 13/100
Training loss: 2.47359
Validation loss: 22.26209
Epoch 14/100
Training loss: 2.19536
Validation loss: 20.36940
Epoch 15/100
Training loss: 1.92465
Validation loss: 18.41142
New best model saved at epoch 15 with loss 18.41142
Epoch 16/100
Training loss: 1.98588
Validation loss: 21.96232
Epoch 17/100
Training loss: 1.83797
Validation loss: 20.96249
Epoch 18/100
Training loss: 1.74176
Validation loss: 20.77835
Epoch 19/100
Training loss: 1.86862
Validation loss: 18.86419
Epoch 20/100
Training loss: 1.61075
Validation loss: 20.84953
Epoch 21/100
Training loss: 1.68488
Validation loss: 20.82134
Epoch 22/100
Training loss: 1.76115
Validation loss: 22.59750
Epoch 23/100
Training loss: 1.56494
Validation loss: 21.31669
Epoch 24/100
Training loss: 1.62679
Validation loss: 22.86951
Epoch 25/100
Training loss: 1.49033
Validation loss: 19.25660
Epoch 26/100
Training loss: 1.47138
Validation loss: 18.09193
New best model saved at epoch 26 with loss 18.09193
Epoch 27/100
Training loss: 1.46368
Validation loss: 22.77788
Epoch 28/100
Training loss: 1.68785
Validation loss: 18.11454
Epoch 29/100
Training loss: 1.75627
Validation loss: 18.75840
Epoch 30/100
Training loss: 1.50584
Validation loss: 20.59554
Epoch 31/100
Training loss: 1.45053
Validation loss: 20.65020
Epoch 32/100
Training loss: 1.24621
Validation loss: 20.38390
Epoch 33/100
Training loss: 1.41293
Validation loss: 20.09997
Epoch 34/100
Training loss: 1.30874
Validation loss: 19.70318
Epoch 35/100
Training loss: 1.42367
Validation loss: 20.36611
Epoch 36/100
Training loss: 1.37627
Validation loss: 18.05250
New best model saved at epoch 36 with loss 18.05250
Epoch 37/100
Training loss: 1.58977
Validation loss: 21.46000
Epoch 38/100
Training loss: 1.41440
Validation loss: 17.81982
New best model saved at epoch 38 with loss 17.81982
Epoch 39/100
Training loss: 1.65793
Validation loss: 17.38619
New best model saved at epoch 39 with loss 17.38619
Epoch 40/100
Training loss: 1.35240
Validation loss: 19.67969
Epoch 41/100
Training loss: 1.26342
Validation loss: 18.04228
Epoch 42/100
Training loss: 1.36733
Validation loss: 16.40266
New best model saved at epoch 42 with loss 16.40266
Epoch 43/100
Training loss: 1.49810
Validation loss: 18.61787
Epoch 44/100
Training loss: 1.25731
Validation loss: 18.08865
Epoch 45/100
Training loss: 1.21119
Validation loss: 16.97148
Epoch 46/100
Training loss: 1.24559
Validation loss: 17.75763
Epoch 47/100
Training loss: 1.30173
Validation loss: 17.07394
Epoch 48/100
Training loss: 1.13731
Validation loss: 17.75344
Epoch 49/100
Training loss: 1.16061
Validation loss: 16.33500
New best model saved at epoch 49 with loss 16.33500
Epoch 50/100
Training loss: 1.26627
Validation loss: 16.76142
Epoch 51/100
Training loss: 1.05423
Validation loss: 19.67712
Epoch 52/100
Training loss: 1.35619
Validation loss: 16.41317
Epoch 53/100
Training loss: 1.16007
Validation loss: 18.84965
Epoch 54/100
Training loss: 1.15407
Validation loss: 16.66850
Epoch 55/100
Training loss: 1.16773
Validation loss: 20.89479
Epoch 56/100
Training loss: 1.10091
Validation loss: 16.99962
Epoch 57/100
Training loss: 1.08345
Validation loss: 17.66004
Epoch 58/100
Training loss: 1.19638
Validation loss: 19.84846
Epoch 59/100
Training loss: 1.19111
Validation loss: 16.71163
Epoch 60/100
Training loss: 1.26647
Validation loss: 15.76851
New best model saved at epoch 60 with loss 15.76851
Epoch 61/100
Training loss: 1.23828
Validation loss: 16.62246
Epoch 62/100
Training loss: 1.17753
Validation loss: 15.40128
New best model saved at epoch 62 with loss 15.40128
Epoch 63/100
Training loss: 1.15472
Validation loss: 17.73925
Epoch 64/100
Training loss: 1.17006
Validation loss: 17.54593
Epoch 65/100
Training loss: 1.12429
Validation loss: 19.55079
Epoch 66/100
Training loss: 1.08954
Validation loss: 19.85687
Epoch 67/100
Training loss: 1.12907
Validation loss: 19.50233
Epoch 68/100
Training loss: 1.05596
Validation loss: 18.99723
Epoch 69/100
Training loss: 1.12037
Validation loss: 17.20613
Epoch 70/100
Training loss: 1.06554
Validation loss: 18.10383
Epoch 71/100
Training loss: 1.25097
Validation loss: 17.12287
Epoch 72/100
Training loss: 1.01560
Validation loss: 16.80319
Epoch 73/100
Training loss: 1.14974
Validation loss: 17.68559
Epoch 74/100
Training loss: 1.09730
Validation loss: 18.02454
Epoch 75/100
Training loss: 1.05617
Validation loss: 16.63603
Epoch 76/100
Training loss: 1.03175
Validation loss: 17.80699
Epoch 77/100
Training loss: 1.10268
Validation loss: 19.25303
Epoch 78/100
Training loss: 0.91212
Validation loss: 16.06669
Epoch 79/100
Training loss: 1.15436
Validation loss: 17.39148
Epoch 80/100
Training loss: 1.04979
Validation loss: 16.39900
Epoch 81/100
Training loss: 0.94696
Validation loss: 17.69143
Epoch 82/100
Training loss: 1.03623
Validation loss: 17.68555
Epoch 83/100
Training loss: 0.94635
Validation loss: 19.01240
Epoch 84/100
Training loss: 1.08395
Validation loss: 17.19372
Epoch 85/100
Training loss: 1.04649
Validation loss: 17.01699
Epoch 86/100
Training loss: 1.03705
Validation loss: 18.47897
Epoch 87/100
Training loss: 0.82499
Validation loss: 17.69312
Epoch 88/100
Training loss: 0.86771
Validation loss: 19.54457
Epoch 89/100
Training loss: 0.97704
Validation loss: 17.34115
Epoch 90/100
Training loss: 0.94601
Validation loss: 18.30411
Epoch 91/100
Training loss: 0.87176
Validation loss: 18.61387
Epoch 92/100
Training loss: 0.80432
Validation loss: 16.61711
Epoch 93/100
Training loss: 0.95662
Validation loss: 17.53792
Epoch 94/100
Training loss: 0.88394
Validation loss: 17.67852
Epoch 95/100
Training loss: 1.14842
Validation loss: 16.45717
Epoch 96/100
Training loss: 1.04507
Validation loss: 15.88296
Epoch 97/100
Training loss: 0.89606
Validation loss: 18.86901
Epoch 98/100
Training loss: 0.95787
Validation loss: 16.40788
Epoch 99/100
Training loss: 0.86529
Validation loss: 17.99103
Epoch 100/100
Training loss: 0.77128
Validation loss: 16.48096
Best model for fold 1 saved from epoch 62 with f1 15.40128
Final training loss: 0.77128
Final test loss: 16.48096
Fold 2
Model loaded successfully from ./pretrained_model/64_to_256_3layers.ckpt
device : cuda
Model not found at ./model/city_and_forest_wba_value_whole_features_32frames/piece_size_20_fix_False/fold_2/fly_model.ckpt
Epoch 1/100
Training loss: 61.58469
Validation loss: 64.09496
New best model saved at epoch 1 with loss 64.09496
First epoch took 20.52 seconds.
Estimated total program duration: 8.55 hours
Estimated program end time (KST): 2024/11/19 08:06:53
Epoch 2/100
Training loss: 12.74028
Validation loss: 52.80975
New best model saved at epoch 2 with loss 52.80975
Epoch 3/100
Training loss: 6.97552
Validation loss: 46.89107
New best model saved at epoch 3 with loss 46.89107
Epoch 4/100
Training loss: 4.86484
Validation loss: 45.33934
New best model saved at epoch 4 with loss 45.33934
Epoch 5/100
Training loss: 4.30015
Validation loss: 42.53922
New best model saved at epoch 5 with loss 42.53922
Epoch 6/100
Training loss: 3.76385
Validation loss: 43.18909
Epoch 7/100
Training loss: 3.08228
Validation loss: 35.90799
New best model saved at epoch 7 with loss 35.90799
Epoch 8/100
Training loss: 2.83963
Validation loss: 38.40141
Epoch 9/100
Training loss: 2.39184
Validation loss: 35.14574
New best model saved at epoch 9 with loss 35.14574
Epoch 10/100
Training loss: 2.16324
Validation loss: 34.92435
New best model saved at epoch 10 with loss 34.92435
Epoch 11/100
Training loss: 2.09837
Validation loss: 32.42455
New best model saved at epoch 11 with loss 32.42455
Epoch 12/100
Training loss: 1.89370
Validation loss: 29.80818
New best model saved at epoch 12 with loss 29.80818
Epoch 13/100
Training loss: 1.80892
Validation loss: 27.94673
New best model saved at epoch 13 with loss 27.94673
Epoch 14/100
Training loss: 1.69766
Validation loss: 33.07753
Epoch 15/100
Training loss: 1.85103
Validation loss: 30.60747
Epoch 16/100
Training loss: 1.74940
Validation loss: 30.91238
Epoch 17/100
Training loss: 1.68148
Validation loss: 28.66226
Epoch 18/100
Training loss: 1.61586
Validation loss: 26.39146
New best model saved at epoch 18 with loss 26.39146
Epoch 19/100
Training loss: 1.61853
Validation loss: 31.10145
Epoch 20/100
Training loss: 1.59484
Validation loss: 29.95470
Epoch 21/100
Training loss: 1.54239
Validation loss: 29.47720
Epoch 22/100
Training loss: 1.52583
Validation loss: 32.34978
Epoch 23/100
Training loss: 1.65447
Validation loss: 32.83825
Epoch 24/100
Training loss: 1.50778
Validation loss: 29.48250
Epoch 25/100
Training loss: 1.80986
Validation loss: 26.90908
Epoch 26/100
Training loss: 1.54970
Validation loss: 29.23060
Epoch 27/100
Training loss: 1.55805
Validation loss: 30.89320
Epoch 28/100
Training loss: 1.43340
Validation loss: 28.46513
Epoch 29/100
Training loss: 1.51500
Validation loss: 31.07990
Epoch 30/100
Training loss: 1.42364
Validation loss: 26.48344
Epoch 31/100
Training loss: 1.29209
Validation loss: 25.78299
New best model saved at epoch 31 with loss 25.78299
Epoch 32/100
Training loss: 1.34068
Validation loss: 27.58590
Epoch 33/100
Training loss: 1.34977
Validation loss: 25.09774
New best model saved at epoch 33 with loss 25.09774
Epoch 34/100
Training loss: 1.17768
Validation loss: 29.56371
Epoch 35/100
Training loss: 1.22021
Validation loss: 22.96550
New best model saved at epoch 35 with loss 22.96550
Epoch 36/100
Training loss: 1.20539
Validation loss: 26.30108
Epoch 37/100
Training loss: 1.36635
Validation loss: 24.65283
Epoch 38/100
Training loss: 1.33702
Validation loss: 27.11464
Epoch 39/100
Training loss: 1.28184
Validation loss: 27.86869
Epoch 40/100
Training loss: 1.25670
Validation loss: 29.38763
Epoch 41/100
Training loss: 1.25511
Validation loss: 29.13192
Epoch 42/100
Training loss: 1.23915
Validation loss: 26.68805
Epoch 43/100
Training loss: 1.21190
Validation loss: 24.66135
Epoch 44/100
Training loss: 1.31422
Validation loss: 26.67233
Epoch 45/100
Training loss: 1.07744
Validation loss: 28.06719
Epoch 46/100
Training loss: 1.37437
Validation loss: 24.30967
Epoch 47/100
Training loss: 1.13972
Validation loss: 27.21640
Epoch 48/100
Training loss: 1.18906
Validation loss: 26.73908
Epoch 49/100
Training loss: 1.34287
Validation loss: 24.43665
Epoch 50/100
Training loss: 1.26285
Validation loss: 27.71067
Epoch 51/100
Training loss: 1.14441
Validation loss: 27.03097
Epoch 52/100
Training loss: 1.15794
Validation loss: 26.94446
Epoch 53/100
Training loss: 1.30975
Validation loss: 28.06505
Epoch 54/100
Training loss: 1.17249
Validation loss: 27.09209
Epoch 55/100
Training loss: 1.10687
Validation loss: 24.10632
Epoch 56/100
Training loss: 1.04021
Validation loss: 26.57561
Epoch 57/100
Training loss: 1.18177
Validation loss: 23.19224
Epoch 58/100
Training loss: 0.98034
Validation loss: 26.72651
Epoch 59/100
Training loss: 0.96617
Validation loss: 23.84866
Epoch 60/100
Training loss: 1.00112
Validation loss: 26.21112
Epoch 61/100
Training loss: 1.08827
Validation loss: 29.55892
Epoch 62/100
Training loss: 1.09658
Validation loss: 25.21461
Epoch 63/100
Training loss: 1.25797
Validation loss: 27.44887
Epoch 64/100
Training loss: 1.22088
Validation loss: 25.57001
Epoch 65/100
Training loss: 0.96896
Validation loss: 30.58205
Epoch 66/100
Training loss: 1.08805
Validation loss: 23.66683
Epoch 67/100
Training loss: 1.12129
Validation loss: 23.99023
Epoch 68/100
Training loss: 1.24621
Validation loss: 22.90106
New best model saved at epoch 68 with loss 22.90106
Epoch 69/100
Training loss: 1.26308
Validation loss: 26.37447
Epoch 70/100
Training loss: 1.03374
Validation loss: 26.51522
Epoch 71/100
Training loss: 1.15150
Validation loss: 24.52742
Epoch 72/100
Training loss: 1.15014
Validation loss: 22.31065
New best model saved at epoch 72 with loss 22.31065
Epoch 73/100
Training loss: 1.03781
Validation loss: 25.60252
Epoch 74/100
Training loss: 1.04298
Validation loss: 26.67473
Epoch 75/100
Training loss: 1.28074
Validation loss: 26.42882
Epoch 76/100
Training loss: 1.12061
Validation loss: 24.09934
Epoch 77/100
Training loss: 1.09518
Validation loss: 27.41304
Epoch 78/100
Training loss: 0.86350
Validation loss: 25.75386
Epoch 79/100
Training loss: 1.13113
Validation loss: 24.48192
Epoch 80/100
Training loss: 0.96904
Validation loss: 29.18750
Epoch 81/100
Training loss: 0.94555
Validation loss: 29.56023
Epoch 82/100
Training loss: 1.02133
Validation loss: 22.97953
Epoch 83/100
Training loss: 1.01226
Validation loss: 24.24265
Epoch 84/100
Training loss: 1.12807
Validation loss: 25.81192
Epoch 85/100
Training loss: 0.94406
Validation loss: 24.81039
Epoch 86/100
Training loss: 0.79069
Validation loss: 25.43765
Epoch 87/100
Training loss: 0.95629
Validation loss: 25.40632
Epoch 88/100
Training loss: 1.05504
Validation loss: 28.81524
Epoch 89/100
Training loss: 1.13724
Validation loss: 24.02700
Epoch 90/100
Training loss: 0.86717
Validation loss: 27.24483
Epoch 91/100
Training loss: 0.83411
Validation loss: 25.43178
Epoch 92/100
Training loss: 0.89089
Validation loss: 26.30862
Epoch 93/100
Training loss: 0.96304
Validation loss: 25.15623
Epoch 94/100
Training loss: 0.86002
Validation loss: 24.16387
Epoch 95/100
Training loss: 0.84855
Validation loss: 25.09344
Epoch 96/100
Training loss: 0.96811
Validation loss: 21.74052
New best model saved at epoch 96 with loss 21.74052
Epoch 97/100
Training loss: 0.95793
Validation loss: 28.26198
Epoch 98/100
Training loss: 0.99098
Validation loss: 22.70585
Epoch 99/100
Training loss: 1.01435
Validation loss: 26.42919
Epoch 100/100
Training loss: 1.05016
Validation loss: 26.09894
Best model for fold 2 saved from epoch 96 with f1 21.74052
Final training loss: 1.05016
Final test loss: 26.09894
Fold 3
Model loaded successfully from ./pretrained_model/64_to_256_3layers.ckpt
device : cuda
Model not found at ./model/city_and_forest_wba_value_whole_features_32frames/piece_size_20_fix_False/fold_3/fly_model.ckpt
Epoch 1/100
Training loss: 88.18170
Validation loss: 76.04820
New best model saved at epoch 1 with loss 76.04820
First epoch took 20.71 seconds.
Estimated total program duration: 8.63 hours
Estimated program end time (KST): 2024/11/19 08:44:31
Epoch 2/100
Training loss: 14.69076
Validation loss: 55.34820
New best model saved at epoch 2 with loss 55.34820
Epoch 3/100
Training loss: 7.67607
Validation loss: 47.20389
New best model saved at epoch 3 with loss 47.20389
Epoch 4/100
Training loss: 6.86706
Validation loss: 36.21578
New best model saved at epoch 4 with loss 36.21578
Epoch 5/100
Training loss: 4.54943
Validation loss: 39.47783
Epoch 6/100
Training loss: 4.04107
Validation loss: 36.83226
Epoch 7/100
Training loss: 3.53443
Validation loss: 32.55149
New best model saved at epoch 7 with loss 32.55149
Epoch 8/100
Training loss: 3.98709
Validation loss: 31.90311
New best model saved at epoch 8 with loss 31.90311
Epoch 9/100
Training loss: 2.87416
Validation loss: 29.65708
New best model saved at epoch 9 with loss 29.65708
Epoch 10/100
Training loss: 2.35071
Validation loss: 29.86850
Epoch 11/100
Training loss: 2.24995
Validation loss: 24.78893
New best model saved at epoch 11 with loss 24.78893
Epoch 12/100
Training loss: 2.06813
Validation loss: 28.52288
Epoch 13/100
Training loss: 2.45477
Validation loss: 30.12366
Epoch 14/100
Training loss: 1.95149
Validation loss: 25.56234
Epoch 15/100
Training loss: 1.98558
Validation loss: 25.24286
Epoch 16/100
Training loss: 1.88788
Validation loss: 27.39387
Epoch 17/100
Training loss: 1.99919
Validation loss: 26.75767
Epoch 18/100
Training loss: 1.61806
Validation loss: 27.34293
Epoch 19/100
Training loss: 1.72669
Validation loss: 26.40081
Epoch 20/100
Training loss: 1.61694
Validation loss: 27.56946
Epoch 21/100
Training loss: 1.78509
Validation loss: 25.20210
Epoch 22/100
Training loss: 1.68684
Validation loss: 25.88693
Epoch 23/100
Training loss: 1.44103
Validation loss: 26.50261
Epoch 24/100
Training loss: 1.73840
Validation loss: 27.24579
Epoch 25/100
Training loss: 1.72993
Validation loss: 30.19682
Epoch 26/100
Training loss: 2.11342
Validation loss: 24.21864
New best model saved at epoch 26 with loss 24.21864
Epoch 27/100
Training loss: 1.34815
Validation loss: 26.01026
Epoch 28/100
Training loss: 1.43779
Validation loss: 24.43653
Epoch 29/100
Training loss: 1.27037
Validation loss: 24.67757
Epoch 30/100
Training loss: 1.47302
Validation loss: 24.30176
Epoch 31/100
Training loss: 1.53157
Validation loss: 25.35694
Epoch 32/100
Training loss: 1.52668
Validation loss: 25.56918
Epoch 33/100
Training loss: 1.28821
Validation loss: 25.64527
Epoch 34/100
Training loss: 1.33524
Validation loss: 25.51531
Epoch 35/100
Training loss: 1.41037
Validation loss: 25.15351
Epoch 36/100
Training loss: 1.37022
Validation loss: 24.20477
New best model saved at epoch 36 with loss 24.20477
Epoch 37/100
Training loss: 1.42687
Validation loss: 27.61138
Epoch 38/100
Training loss: 1.46127
Validation loss: 23.48390
New best model saved at epoch 38 with loss 23.48390
Epoch 39/100
Training loss: 1.19288
Validation loss: 24.76481
Epoch 40/100
Training loss: 1.40988
Validation loss: 25.43709
Epoch 41/100
Training loss: 1.48764
Validation loss: 24.96217
Epoch 42/100
Training loss: 1.39277
Validation loss: 25.34793
Epoch 43/100
Training loss: 1.31518
Validation loss: 23.64356
Epoch 44/100
Training loss: 1.30107
Validation loss: 24.13573
Epoch 45/100
Training loss: 1.16890
Validation loss: 26.21476
Epoch 46/100
Training loss: 1.05246
Validation loss: 24.78306
Epoch 47/100
Training loss: 1.07259
Validation loss: 27.57123
Epoch 48/100
Training loss: 1.15277
Validation loss: 27.51516
Epoch 49/100
Training loss: 1.30117
Validation loss: 26.75868
Epoch 50/100
Training loss: 1.26262
Validation loss: 25.79705
Epoch 51/100
Training loss: 1.19280
Validation loss: 24.60403
Epoch 52/100
Training loss: 1.33179
Validation loss: 25.16361
Epoch 53/100
Training loss: 1.14422
Validation loss: 26.10948
Epoch 54/100
Training loss: 1.15244
Validation loss: 25.34848
Epoch 55/100
Training loss: 1.02248
Validation loss: 24.66274
Epoch 56/100
Training loss: 1.38794
Validation loss: 24.95602
Epoch 57/100
Training loss: 1.25758
Validation loss: 25.96738
Epoch 58/100
Training loss: 1.24451
Validation loss: 24.41625
Epoch 59/100
Training loss: 1.10476
Validation loss: 23.70147
Epoch 60/100
Training loss: 0.89843
Validation loss: 24.13767
Epoch 61/100
Training loss: 1.16282
Validation loss: 25.64295
Epoch 62/100
Training loss: 0.97428
Validation loss: 26.45597
Epoch 63/100
Training loss: 1.06154
Validation loss: 25.00909
Epoch 64/100
Training loss: 1.03164
Validation loss: 24.51778
Epoch 65/100
Training loss: 0.96502
Validation loss: 24.18211
Epoch 66/100
Training loss: 0.98845
Validation loss: 24.45739
Epoch 67/100
Training loss: 0.98542
Validation loss: 23.69730
Epoch 68/100
Training loss: 0.90611
Validation loss: 25.99377
Epoch 69/100
Training loss: 1.01673
Validation loss: 24.21552
Epoch 70/100
Training loss: 1.17961
Validation loss: 26.42801
Epoch 71/100
Training loss: 1.04035
Validation loss: 26.45307
Epoch 72/100
Training loss: 1.04158
Validation loss: 25.25488
Epoch 73/100
Training loss: 0.93800
Validation loss: 25.81296
Epoch 74/100
Training loss: 0.92921
Validation loss: 26.66070
Epoch 75/100
Training loss: 0.94796
Validation loss: 26.14531
Epoch 76/100
Training loss: 0.93534
Validation loss: 26.33186
Epoch 77/100
Training loss: 0.81874
Validation loss: 25.23402
Epoch 78/100
Training loss: 0.93020
Validation loss: 25.35305
Epoch 79/100
Training loss: 0.87274
Validation loss: 25.66660
Epoch 80/100
Training loss: 1.10214
Validation loss: 25.87404
Epoch 81/100
Training loss: 0.88923
Validation loss: 26.23175
Epoch 82/100
Training loss: 0.89387
Validation loss: 25.58861
Epoch 83/100
Training loss: 0.83891
Validation loss: 25.36643
Epoch 84/100
Training loss: 1.05417
Validation loss: 25.09777
Epoch 85/100
Training loss: 1.01253
Validation loss: 23.84528
Epoch 86/100
Training loss: 1.09816
Validation loss: 25.59542
Epoch 87/100
Training loss: 1.03512
Validation loss: 25.92192
Epoch 88/100
Training loss: 1.07190
Validation loss: 24.82686
Epoch 89/100
Training loss: 0.91563
Validation loss: 25.25159
Epoch 90/100
Training loss: 0.95775
Validation loss: 24.83672
Epoch 91/100
Training loss: 0.97666
Validation loss: 24.81787
Epoch 92/100
Training loss: 0.89043
Validation loss: 24.11652
Epoch 93/100
Training loss: 1.02896
Validation loss: 27.49071
Epoch 94/100
Training loss: 0.98636
Validation loss: 24.04786
Epoch 95/100
Training loss: 0.94484
Validation loss: 23.88129
Epoch 96/100
Training loss: 0.78545
Validation loss: 25.78591
Epoch 97/100
Training loss: 0.96317
Validation loss: 24.25961
Epoch 98/100
Training loss: 0.78216
Validation loss: 24.44395
Epoch 99/100
Training loss: 0.84032
Validation loss: 26.50518
Epoch 100/100
Training loss: 0.79874
Validation loss: 25.44939
Best model for fold 3 saved from epoch 38 with f1 23.48390
Final training loss: 0.79874
Final test loss: 25.44939
All fold val losses: [15.40128231048584, 21.740519762039185, 23.483898401260376]
Average val loss: 20.20857
Fold 1
Model loaded successfully from ./pretrained_model/64_to_256_3layers.ckpt
device : cuda
Model not found at ./model/city_and_forest_wba_value_whole_features_32frames/piece_size_40_fix_False/fold_1/fly_model.ckpt
Epoch 1/100
