./naturalistic/01_Bird.avi                                   Loaded : (5, 3596, 64, 128, 1)
./naturalistic/02_City.avi                                   Loaded : (5, 3596, 64, 128, 1)
./naturalistic/03_Forest.avi                                 Loaded : (5, 3596, 64, 128, 1)
Video is allocated on memory!
Shape : (3, 3596, 64, 128, 5)
augmented shape : (18, 3596, 64, 128, 5)
augmented shape : (18, 3600)
Fold 1
Model loaded successfully from ./pretrained_model/64_to_256_3layers.ckpt
device : cuda
Model not found at ./model/forest_wba_value_compare_pretrained_and_non_8frames/piece_size_1_fix_False_pretrained_True/fold_1/fly_model.ckpt
튜플 파일을 불러오는 중 문제가 발생했습니다 (./model/forest_wba_value_compare_pretrained_and_non_8frames/piece_size_1_fix_False_pretrained_True/fold_1): [Errno 2] No such file or directory: './model/forest_wba_value_compare_pretrained_and_non_8frames/piece_size_1_fix_False_pretrained_True/fold_1/training_tuples.pkl'
Epoch 1/100
Training loss: 9.62958 || Validation loss: 2.72199
New best model saved at epoch 1 with loss 2.72199
First epoch took 9.75 seconds.
Estimated total program duration: 4.06 hours
Estimated program end time (KST): 2024/11/22 23:53:15
Epoch 2/100
Training loss: 0.63243 || Validation loss: 1.68465
New best model saved at epoch 2 with loss 1.68465
Epoch 3/100
Training loss: 0.19090 || Validation loss: 1.09762
New best model saved at epoch 3 with loss 1.09762
Epoch 4/100
Training loss: 0.09776 || Validation loss: 0.89833
New best model saved at epoch 4 with loss 0.89833
Epoch 5/100
Training loss: 0.06162 || Validation loss: 0.86189
New best model saved at epoch 5 with loss 0.86189
Epoch 6/100
Training loss: 0.03446 || Validation loss: 1.10765
Epoch 7/100
Training loss: 0.02167 || Validation loss: 1.13000
Epoch 8/100
Training loss: 0.01497 || Validation loss: 1.53376
Epoch 9/100
Training loss: 0.00960 || Validation loss: 1.88295
Epoch 10/100
Training loss: 0.00524 || Validation loss: 2.20886
Epoch 11/100
Training loss: 0.00227 || Validation loss: 2.56157
Epoch 12/100
Training loss: 0.00085 || Validation loss: 2.91688
Epoch 13/100
Training loss: 0.00038 || Validation loss: 3.09128
Epoch 14/100
Training loss: 0.00003 || Validation loss: 3.28766
Epoch 15/100
Training loss: 0.00001 || Validation loss: 3.44748
Epoch 16/100
Training loss: 0.00000 || Validation loss: 3.30820
Epoch 17/100
Training loss: 0.00000 || Validation loss: 3.49373
Epoch 18/100
Training loss: 0.00000 || Validation loss: 3.33447
Epoch 19/100
Training loss: 0.00000 || Validation loss: 3.38939
Epoch 20/100
Training loss: 0.00000 || Validation loss: 3.57828
Epoch 21/100
Training loss: 0.00000 || Validation loss: 3.43576
Epoch 22/100
Training loss: 0.00000 || Validation loss: 3.35250
Epoch 23/100
Training loss: 0.00000 || Validation loss: 3.66807
Epoch 24/100
Training loss: 0.00000 || Validation loss: 3.49361
Epoch 25/100
Training loss: 0.00000 || Validation loss: 3.32813
Epoch 26/100
Training loss: 0.00000 || Validation loss: 3.53231
Epoch 27/100
Training loss: 0.00000 || Validation loss: 3.23655
Epoch 28/100
Training loss: 0.00000 || Validation loss: 3.51442
Epoch 29/100
Training loss: 0.00000 || Validation loss: 3.45592
Epoch 30/100
Training loss: 0.00000 || Validation loss: 3.13688
Epoch 31/100
Training loss: 0.00000 || Validation loss: 3.11382
Epoch 32/100
Training loss: 0.00000 || Validation loss: 3.46010
Epoch 33/100
Training loss: 0.00000 || Validation loss: 3.35341
Epoch 34/100
Training loss: 0.00000 || Validation loss: 3.31919
Epoch 35/100
Training loss: 0.00000 || Validation loss: 3.24475
Epoch 36/100
Training loss: 0.00000 || Validation loss: 3.11701
Epoch 37/100
Training loss: 0.00000 || Validation loss: 3.35067
Epoch 38/100
Training loss: 0.00000 || Validation loss: 3.17643
Epoch 39/100
Training loss: 0.00000 || Validation loss: 2.93900
Epoch 40/100
Training loss: 0.00000 || Validation loss: 2.93003
Epoch 41/100
Training loss: 0.00000 || Validation loss: 2.81627
Epoch 42/100
Training loss: 0.00000 || Validation loss: 3.07614
Epoch 43/100
Training loss: 0.00000 || Validation loss: 2.95616
Epoch 44/100
Training loss: 0.00000 || Validation loss: 2.73974
Epoch 45/100
Training loss: 0.00000 || Validation loss: 2.88557
Epoch 46/100
Training loss: 0.00000 || Validation loss: 2.63156
Epoch 47/100
Training loss: 0.00000 || Validation loss: 2.70469
Epoch 48/100
Training loss: 0.00000 || Validation loss: 2.32336
Epoch 49/100
Training loss: 0.00000 || Validation loss: 2.38187
Epoch 50/100
Training loss: 0.00000 || Validation loss: 2.44141
Epoch 51/100
Training loss: 0.00000 || Validation loss: 2.24627
Epoch 52/100
Training loss: 0.00000 || Validation loss: 2.32135
Epoch 53/100
Training loss: 0.00000 || Validation loss: 2.01211
Epoch 54/100
Training loss: 0.00000 || Validation loss: 2.03029
Epoch 55/100
Training loss: 0.00000 || Validation loss: 1.88596
Epoch 56/100
Training loss: 0.00000 || Validation loss: 1.83557
Epoch 57/100
Training loss: 0.00000 || Validation loss: 1.80109
Epoch 58/100
Training loss: 0.00005 || Validation loss: 1.66780
Epoch 59/100
Training loss: 0.00000 || Validation loss: 1.63839
Epoch 60/100
Training loss: 0.00000 || Validation loss: 1.56990
Epoch 61/100
Training loss: 0.00000 || Validation loss: 1.61171
Epoch 62/100
Training loss: 0.00000 || Validation loss: 1.64362
Epoch 63/100
Training loss: 0.00000 || Validation loss: 1.68942
Epoch 64/100
Training loss: 0.00000 || Validation loss: 1.68642
Epoch 65/100
Training loss: 0.00000 || Validation loss: 1.72685
Epoch 66/100
Training loss: 0.16145 || Validation loss: 1.97446
Epoch 67/100
Training loss: 0.00001 || Validation loss: 1.91481
Epoch 68/100
Training loss: 0.00000 || Validation loss: 1.93085
Epoch 69/100
Training loss: 0.00000 || Validation loss: 2.11617
Epoch 70/100
Training loss: 0.00000 || Validation loss: 2.11523
Epoch 71/100
Training loss: 0.00000 || Validation loss: 2.12392
Epoch 72/100
Training loss: 0.00000 || Validation loss: 2.29190
Epoch 73/100
Training loss: 0.00000 || Validation loss: 2.27979
Epoch 74/100
Training loss: 0.00000 || Validation loss: 2.28556
Epoch 75/100
Training loss: 0.00000 || Validation loss: 2.35573
Epoch 76/100
Training loss: 0.00000 || Validation loss: 2.46257
Epoch 77/100
Training loss: 0.00000 || Validation loss: 2.54921
Epoch 78/100
Training loss: 0.00000 || Validation loss: 2.66024
Epoch 79/100
Training loss: 0.00000 || Validation loss: 3.00073
Epoch 80/100
Training loss: 0.00000 || Validation loss: 3.15172
Epoch 81/100
Training loss: 0.00000 || Validation loss: 3.06789
Epoch 82/100
Training loss: 0.00000 || Validation loss: 3.30943
Epoch 83/100
Training loss: 0.00000 || Validation loss: 3.45752
Epoch 84/100
Training loss: 0.00000 || Validation loss: 3.94768
Epoch 85/100
Training loss: 0.00000 || Validation loss: 3.85257
Epoch 86/100
Training loss: 0.00000 || Validation loss: 4.49553
Epoch 87/100
Training loss: 0.00000 || Validation loss: 4.42425
Epoch 88/100
Training loss: 0.00000 || Validation loss: 4.66617
Epoch 89/100
Training loss: 0.00000 || Validation loss: 4.91408
Epoch 90/100
Training loss: 0.00000 || Validation loss: 5.96407
Epoch 91/100
Training loss: 0.00000 || Validation loss: 5.62821
Epoch 92/100
Training loss: 0.00000 || Validation loss: 6.21673
Epoch 93/100
Training loss: 0.00000 || Validation loss: 6.45330
Epoch 94/100
Training loss: 0.00000 || Validation loss: 7.04731
Epoch 95/100
Training loss: 0.00000 || Validation loss: 7.89098
Epoch 96/100
Training loss: 0.00000 || Validation loss: 7.86169
Epoch 97/100
Training loss: 0.00000 || Validation loss: 8.04404
Epoch 98/100
Training loss: 0.00000 || Validation loss: 9.48383
Epoch 99/100
Training loss: 0.00000 || Validation loss: 8.95846
Epoch 100/100
Training loss: 0.00000 || Validation loss: 10.48313
Best model for fold 1 saved from epoch 5 with f1 0.86189
Final training loss: 0.00000 || Final test loss: 10.48313
Fold 2
Model loaded successfully from ./pretrained_model/64_to_256_3layers.ckpt
device : cuda
Model not found at ./model/forest_wba_value_compare_pretrained_and_non_8frames/piece_size_1_fix_False_pretrained_True/fold_2/fly_model.ckpt
튜플 파일을 불러오는 중 문제가 발생했습니다 (./model/forest_wba_value_compare_pretrained_and_non_8frames/piece_size_1_fix_False_pretrained_True/fold_2): [Errno 2] No such file or directory: './model/forest_wba_value_compare_pretrained_and_non_8frames/piece_size_1_fix_False_pretrained_True/fold_2/training_tuples.pkl'
Epoch 1/100
Training loss: 9.27112 || Validation loss: 4.44613
New best model saved at epoch 1 with loss 4.44613
Epoch 2/100
Training loss: 0.83102 || Validation loss: 2.05708
New best model saved at epoch 2 with loss 2.05708
Epoch 3/100
Training loss: 0.25310 || Validation loss: 2.05321
New best model saved at epoch 3 with loss 2.05321
Epoch 4/100
Training loss: 0.14544 || Validation loss: 1.27749
New best model saved at epoch 4 with loss 1.27749
Epoch 5/100
Training loss: 0.09827 || Validation loss: 1.15745
New best model saved at epoch 5 with loss 1.15745
Epoch 6/100
Training loss: 0.06090 || Validation loss: 0.90283
New best model saved at epoch 6 with loss 0.90283
Epoch 7/100
Training loss: 0.05079 || Validation loss: 0.99323
Epoch 8/100
Training loss: 0.03810 || Validation loss: 1.48279
Epoch 9/100
Training loss: 0.02567 || Validation loss: 2.01447
Epoch 10/100
Training loss: 0.01991 || Validation loss: 2.82379
Epoch 11/100
Training loss: 0.01280 || Validation loss: 4.47389
Epoch 12/100
Training loss: 0.00760 || Validation loss: 5.18879
Epoch 13/100
Training loss: 0.00461 || Validation loss: 6.61814
Epoch 14/100
Training loss: 0.00233 || Validation loss: 7.51916
Epoch 15/100
Training loss: 0.00100 || Validation loss: 9.00155
Epoch 16/100
Training loss: 0.00037 || Validation loss: 9.96289
Epoch 17/100
Training loss: 0.00013 || Validation loss: 10.14337
Epoch 18/100
Training loss: 0.00004 || Validation loss: 10.52057
Epoch 19/100
Training loss: 0.00001 || Validation loss: 10.70945
Epoch 20/100
Training loss: 0.00000 || Validation loss: 11.18161
Epoch 21/100
Training loss: 0.00000 || Validation loss: 11.48153
Epoch 22/100
Training loss: 0.00000 || Validation loss: 10.96461
Epoch 23/100
Training loss: 0.00000 || Validation loss: 11.10740
Epoch 24/100
Training loss: 0.00000 || Validation loss: 10.40609
Epoch 25/100
Training loss: 0.00000 || Validation loss: 10.74243
Epoch 26/100
Training loss: 0.00000 || Validation loss: 10.19403
Epoch 27/100
Training loss: 0.00000 || Validation loss: 10.59877
Epoch 28/100
Training loss: 0.00000 || Validation loss: 11.30089
Epoch 29/100
Training loss: 0.00000 || Validation loss: 11.47282
Epoch 30/100
Training loss: 0.00000 || Validation loss: 11.44087
Epoch 31/100
Training loss: 0.00000 || Validation loss: 10.88439
Epoch 32/100
Training loss: 0.00000 || Validation loss: 11.06212
Epoch 33/100
Training loss: 0.00000 || Validation loss: 10.98575
Epoch 34/100
Training loss: 0.00000 || Validation loss: 9.66064
Epoch 35/100
Training loss: 0.00000 || Validation loss: 10.30046
Epoch 36/100
Training loss: 0.00000 || Validation loss: 10.23163
Epoch 37/100
Training loss: 0.00000 || Validation loss: 9.68411
Epoch 38/100
Training loss: 0.00000 || Validation loss: 9.71072
Epoch 39/100
Training loss: 0.00000 || Validation loss: 9.71646
Epoch 40/100
Training loss: 0.00000 || Validation loss: 9.97537
Epoch 41/100
Training loss: 0.00000 || Validation loss: 9.30679
Epoch 42/100
Training loss: 0.00000 || Validation loss: 9.25343
Epoch 43/100
Training loss: 0.00000 || Validation loss: 8.62890
Epoch 44/100
Training loss: 0.00000 || Validation loss: 8.55518
Epoch 45/100
Training loss: 0.00000 || Validation loss: 8.66692
Epoch 46/100
Training loss: 0.00000 || Validation loss: 8.45047
Epoch 47/100
Training loss: 0.00000 || Validation loss: 8.62144
Epoch 48/100
Training loss: 0.00000 || Validation loss: 7.88932
Epoch 49/100
Training loss: 0.00000 || Validation loss: 7.84489
Epoch 50/100
Training loss: 0.00000 || Validation loss: 7.66087
Epoch 51/100
Training loss: 0.00000 || Validation loss: 7.74431
Epoch 52/100
Training loss: 0.00000 || Validation loss: 8.25579
Epoch 53/100
Training loss: 0.00000 || Validation loss: 7.86822
Epoch 54/100
Training loss: 0.00000 || Validation loss: 7.55443
Epoch 55/100
Training loss: 0.00000 || Validation loss: 7.31873
Epoch 56/100
Training loss: 0.00000 || Validation loss: 7.21861
Epoch 57/100
Training loss: 0.00000 || Validation loss: 6.32936
Epoch 58/100
Training loss: 0.00000 || Validation loss: 5.74912
Epoch 59/100
Training loss: 0.00000 || Validation loss: 5.40686
Epoch 60/100
Training loss: 0.00000 || Validation loss: 5.13809
Epoch 61/100
Training loss: 0.00000 || Validation loss: 5.22172
Epoch 62/100
Training loss: 0.00000 || Validation loss: 4.52534
Epoch 63/100
Training loss: 0.00000 || Validation loss: 4.23447
Epoch 64/100
Training loss: 0.00000 || Validation loss: 4.23423
Epoch 65/100
Training loss: 0.08184 || Validation loss: 1.18269
Epoch 66/100
Training loss: 0.00285 || Validation loss: 2.00172
Epoch 67/100
Training loss: 0.00014 || Validation loss: 2.51130
Epoch 68/100
Training loss: 0.00001 || Validation loss: 2.65444
Epoch 69/100
Training loss: 0.00000 || Validation loss: 2.71476
Epoch 70/100
Training loss: 0.00000 || Validation loss: 2.66044
Epoch 71/100
Training loss: 0.00000 || Validation loss: 2.78588
Epoch 72/100
Training loss: 0.00000 || Validation loss: 2.70773
Epoch 73/100
Training loss: 0.00000 || Validation loss: 2.80372
Epoch 74/100
Training loss: 0.00000 || Validation loss: 2.68347
Epoch 75/100
Training loss: 0.00000 || Validation loss: 2.83802
Epoch 76/100
Training loss: 0.00000 || Validation loss: 2.76210
Epoch 77/100
Training loss: 0.00000 || Validation loss: 2.83155
Epoch 78/100
Training loss: 0.00000 || Validation loss: 2.89378
Epoch 79/100
Training loss: 0.00000 || Validation loss: 2.91185
Epoch 80/100
Training loss: 0.00000 || Validation loss: 2.94976
Epoch 81/100
Training loss: 0.00000 || Validation loss: 3.04090
Epoch 82/100
Training loss: 0.00000 || Validation loss: 3.11958
Epoch 83/100
Training loss: 0.00000 || Validation loss: 3.20589
Epoch 84/100
Training loss: 0.00000 || Validation loss: 3.26618
Epoch 85/100
Training loss: 0.00000 || Validation loss: 3.42016
Epoch 86/100
Training loss: 0.00000 || Validation loss: 3.48390
Epoch 87/100
Training loss: 0.00000 || Validation loss: 3.59915
Epoch 88/100
Training loss: 0.00000 || Validation loss: 3.66260
Epoch 89/100
Training loss: 0.00000 || Validation loss: 4.33069
Epoch 90/100
Training loss: 0.00000 || Validation loss: 3.98020
Epoch 91/100
Training loss: 0.00000 || Validation loss: 4.17158
Epoch 92/100
Training loss: 0.00000 || Validation loss: 4.25521
Epoch 93/100
Training loss: 0.00000 || Validation loss: 4.52534
Epoch 94/100
Training loss: 0.00000 || Validation loss: 4.70113
Epoch 95/100
Training loss: 0.00000 || Validation loss: 5.00702
Epoch 96/100
Training loss: 0.00000 || Validation loss: 5.23651
Epoch 97/100
Training loss: 0.00000 || Validation loss: 6.17446
Epoch 98/100
Training loss: 0.00000 || Validation loss: 5.70590
Epoch 99/100
Training loss: 0.00000 || Validation loss: 6.06715
Epoch 100/100
Training loss: 0.00000 || Validation loss: 6.47426
Best model for fold 2 saved from epoch 6 with f1 0.90283
Final training loss: 0.00000 || Final test loss: 6.47426
Fold 3
Model loaded successfully from ./pretrained_model/64_to_256_3layers.ckpt
device : cuda
Model not found at ./model/forest_wba_value_compare_pretrained_and_non_8frames/piece_size_1_fix_False_pretrained_True/fold_3/fly_model.ckpt
튜플 파일을 불러오는 중 문제가 발생했습니다 (./model/forest_wba_value_compare_pretrained_and_non_8frames/piece_size_1_fix_False_pretrained_True/fold_3): [Errno 2] No such file or directory: './model/forest_wba_value_compare_pretrained_and_non_8frames/piece_size_1_fix_False_pretrained_True/fold_3/training_tuples.pkl'
Epoch 1/100
Training loss: 14.31676 || Validation loss: 4.60371
New best model saved at epoch 1 with loss 4.60371
Epoch 2/100
Training loss: 0.75576 || Validation loss: 2.67929
New best model saved at epoch 2 with loss 2.67929
Epoch 3/100
Training loss: 0.26369 || Validation loss: 1.28003
New best model saved at epoch 3 with loss 1.28003
Epoch 4/100
Training loss: 0.13473 || Validation loss: 1.10886
New best model saved at epoch 4 with loss 1.10886
Epoch 5/100
Training loss: 0.08484 || Validation loss: 0.79709
New best model saved at epoch 5 with loss 0.79709
Epoch 6/100
Training loss: 0.05828 || Validation loss: 0.87642
Epoch 7/100
Training loss: 0.04410 || Validation loss: 0.88554
Epoch 8/100
Training loss: 0.03823 || Validation loss: 1.64056
Epoch 9/100
Training loss: 0.02615 || Validation loss: 2.31094
Epoch 10/100
Training loss: 0.01635 || Validation loss: 3.52886
Epoch 11/100
Training loss: 0.00829 || Validation loss: 4.91236
Epoch 12/100
Training loss: 0.00348 || Validation loss: 6.10694
Epoch 13/100
Training loss: 0.00130 || Validation loss: 7.85725
Epoch 14/100
Training loss: 0.00040 || Validation loss: 8.89524
Epoch 15/100
Training loss: 0.00010 || Validation loss: 9.64429
Epoch 16/100
Training loss: 0.00003 || Validation loss: 9.04057
Epoch 17/100
Training loss: 0.00001 || Validation loss: 9.19320
Epoch 18/100
Training loss: 0.00000 || Validation loss: 9.56887
Epoch 19/100
Training loss: 0.00000 || Validation loss: 9.14219
Epoch 20/100
Training loss: 0.00000 || Validation loss: 9.92247
Epoch 21/100
Training loss: 0.00000 || Validation loss: 9.21744
Epoch 22/100
Training loss: 0.00000 || Validation loss: 10.09520
Epoch 23/100
Training loss: 0.00000 || Validation loss: 9.34716
Epoch 24/100
Training loss: 0.00000 || Validation loss: 9.49100
Epoch 25/100
Training loss: 0.00000 || Validation loss: 9.68198
Epoch 26/100
Training loss: 0.00000 || Validation loss: 9.61626
Epoch 27/100
Training loss: 0.00000 || Validation loss: 9.07966
Epoch 28/100
Training loss: 0.00000 || Validation loss: 9.07266
Epoch 29/100
Training loss: 0.00000 || Validation loss: 9.52948
Epoch 30/100
Training loss: 0.00000 || Validation loss: 9.43387
Epoch 31/100
Training loss: 0.00000 || Validation loss: 9.25906
Epoch 32/100
Training loss: 0.00000 || Validation loss: 9.38895
Epoch 33/100
Training loss: 0.00000 || Validation loss: 9.15859
Epoch 34/100
Training loss: 0.00000 || Validation loss: 9.40122
Epoch 35/100
Training loss: 0.00000 || Validation loss: 8.73340
Epoch 36/100
Training loss: 0.00000 || Validation loss: 8.86472
Epoch 37/100
Training loss: 0.00000 || Validation loss: 8.66129
Epoch 38/100
Training loss: 0.00000 || Validation loss: 8.57356
Epoch 39/100
Training loss: 0.00000 || Validation loss: 8.75041
Epoch 40/100
Training loss: 0.00000 || Validation loss: 8.52419
Epoch 41/100
Training loss: 0.00000 || Validation loss: 8.93888
Epoch 42/100
Training loss: 0.00000 || Validation loss: 8.81962
Epoch 43/100
Training loss: 0.00000 || Validation loss: 8.65845
Epoch 44/100
Training loss: 0.00000 || Validation loss: 8.23576
Epoch 45/100
Training loss: 0.00000 || Validation loss: 8.42454
Epoch 46/100
Training loss: 0.00000 || Validation loss: 8.29885
Epoch 47/100
Training loss: 0.00000 || Validation loss: 8.65806
Epoch 48/100
Training loss: 0.00000 || Validation loss: 8.76280
Epoch 49/100
Training loss: 0.00000 || Validation loss: 7.93583
Epoch 50/100
Training loss: 0.00000 || Validation loss: 7.87562
Epoch 51/100
Training loss: 0.00000 || Validation loss: 7.93395
Epoch 52/100
Training loss: 0.00000 || Validation loss: 7.69843
Epoch 53/100
Training loss: 0.00000 || Validation loss: 7.64356
Epoch 54/100
Training loss: 0.00000 || Validation loss: 7.86951
Epoch 55/100
Training loss: 0.00000 || Validation loss: 7.86789
Epoch 56/100
Training loss: 0.00000 || Validation loss: 6.93020
Epoch 57/100
Training loss: 0.00000 || Validation loss: 7.31685
Epoch 58/100
Training loss: 0.00000 || Validation loss: 7.06519
Epoch 59/100
Training loss: 0.00000 || Validation loss: 6.50783
Epoch 60/100
Training loss: 0.00000 || Validation loss: 6.63936
Epoch 61/100
Training loss: 0.00000 || Validation loss: 6.77470
Epoch 62/100
Training loss: 0.00000 || Validation loss: 6.56461
Epoch 63/100
Training loss: 0.00000 || Validation loss: 6.55991
Epoch 64/100
Training loss: 0.00000 || Validation loss: 6.52355
Epoch 65/100
Training loss: 0.00000 || Validation loss: 6.44068
Epoch 66/100
Training loss: 0.00000 || Validation loss: 6.28848
Epoch 67/100
Training loss: 0.00000 || Validation loss: 6.01735
Epoch 68/100
Training loss: 0.00001 || Validation loss: 6.21736
Epoch 69/100
Training loss: 0.00000 || Validation loss: 6.36188
Epoch 70/100
Training loss: 0.35725 || Validation loss: 9.21226
Epoch 71/100
Training loss: 0.00195 || Validation loss: 6.31733
Epoch 72/100
Training loss: 0.00001 || Validation loss: 5.97895
Epoch 73/100
Training loss: 0.00000 || Validation loss: 6.44470
Epoch 74/100
Training loss: 0.00000 || Validation loss: 6.26299
Epoch 75/100
Training loss: 0.00000 || Validation loss: 6.00395
Epoch 76/100
Training loss: 0.00000 || Validation loss: 6.09261
Epoch 77/100
Training loss: 0.00000 || Validation loss: 6.11825
Epoch 78/100
Training loss: 0.00000 || Validation loss: 6.20385
Epoch 79/100
Training loss: 0.00000 || Validation loss: 6.44190
Epoch 80/100
Training loss: 0.00000 || Validation loss: 6.70117
Epoch 81/100
Training loss: 0.00000 || Validation loss: 6.54744
Epoch 82/100
Training loss: 0.00000 || Validation loss: 6.71534
Epoch 83/100
Training loss: 0.00000 || Validation loss: 6.61469
Epoch 84/100
Training loss: 0.00000 || Validation loss: 6.69942
Epoch 85/100
Training loss: 0.00000 || Validation loss: 7.10955
Epoch 86/100
Training loss: 0.00000 || Validation loss: 6.98494
Epoch 87/100
Training loss: 0.00000 || Validation loss: 7.16480
Epoch 88/100
Training loss: 0.00000 || Validation loss: 7.21302
Epoch 89/100
Training loss: 0.00000 || Validation loss: 7.53978
Epoch 90/100
Training loss: 0.00000 || Validation loss: 7.47539
Epoch 91/100
Training loss: 0.00000 || Validation loss: 7.81862
Epoch 92/100
Training loss: 0.00000 || Validation loss: 8.29539
Epoch 93/100
Training loss: 0.00000 || Validation loss: 8.31138
Epoch 94/100
Training loss: 0.00000 || Validation loss: 8.42125
Epoch 95/100
Training loss: 0.00000 || Validation loss: 9.19762
Epoch 96/100
Training loss: 0.00000 || Validation loss: 8.94127
Epoch 97/100
Training loss: 0.00000 || Validation loss: 9.64753
Epoch 98/100
Training loss: 0.00000 || Validation loss: 9.90457
Epoch 99/100
Training loss: 0.00000 || Validation loss: 10.29823
Epoch 100/100
Training loss: 0.00000 || Validation loss: 10.40959
Best model for fold 3 saved from epoch 5 with f1 0.79709
Final training loss: 0.00000 || Final test loss: 10.40959
All fold val losses: [0.8618882873228618, 0.9028305177177701, 0.7970899215766362]
Average val loss: 0.85394
Fold 1
Model loaded successfully from ./pretrained_model/64_to_256_3layers.ckpt
device : cuda
Model not found at ./model/forest_wba_value_compare_pretrained_and_non_8frames/piece_size_5_fix_False_pretrained_True/fold_1/fly_model.ckpt
튜플 파일을 불러오는 중 문제가 발생했습니다 (./model/forest_wba_value_compare_pretrained_and_non_8frames/piece_size_5_fix_False_pretrained_True/fold_1): [Errno 2] No such file or directory: './model/forest_wba_value_compare_pretrained_and_non_8frames/piece_size_5_fix_False_pretrained_True/fold_1/training_tuples.pkl'
Epoch 1/100
Training loss: 11.70128 || Validation loss: 4.62114
New best model saved at epoch 1 with loss 4.62114
Epoch 2/100
Training loss: 0.84903 || Validation loss: 2.56502
New best model saved at epoch 2 with loss 2.56502
Epoch 3/100
Training loss: 0.22535 || Validation loss: 2.23898
New best model saved at epoch 3 with loss 2.23898
Epoch 4/100
Training loss: 0.09976 || Validation loss: 2.04710
New best model saved at epoch 4 with loss 2.04710
Epoch 5/100
Training loss: 0.06750 || Validation loss: 1.42611
New best model saved at epoch 5 with loss 1.42611
Epoch 6/100
Training loss: 0.04066 || Validation loss: 1.52905
Epoch 7/100
Training loss: 0.02716 || Validation loss: 1.24987
New best model saved at epoch 7 with loss 1.24987
Epoch 8/100
Training loss: 0.02027 || Validation loss: 1.39307
Epoch 9/100
Training loss: 0.01241 || Validation loss: 1.29829
Epoch 10/100
Training loss: 0.00786 || Validation loss: 1.47961
Epoch 11/100
Training loss: 0.00452 || Validation loss: 1.80813
Epoch 12/100
Training loss: 0.00213 || Validation loss: 2.13524
Epoch 13/100
Training loss: 0.00106 || Validation loss: 2.22808
Epoch 14/100
Training loss: 0.00045 || Validation loss: 2.59949
Epoch 15/100
Training loss: 0.00017 || Validation loss: 3.20987
Epoch 16/100
Training loss: 0.00006 || Validation loss: 3.16121
Epoch 17/100
Training loss: 0.00002 || Validation loss: 3.02849
Epoch 18/100
Training loss: 0.00000 || Validation loss: 3.00378
Epoch 19/100
Training loss: 0.00000 || Validation loss: 3.09828
Epoch 20/100
Training loss: 0.00000 || Validation loss: 3.25305
Epoch 21/100
Training loss: 0.00000 || Validation loss: 3.28677
Epoch 22/100
Training loss: 0.00000 || Validation loss: 3.03177
Epoch 23/100
Training loss: 0.00000 || Validation loss: 3.00525
Epoch 24/100
Training loss: 0.00000 || Validation loss: 3.02799
Epoch 25/100
Training loss: 0.00000 || Validation loss: 2.96050
Epoch 26/100
Training loss: 0.00000 || Validation loss: 3.14058
Epoch 27/100
Training loss: 0.00000 || Validation loss: 2.94284
Epoch 28/100
Training loss: 0.00000 || Validation loss: 2.74937
Epoch 29/100
Training loss: 0.00000 || Validation loss: 3.01179
Epoch 30/100
Training loss: 0.00000 || Validation loss: 2.89478
Epoch 31/100
Training loss: 0.00000 || Validation loss: 2.92856
Epoch 32/100
Training loss: 0.00000 || Validation loss: 3.03053
Epoch 33/100
Training loss: 0.00000 || Validation loss: 2.89211
Epoch 34/100
Training loss: 0.00000 || Validation loss: 2.71828
Epoch 35/100
Training loss: 0.00000 || Validation loss: 2.82660
Epoch 36/100
Training loss: 0.00000 || Validation loss: 2.91063
Epoch 37/100
Training loss: 0.00000 || Validation loss: 2.51796
Epoch 38/100
Training loss: 0.00000 || Validation loss: 2.51138
Epoch 39/100
Training loss: 0.00000 || Validation loss: 2.59271
Epoch 40/100
Training loss: 0.00000 || Validation loss: 2.69892
Epoch 41/100
Training loss: 0.00000 || Validation loss: 2.45956
Epoch 42/100
Training loss: 0.00000 || Validation loss: 2.51551
Epoch 43/100
Training loss: 0.00000 || Validation loss: 2.34678
Epoch 44/100
Training loss: 0.00000 || Validation loss: 2.23549
Epoch 45/100
Training loss: 0.00000 || Validation loss: 2.08701
Epoch 46/100
Training loss: 0.00000 || Validation loss: 2.20866
Epoch 47/100
Training loss: 0.00000 || Validation loss: 2.02872
Epoch 48/100
Training loss: 0.00000 || Validation loss: 1.98391
Epoch 49/100
Training loss: 0.00000 || Validation loss: 1.68564
Epoch 50/100
Training loss: 0.00000 || Validation loss: 1.72312
Epoch 51/100
Training loss: 0.00000 || Validation loss: 1.55632
Epoch 52/100
Training loss: 0.00000 || Validation loss: 1.65143
Epoch 53/100
Training loss: 0.00000 || Validation loss: 1.50707
Epoch 54/100
Training loss: 0.00000 || Validation loss: 1.42243
Epoch 55/100
Training loss: 0.00000 || Validation loss: 1.37302
Epoch 56/100
Training loss: 0.00000 || Validation loss: 1.27268
Epoch 57/100
Training loss: 0.00000 || Validation loss: 1.27560
Epoch 58/100
Training loss: 0.00000 || Validation loss: 1.23238
New best model saved at epoch 58 with loss 1.23238
Epoch 59/100
Training loss: 0.00000 || Validation loss: 1.20843
New best model saved at epoch 59 with loss 1.20843
Epoch 60/100
Training loss: 0.00000 || Validation loss: 1.13488
New best model saved at epoch 60 with loss 1.13488
Epoch 61/100
Training loss: 0.00000 || Validation loss: 1.05659
New best model saved at epoch 61 with loss 1.05659
Epoch 62/100
Training loss: 0.00000 || Validation loss: 1.06354
Epoch 63/100
Training loss: 0.00000 || Validation loss: 1.01634
New best model saved at epoch 63 with loss 1.01634
Epoch 64/100
Training loss: 0.00000 || Validation loss: 1.00595
New best model saved at epoch 64 with loss 1.00595
Epoch 65/100
Training loss: 0.00000 || Validation loss: 1.02612
Epoch 66/100
Training loss: 0.00000 || Validation loss: 0.97090
New best model saved at epoch 66 with loss 0.97090
Epoch 67/100
Training loss: 0.00000 || Validation loss: 0.96068
New best model saved at epoch 67 with loss 0.96068
Epoch 68/100
Training loss: 0.00000 || Validation loss: 0.96323
Epoch 69/100
Training loss: 0.00000 || Validation loss: 0.97848
Epoch 70/100
Training loss: 0.00000 || Validation loss: 0.97016
Epoch 71/100
Training loss: 0.05670 || Validation loss: 1.04093
Epoch 72/100
Training loss: 0.00000 || Validation loss: 1.06343
Epoch 73/100
Training loss: 0.00000 || Validation loss: 1.08785
Epoch 74/100
Training loss: 0.00000 || Validation loss: 1.11854
Epoch 75/100
Training loss: 0.00000 || Validation loss: 1.15290
Epoch 76/100
Training loss: 0.00000 || Validation loss: 1.19523
Epoch 77/100
Training loss: 0.00000 || Validation loss: 1.24242
Epoch 78/100
Training loss: 0.00000 || Validation loss: 1.29625
Epoch 79/100
Training loss: 0.00000 || Validation loss: 1.36027
Epoch 80/100
Training loss: 0.00000 || Validation loss: 1.43056
Epoch 81/100
Training loss: 0.00000 || Validation loss: 1.51240
Epoch 82/100
Training loss: 0.00000 || Validation loss: 1.60316
Epoch 83/100
Training loss: 0.00000 || Validation loss: 1.70535
Epoch 84/100
Training loss: 0.00000 || Validation loss: 1.82001
Epoch 85/100
Training loss: 0.00000 || Validation loss: 1.94868
Epoch 86/100
Training loss: 0.00000 || Validation loss: 2.09270
Epoch 87/100
Training loss: 0.00000 || Validation loss: 2.24550
Epoch 88/100
Training loss: 0.00000 || Validation loss: 2.41799
Epoch 89/100
Training loss: 0.00000 || Validation loss: 2.60345
Epoch 90/100
Training loss: 0.00000 || Validation loss: 2.80393
Epoch 91/100
Training loss: 0.00000 || Validation loss: 3.02359
Epoch 92/100
Training loss: 0.00000 || Validation loss: 3.25510
Epoch 93/100
Training loss: 0.00000 || Validation loss: 3.50050
Epoch 94/100
Training loss: 0.00000 || Validation loss: 3.76160
Epoch 95/100
Training loss: 0.00000 || Validation loss: 4.03887
Epoch 96/100
Training loss: 0.00000 || Validation loss: 4.32417
Epoch 97/100
Training loss: 0.00000 || Validation loss: 4.61716
Epoch 98/100
Training loss: 0.00000 || Validation loss: 4.92835
Epoch 99/100
Training loss: 0.00000 || Validation loss: 5.23847
Epoch 100/100
Training loss: 0.00000 || Validation loss: 5.55671
Best model for fold 1 saved from epoch 67 with f1 0.96068
Final training loss: 0.00000 || Final test loss: 5.55671
Fold 2
Model loaded successfully from ./pretrained_model/64_to_256_3layers.ckpt
device : cuda
Model not found at ./model/forest_wba_value_compare_pretrained_and_non_8frames/piece_size_5_fix_False_pretrained_True/fold_2/fly_model.ckpt
튜플 파일을 불러오는 중 문제가 발생했습니다 (./model/forest_wba_value_compare_pretrained_and_non_8frames/piece_size_5_fix_False_pretrained_True/fold_2): [Errno 2] No such file or directory: './model/forest_wba_value_compare_pretrained_and_non_8frames/piece_size_5_fix_False_pretrained_True/fold_2/training_tuples.pkl'
Epoch 1/100
Training loss: 12.80799 || Validation loss: 10.47160
New best model saved at epoch 1 with loss 10.47160
Epoch 2/100
Training loss: 1.01708 || Validation loss: 4.78870
New best model saved at epoch 2 with loss 4.78870
Epoch 3/100
Training loss: 0.36579 || Validation loss: 3.41128
New best model saved at epoch 3 with loss 3.41128
Epoch 4/100
Training loss: 0.17596 || Validation loss: 2.48791
New best model saved at epoch 4 with loss 2.48791
Epoch 5/100
Training loss: 0.10697 || Validation loss: 1.93438
New best model saved at epoch 5 with loss 1.93438
Epoch 6/100
Training loss: 0.05448 || Validation loss: 1.52456
New best model saved at epoch 6 with loss 1.52456
Epoch 7/100
Training loss: 0.02697 || Validation loss: 1.48550
New best model saved at epoch 7 with loss 1.48550
Epoch 8/100
Training loss: 0.01334 || Validation loss: 1.89461
Epoch 9/100
Training loss: 0.00500 || Validation loss: 2.14022
Epoch 10/100
Training loss: 0.00156 || Validation loss: 1.96978
Epoch 11/100
Training loss: 0.00048 || Validation loss: 2.38377
Epoch 12/100
Training loss: 0.00012 || Validation loss: 2.27532
Epoch 13/100
Training loss: 0.00002 || Validation loss: 2.38727
Epoch 14/100
Training loss: 0.00000 || Validation loss: 2.18825
Epoch 15/100
Training loss: 0.00000 || Validation loss: 2.19380
Epoch 16/100
Training loss: 0.00000 || Validation loss: 2.23268
Epoch 17/100
Training loss: 0.00000 || Validation loss: 2.34565
Epoch 18/100
Training loss: 0.00000 || Validation loss: 2.37981
Epoch 19/100
Training loss: 0.00000 || Validation loss: 2.37127
Epoch 20/100
Training loss: 0.00000 || Validation loss: 2.50801
Epoch 21/100
Training loss: 0.00000 || Validation loss: 2.44351
Epoch 22/100
Training loss: 0.00000 || Validation loss: 1.95278
Epoch 23/100
Training loss: 0.00000 || Validation loss: 2.39332
Epoch 24/100
Training loss: 0.00000 || Validation loss: 2.41856
Epoch 25/100
Training loss: 0.00000 || Validation loss: 2.42960
Epoch 26/100
Training loss: 0.00000 || Validation loss: 2.21014
Epoch 27/100
Training loss: 0.00000 || Validation loss: 2.31995
Epoch 28/100
Training loss: 0.00000 || Validation loss: 2.10429
Epoch 29/100
Training loss: 0.00000 || Validation loss: 2.18839
Epoch 30/100
Training loss: 0.00000 || Validation loss: 2.14386
Epoch 31/100
Training loss: 0.00000 || Validation loss: 2.26009
Epoch 32/100
Training loss: 0.00000 || Validation loss: 2.28382
Epoch 33/100
Training loss: 0.00000 || Validation loss: 2.14859
Epoch 34/100
Training loss: 0.00000 || Validation loss: 1.99236
Epoch 35/100
Training loss: 0.00000 || Validation loss: 2.09436
Epoch 36/100
Training loss: 0.00000 || Validation loss: 1.95090
Epoch 37/100
Training loss: 0.00000 || Validation loss: 1.93730
Epoch 38/100
Training loss: 0.00000 || Validation loss: 2.04863
Epoch 39/100
Training loss: 0.00000 || Validation loss: 2.07057
Epoch 40/100
Training loss: 0.00000 || Validation loss: 1.95362
Epoch 41/100
Training loss: 0.00000 || Validation loss: 1.90780
Epoch 42/100
Training loss: 0.00000 || Validation loss: 1.96048
Epoch 43/100
Training loss: 0.00000 || Validation loss: 1.82907
Epoch 44/100
Training loss: 0.00000 || Validation loss: 1.89502
Epoch 45/100
Training loss: 0.00000 || Validation loss: 1.82115
Epoch 46/100
Training loss: 0.00000 || Validation loss: 1.98369
Epoch 47/100
Training loss: 0.00000 || Validation loss: 1.60544
Epoch 48/100
Training loss: 0.00000 || Validation loss: 1.58464
Epoch 49/100
Training loss: 0.00000 || Validation loss: 1.55868
Epoch 50/100
Training loss: 0.00000 || Validation loss: 1.43456
New best model saved at epoch 50 with loss 1.43456
Epoch 51/100
Training loss: 0.00000 || Validation loss: 1.39882
New best model saved at epoch 51 with loss 1.39882
Epoch 52/100
Training loss: 0.00000 || Validation loss: 1.17398
New best model saved at epoch 52 with loss 1.17398
Epoch 53/100
Training loss: 0.00000 || Validation loss: 1.15160
New best model saved at epoch 53 with loss 1.15160
Epoch 54/100
Training loss: 0.00000 || Validation loss: 1.14963
New best model saved at epoch 54 with loss 1.14963
Epoch 55/100
Training loss: 0.00000 || Validation loss: 0.97715
New best model saved at epoch 55 with loss 0.97715
Epoch 56/100
Training loss: 0.00000 || Validation loss: 1.01296
Epoch 57/100
Training loss: 0.00000 || Validation loss: 0.94768
New best model saved at epoch 57 with loss 0.94768
Epoch 58/100
Training loss: 0.00622 || Validation loss: 2.00144
Epoch 59/100
Training loss: 0.00018 || Validation loss: 1.83894
Epoch 60/100
Training loss: 0.00000 || Validation loss: 1.85168
Epoch 61/100
Training loss: 0.00000 || Validation loss: 1.86602
Epoch 62/100
Training loss: 0.00000 || Validation loss: 1.88164
Epoch 63/100
Training loss: 0.00000 || Validation loss: 1.89940
Epoch 64/100
Training loss: 0.00000 || Validation loss: 1.91961
Epoch 65/100
Training loss: 0.00000 || Validation loss: 1.94202
Epoch 66/100
Training loss: 0.00000 || Validation loss: 1.96747
Epoch 67/100
Training loss: 0.00000 || Validation loss: 1.99556
Epoch 68/100
Training loss: 0.00000 || Validation loss: 2.02712
Epoch 69/100
Training loss: 0.00000 || Validation loss: 2.06277
Epoch 70/100
Training loss: 0.00000 || Validation loss: 2.10277
Epoch 71/100
Training loss: 0.00000 || Validation loss: 2.14764
Epoch 72/100
Training loss: 0.00000 || Validation loss: 2.19743
Epoch 73/100
Training loss: 0.00000 || Validation loss: 2.25450
Epoch 74/100
Training loss: 0.00000 || Validation loss: 2.31696
Epoch 75/100
Training loss: 0.00000 || Validation loss: 2.38796
Epoch 76/100
Training loss: 0.00000 || Validation loss: 2.46571
Epoch 77/100
Training loss: 0.00000 || Validation loss: 2.55318
Epoch 78/100
Training loss: 0.00000 || Validation loss: 2.65020
Epoch 79/100
Training loss: 0.00000 || Validation loss: 2.75910
Epoch 80/100
Training loss: 0.00000 || Validation loss: 2.87985
Epoch 81/100
Training loss: 0.00000 || Validation loss: 3.01403
Epoch 82/100
Training loss: 0.00000 || Validation loss: 3.16405
Epoch 83/100
Training loss: 0.00000 || Validation loss: 3.33693
Epoch 84/100
Training loss: 0.00293 || Validation loss: 3.52789
Epoch 85/100
Training loss: 0.00000 || Validation loss: 3.72404
Epoch 86/100
Training loss: 0.00000 || Validation loss: 3.93823
Epoch 87/100
Training loss: 0.00000 || Validation loss: 4.17044
Epoch 88/100
Training loss: 0.00000 || Validation loss: 4.42095
Epoch 89/100
Training loss: 0.00000 || Validation loss: 4.68982
Epoch 90/100
Training loss: 0.00000 || Validation loss: 4.97652
Epoch 91/100
Training loss: 0.00000 || Validation loss: 5.28072
Epoch 92/100
Training loss: 0.00000 || Validation loss: 5.60124
Epoch 93/100
Training loss: 0.00000 || Validation loss: 5.93677
Epoch 94/100
Training loss: 0.00000 || Validation loss: 6.28551
Epoch 95/100
Training loss: 0.00000 || Validation loss: 6.64532
Epoch 96/100
Training loss: 0.00000 || Validation loss: 7.01384
Epoch 97/100
Training loss: 0.00000 || Validation loss: 7.38825
Epoch 98/100
Training loss: 0.00000 || Validation loss: 7.76554
Epoch 99/100
Training loss: 0.00000 || Validation loss: 8.14243
Epoch 100/100
Training loss: 0.00000 || Validation loss: 8.51587
Best model for fold 2 saved from epoch 57 with f1 0.94768
Final training loss: 0.00000 || Final test loss: 8.51587
Fold 3
Model loaded successfully from ./pretrained_model/64_to_256_3layers.ckpt
device : cuda
Model not found at ./model/forest_wba_value_compare_pretrained_and_non_8frames/piece_size_5_fix_False_pretrained_True/fold_3/fly_model.ckpt
튜플 파일을 불러오는 중 문제가 발생했습니다 (./model/forest_wba_value_compare_pretrained_and_non_8frames/piece_size_5_fix_False_pretrained_True/fold_3): [Errno 2] No such file or directory: './model/forest_wba_value_compare_pretrained_and_non_8frames/piece_size_5_fix_False_pretrained_True/fold_3/training_tuples.pkl'
Epoch 1/100
Training loss: 16.62492 || Validation loss: 7.04965
New best model saved at epoch 1 with loss 7.04965
Epoch 2/100
Training loss: 1.10389 || Validation loss: 3.49744
New best model saved at epoch 2 with loss 3.49744
Epoch 3/100
Training loss: 0.41376 || Validation loss: 2.51566
New best model saved at epoch 3 with loss 2.51566
Epoch 4/100
Training loss: 0.21632 || Validation loss: 2.20186
New best model saved at epoch 4 with loss 2.20186
Epoch 5/100
Training loss: 0.11467 || Validation loss: 1.76823
New best model saved at epoch 5 with loss 1.76823
Epoch 6/100
Training loss: 0.07685 || Validation loss: 1.81969
Epoch 7/100
Training loss: 0.04170 || Validation loss: 1.71473
New best model saved at epoch 7 with loss 1.71473
Epoch 8/100
Training loss: 0.02558 || Validation loss: 1.81110
Epoch 9/100
Training loss: 0.01529 || Validation loss: 2.16155
Epoch 10/100
Training loss: 0.00962 || Validation loss: 2.81383
Epoch 11/100
Training loss: 0.00486 || Validation loss: 3.21461
Epoch 12/100
Training loss: 0.00227 || Validation loss: 4.02670
Epoch 13/100
Training loss: 0.00061 || Validation loss: 4.66206
Epoch 14/100
Training loss: 0.00022 || Validation loss: 5.17594
Epoch 15/100
Training loss: 0.00008 || Validation loss: 5.09851
Epoch 16/100
Training loss: 0.00002 || Validation loss: 5.83944
Epoch 17/100
Training loss: 0.00001 || Validation loss: 5.67533
Epoch 18/100
Training loss: 0.00000 || Validation loss: 6.06513
Epoch 19/100
Training loss: 0.00000 || Validation loss: 5.69905
Epoch 20/100
Training loss: 0.00000 || Validation loss: 5.84982
Epoch 21/100
Training loss: 0.00000 || Validation loss: 5.44400
Epoch 22/100
Training loss: 0.00000 || Validation loss: 5.98921
Epoch 23/100
Training loss: 0.00000 || Validation loss: 5.05298
Epoch 24/100
Training loss: 0.00000 || Validation loss: 5.62599
Epoch 25/100
Training loss: 0.00000 || Validation loss: 5.70195
Epoch 26/100
Training loss: 0.00000 || Validation loss: 5.74336
Epoch 27/100
Training loss: 0.00000 || Validation loss: 5.70334
Epoch 28/100
Training loss: 0.00000 || Validation loss: 5.93016
Epoch 29/100
Training loss: 0.00000 || Validation loss: 5.42411
Epoch 30/100
Training loss: 0.00000 || Validation loss: 5.43428
Epoch 31/100
Training loss: 0.00000 || Validation loss: 5.14142
Epoch 32/100
Training loss: 0.00000 || Validation loss: 5.07561
Epoch 33/100
Training loss: 0.00000 || Validation loss: 4.94125
Epoch 34/100
Training loss: 0.00000 || Validation loss: 5.03184
Epoch 35/100
Training loss: 0.00000 || Validation loss: 5.24778
Epoch 36/100
Training loss: 0.00000 || Validation loss: 4.89712
Epoch 37/100
Training loss: 0.00000 || Validation loss: 5.37913
Epoch 38/100
Training loss: 0.00000 || Validation loss: 5.04438
Epoch 39/100
Training loss: 0.00000 || Validation loss: 4.74282
Epoch 40/100
Training loss: 0.00000 || Validation loss: 4.83390
Epoch 41/100
Training loss: 0.00000 || Validation loss: 4.63394
Epoch 42/100
Training loss: 0.00000 || Validation loss: 4.48709
Epoch 43/100
Training loss: 0.00000 || Validation loss: 4.45454
Epoch 44/100
Training loss: 0.00000 || Validation loss: 4.41736
Epoch 45/100
Training loss: 0.00000 || Validation loss: 4.00759
Epoch 46/100
Training loss: 0.00000 || Validation loss: 4.18516
Epoch 47/100
Training loss: 0.00000 || Validation loss: 3.95867
Epoch 48/100
Training loss: 0.00000 || Validation loss: 3.67747
Epoch 49/100
Training loss: 0.00000 || Validation loss: 3.32936
Epoch 50/100
Training loss: 0.00000 || Validation loss: 3.56508
Epoch 51/100
Training loss: 0.00000 || Validation loss: 3.05491
Epoch 52/100
Training loss: 0.00000 || Validation loss: 3.13620
Epoch 53/100
Training loss: 0.00000 || Validation loss: 2.92643
Epoch 54/100
Training loss: 0.00000 || Validation loss: 2.63009
Epoch 55/100
Training loss: 0.00000 || Validation loss: 2.41990
Epoch 56/100
Training loss: 0.00000 || Validation loss: 2.23485
Epoch 57/100
Training loss: 0.00000 || Validation loss: 2.18252
Epoch 58/100
Training loss: 0.00000 || Validation loss: 2.09293
Epoch 59/100
Training loss: 0.00000 || Validation loss: 1.96063
Epoch 60/100
Training loss: 0.00000 || Validation loss: 1.85902
Epoch 61/100
Training loss: 0.00000 || Validation loss: 1.89904
Epoch 62/100
Training loss: 0.00000 || Validation loss: 1.81077
Epoch 63/100
Training loss: 0.00000 || Validation loss: 1.85765
Epoch 64/100
Training loss: 0.00000 || Validation loss: 1.84295
Epoch 65/100
Training loss: 0.00000 || Validation loss: 1.79859
Epoch 66/100
Training loss: 0.00000 || Validation loss: 1.91384
Epoch 67/100
Training loss: 0.00000 || Validation loss: 1.91176
Epoch 68/100
Training loss: 0.00000 || Validation loss: 1.99837
Epoch 69/100
Training loss: 0.00000 || Validation loss: 1.99978
Epoch 70/100
Training loss: 0.00000 || Validation loss: 2.05933
Epoch 71/100
Training loss: 0.00000 || Validation loss: 2.13410
Epoch 72/100
Training loss: 0.00000 || Validation loss: 2.12993
Epoch 73/100
Training loss: 0.00000 || Validation loss: 2.24789
Epoch 74/100
Training loss: 0.00000 || Validation loss: 2.33047
Epoch 75/100
Training loss: 0.00000 || Validation loss: 2.39648
Epoch 76/100
Training loss: 0.10309 || Validation loss: 2.83843
Epoch 77/100
Training loss: 0.00042 || Validation loss: 2.66519
Epoch 78/100
Training loss: 0.00000 || Validation loss: 2.76770
Epoch 79/100
Training loss: 0.00000 || Validation loss: 2.88125
Epoch 80/100
Training loss: 0.00000 || Validation loss: 3.00583
Epoch 81/100
Training loss: 0.00000 || Validation loss: 3.14198
Epoch 82/100
Training loss: 0.00000 || Validation loss: 3.29523
Epoch 83/100
Training loss: 0.00000 || Validation loss: 3.45812
Epoch 84/100
Training loss: 0.00000 || Validation loss: 3.63925
Epoch 85/100
Training loss: 0.00000 || Validation loss: 3.84209
Epoch 86/100
Training loss: 0.00000 || Validation loss: 4.05079
Epoch 87/100
Training loss: 0.00000 || Validation loss: 4.28408
Epoch 88/100
Training loss: 0.00000 || Validation loss: 4.53076
Epoch 89/100
Training loss: 0.00000 || Validation loss: 4.79857
Epoch 90/100
Training loss: 0.00000 || Validation loss: 5.08477
Epoch 91/100
Training loss: 0.00000 || Validation loss: 5.38182
Epoch 92/100
Training loss: 0.00000 || Validation loss: 5.70307
Epoch 93/100
Training loss: 0.00000 || Validation loss: 6.03963
Epoch 94/100
Training loss: 0.00000 || Validation loss: 6.39266
Epoch 95/100
Training loss: 0.00000 || Validation loss: 6.76067
Epoch 96/100
Training loss: 0.00000 || Validation loss: 7.14233
Epoch 97/100
Training loss: 0.00000 || Validation loss: 7.53254
Epoch 98/100
Training loss: 0.00000 || Validation loss: 7.93546
Epoch 99/100
Training loss: 0.00000 || Validation loss: 8.34335
Epoch 100/100
Training loss: 0.00000 || Validation loss: 8.75258
Best model for fold 3 saved from epoch 7 with f1 1.71473
Final training loss: 0.00000 || Final test loss: 8.75258
All fold val losses: [0.9606779905465933, 0.9476827085018158, 1.7147271128801198]
Average val loss: 1.20770
Fold 1
Model loaded successfully from ./pretrained_model/64_to_256_3layers.ckpt
device : cuda
Model not found at ./model/forest_wba_value_compare_pretrained_and_non_8frames/piece_size_10_fix_False_pretrained_True/fold_1/fly_model.ckpt
튜플 파일을 불러오는 중 문제가 발생했습니다 (./model/forest_wba_value_compare_pretrained_and_non_8frames/piece_size_10_fix_False_pretrained_True/fold_1): [Errno 2] No such file or directory: './model/forest_wba_value_compare_pretrained_and_non_8frames/piece_size_10_fix_False_pretrained_True/fold_1/training_tuples.pkl'
Epoch 1/100
Training loss: 10.60187 || Validation loss: 5.16203
New best model saved at epoch 1 with loss 5.16203
Epoch 2/100
Training loss: 0.55912 || Validation loss: 2.45989
New best model saved at epoch 2 with loss 2.45989
Epoch 3/100
Training loss: 0.18338 || Validation loss: 1.80954
New best model saved at epoch 3 with loss 1.80954
Epoch 4/100
Training loss: 0.09297 || Validation loss: 1.50438
New best model saved at epoch 4 with loss 1.50438
Epoch 5/100
Training loss: 0.06498 || Validation loss: 1.26856
New best model saved at epoch 5 with loss 1.26856
Epoch 6/100
Training loss: 0.03618 || Validation loss: 1.07563
New best model saved at epoch 6 with loss 1.07563
Epoch 7/100
Training loss: 0.02183 || Validation loss: 1.22118
Epoch 8/100
Training loss: 0.01247 || Validation loss: 1.25620
Epoch 9/100
Training loss: 0.00757 || Validation loss: 1.30325
Epoch 10/100
Training loss: 0.00285 || Validation loss: 1.51803
Epoch 11/100
Training loss: 0.00157 || Validation loss: 1.65963
Epoch 12/100
Training loss: 0.00064 || Validation loss: 1.90131
Epoch 13/100
Training loss: 0.00044 || Validation loss: 1.95714
Epoch 14/100
Training loss: 0.00011 || Validation loss: 2.04745
Epoch 15/100
Training loss: 0.00000 || Validation loss: 1.96639
Epoch 16/100
Training loss: 0.00000 || Validation loss: 2.01022
Epoch 17/100
Training loss: 0.00000 || Validation loss: 2.06027
Epoch 18/100
Training loss: 0.00000 || Validation loss: 1.99108
Epoch 19/100
Training loss: 0.00000 || Validation loss: 1.99800
Epoch 20/100
Training loss: 0.00000 || Validation loss: 1.97652
Epoch 21/100
Training loss: 0.00000 || Validation loss: 2.01782
Epoch 22/100
Training loss: 0.00000 || Validation loss: 2.03043
Epoch 23/100
Training loss: 0.00000 || Validation loss: 1.88725
Epoch 24/100
Training loss: 0.00000 || Validation loss: 1.96339
Epoch 25/100
Training loss: 0.00000 || Validation loss: 1.98673
Epoch 26/100
Training loss: 0.00000 || Validation loss: 1.90391
Epoch 27/100
Training loss: 0.00000 || Validation loss: 2.00490
Epoch 28/100
Training loss: 0.00000 || Validation loss: 1.86260
Epoch 29/100
Training loss: 0.00000 || Validation loss: 1.92868
Epoch 30/100
Training loss: 0.00000 || Validation loss: 1.89234
Epoch 31/100
Training loss: 0.00000 || Validation loss: 1.81867
Epoch 32/100
Training loss: 0.00000 || Validation loss: 1.90334
Epoch 33/100
Training loss: 0.00000 || Validation loss: 1.84825
Epoch 34/100
Training loss: 0.00000 || Validation loss: 1.87614
Epoch 35/100
Training loss: 0.00000 || Validation loss: 1.81108
Epoch 36/100
Training loss: 0.00000 || Validation loss: 1.77672
Epoch 37/100
Training loss: 0.00000 || Validation loss: 1.81819
Epoch 38/100
Training loss: 0.00000 || Validation loss: 1.82134
Epoch 39/100
Training loss: 0.00000 || Validation loss: 1.78197
Epoch 40/100
Training loss: 0.00000 || Validation loss: 1.76607
Epoch 41/100
Training loss: 0.00000 || Validation loss: 1.72366
Epoch 42/100
Training loss: 0.00000 || Validation loss: 1.63496
Epoch 43/100
Training loss: 0.00000 || Validation loss: 1.72711
Epoch 44/100
Training loss: 0.00000 || Validation loss: 1.64534
Epoch 45/100
Training loss: 0.00000 || Validation loss: 1.62148
Epoch 46/100
Training loss: 0.00000 || Validation loss: 1.61572
Epoch 47/100
Training loss: 0.00000 || Validation loss: 1.56953
Epoch 48/100
Training loss: 0.00000 || Validation loss: 1.60996
Epoch 49/100
Training loss: 0.00000 || Validation loss: 1.65611
Epoch 50/100
Training loss: 0.00000 || Validation loss: 1.64482
Epoch 51/100
Training loss: 0.00000 || Validation loss: 1.62796
Epoch 52/100
Training loss: 0.00000 || Validation loss: 1.58121
Epoch 53/100
Training loss: 0.00000 || Validation loss: 1.59169
Epoch 54/100
Training loss: 0.00000 || Validation loss: 1.58805
Epoch 55/100
Training loss: 0.00004 || Validation loss: 1.52954
Epoch 56/100
Training loss: 0.00000 || Validation loss: 1.51626
Epoch 57/100
Training loss: 0.00000 || Validation loss: 1.48734
Epoch 58/100
Training loss: 0.00000 || Validation loss: 1.53634
Epoch 59/100
Training loss: 0.00000 || Validation loss: 1.48819
Epoch 60/100
Training loss: 0.00000 || Validation loss: 1.58553
Epoch 61/100
Training loss: 0.00000 || Validation loss: 1.57386
Epoch 62/100
Training loss: 0.00000 || Validation loss: 1.53065
Epoch 63/100
Training loss: 0.00000 || Validation loss: 1.61032
Epoch 64/100
Training loss: 0.00000 || Validation loss: 1.64434
Epoch 65/100
Training loss: 0.00007 || Validation loss: 1.69638
Epoch 66/100
Training loss: 0.00000 || Validation loss: 1.73358
Epoch 67/100
Training loss: 0.00000 || Validation loss: 1.75860
Epoch 68/100
Training loss: 0.00000 || Validation loss: 1.77332
Epoch 69/100
Training loss: 0.00000 || Validation loss: 1.81865
Epoch 70/100
Training loss: 0.00000 || Validation loss: 1.84659
Epoch 71/100
Training loss: 0.00000 || Validation loss: 1.92093
Epoch 72/100
Training loss: 0.00000 || Validation loss: 1.97590
Epoch 73/100
Training loss: 0.00000 || Validation loss: 2.05596
Epoch 74/100
Training loss: 0.00000 || Validation loss: 2.15870
Epoch 75/100
Training loss: 0.00000 || Validation loss: 2.25560
Epoch 76/100
Training loss: 0.00000 || Validation loss: 2.36666
Epoch 77/100
Training loss: 0.00000 || Validation loss: 2.49385
Epoch 78/100
Training loss: 0.00000 || Validation loss: 2.64248
Epoch 79/100
Training loss: 0.00000 || Validation loss: 2.81359
Epoch 80/100
Training loss: 0.00000 || Validation loss: 3.00183
Epoch 81/100
Training loss: 0.05252 || Validation loss: 3.36967
Epoch 82/100
Training loss: 0.00019 || Validation loss: 3.58306
Epoch 83/100
Training loss: 0.00000 || Validation loss: 3.87029
Epoch 84/100
Training loss: 0.00000 || Validation loss: 4.18760
Epoch 85/100
Training loss: 0.00000 || Validation loss: 4.53801
Epoch 86/100
Training loss: 0.00000 || Validation loss: 4.91767
Epoch 87/100
Training loss: 0.00000 || Validation loss: 5.34818
Epoch 88/100
Training loss: 0.00000 || Validation loss: 5.81414
Epoch 89/100
Training loss: 0.00000 || Validation loss: 6.31767
Epoch 90/100
Training loss: 0.00000 || Validation loss: 6.86558
Epoch 91/100
Training loss: 0.00000 || Validation loss: 7.45186
Epoch 92/100
Training loss: 0.00000 || Validation loss: 8.08102
Epoch 93/100
Training loss: 0.00000 || Validation loss: 8.74882
Epoch 94/100
Training loss: 0.00000 || Validation loss: 9.45344
Epoch 95/100
Training loss: 0.00000 || Validation loss: 10.19417
Epoch 96/100
Training loss: 0.00000 || Validation loss: 10.96577
Epoch 97/100
Training loss: 0.00000 || Validation loss: 11.77055
Epoch 98/100
Training loss: 0.00000 || Validation loss: 12.59704
Epoch 99/100
Training loss: 0.00000 || Validation loss: 13.43563
Epoch 100/100
Training loss: 0.00000 || Validation loss: 14.28000
Best model for fold 1 saved from epoch 6 with f1 1.07563
Final training loss: 0.00000 || Final test loss: 14.28000
Fold 2
Model loaded successfully from ./pretrained_model/64_to_256_3layers.ckpt
device : cuda
Model not found at ./model/forest_wba_value_compare_pretrained_and_non_8frames/piece_size_10_fix_False_pretrained_True/fold_2/fly_model.ckpt
튜플 파일을 불러오는 중 문제가 발생했습니다 (./model/forest_wba_value_compare_pretrained_and_non_8frames/piece_size_10_fix_False_pretrained_True/fold_2): [Errno 2] No such file or directory: './model/forest_wba_value_compare_pretrained_and_non_8frames/piece_size_10_fix_False_pretrained_True/fold_2/training_tuples.pkl'
Epoch 1/100
Training loss: 13.23975 || Validation loss: 12.97081
New best model saved at epoch 1 with loss 12.97081
Epoch 2/100
Training loss: 1.11598 || Validation loss: 5.52168
New best model saved at epoch 2 with loss 5.52168
Epoch 3/100
Training loss: 0.29305 || Validation loss: 4.55733
New best model saved at epoch 3 with loss 4.55733
Epoch 4/100
Training loss: 0.14835 || Validation loss: 3.64877
New best model saved at epoch 4 with loss 3.64877
Epoch 5/100
Training loss: 0.08959 || Validation loss: 2.63694
New best model saved at epoch 5 with loss 2.63694
Epoch 6/100
Training loss: 0.07151 || Validation loss: 1.97584
New best model saved at epoch 6 with loss 1.97584
Epoch 7/100
Training loss: 0.04583 || Validation loss: 1.77816
New best model saved at epoch 7 with loss 1.77816
Epoch 8/100
Training loss: 0.02878 || Validation loss: 1.30082
New best model saved at epoch 8 with loss 1.30082
Epoch 9/100
Training loss: 0.01973 || Validation loss: 1.72226
Epoch 10/100
Training loss: 0.01090 || Validation loss: 1.83817
Epoch 11/100
Training loss: 0.00703 || Validation loss: 2.81554
Epoch 12/100
Training loss: 0.00320 || Validation loss: 3.58015
Epoch 13/100
Training loss: 0.00146 || Validation loss: 4.60522
Epoch 14/100
Training loss: 0.00040 || Validation loss: 5.12381
Epoch 15/100
Training loss: 0.00012 || Validation loss: 5.62759
Epoch 16/100
Training loss: 0.00003 || Validation loss: 5.75219
Epoch 17/100
Training loss: 0.00001 || Validation loss: 5.44576
Epoch 18/100
Training loss: 0.00000 || Validation loss: 6.05254
Epoch 19/100
Training loss: 0.00000 || Validation loss: 6.09743
Epoch 20/100
Training loss: 0.00000 || Validation loss: 5.77125
Epoch 21/100
Training loss: 0.00000 || Validation loss: 6.03122
Epoch 22/100
Training loss: 0.00000 || Validation loss: 5.89435
Epoch 23/100
Training loss: 0.00000 || Validation loss: 5.60073
Epoch 24/100
Training loss: 0.00000 || Validation loss: 5.96851
Epoch 25/100
Training loss: 0.00000 || Validation loss: 5.46224
Epoch 26/100
Training loss: 0.00000 || Validation loss: 5.75366
Epoch 27/100
Training loss: 0.00000 || Validation loss: 6.12772
Epoch 28/100
Training loss: 0.00000 || Validation loss: 5.96678
Epoch 29/100
Training loss: 0.00000 || Validation loss: 5.89005
Epoch 30/100
Training loss: 0.00000 || Validation loss: 5.97029
Epoch 31/100
Training loss: 0.00000 || Validation loss: 5.94441
Epoch 32/100
Training loss: 0.00000 || Validation loss: 5.94269
Epoch 33/100
Training loss: 0.00000 || Validation loss: 5.77505
Epoch 34/100
Training loss: 0.00000 || Validation loss: 5.88817
Epoch 35/100
Training loss: 0.00000 || Validation loss: 5.84040
Epoch 36/100
Training loss: 0.00000 || Validation loss: 5.52950
Epoch 37/100
Training loss: 0.00000 || Validation loss: 5.36080
Epoch 38/100
Training loss: 0.00000 || Validation loss: 5.41113
Epoch 39/100
Training loss: 0.00000 || Validation loss: 5.12965
Epoch 40/100
Training loss: 0.00000 || Validation loss: 5.30196
Epoch 41/100
Training loss: 0.00000 || Validation loss: 5.36103
Epoch 42/100
Training loss: 0.00000 || Validation loss: 4.93011
Epoch 43/100
Training loss: 0.00000 || Validation loss: 5.25014
Epoch 44/100
Training loss: 0.00000 || Validation loss: 4.87712
Epoch 45/100
Training loss: 0.00000 || Validation loss: 4.83588
Epoch 46/100
Training loss: 0.00000 || Validation loss: 4.29403
Epoch 47/100
Training loss: 0.00000 || Validation loss: 4.40983
Epoch 48/100
Training loss: 0.00000 || Validation loss: 4.26709
Epoch 49/100
Training loss: 0.00000 || Validation loss: 4.18279
Epoch 50/100
Training loss: 0.00000 || Validation loss: 3.74959
Epoch 51/100
Training loss: 0.00000 || Validation loss: 3.78740
Epoch 52/100
Training loss: 0.00000 || Validation loss: 3.44875
Epoch 53/100
Training loss: 0.00000 || Validation loss: 3.42007
Epoch 54/100
Training loss: 0.00000 || Validation loss: 3.11847
Epoch 55/100
Training loss: 0.00000 || Validation loss: 2.92429
Epoch 56/100
Training loss: 0.00000 || Validation loss: 2.87231
Epoch 57/100
Training loss: 0.00000 || Validation loss: 2.76949
Epoch 58/100
Training loss: 0.00000 || Validation loss: 2.47861
Epoch 59/100
Training loss: 0.00000 || Validation loss: 2.41759
Epoch 60/100
Training loss: 0.00000 || Validation loss: 2.29507
Epoch 61/100
Training loss: 0.00000 || Validation loss: 2.22442
Epoch 62/100
Training loss: 0.00000 || Validation loss: 2.11074
Epoch 63/100
Training loss: 0.00000 || Validation loss: 2.12260
Epoch 64/100
Training loss: 0.01251 || Validation loss: 1.64584
Epoch 65/100
Training loss: 0.00000 || Validation loss: 1.65989
Epoch 66/100
Training loss: 0.00000 || Validation loss: 1.67527
Epoch 67/100
Training loss: 0.00000 || Validation loss: 1.69347
Epoch 68/100
Training loss: 0.00000 || Validation loss: 1.71425
Epoch 69/100
Training loss: 0.00000 || Validation loss: 1.73868
Epoch 70/100
Training loss: 0.00000 || Validation loss: 1.76682
Epoch 71/100
Training loss: 0.00000 || Validation loss: 1.79941
Epoch 72/100
Training loss: 0.00000 || Validation loss: 1.83679
Epoch 73/100
Training loss: 0.00000 || Validation loss: 1.87952
Epoch 74/100
Training loss: 0.00000 || Validation loss: 1.92844
Epoch 75/100
Training loss: 0.00000 || Validation loss: 1.98441
Epoch 76/100
Training loss: 0.00000 || Validation loss: 2.05027
Epoch 77/100
Training loss: 0.00000 || Validation loss: 2.12411
Epoch 78/100
Training loss: 0.00000 || Validation loss: 2.20910
Epoch 79/100
Training loss: 0.00000 || Validation loss: 2.30734
Epoch 80/100
Training loss: 0.00000 || Validation loss: 2.41904
Epoch 81/100
Training loss: 0.00000 || Validation loss: 2.54277
Epoch 82/100
Training loss: 0.00000 || Validation loss: 2.68237
Epoch 83/100
Training loss: 0.00000 || Validation loss: 2.83920
Epoch 84/100
Training loss: 0.00000 || Validation loss: 3.01391
Epoch 85/100
Training loss: 0.00000 || Validation loss: 3.20856
Epoch 86/100
Training loss: 0.00000 || Validation loss: 3.42243
Epoch 87/100
Training loss: 0.00000 || Validation loss: 3.65223
Epoch 88/100
Training loss: 0.00000 || Validation loss: 3.91047
Epoch 89/100
Training loss: 0.00000 || Validation loss: 4.19124
Epoch 90/100
Training loss: 0.00000 || Validation loss: 4.49842
Epoch 91/100
Training loss: 0.00000 || Validation loss: 4.82268
Epoch 92/100
Training loss: 0.00000 || Validation loss: 5.16960
Epoch 93/100
Training loss: 0.00000 || Validation loss: 5.53531
Epoch 94/100
Training loss: 0.00000 || Validation loss: 5.92187
Epoch 95/100
Training loss: 0.00000 || Validation loss: 6.32444
Epoch 96/100
Training loss: 0.00127 || Validation loss: 6.83864
Epoch 97/100
Training loss: 0.00007 || Validation loss: 7.19843
Epoch 98/100
Training loss: 0.00000 || Validation loss: 7.63561
Epoch 99/100
Training loss: 0.00000 || Validation loss: 8.07880
Epoch 100/100
Training loss: 0.00000 || Validation loss: 8.52429
Best model for fold 2 saved from epoch 8 with f1 1.30082
Final training loss: 0.00000 || Final test loss: 8.52429
Fold 3
Model loaded successfully from ./pretrained_model/64_to_256_3layers.ckpt
device : cuda
Model not found at ./model/forest_wba_value_compare_pretrained_and_non_8frames/piece_size_10_fix_False_pretrained_True/fold_3/fly_model.ckpt
튜플 파일을 불러오는 중 문제가 발생했습니다 (./model/forest_wba_value_compare_pretrained_and_non_8frames/piece_size_10_fix_False_pretrained_True/fold_3): [Errno 2] No such file or directory: './model/forest_wba_value_compare_pretrained_and_non_8frames/piece_size_10_fix_False_pretrained_True/fold_3/training_tuples.pkl'
Epoch 1/100
Training loss: 19.04308 || Validation loss: 9.29148
New best model saved at epoch 1 with loss 9.29148
Epoch 2/100
Training loss: 1.35443 || Validation loss: 7.58413
New best model saved at epoch 2 with loss 7.58413
Epoch 3/100
Training loss: 0.37280 || Validation loss: 4.71501
New best model saved at epoch 3 with loss 4.71501
Epoch 4/100
Training loss: 0.15142 || Validation loss: 4.01610
New best model saved at epoch 4 with loss 4.01610
Epoch 5/100
Training loss: 0.09185 || Validation loss: 4.34372
Epoch 6/100
Training loss: 0.05401 || Validation loss: 2.78043
New best model saved at epoch 6 with loss 2.78043
Epoch 7/100
Training loss: 0.03594 || Validation loss: 2.54064
New best model saved at epoch 7 with loss 2.54064
Epoch 8/100
Training loss: 0.02145 || Validation loss: 1.61171
New best model saved at epoch 8 with loss 1.61171
Epoch 9/100
Training loss: 0.00994 || Validation loss: 1.54336
New best model saved at epoch 9 with loss 1.54336
Epoch 10/100
Training loss: 0.00472 || Validation loss: 1.58249
Epoch 11/100
Training loss: 0.00153 || Validation loss: 1.55724
Epoch 12/100
Training loss: 0.00040 || Validation loss: 2.19550
Epoch 13/100
Training loss: 0.00008 || Validation loss: 1.76589
Epoch 14/100
Training loss: 0.00001 || Validation loss: 2.29372
Epoch 15/100
Training loss: 0.00000 || Validation loss: 2.04420
Epoch 16/100
Training loss: 0.00000 || Validation loss: 2.01414
Epoch 17/100
Training loss: 0.00000 || Validation loss: 2.32873
Epoch 18/100
Training loss: 0.00000 || Validation loss: 2.07725
Epoch 19/100
Training loss: 0.00000 || Validation loss: 2.08783
Epoch 20/100
Training loss: 0.00000 || Validation loss: 1.77189
Epoch 21/100
Training loss: 0.00000 || Validation loss: 1.90016
Epoch 22/100
Training loss: 0.00000 || Validation loss: 2.49333
Epoch 23/100
Training loss: 0.00000 || Validation loss: 1.94511
Epoch 24/100
Training loss: 0.00000 || Validation loss: 2.02703
Epoch 25/100
Training loss: 0.00000 || Validation loss: 2.08913
Epoch 26/100
Training loss: 0.00000 || Validation loss: 2.19986
Epoch 27/100
Training loss: 0.00000 || Validation loss: 1.70426
Epoch 28/100
Training loss: 0.00000 || Validation loss: 1.92556
Epoch 29/100
Training loss: 0.00000 || Validation loss: 1.84979
Epoch 30/100
Training loss: 0.00000 || Validation loss: 1.64323
Epoch 31/100
Training loss: 0.00000 || Validation loss: 1.86307
Epoch 32/100
Training loss: 0.00000 || Validation loss: 2.04731
Epoch 33/100
Training loss: 0.00000 || Validation loss: 2.18870
Epoch 34/100
Training loss: 0.00000 || Validation loss: 2.23846
Epoch 35/100
Training loss: 0.00000 || Validation loss: 1.76213
Epoch 36/100
Training loss: 0.00000 || Validation loss: 1.97304
Epoch 37/100
Training loss: 0.00000 || Validation loss: 1.81942
Epoch 38/100
Training loss: 0.00000 || Validation loss: 1.94252
Epoch 39/100
Training loss: 0.00000 || Validation loss: 2.12653
Epoch 40/100
Training loss: 0.00000 || Validation loss: 1.77974
Epoch 41/100
Training loss: 0.00000 || Validation loss: 1.69747
Epoch 42/100
Training loss: 0.00000 || Validation loss: 1.95362
Epoch 43/100
Training loss: 0.00000 || Validation loss: 1.92433
Epoch 44/100
Training loss: 0.00000 || Validation loss: 1.93615
Epoch 45/100
Training loss: 0.00000 || Validation loss: 1.68273
Epoch 46/100
Training loss: 0.00000 || Validation loss: 1.79411
Epoch 47/100
Training loss: 0.00000 || Validation loss: 1.71489
Epoch 48/100
Training loss: 0.00000 || Validation loss: 1.64938
Epoch 49/100
Training loss: 0.00000 || Validation loss: 1.58604
Epoch 50/100
Training loss: 0.00000 || Validation loss: 1.53587
New best model saved at epoch 50 with loss 1.53587
Epoch 51/100
Training loss: 0.00000 || Validation loss: 1.65276
Epoch 52/100
Training loss: 0.00000 || Validation loss: 1.16128
New best model saved at epoch 52 with loss 1.16128
Epoch 53/100
Training loss: 0.00000 || Validation loss: 1.35323
Epoch 54/100
Training loss: 0.00000 || Validation loss: 1.34983
Epoch 55/100
Training loss: 0.00000 || Validation loss: 1.13442
New best model saved at epoch 55 with loss 1.13442
Epoch 56/100
Training loss: 0.00000 || Validation loss: 1.16060
Epoch 57/100
Training loss: 0.00000 || Validation loss: 1.03512
New best model saved at epoch 57 with loss 1.03512
Epoch 58/100
Training loss: 0.00000 || Validation loss: 1.11453
Epoch 59/100
Training loss: 0.00000 || Validation loss: 0.99171
New best model saved at epoch 59 with loss 0.99171
Epoch 60/100
Training loss: 0.00000 || Validation loss: 1.09260
Epoch 61/100
Training loss: 0.00000 || Validation loss: 1.08326
Epoch 62/100
Training loss: 0.00000 || Validation loss: 1.06729
Epoch 63/100
Training loss: 0.00000 || Validation loss: 1.02175
Epoch 64/100
Training loss: 0.03293 || Validation loss: 4.34050
Epoch 65/100
Training loss: 0.00000 || Validation loss: 4.34099
Epoch 66/100
Training loss: 0.00000 || Validation loss: 4.34217
Epoch 67/100
Training loss: 0.00000 || Validation loss: 4.34449
Epoch 68/100
Training loss: 0.00000 || Validation loss: 4.34609
Epoch 69/100
Training loss: 0.00000 || Validation loss: 4.34673
Epoch 70/100
Training loss: 0.00000 || Validation loss: 4.34969
Epoch 71/100
Training loss: 0.00000 || Validation loss: 4.35012
Epoch 72/100
Training loss: 0.00000 || Validation loss: 4.34988
Epoch 73/100
Training loss: 0.00000 || Validation loss: 4.35060
Epoch 74/100
Training loss: 0.00000 || Validation loss: 4.35207
Epoch 75/100
Training loss: 0.00000 || Validation loss: 4.35370
Epoch 76/100
Training loss: 0.00000 || Validation loss: 4.35530
Epoch 77/100
Training loss: 0.00000 || Validation loss: 4.35635
Epoch 78/100
Training loss: 0.00000 || Validation loss: 4.35908
Epoch 79/100
Training loss: 0.00000 || Validation loss: 4.36475
Epoch 80/100
Training loss: 0.00000 || Validation loss: 4.36586
Epoch 81/100
Training loss: 0.00000 || Validation loss: 4.36851
Epoch 82/100
Training loss: 0.00000 || Validation loss: 4.37110
Epoch 83/100
Training loss: 0.00000 || Validation loss: 4.37489
Epoch 84/100
Training loss: 0.00000 || Validation loss: 4.37967
Epoch 85/100
Training loss: 0.00000 || Validation loss: 4.38341
Epoch 86/100
Training loss: 0.00000 || Validation loss: 4.38699
Epoch 87/100
Training loss: 0.00000 || Validation loss: 4.39395
Epoch 88/100
Training loss: 0.00000 || Validation loss: 4.39865
Epoch 89/100
Training loss: 0.00000 || Validation loss: 4.40343
Epoch 90/100
Training loss: 0.00000 || Validation loss: 4.40926
Epoch 91/100
Training loss: 0.00000 || Validation loss: 4.41612
Epoch 92/100
Training loss: 0.00000 || Validation loss: 4.42429
Epoch 93/100
Training loss: 0.00000 || Validation loss: 4.43480
Epoch 94/100
Training loss: 0.00000 || Validation loss: 4.44528
Epoch 95/100
Training loss: 0.00000 || Validation loss: 4.45694
Epoch 96/100
Training loss: 0.00000 || Validation loss: 4.46585
Epoch 97/100
Training loss: 0.00000 || Validation loss: 4.47595
Epoch 98/100
Training loss: 0.00000 || Validation loss: 4.47174
Epoch 99/100
Training loss: 0.00000 || Validation loss: 4.47487
Epoch 100/100
Training loss: 0.00000 || Validation loss: 4.48075
Best model for fold 3 saved from epoch 59 with f1 0.99171
Final training loss: 0.00000 || Final test loss: 4.48075
All fold val losses: [1.0756275791388292, 1.3008204469313989, 0.9917101447398846]
Average val loss: 1.12272
Fold 1
Model loaded successfully from ./pretrained_model/64_to_256_3layers.ckpt
device : cuda
Model not found at ./model/forest_wba_value_compare_pretrained_and_non_8frames/piece_size_20_fix_False_pretrained_True/fold_1/fly_model.ckpt
튜플 파일을 불러오는 중 문제가 발생했습니다 (./model/forest_wba_value_compare_pretrained_and_non_8frames/piece_size_20_fix_False_pretrained_True/fold_1): [Errno 2] No such file or directory: './model/forest_wba_value_compare_pretrained_and_non_8frames/piece_size_20_fix_False_pretrained_True/fold_1/training_tuples.pkl'
Epoch 1/100
Training loss: 8.30715 || Validation loss: 3.53351
New best model saved at epoch 1 with loss 3.53351
Epoch 2/100
Training loss: 0.43855 || Validation loss: 1.51583
New best model saved at epoch 2 with loss 1.51583
Epoch 3/100
Training loss: 0.17776 || Validation loss: 1.18729
New best model saved at epoch 3 with loss 1.18729
Epoch 4/100
Training loss: 0.08970 || Validation loss: 0.93107
New best model saved at epoch 4 with loss 0.93107
Epoch 5/100
Training loss: 0.06045 || Validation loss: 0.53977
New best model saved at epoch 5 with loss 0.53977
Epoch 6/100
Training loss: 0.03776 || Validation loss: 0.53491
New best model saved at epoch 6 with loss 0.53491
Epoch 7/100
Training loss: 0.02418 || Validation loss: 0.68613
Epoch 8/100
Training loss: 0.01114 || Validation loss: 0.74785
Epoch 9/100
Training loss: 0.00607 || Validation loss: 0.75459
Epoch 10/100
Training loss: 0.00235 || Validation loss: 0.72713
Epoch 11/100
Training loss: 0.00128 || Validation loss: 0.69392
Epoch 12/100
Training loss: 0.00076 || Validation loss: 0.73452
Epoch 13/100
Training loss: 0.00038 || Validation loss: 0.71438
Epoch 14/100
Training loss: 0.00002 || Validation loss: 0.69562
Epoch 15/100
Training loss: 0.00000 || Validation loss: 0.75524
Epoch 16/100
Training loss: 0.00000 || Validation loss: 0.75836
Epoch 17/100
Training loss: 0.00000 || Validation loss: 0.73879
Epoch 18/100
Training loss: 0.00000 || Validation loss: 0.71570
Epoch 19/100
Training loss: 0.00000 || Validation loss: 0.69596
Epoch 20/100
Training loss: 0.00000 || Validation loss: 0.78010
Epoch 21/100
Training loss: 0.00000 || Validation loss: 0.73325
Epoch 22/100
Training loss: 0.00000 || Validation loss: 0.77696
Epoch 23/100
Training loss: 0.00000 || Validation loss: 0.68712
Epoch 24/100
Training loss: 0.00000 || Validation loss: 0.65536
Epoch 25/100
Training loss: 0.00000 || Validation loss: 0.72781
Epoch 26/100
Training loss: 0.00000 || Validation loss: 0.66711
Epoch 27/100
Training loss: 0.00000 || Validation loss: 0.71848
Epoch 28/100
Training loss: 0.00000 || Validation loss: 0.65218
Epoch 29/100
Training loss: 0.00000 || Validation loss: 0.68174
Epoch 30/100
Training loss: 0.00000 || Validation loss: 0.73975
Epoch 31/100
Training loss: 0.00000 || Validation loss: 0.74152
Epoch 32/100
Training loss: 0.00000 || Validation loss: 0.71526
Epoch 33/100
Training loss: 0.00000 || Validation loss: 0.67563
Epoch 34/100
Training loss: 0.00000 || Validation loss: 0.68603
Epoch 35/100
Training loss: 0.00000 || Validation loss: 0.68742
Epoch 36/100
Training loss: 0.00000 || Validation loss: 0.64825
Epoch 37/100
Training loss: 0.00000 || Validation loss: 0.62109
Epoch 38/100
Training loss: 0.00000 || Validation loss: 0.62277
Epoch 39/100
Training loss: 0.00000 || Validation loss: 0.66948
Epoch 40/100
Training loss: 0.00000 || Validation loss: 0.63556
Epoch 41/100
Training loss: 0.00000 || Validation loss: 0.68235
Epoch 42/100
Training loss: 0.00000 || Validation loss: 0.62238
Epoch 43/100
Training loss: 0.00000 || Validation loss: 0.59243
Epoch 44/100
Training loss: 0.00000 || Validation loss: 0.60532
Epoch 45/100
Training loss: 0.00000 || Validation loss: 0.57057
Epoch 46/100
Training loss: 0.00000 || Validation loss: 0.56172
Epoch 47/100
Training loss: 0.00000 || Validation loss: 0.56165
Epoch 48/100
Training loss: 0.00000 || Validation loss: 0.58002
Epoch 49/100
Training loss: 0.00000 || Validation loss: 0.55906
Epoch 50/100
Training loss: 0.00000 || Validation loss: 0.54984
Epoch 51/100
Training loss: 0.00000 || Validation loss: 0.55152
Epoch 52/100
Training loss: 0.00000 || Validation loss: 0.56347
Epoch 53/100
Training loss: 0.00000 || Validation loss: 0.56199
Epoch 54/100
Training loss: 0.00000 || Validation loss: 0.58586
Epoch 55/100
Training loss: 0.00000 || Validation loss: 0.57186
Epoch 56/100
Training loss: 0.11788 || Validation loss: 0.68092
Epoch 57/100
Training loss: 0.00002 || Validation loss: 0.68424
Epoch 58/100
Training loss: 0.00000 || Validation loss: 0.68810
Epoch 59/100
Training loss: 0.00000 || Validation loss: 0.69256
Epoch 60/100
Training loss: 0.00000 || Validation loss: 0.69770
Epoch 61/100
Training loss: 0.00000 || Validation loss: 0.70347
Epoch 62/100
Training loss: 0.00000 || Validation loss: 0.71002
Epoch 63/100
Training loss: 0.00000 || Validation loss: 0.71726
Epoch 64/100
Training loss: 0.00000 || Validation loss: 0.72553
Epoch 65/100
Training loss: 0.00000 || Validation loss: 0.73515
Epoch 66/100
Training loss: 0.00000 || Validation loss: 0.74526
Epoch 67/100
Training loss: 0.00000 || Validation loss: 0.75714
Epoch 68/100
Training loss: 0.00000 || Validation loss: 0.77010
Epoch 69/100
Training loss: 0.00000 || Validation loss: 0.78516
Epoch 70/100
Training loss: 0.00000 || Validation loss: 0.80202
Epoch 71/100
Training loss: 0.00000 || Validation loss: 0.82134
Epoch 72/100
Training loss: 0.00000 || Validation loss: 0.84157
Epoch 73/100
Training loss: 0.00000 || Validation loss: 0.86586
Epoch 74/100
Training loss: 0.00000 || Validation loss: 0.89272
Epoch 75/100
Training loss: 0.00000 || Validation loss: 0.92203
Epoch 76/100
Training loss: 0.00000 || Validation loss: 0.95568
Epoch 77/100
Training loss: 0.00000 || Validation loss: 0.99263
Epoch 78/100
Training loss: 0.00000 || Validation loss: 1.03435
Epoch 79/100
Training loss: 0.00000 || Validation loss: 1.08128
Epoch 80/100
Training loss: 0.00000 || Validation loss: 1.13267
Epoch 81/100
Training loss: 0.00000 || Validation loss: 1.18948
Epoch 82/100
Training loss: 0.00000 || Validation loss: 1.25155
Epoch 83/100
Training loss: 0.00000 || Validation loss: 1.31828
Epoch 84/100
Training loss: 0.00000 || Validation loss: 1.39425
Epoch 85/100
Training loss: 0.00000 || Validation loss: 1.47474
Epoch 86/100
Training loss: 0.00000 || Validation loss: 1.56160
Epoch 87/100
Training loss: 0.00000 || Validation loss: 1.65386
Epoch 88/100
Training loss: 0.00000 || Validation loss: 1.75326
Epoch 89/100
Training loss: 0.00000 || Validation loss: 1.85862
Epoch 90/100
Training loss: 0.00000 || Validation loss: 1.96668
Epoch 91/100
Training loss: 0.00000 || Validation loss: 2.08584
Epoch 92/100
Training loss: 0.00000 || Validation loss: 2.20535
Epoch 93/100
Training loss: 0.00000 || Validation loss: 2.32794
Epoch 94/100
Training loss: 0.00000 || Validation loss: 2.45300
Epoch 95/100
Training loss: 0.00000 || Validation loss: 2.57872
Epoch 96/100
Training loss: 0.00000 || Validation loss: 2.69997
Epoch 97/100
Training loss: 0.00621 || Validation loss: 2.83341
Epoch 98/100
Training loss: 0.00000 || Validation loss: 2.95628
Epoch 99/100
Training loss: 0.00000 || Validation loss: 3.07553
Epoch 100/100
Training loss: 0.00000 || Validation loss: 3.18970
Best model for fold 1 saved from epoch 6 with f1 0.53491
Final training loss: 0.00000 || Final test loss: 3.18970
Fold 2
Model loaded successfully from ./pretrained_model/64_to_256_3layers.ckpt
device : cuda
Model not found at ./model/forest_wba_value_compare_pretrained_and_non_8frames/piece_size_20_fix_False_pretrained_True/fold_2/fly_model.ckpt
튜플 파일을 불러오는 중 문제가 발생했습니다 (./model/forest_wba_value_compare_pretrained_and_non_8frames/piece_size_20_fix_False_pretrained_True/fold_2): [Errno 2] No such file or directory: './model/forest_wba_value_compare_pretrained_and_non_8frames/piece_size_20_fix_False_pretrained_True/fold_2/training_tuples.pkl'
Epoch 1/100
Training loss: 15.10757 || Validation loss: 15.71784
New best model saved at epoch 1 with loss 15.71784
Epoch 2/100
Training loss: 1.27537 || Validation loss: 6.45998
New best model saved at epoch 2 with loss 6.45998
Epoch 3/100
Training loss: 0.31711 || Validation loss: 4.21093
New best model saved at epoch 3 with loss 4.21093
Epoch 4/100
Training loss: 0.15043 || Validation loss: 2.81959
New best model saved at epoch 4 with loss 2.81959
Epoch 5/100
Training loss: 0.08280 || Validation loss: 2.45243
New best model saved at epoch 5 with loss 2.45243
Epoch 6/100
Training loss: 0.04681 || Validation loss: 1.99480
New best model saved at epoch 6 with loss 1.99480
Epoch 7/100
Training loss: 0.02461 || Validation loss: 1.62947
New best model saved at epoch 7 with loss 1.62947
Epoch 8/100
Training loss: 0.01424 || Validation loss: 1.48512
New best model saved at epoch 8 with loss 1.48512
Epoch 9/100
Training loss: 0.00707 || Validation loss: 1.48266
New best model saved at epoch 9 with loss 1.48266
Epoch 10/100
Training loss: 0.00415 || Validation loss: 1.35747
New best model saved at epoch 10 with loss 1.35747
Epoch 11/100
Training loss: 0.00227 || Validation loss: 1.32086
New best model saved at epoch 11 with loss 1.32086
Epoch 12/100
Training loss: 0.00117 || Validation loss: 1.33914
Epoch 13/100
Training loss: 0.00037 || Validation loss: 1.51164
Epoch 14/100
Training loss: 0.00016 || Validation loss: 1.53450
Epoch 15/100
Training loss: 0.00005 || Validation loss: 1.59833
Epoch 16/100
Training loss: 0.00002 || Validation loss: 1.52959
Epoch 17/100
Training loss: 0.00001 || Validation loss: 1.67365
Epoch 18/100
Training loss: 0.00000 || Validation loss: 1.62526
Epoch 19/100
Training loss: 0.00000 || Validation loss: 1.57861
Epoch 20/100
Training loss: 0.00000 || Validation loss: 1.59058
Epoch 21/100
Training loss: 0.00000 || Validation loss: 1.56434
Epoch 22/100
Training loss: 0.00000 || Validation loss: 1.52751
Epoch 23/100
Training loss: 0.00000 || Validation loss: 1.67202
Epoch 24/100
Training loss: 0.00000 || Validation loss: 1.58022
Epoch 25/100
Training loss: 0.00000 || Validation loss: 1.46985
Epoch 26/100
Training loss: 0.00000 || Validation loss: 1.64236
Epoch 27/100
Training loss: 0.00000 || Validation loss: 1.51536
Epoch 28/100
Training loss: 0.00000 || Validation loss: 1.53213
Epoch 29/100
Training loss: 0.00000 || Validation loss: 1.59219
Epoch 30/100
Training loss: 0.00000 || Validation loss: 1.50310
Epoch 31/100
Training loss: 0.00000 || Validation loss: 1.55351
Epoch 32/100
Training loss: 0.00000 || Validation loss: 1.57749
Epoch 33/100
Training loss: 0.00000 || Validation loss: 1.53953
Epoch 34/100
Training loss: 0.00000 || Validation loss: 1.39621
Epoch 35/100
Training loss: 0.00000 || Validation loss: 1.53024
Epoch 36/100
Training loss: 0.00000 || Validation loss: 1.48770
Epoch 37/100
Training loss: 0.00000 || Validation loss: 1.47144
Epoch 38/100
Training loss: 0.00000 || Validation loss: 1.69055
Epoch 39/100
Training loss: 0.00000 || Validation loss: 1.44247
Epoch 40/100
Training loss: 0.00000 || Validation loss: 1.46922
Epoch 41/100
Training loss: 0.00000 || Validation loss: 1.42218
Epoch 42/100
Training loss: 0.00000 || Validation loss: 1.37422
Epoch 43/100
Training loss: 0.00000 || Validation loss: 1.42745
Epoch 44/100
Training loss: 0.00000 || Validation loss: 1.46145
Epoch 45/100
Training loss: 0.00000 || Validation loss: 1.43727
Epoch 46/100
Training loss: 0.00000 || Validation loss: 1.47737
Epoch 47/100
Training loss: 0.00000 || Validation loss: 1.38780
Epoch 48/100
Training loss: 0.00000 || Validation loss: 1.43285
Epoch 49/100
Training loss: 0.00000 || Validation loss: 1.41796
Epoch 50/100
Training loss: 0.00000 || Validation loss: 1.39830
Epoch 51/100
Training loss: 0.00000 || Validation loss: 1.28958
New best model saved at epoch 51 with loss 1.28958
Epoch 52/100
Training loss: 0.00000 || Validation loss: 1.36590
Epoch 53/100
Training loss: 0.00000 || Validation loss: 1.39484
Epoch 54/100
Training loss: 0.00000 || Validation loss: 1.24494
New best model saved at epoch 54 with loss 1.24494
Epoch 55/100
Training loss: 0.00000 || Validation loss: 1.36302
Epoch 56/100
Training loss: 0.00000 || Validation loss: 1.32804
Epoch 57/100
Training loss: 0.00000 || Validation loss: 1.33059
Epoch 58/100
Training loss: 0.00000 || Validation loss: 1.39974
Epoch 59/100
Training loss: 0.00000 || Validation loss: 1.38874
Epoch 60/100
Training loss: 0.00000 || Validation loss: 1.40667
Epoch 61/100
Training loss: 0.00000 || Validation loss: 1.45775
Epoch 62/100
Training loss: 0.00000 || Validation loss: 1.47185
Epoch 63/100
Training loss: 0.00000 || Validation loss: 1.45537
Epoch 64/100
Training loss: 0.00000 || Validation loss: 1.50553
Epoch 65/100
Training loss: 0.00000 || Validation loss: 1.54658
Epoch 66/100
Training loss: 0.00000 || Validation loss: 1.62370
Epoch 67/100
Training loss: 0.00000 || Validation loss: 1.59678
Epoch 68/100
Training loss: 0.08678 || Validation loss: 4.75552
Epoch 69/100
Training loss: 0.03762 || Validation loss: 1.83732
Epoch 70/100
Training loss: 0.00002 || Validation loss: 1.85016
Epoch 71/100
Training loss: 0.00000 || Validation loss: 1.92652
Epoch 72/100
Training loss: 0.00000 || Validation loss: 2.00225
Epoch 73/100
Training loss: 0.00000 || Validation loss: 2.09144
Epoch 74/100
Training loss: 0.00000 || Validation loss: 2.19893
Epoch 75/100
Training loss: 0.00000 || Validation loss: 2.29987
Epoch 76/100
Training loss: 0.00000 || Validation loss: 2.42864
Epoch 77/100
Training loss: 0.00000 || Validation loss: 2.57035
Epoch 78/100
Training loss: 0.00000 || Validation loss: 2.73393
Epoch 79/100
Training loss: 0.00000 || Validation loss: 2.91288
Epoch 80/100
Training loss: 0.00000 || Validation loss: 3.10253
Epoch 81/100
Training loss: 0.00000 || Validation loss: 3.30690
Epoch 82/100
Training loss: 0.00000 || Validation loss: 3.54658
Epoch 83/100
Training loss: 0.00000 || Validation loss: 3.79550
Epoch 84/100
Training loss: 0.00000 || Validation loss: 4.06499
Epoch 85/100
Training loss: 0.00000 || Validation loss: 4.36517
Epoch 86/100
Training loss: 0.00000 || Validation loss: 4.69451
Epoch 87/100
Training loss: 0.00000 || Validation loss: 5.04211
Epoch 88/100
Training loss: 0.00000 || Validation loss: 5.42621
Epoch 89/100
Training loss: 0.00000 || Validation loss: 5.81769
Epoch 90/100
Training loss: 0.00000 || Validation loss: 6.24190
Epoch 91/100
Training loss: 0.00000 || Validation loss: 6.69127
Epoch 92/100
Training loss: 0.00000 || Validation loss: 7.16812
Epoch 93/100
Training loss: 0.00000 || Validation loss: 7.65612
Epoch 94/100
Training loss: 0.00000 || Validation loss: 8.15778
Epoch 95/100
Training loss: 0.00000 || Validation loss: 8.72115
Epoch 96/100
Training loss: 0.00000 || Validation loss: 9.22588
Epoch 97/100
Training loss: 0.00000 || Validation loss: 9.78284
Epoch 98/100
Training loss: 0.00000 || Validation loss: 10.23941
Epoch 99/100
Training loss: 0.00000 || Validation loss: 10.69856
Epoch 100/100
Training loss: 0.00000 || Validation loss: 11.21572
Best model for fold 2 saved from epoch 54 with f1 1.24494
Final training loss: 0.00000 || Final test loss: 11.21572
Fold 3
Model loaded successfully from ./pretrained_model/64_to_256_3layers.ckpt
device : cuda
Model not found at ./model/forest_wba_value_compare_pretrained_and_non_8frames/piece_size_20_fix_False_pretrained_True/fold_3/fly_model.ckpt
튜플 파일을 불러오는 중 문제가 발생했습니다 (./model/forest_wba_value_compare_pretrained_and_non_8frames/piece_size_20_fix_False_pretrained_True/fold_3): [Errno 2] No such file or directory: './model/forest_wba_value_compare_pretrained_and_non_8frames/piece_size_20_fix_False_pretrained_True/fold_3/training_tuples.pkl'
Epoch 1/100
Training loss: 17.25377 || Validation loss: 5.72204
New best model saved at epoch 1 with loss 5.72204
Epoch 2/100
Training loss: 1.18184 || Validation loss: 3.47692
New best model saved at epoch 2 with loss 3.47692
Epoch 3/100
Training loss: 0.42017 || Validation loss: 2.31240
New best model saved at epoch 3 with loss 2.31240
Epoch 4/100
Training loss: 0.19995 || Validation loss: 1.98368
New best model saved at epoch 4 with loss 1.98368
Epoch 5/100
Training loss: 0.13158 || Validation loss: 1.00011
New best model saved at epoch 5 with loss 1.00011
Epoch 6/100
Training loss: 0.08883 || Validation loss: 0.90850
New best model saved at epoch 6 with loss 0.90850
Epoch 7/100
Training loss: 0.06751 || Validation loss: 0.68574
New best model saved at epoch 7 with loss 0.68574
Epoch 8/100
Training loss: 0.05150 || Validation loss: 0.69499
Epoch 9/100
Training loss: 0.03597 || Validation loss: 0.73491
Epoch 10/100
Training loss: 0.01936 || Validation loss: 1.00517
Epoch 11/100
Training loss: 0.00919 || Validation loss: 1.32583
Epoch 12/100
Training loss: 0.00360 || Validation loss: 1.73844
Epoch 13/100
Training loss: 0.00115 || Validation loss: 1.90612
Epoch 14/100
Training loss: 0.00028 || Validation loss: 2.28686
Epoch 15/100
Training loss: 0.00008 || Validation loss: 2.36434
Epoch 16/100
Training loss: 0.00001 || Validation loss: 2.17566
Epoch 17/100
Training loss: 0.00000 || Validation loss: 2.33334
Epoch 18/100
Training loss: 0.00000 || Validation loss: 2.24853
Epoch 19/100
Training loss: 0.00000 || Validation loss: 2.29095
Epoch 20/100
Training loss: 0.00000 || Validation loss: 2.37339
Epoch 21/100
Training loss: 0.00000 || Validation loss: 2.36073
Epoch 22/100
Training loss: 0.00000 || Validation loss: 2.22866
Epoch 23/100
Training loss: 0.00000 || Validation loss: 2.22405
Epoch 24/100
Training loss: 0.00000 || Validation loss: 2.30710
Epoch 25/100
Training loss: 0.00000 || Validation loss: 2.29570
Epoch 26/100
Training loss: 0.00000 || Validation loss: 2.18431
Epoch 27/100
Training loss: 0.00000 || Validation loss: 2.38884
Epoch 28/100
Training loss: 0.00000 || Validation loss: 2.29967
Epoch 29/100
Training loss: 0.00000 || Validation loss: 2.23031
Epoch 30/100
Training loss: 0.00000 || Validation loss: 2.20057
Epoch 31/100
Training loss: 0.00000 || Validation loss: 2.23757
Epoch 32/100
Training loss: 0.00000 || Validation loss: 2.19254
Epoch 33/100
Training loss: 0.00000 || Validation loss: 2.23183
Epoch 34/100
Training loss: 0.00000 || Validation loss: 2.08507
Epoch 35/100
Training loss: 0.00000 || Validation loss: 2.10775
Epoch 36/100
Training loss: 0.00000 || Validation loss: 2.07720
Epoch 37/100
Training loss: 0.00000 || Validation loss: 2.06306
Epoch 38/100
Training loss: 0.00000 || Validation loss: 2.15301
Epoch 39/100
Training loss: 0.00000 || Validation loss: 1.95340
Epoch 40/100
Training loss: 0.00000 || Validation loss: 2.03502
Epoch 41/100
Training loss: 0.00000 || Validation loss: 2.06964
Epoch 42/100
Training loss: 0.00000 || Validation loss: 1.81297
Epoch 43/100
Training loss: 0.00000 || Validation loss: 1.99926
Epoch 44/100
Training loss: 0.00000 || Validation loss: 1.90927
Epoch 45/100
Training loss: 0.00000 || Validation loss: 1.75416
Epoch 46/100
Training loss: 0.00000 || Validation loss: 1.87438
Epoch 47/100
Training loss: 0.00000 || Validation loss: 1.68666
Epoch 48/100
Training loss: 0.00000 || Validation loss: 1.67182
Epoch 49/100
Training loss: 0.00000 || Validation loss: 1.66014
Epoch 50/100
Training loss: 0.00000 || Validation loss: 1.61820
Epoch 51/100
Training loss: 0.00000 || Validation loss: 1.51551
Epoch 52/100
Training loss: 0.00000 || Validation loss: 1.46024
Epoch 53/100
Training loss: 0.00000 || Validation loss: 1.40582
Epoch 54/100
Training loss: 0.00000 || Validation loss: 1.44277
Epoch 55/100
Training loss: 0.00000 || Validation loss: 1.43754
Epoch 56/100
Training loss: 0.00000 || Validation loss: 1.28603
Epoch 57/100
Training loss: 0.00000 || Validation loss: 1.30303
Epoch 58/100
Training loss: 0.00000 || Validation loss: 1.27341
Epoch 59/100
Training loss: 0.00004 || Validation loss: 1.09356
Epoch 60/100
Training loss: 0.00000 || Validation loss: 1.08704
Epoch 61/100
Training loss: 0.00000 || Validation loss: 1.11035
Epoch 62/100
Training loss: 0.00000 || Validation loss: 1.05921
Epoch 63/100
Training loss: 0.00000 || Validation loss: 1.10812
Epoch 64/100
Training loss: 0.00000 || Validation loss: 1.13595
Epoch 65/100
Training loss: 0.00000 || Validation loss: 1.12863
Epoch 66/100
Training loss: 0.00000 || Validation loss: 1.09472
Epoch 67/100
Training loss: 0.00000 || Validation loss: 1.00264
Epoch 68/100
Training loss: 0.00000 || Validation loss: 1.03910
Epoch 69/100
Training loss: 0.00000 || Validation loss: 1.05255
Epoch 70/100
Training loss: 0.00000 || Validation loss: 1.02602
Epoch 71/100
Training loss: 1.52579 || Validation loss: 1.44691
Epoch 72/100
Training loss: 0.01636 || Validation loss: 0.82407
Epoch 73/100
Training loss: 0.00376 || Validation loss: 0.76210
Epoch 74/100
Training loss: 0.00095 || Validation loss: 0.80607
Epoch 75/100
Training loss: 0.00028 || Validation loss: 0.84917
Epoch 76/100
Training loss: 0.00008 || Validation loss: 0.87496
Epoch 77/100
Training loss: 0.00002 || Validation loss: 0.89134
Epoch 78/100
Training loss: 0.00000 || Validation loss: 0.89981
Epoch 79/100
Training loss: 0.00000 || Validation loss: 0.90439
Epoch 80/100
Training loss: 0.00000 || Validation loss: 0.91131
Epoch 81/100
Training loss: 0.00000 || Validation loss: 0.91580
Epoch 82/100
Training loss: 0.00000 || Validation loss: 0.92044
Epoch 83/100
Training loss: 0.00000 || Validation loss: 0.92668
Epoch 84/100
Training loss: 0.00000 || Validation loss: 0.93340
Epoch 85/100
Training loss: 0.00000 || Validation loss: 0.94251
Epoch 86/100
Training loss: 0.00000 || Validation loss: 0.95117
Epoch 87/100
Training loss: 0.00000 || Validation loss: 0.96255
Epoch 88/100
Training loss: 0.00000 || Validation loss: 0.97298
Epoch 89/100
Training loss: 0.00000 || Validation loss: 0.98670
Epoch 90/100
Training loss: 0.00000 || Validation loss: 0.99977
Epoch 91/100
Training loss: 0.00000 || Validation loss: 1.01540
Epoch 92/100
Training loss: 0.00000 || Validation loss: 1.03252
Epoch 93/100
Training loss: 0.00000 || Validation loss: 1.05093
Epoch 94/100
Training loss: 0.00000 || Validation loss: 1.06743
Epoch 95/100
Training loss: 0.00000 || Validation loss: 1.08569
Epoch 96/100
Training loss: 0.00000 || Validation loss: 1.10570
Epoch 97/100
Training loss: 0.00000 || Validation loss: 1.12627
Epoch 98/100
Training loss: 0.00000 || Validation loss: 1.14616
Epoch 99/100
Training loss: 0.00000 || Validation loss: 1.16514
Epoch 100/100
Training loss: 0.00000 || Validation loss: 1.18734
Best model for fold 3 saved from epoch 7 with f1 0.68574
Final training loss: 0.00000 || Final test loss: 1.18734
All fold val losses: [0.5349123080571493, 1.2449444979429245, 0.6857446196178595]
Average val loss: 0.82187
Fold 1
Model loaded successfully from ./pretrained_model/64_to_256_3layers.ckpt
device : cuda
Model not found at ./model/forest_wba_value_compare_pretrained_and_non_8frames/piece_size_40_fix_False_pretrained_True/fold_1/fly_model.ckpt
튜플 파일을 불러오는 중 문제가 발생했습니다 (./model/forest_wba_value_compare_pretrained_and_non_8frames/piece_size_40_fix_False_pretrained_True/fold_1): [Errno 2] No such file or directory: './model/forest_wba_value_compare_pretrained_and_non_8frames/piece_size_40_fix_False_pretrained_True/fold_1/training_tuples.pkl'
Epoch 1/100
Training loss: 8.52141 || Validation loss: 10.64742
New best model saved at epoch 1 with loss 10.64742
Epoch 2/100
Training loss: 0.46008 || Validation loss: 5.24006
New best model saved at epoch 2 with loss 5.24006
Epoch 3/100
Training loss: 0.15747 || Validation loss: 2.91811
New best model saved at epoch 3 with loss 2.91811
Epoch 4/100
Training loss: 0.07963 || Validation loss: 1.90490
New best model saved at epoch 4 with loss 1.90490
Epoch 5/100
Training loss: 0.04624 || Validation loss: 1.40433
New best model saved at epoch 5 with loss 1.40433
Epoch 6/100
Training loss: 0.02833 || Validation loss: 1.13415
New best model saved at epoch 6 with loss 1.13415
Epoch 7/100
Training loss: 0.01591 || Validation loss: 1.01939
New best model saved at epoch 7 with loss 1.01939
Epoch 8/100
Training loss: 0.00815 || Validation loss: 1.11862
Epoch 9/100
Training loss: 0.00430 || Validation loss: 1.39259
Epoch 10/100
Training loss: 0.00204 || Validation loss: 1.56231
Epoch 11/100
Training loss: 0.00132 || Validation loss: 1.61690
Epoch 12/100
Training loss: 0.00043 || Validation loss: 1.76247
Epoch 13/100
Training loss: 0.00030 || Validation loss: 1.84204
Epoch 14/100
Training loss: 0.00017 || Validation loss: 1.88105
Epoch 15/100
Training loss: 0.00006 || Validation loss: 1.85548
Epoch 16/100
Training loss: 0.00003 || Validation loss: 1.89982
Epoch 17/100
Training loss: 0.00002 || Validation loss: 1.99318
Epoch 18/100
Training loss: 0.00000 || Validation loss: 1.88273
Epoch 19/100
Training loss: 0.00000 || Validation loss: 1.84772
Epoch 20/100
Training loss: 0.00000 || Validation loss: 1.80409
Epoch 21/100
Training loss: 0.00000 || Validation loss: 1.79120
Epoch 22/100
Training loss: 0.00000 || Validation loss: 1.93013
Epoch 23/100
Training loss: 0.00000 || Validation loss: 1.86739
Epoch 24/100
Training loss: 0.00000 || Validation loss: 1.75485
Epoch 25/100
Training loss: 0.00000 || Validation loss: 1.74449
Epoch 26/100
Training loss: 0.00000 || Validation loss: 1.91393
Epoch 27/100
Training loss: 0.00000 || Validation loss: 1.99517
Epoch 28/100
Training loss: 0.00000 || Validation loss: 1.86677
Epoch 29/100
Training loss: 0.00000 || Validation loss: 1.97649
Epoch 30/100
Training loss: 0.00000 || Validation loss: 1.95759
Epoch 31/100
Training loss: 0.00000 || Validation loss: 2.07269
Epoch 32/100
Training loss: 0.00000 || Validation loss: 2.06285
Epoch 33/100
Training loss: 0.00000 || Validation loss: 1.90296
Epoch 34/100
Training loss: 0.00000 || Validation loss: 1.91515
Epoch 35/100
Training loss: 0.00000 || Validation loss: 1.75440
Epoch 36/100
Training loss: 0.00000 || Validation loss: 1.73448
Epoch 37/100
Training loss: 0.00000 || Validation loss: 1.81610
Epoch 38/100
Training loss: 0.00000 || Validation loss: 1.84544
Epoch 39/100
Training loss: 0.00000 || Validation loss: 1.87857
Epoch 40/100
Training loss: 0.00000 || Validation loss: 1.88421
Epoch 41/100
Training loss: 0.00000 || Validation loss: 1.77637
Epoch 42/100
Training loss: 0.00000 || Validation loss: 1.76404
Epoch 43/100
Training loss: 0.00000 || Validation loss: 1.81683
Epoch 44/100
Training loss: 0.00000 || Validation loss: 1.61427
Epoch 45/100
Training loss: 0.00000 || Validation loss: 1.70966
Epoch 46/100
Training loss: 0.00000 || Validation loss: 1.72127
Epoch 47/100
Training loss: 0.00000 || Validation loss: 1.65209
Epoch 48/100
Training loss: 0.00000 || Validation loss: 1.51158
Epoch 49/100
Training loss: 0.00000 || Validation loss: 1.50433
Epoch 50/100
Training loss: 0.00000 || Validation loss: 1.49858
Epoch 51/100
Training loss: 0.00000 || Validation loss: 1.36230
Epoch 52/100
Training loss: 0.00000 || Validation loss: 1.39237
Epoch 53/100
Training loss: 0.12245 || Validation loss: 1.13951
Epoch 54/100
Training loss: 0.00000 || Validation loss: 1.14036
Epoch 55/100
Training loss: 0.00000 || Validation loss: 1.14041
Epoch 56/100
Training loss: 0.00000 || Validation loss: 1.13983
Epoch 57/100
Training loss: 0.00000 || Validation loss: 1.14000
Epoch 58/100
Training loss: 0.00000 || Validation loss: 1.13945
Epoch 59/100
Training loss: 0.00000 || Validation loss: 1.13926
Epoch 60/100
Training loss: 0.00000 || Validation loss: 1.13925
Epoch 61/100
Training loss: 0.00000 || Validation loss: 1.13923
Epoch 62/100
Training loss: 0.00000 || Validation loss: 1.13900
Epoch 63/100
Training loss: 0.00000 || Validation loss: 1.13912
Epoch 64/100
Training loss: 0.00000 || Validation loss: 1.13877
Epoch 65/100
Training loss: 0.00000 || Validation loss: 1.13883
Epoch 66/100
Training loss: 0.00000 || Validation loss: 1.13860
Epoch 67/100
Training loss: 0.00000 || Validation loss: 1.13883
Epoch 68/100
Training loss: 0.00000 || Validation loss: 1.13892
Epoch 69/100
Training loss: 0.00000 || Validation loss: 1.13908
Epoch 70/100
Training loss: 0.00000 || Validation loss: 1.13916
Epoch 71/100
Training loss: 0.00000 || Validation loss: 1.13903
Epoch 72/100
Training loss: 0.00000 || Validation loss: 1.13928
Epoch 73/100
Training loss: 0.00000 || Validation loss: 1.13909
Epoch 74/100
Training loss: 0.00000 || Validation loss: 1.13929
Epoch 75/100
Training loss: 0.00000 || Validation loss: 1.13927
Epoch 76/100
Training loss: 0.00000 || Validation loss: 1.13925
Epoch 77/100
Training loss: 0.00000 || Validation loss: 1.13898
Epoch 78/100
Training loss: 0.00000 || Validation loss: 1.13855
Epoch 79/100
Training loss: 0.00000 || Validation loss: 1.13877
Epoch 80/100
Training loss: 0.00000 || Validation loss: 1.13782
Epoch 81/100
Training loss: 0.00000 || Validation loss: 1.13722
Epoch 82/100
Training loss: 0.00000 || Validation loss: 1.13669
Epoch 83/100
Training loss: 0.00000 || Validation loss: 1.13570
Epoch 84/100
Training loss: 0.00000 || Validation loss: 1.13570
Epoch 85/100
Training loss: 0.00000 || Validation loss: 1.13358
Epoch 86/100
Training loss: 0.00000 || Validation loss: 1.12364
Epoch 87/100
Training loss: 0.00000 || Validation loss: 1.11169
Epoch 88/100
Training loss: 0.00000 || Validation loss: 1.12189
Epoch 89/100
Training loss: 0.00000 || Validation loss: 1.10726
Epoch 90/100
Training loss: 0.00000 || Validation loss: 1.09269
Epoch 91/100
Training loss: 0.00000 || Validation loss: 1.08723
Epoch 92/100
Training loss: 0.00744 || Validation loss: 1.14441
Epoch 93/100
Training loss: 0.00000 || Validation loss: 1.14478
Epoch 94/100
Training loss: 0.00000 || Validation loss: 1.14519
Epoch 95/100
Training loss: 0.00000 || Validation loss: 1.14558
Epoch 96/100
Training loss: 0.00000 || Validation loss: 1.14610
Epoch 97/100
Training loss: 0.00000 || Validation loss: 1.14645
Epoch 98/100
Training loss: 0.00000 || Validation loss: 1.14708
Epoch 99/100
Training loss: 0.00000 || Validation loss: 1.14738
Epoch 100/100
Training loss: 0.00000 || Validation loss: 1.14800
Best model for fold 1 saved from epoch 7 with f1 1.01939
Final training loss: 0.00000 || Final test loss: 1.14800
Fold 2
Model loaded successfully from ./pretrained_model/64_to_256_3layers.ckpt
device : cuda
Model not found at ./model/forest_wba_value_compare_pretrained_and_non_8frames/piece_size_40_fix_False_pretrained_True/fold_2/fly_model.ckpt
튜플 파일을 불러오는 중 문제가 발생했습니다 (./model/forest_wba_value_compare_pretrained_and_non_8frames/piece_size_40_fix_False_pretrained_True/fold_2): [Errno 2] No such file or directory: './model/forest_wba_value_compare_pretrained_and_non_8frames/piece_size_40_fix_False_pretrained_True/fold_2/training_tuples.pkl'
Epoch 1/100
Training loss: 10.06820 || Validation loss: 5.46302
New best model saved at epoch 1 with loss 5.46302
Epoch 2/100
Training loss: 0.47005 || Validation loss: 4.72046
New best model saved at epoch 2 with loss 4.72046
Epoch 3/100
Training loss: 0.14931 || Validation loss: 3.29229
New best model saved at epoch 3 with loss 3.29229
Epoch 4/100
Training loss: 0.08589 || Validation loss: 2.80123
New best model saved at epoch 4 with loss 2.80123
Epoch 5/100
Training loss: 0.05700 || Validation loss: 2.05462
New best model saved at epoch 5 with loss 2.05462
Epoch 6/100
Training loss: 0.04057 || Validation loss: 1.64031
New best model saved at epoch 6 with loss 1.64031
Epoch 7/100
Training loss: 0.02681 || Validation loss: 1.57894
New best model saved at epoch 7 with loss 1.57894
Epoch 8/100
Training loss: 0.02129 || Validation loss: 1.55577
New best model saved at epoch 8 with loss 1.55577
Epoch 9/100
Training loss: 0.01409 || Validation loss: 2.09072
Epoch 10/100
Training loss: 0.00925 || Validation loss: 2.29986
Epoch 11/100
Training loss: 0.00492 || Validation loss: 3.64745
Epoch 12/100
Training loss: 0.00232 || Validation loss: 4.00657
Epoch 13/100
Training loss: 0.00104 || Validation loss: 5.43078
Epoch 14/100
Training loss: 0.00042 || Validation loss: 5.44945
Epoch 15/100
Training loss: 0.00012 || Validation loss: 6.52635
Epoch 16/100
Training loss: 0.00004 || Validation loss: 6.63461
Epoch 17/100
Training loss: 0.00001 || Validation loss: 6.00255
Epoch 18/100
Training loss: 0.00000 || Validation loss: 6.55052
Epoch 19/100
Training loss: 0.00000 || Validation loss: 6.20381
Epoch 20/100
Training loss: 0.00000 || Validation loss: 7.03169
Epoch 21/100
Training loss: 0.00000 || Validation loss: 6.58852
Epoch 22/100
Training loss: 0.00000 || Validation loss: 6.17987
Epoch 23/100
Training loss: 0.00000 || Validation loss: 6.30524
Epoch 24/100
Training loss: 0.00000 || Validation loss: 6.39605
Epoch 25/100
Training loss: 0.00000 || Validation loss: 6.37847
Epoch 26/100
Training loss: 0.00000 || Validation loss: 6.11417
Epoch 27/100
Training loss: 0.00000 || Validation loss: 6.21073
Epoch 28/100
Training loss: 0.00000 || Validation loss: 6.65728
Epoch 29/100
Training loss: 0.00000 || Validation loss: 5.77531
Epoch 30/100
Training loss: 0.00000 || Validation loss: 6.05541
Epoch 31/100
Training loss: 0.00000 || Validation loss: 5.74511
Epoch 32/100
Training loss: 0.00000 || Validation loss: 5.79286
Epoch 33/100
Training loss: 0.00000 || Validation loss: 5.86228
Epoch 34/100
Training loss: 0.00000 || Validation loss: 5.56815
Epoch 35/100
Training loss: 0.00000 || Validation loss: 5.42585
Epoch 36/100
Training loss: 0.00000 || Validation loss: 5.27201
Epoch 37/100
Training loss: 0.00000 || Validation loss: 5.46082
Epoch 38/100
Training loss: 0.00000 || Validation loss: 4.98000
Epoch 39/100
Training loss: 0.00000 || Validation loss: 5.13414
Epoch 40/100
Training loss: 0.00000 || Validation loss: 4.70455
Epoch 41/100
Training loss: 0.00000 || Validation loss: 4.79441
Epoch 42/100
Training loss: 0.00000 || Validation loss: 4.52849
Epoch 43/100
Training loss: 0.00000 || Validation loss: 4.72461
Epoch 44/100
Training loss: 0.00000 || Validation loss: 4.54034
Epoch 45/100
Training loss: 0.00000 || Validation loss: 4.12514
Epoch 46/100
Training loss: 0.00000 || Validation loss: 3.94294
Epoch 47/100
Training loss: 0.00000 || Validation loss: 3.69814
Epoch 48/100
Training loss: 0.00000 || Validation loss: 3.72982
Epoch 49/100
Training loss: 0.00000 || Validation loss: 3.36157
Epoch 50/100
Training loss: 0.00000 || Validation loss: 3.37625
Epoch 51/100
Training loss: 0.00000 || Validation loss: 3.28730
Epoch 52/100
Training loss: 0.00000 || Validation loss: 3.03470
Epoch 53/100
Training loss: 0.00000 || Validation loss: 2.93854
Epoch 54/100
Training loss: 0.00000 || Validation loss: 2.79108
Epoch 55/100
Training loss: 0.00000 || Validation loss: 2.67259
Epoch 56/100
Training loss: 0.00000 || Validation loss: 2.59402
Epoch 57/100
Training loss: 0.00000 || Validation loss: 2.48294
Epoch 58/100
Training loss: 0.00000 || Validation loss: 2.23243
Epoch 59/100
Training loss: 0.00000 || Validation loss: 2.21391
Epoch 60/100
Training loss: 0.00000 || Validation loss: 2.08959
Epoch 61/100
Training loss: 0.00000 || Validation loss: 2.04957
Epoch 62/100
Training loss: 0.00000 || Validation loss: 1.89364
Epoch 63/100
Training loss: 0.00000 || Validation loss: 1.83700
Epoch 64/100
Training loss: 0.00000 || Validation loss: 1.81615
Epoch 65/100
Training loss: 0.00004 || Validation loss: 1.70152
Epoch 66/100
Training loss: 0.00000 || Validation loss: 1.72997
Epoch 67/100
Training loss: 0.00000 || Validation loss: 1.75818
Epoch 68/100
Training loss: 0.00000 || Validation loss: 1.76334
Epoch 69/100
Training loss: 0.00000 || Validation loss: 1.78201
Epoch 70/100
Training loss: 0.00000 || Validation loss: 1.84065
Epoch 71/100
Training loss: 0.00000 || Validation loss: 1.85030
Epoch 72/100
Training loss: 0.00000 || Validation loss: 1.91062
Epoch 73/100
Training loss: 0.00001 || Validation loss: 1.98050
Epoch 74/100
Training loss: 0.00000 || Validation loss: 2.06763
Epoch 75/100
Training loss: 0.00000 || Validation loss: 2.17041
Epoch 76/100
Training loss: 0.00002 || Validation loss: 2.28700
Epoch 77/100
Training loss: 0.00000 || Validation loss: 2.42405
Epoch 78/100
Training loss: 0.00000 || Validation loss: 2.60091
Epoch 79/100
Training loss: 0.00000 || Validation loss: 2.79994
Epoch 80/100
Training loss: 0.05377 || Validation loss: 3.31967
Epoch 81/100
Training loss: 0.00071 || Validation loss: 3.40985
Epoch 82/100
Training loss: 0.00000 || Validation loss: 3.73693
Epoch 83/100
Training loss: 0.00000 || Validation loss: 4.09887
Epoch 84/100
Training loss: 0.00000 || Validation loss: 4.50120
Epoch 85/100
Training loss: 0.00000 || Validation loss: 4.94751
Epoch 86/100
Training loss: 0.00000 || Validation loss: 5.44043
Epoch 87/100
Training loss: 0.00000 || Validation loss: 5.98104
Epoch 88/100
Training loss: 0.00000 || Validation loss: 6.56883
Epoch 89/100
Training loss: 0.00000 || Validation loss: 7.20380
Epoch 90/100
Training loss: 0.00000 || Validation loss: 7.88788
Epoch 91/100
Training loss: 0.00000 || Validation loss: 8.61610
Epoch 92/100
Training loss: 0.00000 || Validation loss: 9.38818
Epoch 93/100
Training loss: 0.00000 || Validation loss: 10.19998
Epoch 94/100
Training loss: 0.00000 || Validation loss: 11.05046
Epoch 95/100
Training loss: 0.00000 || Validation loss: 11.92604
Epoch 96/100
Training loss: 0.00000 || Validation loss: 12.82062
Epoch 97/100
Training loss: 0.00000 || Validation loss: 13.73900
Epoch 98/100
Training loss: 0.00000 || Validation loss: 14.66925
Epoch 99/100
Training loss: 0.00000 || Validation loss: 15.59489
Epoch 100/100
Training loss: 0.00000 || Validation loss: 16.51164
Best model for fold 2 saved from epoch 8 with f1 1.55577
Final training loss: 0.00000 || Final test loss: 16.51164
Fold 3
Model loaded successfully from ./pretrained_model/64_to_256_3layers.ckpt
device : cuda
Model not found at ./model/forest_wba_value_compare_pretrained_and_non_8frames/piece_size_40_fix_False_pretrained_True/fold_3/fly_model.ckpt
튜플 파일을 불러오는 중 문제가 발생했습니다 (./model/forest_wba_value_compare_pretrained_and_non_8frames/piece_size_40_fix_False_pretrained_True/fold_3): [Errno 2] No such file or directory: './model/forest_wba_value_compare_pretrained_and_non_8frames/piece_size_40_fix_False_pretrained_True/fold_3/training_tuples.pkl'
Epoch 1/100
Training loss: 22.30161 || Validation loss: 4.98114
New best model saved at epoch 1 with loss 4.98114
Epoch 2/100
Training loss: 2.27636 || Validation loss: 2.38547
New best model saved at epoch 2 with loss 2.38547
Epoch 3/100
Training loss: 0.82779 || Validation loss: 1.26081
New best model saved at epoch 3 with loss 1.26081
Epoch 4/100
Training loss: 0.47118 || Validation loss: 0.99604
New best model saved at epoch 4 with loss 0.99604
Epoch 5/100
Training loss: 0.19260 || Validation loss: 0.85865
New best model saved at epoch 5 with loss 0.85865
Epoch 6/100
Training loss: 0.09800 || Validation loss: 0.57564
New best model saved at epoch 6 with loss 0.57564
Epoch 7/100
Training loss: 0.04126 || Validation loss: 0.61566
Epoch 8/100
Training loss: 0.01933 || Validation loss: 0.55699
New best model saved at epoch 8 with loss 0.55699
Epoch 9/100
Training loss: 0.01599 || Validation loss: 0.50310
New best model saved at epoch 9 with loss 0.50310
Epoch 10/100
Training loss: 0.00522 || Validation loss: 0.53153
Epoch 11/100
Training loss: 0.00204 || Validation loss: 0.52689
Epoch 12/100
Training loss: 0.00099 || Validation loss: 0.58560
Epoch 13/100
Training loss: 0.00041 || Validation loss: 0.57397
Epoch 14/100
Training loss: 0.00019 || Validation loss: 0.55191
Epoch 15/100
Training loss: 0.00002 || Validation loss: 0.61284
Epoch 16/100
Training loss: 0.00000 || Validation loss: 0.56968
Epoch 17/100
Training loss: 0.00000 || Validation loss: 0.60694
Epoch 18/100
Training loss: 0.00000 || Validation loss: 0.60254
Epoch 19/100
Training loss: 0.00000 || Validation loss: 0.57625
Epoch 20/100
Training loss: 0.00000 || Validation loss: 0.61341
Epoch 21/100
Training loss: 0.00000 || Validation loss: 0.58726
Epoch 22/100
Training loss: 0.00000 || Validation loss: 0.58981
Epoch 23/100
Training loss: 0.00000 || Validation loss: 0.54719
Epoch 24/100
Training loss: 0.00000 || Validation loss: 0.60923
Epoch 25/100
Training loss: 0.00000 || Validation loss: 0.56364
Epoch 26/100
Training loss: 0.00000 || Validation loss: 0.57102
Epoch 27/100
Training loss: 0.00000 || Validation loss: 0.59200
Epoch 28/100
Training loss: 0.00000 || Validation loss: 0.60547
Epoch 29/100
Training loss: 0.00000 || Validation loss: 0.62918
Epoch 30/100
Training loss: 0.00000 || Validation loss: 0.59341
Epoch 31/100
Training loss: 0.00000 || Validation loss: 0.61573
Epoch 32/100
Training loss: 0.00000 || Validation loss: 0.57362
Epoch 33/100
Training loss: 0.00000 || Validation loss: 0.60560
Epoch 34/100
Training loss: 0.00000 || Validation loss: 0.60975
Epoch 35/100
Training loss: 0.00000 || Validation loss: 0.58183
Epoch 36/100
Training loss: 0.00000 || Validation loss: 0.62877
Epoch 37/100
Training loss: 0.00000 || Validation loss: 0.57751
Epoch 38/100
Training loss: 0.00000 || Validation loss: 0.55439
Epoch 39/100
Training loss: 0.00000 || Validation loss: 0.58310
Epoch 40/100
Training loss: 0.00000 || Validation loss: 0.61426
Epoch 41/100
Training loss: 0.00000 || Validation loss: 0.59089
Epoch 42/100
Training loss: 0.00000 || Validation loss: 0.61055
Epoch 43/100
Training loss: 0.00000 || Validation loss: 0.60898
Epoch 44/100
Training loss: 0.00000 || Validation loss: 0.58555
Epoch 45/100
Training loss: 0.00000 || Validation loss: 0.58989
Epoch 46/100
Training loss: 0.00000 || Validation loss: 0.57592
Epoch 47/100
Training loss: 0.00000 || Validation loss: 0.60562
Epoch 48/100
Training loss: 0.00000 || Validation loss: 0.62555
Epoch 49/100
Training loss: 0.00000 || Validation loss: 0.61431
Epoch 50/100
Training loss: 0.00000 || Validation loss: 0.63724
Epoch 51/100
Training loss: 0.00000 || Validation loss: 0.61386
Epoch 52/100
Training loss: 0.00000 || Validation loss: 0.63483
Epoch 53/100
Training loss: 0.00000 || Validation loss: 0.64443
Epoch 54/100
Training loss: 0.00000 || Validation loss: 0.66221
Epoch 55/100
Training loss: 0.00000 || Validation loss: 0.66333
Epoch 56/100
Training loss: 0.00000 || Validation loss: 0.67321
Epoch 57/100
Training loss: 0.00000 || Validation loss: 0.66307
Epoch 58/100
Training loss: 0.00000 || Validation loss: 0.66760
Epoch 59/100
Training loss: 0.00000 || Validation loss: 0.66443
Epoch 60/100
Training loss: 0.00000 || Validation loss: 0.68472
Epoch 61/100
Training loss: 0.00000 || Validation loss: 0.75882
Epoch 62/100
Training loss: 0.00000 || Validation loss: 0.77762
Epoch 63/100
Training loss: 0.00000 || Validation loss: 0.76632
Epoch 64/100
Training loss: 0.00000 || Validation loss: 0.81773
Epoch 65/100
Training loss: 0.00000 || Validation loss: 0.80935
Epoch 66/100
Training loss: 0.00000 || Validation loss: 0.80933
Epoch 67/100
Training loss: 0.00520 || Validation loss: 0.82975
Epoch 68/100
Training loss: 0.00000 || Validation loss: 0.83100
Epoch 69/100
Training loss: 0.00000 || Validation loss: 0.83233
Epoch 70/100
Training loss: 0.00000 || Validation loss: 0.83389
Epoch 71/100
Training loss: 0.00000 || Validation loss: 0.83552
Epoch 72/100
Training loss: 0.00000 || Validation loss: 0.83730
Epoch 73/100
Training loss: 0.00000 || Validation loss: 0.83924
Epoch 74/100
Training loss: 0.00000 || Validation loss: 0.84144
Epoch 75/100
Training loss: 0.00000 || Validation loss: 0.84389
Epoch 76/100
Training loss: 0.00000 || Validation loss: 0.84654
Epoch 77/100
Training loss: 0.00000 || Validation loss: 0.84908
Epoch 78/100
Training loss: 0.00000 || Validation loss: 0.85238
Epoch 79/100
Training loss: 0.00000 || Validation loss: 0.85574
Epoch 80/100
Training loss: 0.00000 || Validation loss: 0.86001
Epoch 81/100
Training loss: 0.00000 || Validation loss: 0.86452
Epoch 82/100
Training loss: 0.00000 || Validation loss: 0.86980
Epoch 83/100
Training loss: 0.00000 || Validation loss: 0.87524
Epoch 84/100
Training loss: 0.00000 || Validation loss: 0.88147
Epoch 85/100
Training loss: 0.00000 || Validation loss: 0.88846
Epoch 86/100
Training loss: 0.00000 || Validation loss: 0.89605
Epoch 87/100
Training loss: 0.00000 || Validation loss: 0.90426
Epoch 88/100
Training loss: 0.00000 || Validation loss: 0.91325
Epoch 89/100
Training loss: 0.00000 || Validation loss: 0.92294
Epoch 90/100
Training loss: 0.00000 || Validation loss: 0.93417
Epoch 91/100
Training loss: 0.00000 || Validation loss: 0.94610
Epoch 92/100
Training loss: 0.00000 || Validation loss: 0.95923
Epoch 93/100
Training loss: 0.00002 || Validation loss: 0.97386
Epoch 94/100
Training loss: 0.00000 || Validation loss: 0.98879
Epoch 95/100
Training loss: 0.00000 || Validation loss: 1.00469
Epoch 96/100
Training loss: 0.00000 || Validation loss: 1.02179
Epoch 97/100
Training loss: 0.00000 || Validation loss: 1.03919
Epoch 98/100
Training loss: 0.00050 || Validation loss: 1.05876
Epoch 99/100
Training loss: 0.00000 || Validation loss: 1.07774
Epoch 100/100
Training loss: 0.00000 || Validation loss: 1.09745
Best model for fold 3 saved from epoch 9 with f1 0.50310
Final training loss: 0.00000 || Final test loss: 1.09745
All fold val losses: [1.019388849536578, 1.555774102608363, 0.5030990354716778]
Average val loss: 1.02609
./naturalistic/01_Bird.avi                                   Loaded : (5, 3596, 64, 128, 1)
./naturalistic/02_City.avi                                   Loaded : (5, 3596, 64, 128, 1)
./naturalistic/03_Forest.avi                                 Loaded : (5, 3596, 64, 128, 1)
Video is allocated on memory!
Shape : (3, 3596, 64, 128, 5)
device : cuda
load model
epoch : 4
learning rate : 0.0001
device : cuda
load model
epoch : 66
learning rate : 0.0001
device : cuda
load model
epoch : 5
learning rate : 0.0001
device : cuda
load model
epoch : 5
learning rate : 0.0001
device : cuda
load model
epoch : 6
learning rate : 0.0001
프레임 0/3593 처리 중...
프레임 100/3593 처리 중...
프레임 200/3593 처리 중...
프레임 300/3593 처리 중...
프레임 400/3593 처리 중...
프레임 500/3593 처리 중...
프레임 600/3593 처리 중...
프레임 700/3593 처리 중...
프레임 800/3593 처리 중...
프레임 900/3593 처리 중...
프레임 1000/3593 처리 중...
프레임 1100/3593 처리 중...
프레임 1200/3593 처리 중...
프레임 1300/3593 처리 중...
프레임 1400/3593 처리 중...
프레임 1500/3593 처리 중...
프레임 1600/3593 처리 중...
프레임 1700/3593 처리 중...
프레임 1800/3593 처리 중...
프레임 1900/3593 처리 중...
프레임 2000/3593 처리 중...
프레임 2100/3593 처리 중...
프레임 2200/3593 처리 중...
프레임 2300/3593 처리 중...
프레임 2400/3593 처리 중...
프레임 2500/3593 처리 중...
프레임 2600/3593 처리 중...
프레임 2700/3593 처리 중...
프레임 2800/3593 처리 중...
프레임 2900/3593 처리 중...
프레임 3000/3593 처리 중...
프레임 3100/3593 처리 중...
프레임 3200/3593 처리 중...
프레임 3300/3593 처리 중...
프레임 3400/3593 처리 중...
프레임 3500/3593 처리 중...
성공적으로 저장되었습니다: ./visualization_video/forest_forest_wba_value_compare_pretrained_and_non_8frames_fix_False_pretrained_True.avi
Fold 1
device : cuda
Model not found at ./model/forest_wba_value_compare_pretrained_and_non_8frames/piece_size_1_fix_False_pretrained_False/fold_1/fly_model.ckpt
튜플 파일을 불러오는 중 문제가 발생했습니다 (./model/forest_wba_value_compare_pretrained_and_non_8frames/piece_size_1_fix_False_pretrained_False/fold_1): [Errno 2] No such file or directory: './model/forest_wba_value_compare_pretrained_and_non_8frames/piece_size_1_fix_False_pretrained_False/fold_1/training_tuples.pkl'
Epoch 1/100
Training loss: 11.85370 || Validation loss: 3.47188
New best model saved at epoch 1 with loss 3.47188
First epoch took 9.76 seconds.
Estimated total program duration: 4.07 hours
Estimated program end time (KST): 2024/11/23 04:32:47
Epoch 2/100
Training loss: 0.84379 || Validation loss: 1.68559
New best model saved at epoch 2 with loss 1.68559
Epoch 3/100
Training loss: 0.27928 || Validation loss: 1.12593
New best model saved at epoch 3 with loss 1.12593
Epoch 4/100
Training loss: 0.13233 || Validation loss: 1.14117
Epoch 5/100
Training loss: 0.06677 || Validation loss: 1.04511
New best model saved at epoch 5 with loss 1.04511
Epoch 6/100
Training loss: 0.03691 || Validation loss: 0.81929
New best model saved at epoch 6 with loss 0.81929
Epoch 7/100
Training loss: 0.02374 || Validation loss: 0.90821
Epoch 8/100
Training loss: 0.01601 || Validation loss: 1.12720
Epoch 9/100
Training loss: 0.00941 || Validation loss: 1.45818
Epoch 10/100
Training loss: 0.00504 || Validation loss: 1.90356
Epoch 11/100
Training loss: 0.00275 || Validation loss: 2.31917
Epoch 12/100
Training loss: 0.00117 || Validation loss: 2.60183
Epoch 13/100
Training loss: 0.00093 || Validation loss: 2.84732
Epoch 14/100
Training loss: 0.00037 || Validation loss: 3.32430
Epoch 15/100
Training loss: 0.00006 || Validation loss: 3.20334
Epoch 16/100
Training loss: 0.00003 || Validation loss: 3.57223
Epoch 17/100
Training loss: 0.00001 || Validation loss: 3.33147
Epoch 18/100
Training loss: 0.00000 || Validation loss: 3.39329
Epoch 19/100
Training loss: 0.00000 || Validation loss: 3.48511
Epoch 20/100
Training loss: 0.00000 || Validation loss: 3.56087
Epoch 21/100
Training loss: 0.00000 || Validation loss: 3.38829
Epoch 22/100
Training loss: 0.00000 || Validation loss: 3.57075
Epoch 23/100
Training loss: 0.00000 || Validation loss: 3.34324
Epoch 24/100
Training loss: 0.00000 || Validation loss: 3.37009
Epoch 25/100
Training loss: 0.00000 || Validation loss: 3.31401
Epoch 26/100
Training loss: 0.00000 || Validation loss: 3.19995
Epoch 27/100
Training loss: 0.00000 || Validation loss: 3.28764
Epoch 28/100
Training loss: 0.00000 || Validation loss: 3.55944
Epoch 29/100
Training loss: 0.00000 || Validation loss: 3.09975
Epoch 30/100
Training loss: 0.00000 || Validation loss: 3.16387
Epoch 31/100
Training loss: 0.00000 || Validation loss: 3.25346
Epoch 32/100
Training loss: 0.00000 || Validation loss: 3.39665
Epoch 33/100
Training loss: 0.00000 || Validation loss: 3.22562
Epoch 34/100
Training loss: 0.00000 || Validation loss: 3.26470
Epoch 35/100
Training loss: 0.00000 || Validation loss: 3.24752
Epoch 36/100
Training loss: 0.00000 || Validation loss: 2.98513
Epoch 37/100
Training loss: 0.00000 || Validation loss: 3.18001
Epoch 38/100
Training loss: 0.00000 || Validation loss: 2.93905
Epoch 39/100
Training loss: 0.00000 || Validation loss: 2.76366
Epoch 40/100
Training loss: 0.00000 || Validation loss: 3.06220
Epoch 41/100
Training loss: 0.00000 || Validation loss: 2.82759
Epoch 42/100
Training loss: 0.00000 || Validation loss: 2.82074
Epoch 43/100
Training loss: 0.00000 || Validation loss: 2.88942
Epoch 44/100
Training loss: 0.00000 || Validation loss: 2.94857
Epoch 45/100
Training loss: 0.00000 || Validation loss: 2.59142
Epoch 46/100
Training loss: 0.00000 || Validation loss: 2.69929
Epoch 47/100
Training loss: 0.00000 || Validation loss: 2.72500
Epoch 48/100
Training loss: 0.00000 || Validation loss: 2.55345
Epoch 49/100
Training loss: 0.00000 || Validation loss: 2.50924
Epoch 50/100
Training loss: 0.00000 || Validation loss: 2.54423
Epoch 51/100
Training loss: 0.00000 || Validation loss: 2.31032
Epoch 52/100
Training loss: 0.00000 || Validation loss: 2.42439
Epoch 53/100
Training loss: 0.00000 || Validation loss: 2.31686
Epoch 54/100
Training loss: 0.00000 || Validation loss: 2.32298
Epoch 55/100
Training loss: 0.00000 || Validation loss: 2.22871
Epoch 56/100
Training loss: 0.00000 || Validation loss: 2.12718
Epoch 57/100
Training loss: 0.00000 || Validation loss: 2.06146
Epoch 58/100
Training loss: 0.00000 || Validation loss: 2.04531
Epoch 59/100
Training loss: 0.00000 || Validation loss: 1.96422
Epoch 60/100
Training loss: 0.00000 || Validation loss: 1.87593
Epoch 61/100
Training loss: 0.00000 || Validation loss: 1.89073
Epoch 62/100
Training loss: 0.00000 || Validation loss: 1.90150
Epoch 63/100
Training loss: 0.00000 || Validation loss: 1.89532
Epoch 64/100
Training loss: 0.00000 || Validation loss: 1.80747
Epoch 65/100
Training loss: 0.00000 || Validation loss: 1.73108
Epoch 66/100
Training loss: 0.00000 || Validation loss: 1.76640
Epoch 67/100
Training loss: 0.00000 || Validation loss: 1.72620
Epoch 68/100
Training loss: 0.00000 || Validation loss: 1.71999
Epoch 69/100
Training loss: 0.00000 || Validation loss: 1.72203
Epoch 70/100
Training loss: 0.00000 || Validation loss: 1.72252
Epoch 71/100
Training loss: 0.00010 || Validation loss: 1.60722
Epoch 72/100
Training loss: 0.00000 || Validation loss: 1.77123
Epoch 73/100
Training loss: 0.00000 || Validation loss: 1.69044
Epoch 74/100
Training loss: 0.00000 || Validation loss: 1.73014
Epoch 75/100
Training loss: 0.00000 || Validation loss: 1.81413
Epoch 76/100
Training loss: 0.00000 || Validation loss: 1.79485
Epoch 77/100
Training loss: 0.00000 || Validation loss: 1.84152
Epoch 78/100
Training loss: 0.00000 || Validation loss: 1.92529
Epoch 79/100
Training loss: 0.00000 || Validation loss: 1.95304
Epoch 80/100
Training loss: 0.00000 || Validation loss: 2.01561
Epoch 81/100
Training loss: 0.00000 || Validation loss: 2.35283
Epoch 82/100
Training loss: 0.00001 || Validation loss: 2.22650
Epoch 83/100
Training loss: 0.00000 || Validation loss: 2.26363
Epoch 84/100
Training loss: 0.00000 || Validation loss: 2.35642
Epoch 85/100
Training loss: 0.00000 || Validation loss: 2.42160
Epoch 86/100
Training loss: 0.00000 || Validation loss: 2.56347
Epoch 87/100
Training loss: 0.00000 || Validation loss: 2.90146
Epoch 88/100
Training loss: 0.00137 || Validation loss: 2.81349
Epoch 89/100
Training loss: 0.00000 || Validation loss: 3.04478
Epoch 90/100
Training loss: 0.00000 || Validation loss: 3.09724
Epoch 91/100
Training loss: 0.00000 || Validation loss: 3.46942
Epoch 92/100
Training loss: 0.00000 || Validation loss: 3.94324
Epoch 93/100
Training loss: 0.00000 || Validation loss: 3.65132
Epoch 94/100
Training loss: 0.00000 || Validation loss: 3.85210
Epoch 95/100
Training loss: 0.00000 || Validation loss: 4.03657
Epoch 96/100
Training loss: 0.00000 || Validation loss: 4.26044
Epoch 97/100
Training loss: 0.00000 || Validation loss: 4.55591
Epoch 98/100
Training loss: 0.00000 || Validation loss: 4.74920
Epoch 99/100
Training loss: 0.00000 || Validation loss: 5.76229
Epoch 100/100
Training loss: 0.00000 || Validation loss: 5.85360
Best model for fold 1 saved from epoch 6 with f1 0.81929
Final training loss: 0.00000 || Final test loss: 5.85360
Fold 2
device : cuda
Model not found at ./model/forest_wba_value_compare_pretrained_and_non_8frames/piece_size_1_fix_False_pretrained_False/fold_2/fly_model.ckpt
튜플 파일을 불러오는 중 문제가 발생했습니다 (./model/forest_wba_value_compare_pretrained_and_non_8frames/piece_size_1_fix_False_pretrained_False/fold_2): [Errno 2] No such file or directory: './model/forest_wba_value_compare_pretrained_and_non_8frames/piece_size_1_fix_False_pretrained_False/fold_2/training_tuples.pkl'
Epoch 1/100
Training loss: 9.61567 || Validation loss: 2.20009
New best model saved at epoch 1 with loss 2.20009
Epoch 2/100
Training loss: 0.67358 || Validation loss: 0.97810
New best model saved at epoch 2 with loss 0.97810
Epoch 3/100
Training loss: 0.18817 || Validation loss: 0.83323
New best model saved at epoch 3 with loss 0.83323
Epoch 4/100
Training loss: 0.07457 || Validation loss: 0.83090
New best model saved at epoch 4 with loss 0.83090
Epoch 5/100
Training loss: 0.04174 || Validation loss: 0.79373
New best model saved at epoch 5 with loss 0.79373
Epoch 6/100
Training loss: 0.02091 || Validation loss: 0.77861
New best model saved at epoch 6 with loss 0.77861
Epoch 7/100
Training loss: 0.01368 || Validation loss: 0.78920
Epoch 8/100
Training loss: 0.00917 || Validation loss: 0.95214
Epoch 9/100
Training loss: 0.00562 || Validation loss: 1.18600
Epoch 10/100
Training loss: 0.00292 || Validation loss: 1.39006
Epoch 11/100
Training loss: 0.00158 || Validation loss: 1.46225
Epoch 12/100
Training loss: 0.00064 || Validation loss: 1.60196
Epoch 13/100
Training loss: 0.00008 || Validation loss: 1.59830
Epoch 14/100
Training loss: 0.00004 || Validation loss: 1.67471
Epoch 15/100
Training loss: 0.00000 || Validation loss: 1.73677
Epoch 16/100
Training loss: 0.00000 || Validation loss: 1.72368
Epoch 17/100
Training loss: 0.00000 || Validation loss: 1.67994
Epoch 18/100
Training loss: 0.00000 || Validation loss: 1.68879
Epoch 19/100
Training loss: 0.00000 || Validation loss: 1.83348
Epoch 20/100
Training loss: 0.00000 || Validation loss: 1.73671
Epoch 21/100
Training loss: 0.00000 || Validation loss: 1.66349
Epoch 22/100
Training loss: 0.00000 || Validation loss: 1.62268
Epoch 23/100
Training loss: 0.00000 || Validation loss: 1.58888
Epoch 24/100
Training loss: 0.00000 || Validation loss: 1.75321
Epoch 25/100
Training loss: 0.00000 || Validation loss: 1.63563
Epoch 26/100
Training loss: 0.00000 || Validation loss: 1.78035
Epoch 27/100
Training loss: 0.00000 || Validation loss: 1.56435
Epoch 28/100
Training loss: 0.00000 || Validation loss: 1.65084
Epoch 29/100
Training loss: 0.00000 || Validation loss: 1.61111
Epoch 30/100
Training loss: 0.00000 || Validation loss: 1.67354
Epoch 31/100
Training loss: 0.00000 || Validation loss: 1.58563
Epoch 32/100
Training loss: 0.00000 || Validation loss: 1.61166
Epoch 33/100
Training loss: 0.00000 || Validation loss: 1.51938
Epoch 34/100
Training loss: 0.00000 || Validation loss: 1.61137
Epoch 35/100
Training loss: 0.00000 || Validation loss: 1.50764
Epoch 36/100
Training loss: 0.00000 || Validation loss: 1.54805
Epoch 37/100
Training loss: 0.00000 || Validation loss: 1.65321
Epoch 38/100
Training loss: 0.00000 || Validation loss: 1.78986
Epoch 39/100
Training loss: 0.00000 || Validation loss: 1.61249
Epoch 40/100
Training loss: 0.00000 || Validation loss: 1.37748
Epoch 41/100
Training loss: 0.00000 || Validation loss: 1.52246
Epoch 42/100
Training loss: 0.00000 || Validation loss: 1.59013
Epoch 43/100
Training loss: 0.00000 || Validation loss: 1.50528
Epoch 44/100
Training loss: 0.00000 || Validation loss: 1.54113
Epoch 45/100
Training loss: 0.00000 || Validation loss: 1.35832
Epoch 46/100
Training loss: 0.00000 || Validation loss: 1.56122
Epoch 47/100
Training loss: 0.00000 || Validation loss: 1.49288
Epoch 48/100
Training loss: 0.00000 || Validation loss: 1.41186
Epoch 49/100
Training loss: 0.00000 || Validation loss: 1.37186
Epoch 50/100
Training loss: 0.00000 || Validation loss: 1.43090
Epoch 51/100
Training loss: 0.00000 || Validation loss: 1.37583
Epoch 52/100
Training loss: 0.00000 || Validation loss: 1.35971
Epoch 53/100
Training loss: 0.00000 || Validation loss: 1.45617
Epoch 54/100
Training loss: 0.00000 || Validation loss: 1.40651
Epoch 55/100
Training loss: 0.00000 || Validation loss: 1.33682
Epoch 56/100
Training loss: 0.00000 || Validation loss: 1.26622
Epoch 57/100
Training loss: 0.00000 || Validation loss: 1.29671
Epoch 58/100
Training loss: 0.00000 || Validation loss: 1.27389
Epoch 59/100
Training loss: 0.00000 || Validation loss: 1.29073
Epoch 60/100
Training loss: 0.00000 || Validation loss: 1.31731
Epoch 61/100
Training loss: 0.00000 || Validation loss: 1.32232
Epoch 62/100
Training loss: 0.00000 || Validation loss: 1.44390
Epoch 63/100
Training loss: 0.00000 || Validation loss: 1.42455
Epoch 64/100
Training loss: 0.00000 || Validation loss: 1.35260
Epoch 65/100
Training loss: 0.00000 || Validation loss: 1.40286
Epoch 66/100
Training loss: 0.00000 || Validation loss: 1.37960
Epoch 67/100
Training loss: 0.00000 || Validation loss: 1.39289
Epoch 68/100
Training loss: 0.00001 || Validation loss: 1.39997
Epoch 69/100
Training loss: 0.00000 || Validation loss: 1.54656
Epoch 70/100
Training loss: 0.00000 || Validation loss: 1.46555
Epoch 71/100
Training loss: 0.00000 || Validation loss: 1.49669
Epoch 72/100
Training loss: 0.00000 || Validation loss: 1.61012
Epoch 73/100
Training loss: 0.00000 || Validation loss: 1.63311
Epoch 74/100
Training loss: 0.00000 || Validation loss: 1.79490
Epoch 75/100
Training loss: 0.00000 || Validation loss: 1.72802
Epoch 76/100
Training loss: 0.00002 || Validation loss: 1.80923
Epoch 77/100
Training loss: 0.00000 || Validation loss: 2.02844
Epoch 78/100
Training loss: 0.00000 || Validation loss: 2.01933
Epoch 79/100
Training loss: 0.00000 || Validation loss: 2.24567
Epoch 80/100
Training loss: 0.00000 || Validation loss: 2.37586
Epoch 81/100
Training loss: 0.00000 || Validation loss: 2.41642
Epoch 82/100
Training loss: 0.00000 || Validation loss: 2.47077
Epoch 83/100
Training loss: 0.00001 || Validation loss: 2.86078
Epoch 84/100
Training loss: 0.00000 || Validation loss: 3.04925
Epoch 85/100
Training loss: 0.00000 || Validation loss: 3.21411
Epoch 86/100
Training loss: 0.00000 || Validation loss: 3.58393
Epoch 87/100
Training loss: 0.00000 || Validation loss: 3.49519
Epoch 88/100
Training loss: 0.00000 || Validation loss: 4.41914
Epoch 89/100
Training loss: 0.00501 || Validation loss: 4.06140
Epoch 90/100
Training loss: 0.00000 || Validation loss: 4.41527
Epoch 91/100
Training loss: 0.00000 || Validation loss: 5.23072
Epoch 92/100
Training loss: 0.00000 || Validation loss: 5.18759
Epoch 93/100
Training loss: 0.00000 || Validation loss: 5.37788
Epoch 94/100
Training loss: 0.00000 || Validation loss: 5.69591
Epoch 95/100
Training loss: 0.00000 || Validation loss: 6.73958
Epoch 96/100
Training loss: 0.00000 || Validation loss: 6.56848
Epoch 97/100
Training loss: 0.00000 || Validation loss: 7.42619
Epoch 98/100
Training loss: 0.00000 || Validation loss: 7.34407
Epoch 99/100
Training loss: 0.00000 || Validation loss: 7.83691
Epoch 100/100
Training loss: 0.00000 || Validation loss: 9.23248
Best model for fold 2 saved from epoch 6 with f1 0.77861
Final training loss: 0.00000 || Final test loss: 9.23248
Fold 3
device : cuda
Model not found at ./model/forest_wba_value_compare_pretrained_and_non_8frames/piece_size_1_fix_False_pretrained_False/fold_3/fly_model.ckpt
튜플 파일을 불러오는 중 문제가 발생했습니다 (./model/forest_wba_value_compare_pretrained_and_non_8frames/piece_size_1_fix_False_pretrained_False/fold_3): [Errno 2] No such file or directory: './model/forest_wba_value_compare_pretrained_and_non_8frames/piece_size_1_fix_False_pretrained_False/fold_3/training_tuples.pkl'
Epoch 1/100
Training loss: 10.75213 || Validation loss: 3.30953
New best model saved at epoch 1 with loss 3.30953
Epoch 2/100
Training loss: 0.70449 || Validation loss: 1.49805
New best model saved at epoch 2 with loss 1.49805
Epoch 3/100
Training loss: 0.23805 || Validation loss: 1.13281
New best model saved at epoch 3 with loss 1.13281
Epoch 4/100
Training loss: 0.11542 || Validation loss: 1.03983
New best model saved at epoch 4 with loss 1.03983
Epoch 5/100
Training loss: 0.06490 || Validation loss: 0.86584
New best model saved at epoch 5 with loss 0.86584
Epoch 6/100
Training loss: 0.04202 || Validation loss: 0.84184
New best model saved at epoch 6 with loss 0.84184
Epoch 7/100
Training loss: 0.02874 || Validation loss: 0.96931
Epoch 8/100
Training loss: 0.02157 || Validation loss: 1.07373
Epoch 9/100
Training loss: 0.01199 || Validation loss: 1.86301
Epoch 10/100
Training loss: 0.00659 || Validation loss: 2.56762
Epoch 11/100
Training loss: 0.00379 || Validation loss: 3.31456
Epoch 12/100
Training loss: 0.00193 || Validation loss: 3.76848
Epoch 13/100
Training loss: 0.00077 || Validation loss: 4.31242
Epoch 14/100
Training loss: 0.00036 || Validation loss: 4.88459
Epoch 15/100
Training loss: 0.00011 || Validation loss: 5.15092
Epoch 16/100
Training loss: 0.00004 || Validation loss: 5.23156
Epoch 17/100
Training loss: 0.00001 || Validation loss: 5.28330
Epoch 18/100
Training loss: 0.00000 || Validation loss: 5.65603
Epoch 19/100
Training loss: 0.00000 || Validation loss: 5.50291
Epoch 20/100
Training loss: 0.00000 || Validation loss: 5.35900
Epoch 21/100
Training loss: 0.00000 || Validation loss: 5.68798
Epoch 22/100
Training loss: 0.00000 || Validation loss: 5.76346
Epoch 23/100
Training loss: 0.00000 || Validation loss: 5.76556
Epoch 24/100
Training loss: 0.00000 || Validation loss: 5.42850
Epoch 25/100
Training loss: 0.00000 || Validation loss: 5.50728
Epoch 26/100
Training loss: 0.00000 || Validation loss: 5.57612
Epoch 27/100
Training loss: 0.00000 || Validation loss: 5.15320
Epoch 28/100
Training loss: 0.00000 || Validation loss: 5.72540
Epoch 29/100
Training loss: 0.00000 || Validation loss: 5.36022
Epoch 30/100
Training loss: 0.00000 || Validation loss: 5.36719
Epoch 31/100
Training loss: 0.00000 || Validation loss: 5.38465
Epoch 32/100
Training loss: 0.00000 || Validation loss: 5.31077
Epoch 33/100
Training loss: 0.00000 || Validation loss: 5.16494
Epoch 34/100
Training loss: 0.00000 || Validation loss: 5.49180
Epoch 35/100
Training loss: 0.00000 || Validation loss: 5.02708
Epoch 36/100
Training loss: 0.00000 || Validation loss: 5.07056
Epoch 37/100
Training loss: 0.00000 || Validation loss: 5.30010
Epoch 38/100
Training loss: 0.00000 || Validation loss: 4.89549
Epoch 39/100
Training loss: 0.00000 || Validation loss: 4.92555
Epoch 40/100
Training loss: 0.00000 || Validation loss: 4.91390
Epoch 41/100
Training loss: 0.00000 || Validation loss: 4.95909
Epoch 42/100
Training loss: 0.00000 || Validation loss: 5.00045
Epoch 43/100
Training loss: 0.00000 || Validation loss: 4.80043
Epoch 44/100
Training loss: 0.00000 || Validation loss: 4.59910
Epoch 45/100
Training loss: 0.00000 || Validation loss: 4.98863
Epoch 46/100
Training loss: 0.00000 || Validation loss: 4.54157
Epoch 47/100
Training loss: 0.00000 || Validation loss: 4.58083
Epoch 48/100
Training loss: 0.00000 || Validation loss: 4.44503
Epoch 49/100
Training loss: 0.00000 || Validation loss: 4.14497
Epoch 50/100
Training loss: 0.00000 || Validation loss: 4.61096
Epoch 51/100
Training loss: 0.00000 || Validation loss: 4.02932
Epoch 52/100
Training loss: 0.00000 || Validation loss: 4.02742
Epoch 53/100
Training loss: 0.00000 || Validation loss: 4.01000
Epoch 54/100
Training loss: 0.00000 || Validation loss: 3.98981
Epoch 55/100
Training loss: 0.00000 || Validation loss: 3.90379
Epoch 56/100
Training loss: 0.00000 || Validation loss: 3.62840
Epoch 57/100
Training loss: 0.00000 || Validation loss: 3.81222
Epoch 58/100
Training loss: 0.00000 || Validation loss: 3.74055
Epoch 59/100
Training loss: 0.00000 || Validation loss: 3.90267
Epoch 60/100
Training loss: 0.00000 || Validation loss: 3.58194
Epoch 61/100
Training loss: 0.00000 || Validation loss: 3.53591
Epoch 62/100
Training loss: 0.00000 || Validation loss: 3.35195
Epoch 63/100
Training loss: 0.00000 || Validation loss: 3.38685
Epoch 64/100
Training loss: 0.00000 || Validation loss: 3.50209
Epoch 65/100
Training loss: 0.00000 || Validation loss: 3.28230
Epoch 66/100
Training loss: 0.00000 || Validation loss: 3.30495
Epoch 67/100
Training loss: 0.00000 || Validation loss: 3.14996
Epoch 68/100
Training loss: 0.00000 || Validation loss: 3.23961
Epoch 69/100
Training loss: 0.00000 || Validation loss: 3.23105
Epoch 70/100
Training loss: 0.00000 || Validation loss: 3.13866
Epoch 71/100
Training loss: 0.00000 || Validation loss: 3.16872
Epoch 72/100
Training loss: 0.00000 || Validation loss: 3.12565
Epoch 73/100
Training loss: 0.00000 || Validation loss: 3.20383
Epoch 74/100
Training loss: 0.00000 || Validation loss: 3.15783
Epoch 75/100
Training loss: 0.00628 || Validation loss: 2.42175
Epoch 76/100
Training loss: 0.00041 || Validation loss: 3.20135
Epoch 77/100
Training loss: 0.00000 || Validation loss: 3.12384
Epoch 78/100
Training loss: 0.00000 || Validation loss: 3.26484
Epoch 79/100
Training loss: 0.00000 || Validation loss: 3.37203
Epoch 80/100
Training loss: 0.00000 || Validation loss: 3.57789
Epoch 81/100
Training loss: 0.00000 || Validation loss: 3.79318
Epoch 82/100
Training loss: 0.00000 || Validation loss: 3.80818
Epoch 83/100
Training loss: 0.00000 || Validation loss: 3.92989
Epoch 84/100
Training loss: 0.00000 || Validation loss: 4.04550
Epoch 85/100
Training loss: 0.00000 || Validation loss: 4.23215
Epoch 86/100
Training loss: 0.00000 || Validation loss: 4.38477
Epoch 87/100
Training loss: 0.00000 || Validation loss: 4.50838
Epoch 88/100
Training loss: 0.00000 || Validation loss: 4.71401
Epoch 89/100
Training loss: 0.00000 || Validation loss: 5.00705
Epoch 90/100
Training loss: 0.00000 || Validation loss: 5.60858
Epoch 91/100
Training loss: 0.00000 || Validation loss: 6.27318
Epoch 92/100
Training loss: 0.00000 || Validation loss: 6.03856
Epoch 93/100
Training loss: 0.00000 || Validation loss: 6.48086
Epoch 94/100
Training loss: 0.00000 || Validation loss: 6.74716
Epoch 95/100
Training loss: 0.00000 || Validation loss: 7.14945
Epoch 96/100
Training loss: 0.00000 || Validation loss: 7.57790
Epoch 97/100
Training loss: 0.00000 || Validation loss: 8.16762
Epoch 98/100
Training loss: 0.00000 || Validation loss: 8.89735
Epoch 99/100
Training loss: 0.00000 || Validation loss: 10.42210
Epoch 100/100
Training loss: 0.00000 || Validation loss: 9.69305
Best model for fold 3 saved from epoch 6 with f1 0.84184
Final training loss: 0.00000 || Final test loss: 9.69305
All fold val losses: [0.8192922244114536, 0.7786089096750531, 0.8418388898883548]
Average val loss: 0.81325
Fold 1
device : cuda
Model not found at ./model/forest_wba_value_compare_pretrained_and_non_8frames/piece_size_5_fix_False_pretrained_False/fold_1/fly_model.ckpt
튜플 파일을 불러오는 중 문제가 발생했습니다 (./model/forest_wba_value_compare_pretrained_and_non_8frames/piece_size_5_fix_False_pretrained_False/fold_1): [Errno 2] No such file or directory: './model/forest_wba_value_compare_pretrained_and_non_8frames/piece_size_5_fix_False_pretrained_False/fold_1/training_tuples.pkl'
Epoch 1/100
Training loss: 12.41238 || Validation loss: 5.33144
New best model saved at epoch 1 with loss 5.33144
Epoch 2/100
Training loss: 0.80681 || Validation loss: 2.59202
New best model saved at epoch 2 with loss 2.59202
Epoch 3/100
Training loss: 0.28499 || Validation loss: 1.95407
New best model saved at epoch 3 with loss 1.95407
Epoch 4/100
Training loss: 0.14678 || Validation loss: 1.84858
New best model saved at epoch 4 with loss 1.84858
Epoch 5/100
Training loss: 0.08457 || Validation loss: 1.69347
New best model saved at epoch 5 with loss 1.69347
Epoch 6/100
Training loss: 0.04744 || Validation loss: 1.45219
New best model saved at epoch 6 with loss 1.45219
Epoch 7/100
Training loss: 0.03435 || Validation loss: 1.25161
New best model saved at epoch 7 with loss 1.25161
Epoch 8/100
Training loss: 0.02111 || Validation loss: 1.15965
New best model saved at epoch 8 with loss 1.15965
Epoch 9/100
Training loss: 0.01696 || Validation loss: 1.06160
New best model saved at epoch 9 with loss 1.06160
Epoch 10/100
Training loss: 0.01014 || Validation loss: 1.24565
Epoch 11/100
Training loss: 0.00695 || Validation loss: 1.30432
Epoch 12/100
Training loss: 0.00406 || Validation loss: 1.25973
Epoch 13/100
Training loss: 0.00219 || Validation loss: 1.73921
Epoch 14/100
Training loss: 0.00120 || Validation loss: 1.81149
Epoch 15/100
Training loss: 0.00060 || Validation loss: 1.96220
Epoch 16/100
Training loss: 0.00025 || Validation loss: 2.12402
Epoch 17/100
Training loss: 0.00010 || Validation loss: 2.64069
Epoch 18/100
Training loss: 0.00003 || Validation loss: 2.43225
Epoch 19/100
Training loss: 0.00001 || Validation loss: 2.39343
Epoch 20/100
Training loss: 0.00000 || Validation loss: 2.38258
Epoch 21/100
Training loss: 0.00000 || Validation loss: 2.56548
Epoch 22/100
Training loss: 0.00000 || Validation loss: 2.33604
Epoch 23/100
Training loss: 0.00000 || Validation loss: 2.42827
Epoch 24/100
Training loss: 0.00000 || Validation loss: 2.38250
Epoch 25/100
Training loss: 0.00000 || Validation loss: 2.53946
Epoch 26/100
Training loss: 0.00000 || Validation loss: 2.41420
Epoch 27/100
Training loss: 0.00000 || Validation loss: 2.40978
Epoch 28/100
Training loss: 0.00000 || Validation loss: 2.38538
Epoch 29/100
Training loss: 0.00000 || Validation loss: 2.13580
Epoch 30/100
Training loss: 0.00000 || Validation loss: 2.11416
Epoch 31/100
Training loss: 0.00000 || Validation loss: 2.21251
Epoch 32/100
Training loss: 0.00000 || Validation loss: 2.27361
Epoch 33/100
Training loss: 0.00000 || Validation loss: 2.34274
Epoch 34/100
Training loss: 0.00000 || Validation loss: 2.18211
Epoch 35/100
Training loss: 0.00000 || Validation loss: 2.21238
Epoch 36/100
Training loss: 0.00000 || Validation loss: 2.25515
Epoch 37/100
Training loss: 0.00000 || Validation loss: 2.09288
Epoch 38/100
Training loss: 0.00000 || Validation loss: 2.13700
Epoch 39/100
Training loss: 0.00000 || Validation loss: 2.06990
Epoch 40/100
Training loss: 0.00000 || Validation loss: 2.02112
Epoch 41/100
Training loss: 0.00000 || Validation loss: 2.05975
Epoch 42/100
Training loss: 0.00000 || Validation loss: 1.95773
Epoch 43/100
Training loss: 0.00000 || Validation loss: 1.91509
Epoch 44/100
Training loss: 0.00000 || Validation loss: 1.82651
Epoch 45/100
Training loss: 0.00000 || Validation loss: 1.82070
Epoch 46/100
Training loss: 0.00000 || Validation loss: 1.77887
Epoch 47/100
Training loss: 0.00000 || Validation loss: 1.70142
Epoch 48/100
Training loss: 0.00000 || Validation loss: 1.63888
Epoch 49/100
Training loss: 0.00000 || Validation loss: 1.58468
Epoch 50/100
Training loss: 0.00000 || Validation loss: 1.52270
Epoch 51/100
Training loss: 0.00000 || Validation loss: 1.58179
Epoch 52/100
Training loss: 0.00000 || Validation loss: 1.45303
Epoch 53/100
Training loss: 0.00000 || Validation loss: 1.41257
Epoch 54/100
Training loss: 0.00000 || Validation loss: 1.39212
Epoch 55/100
Training loss: 0.00000 || Validation loss: 1.27764
Epoch 56/100
Training loss: 0.00000 || Validation loss: 1.28279
Epoch 57/100
Training loss: 0.00000 || Validation loss: 1.28557
Epoch 58/100
Training loss: 0.00000 || Validation loss: 1.20252
Epoch 59/100
Training loss: 0.00000 || Validation loss: 1.15683
Epoch 60/100
Training loss: 0.00000 || Validation loss: 1.16186
Epoch 61/100
Training loss: 0.00000 || Validation loss: 1.14772
Epoch 62/100
Training loss: 0.00000 || Validation loss: 1.13952
Epoch 63/100
Training loss: 0.00000 || Validation loss: 1.15881
Epoch 64/100
Training loss: 0.00000 || Validation loss: 1.13333
Epoch 65/100
Training loss: 0.00000 || Validation loss: 1.12134
Epoch 66/100
Training loss: 0.00000 || Validation loss: 1.13250
Epoch 67/100
Training loss: 0.00000 || Validation loss: 1.13132
Epoch 68/100
Training loss: 0.00000 || Validation loss: 1.14046
Epoch 69/100
Training loss: 0.00000 || Validation loss: 1.15454
Epoch 70/100
Training loss: 0.00000 || Validation loss: 1.18266
Epoch 71/100
Training loss: 0.00000 || Validation loss: 1.22701
Epoch 72/100
Training loss: 0.00000 || Validation loss: 1.22927
Epoch 73/100
Training loss: 0.00000 || Validation loss: 1.26947
Epoch 74/100
Training loss: 0.00000 || Validation loss: 1.30734
Epoch 75/100
Training loss: 0.00000 || Validation loss: 1.35146
Epoch 76/100
Training loss: 0.00003 || Validation loss: 1.38984
Epoch 77/100
Training loss: 0.00000 || Validation loss: 1.43583
Epoch 78/100
Training loss: 0.00000 || Validation loss: 1.48801
Epoch 79/100
Training loss: 0.00000 || Validation loss: 1.54839
Epoch 80/100
Training loss: 0.00000 || Validation loss: 1.60833
Epoch 81/100
Training loss: 0.00000 || Validation loss: 1.68004
Epoch 82/100
Training loss: 0.00000 || Validation loss: 1.75216
Epoch 83/100
Training loss: 0.00000 || Validation loss: 1.83121
Epoch 84/100
Training loss: 0.00000 || Validation loss: 1.92508
Epoch 85/100
Training loss: 0.00002 || Validation loss: 2.02539
Epoch 86/100
Training loss: 0.00000 || Validation loss: 2.13382
Epoch 87/100
Training loss: 0.00000 || Validation loss: 2.25179
Epoch 88/100
Training loss: 0.00000 || Validation loss: 2.37869
Epoch 89/100
Training loss: 0.00000 || Validation loss: 2.51705
Epoch 90/100
Training loss: 0.00000 || Validation loss: 2.66595
Epoch 91/100
Training loss: 0.11777 || Validation loss: 2.76268
Epoch 92/100
Training loss: 0.00044 || Validation loss: 2.96973
Epoch 93/100
Training loss: 0.00002 || Validation loss: 3.18462
Epoch 94/100
Training loss: 0.00000 || Validation loss: 3.38366
Epoch 95/100
Training loss: 0.00000 || Validation loss: 3.58456
Epoch 96/100
Training loss: 0.00000 || Validation loss: 3.79633
Epoch 97/100
Training loss: 0.00000 || Validation loss: 4.00992
Epoch 98/100
Training loss: 0.00000 || Validation loss: 4.23205
Epoch 99/100
Training loss: 0.00000 || Validation loss: 4.45682
Epoch 100/100
Training loss: 0.00000 || Validation loss: 4.68262
Best model for fold 1 saved from epoch 9 with f1 1.06160
Final training loss: 0.00000 || Final test loss: 4.68262
Fold 2
device : cuda
Model not found at ./model/forest_wba_value_compare_pretrained_and_non_8frames/piece_size_5_fix_False_pretrained_False/fold_2/fly_model.ckpt
튜플 파일을 불러오는 중 문제가 발생했습니다 (./model/forest_wba_value_compare_pretrained_and_non_8frames/piece_size_5_fix_False_pretrained_False/fold_2): [Errno 2] No such file or directory: './model/forest_wba_value_compare_pretrained_and_non_8frames/piece_size_5_fix_False_pretrained_False/fold_2/training_tuples.pkl'
Epoch 1/100
Training loss: 10.71254 || Validation loss: 2.22919
New best model saved at epoch 1 with loss 2.22919
Epoch 2/100
Training loss: 0.48981 || Validation loss: 0.97696
New best model saved at epoch 2 with loss 0.97696
Epoch 3/100
Training loss: 0.16873 || Validation loss: 0.69953
New best model saved at epoch 3 with loss 0.69953
Epoch 4/100
Training loss: 0.07262 || Validation loss: 0.68639
New best model saved at epoch 4 with loss 0.68639
Epoch 5/100
Training loss: 0.04600 || Validation loss: 0.86475
Epoch 6/100
Training loss: 0.03149 || Validation loss: 0.93784
Epoch 7/100
Training loss: 0.02169 || Validation loss: 1.37760
Epoch 8/100
Training loss: 0.01216 || Validation loss: 1.78332
Epoch 9/100
Training loss: 0.00558 || Validation loss: 2.49050
Epoch 10/100
Training loss: 0.00300 || Validation loss: 3.25553
Epoch 11/100
Training loss: 0.00118 || Validation loss: 3.38897
Epoch 12/100
Training loss: 0.00025 || Validation loss: 3.72537
Epoch 13/100
Training loss: 0.00007 || Validation loss: 3.59462
Epoch 14/100
Training loss: 0.00006 || Validation loss: 3.73180
Epoch 15/100
Training loss: 0.00006 || Validation loss: 3.60039
Epoch 16/100
Training loss: 0.00000 || Validation loss: 3.71666
Epoch 17/100
Training loss: 0.00000 || Validation loss: 3.66846
Epoch 18/100
Training loss: 0.00000 || Validation loss: 3.51707
Epoch 19/100
Training loss: 0.00000 || Validation loss: 3.63330
Epoch 20/100
Training loss: 0.00000 || Validation loss: 3.43835
Epoch 21/100
Training loss: 0.00000 || Validation loss: 3.62714
Epoch 22/100
Training loss: 0.00000 || Validation loss: 3.57540
Epoch 23/100
Training loss: 0.00000 || Validation loss: 3.55057
Epoch 24/100
Training loss: 0.00000 || Validation loss: 3.52028
Epoch 25/100
Training loss: 0.00000 || Validation loss: 3.55844
Epoch 26/100
Training loss: 0.00000 || Validation loss: 3.54487
Epoch 27/100
Training loss: 0.00000 || Validation loss: 3.54832
Epoch 28/100
Training loss: 0.00000 || Validation loss: 3.54795
Epoch 29/100
Training loss: 0.00000 || Validation loss: 3.54974
Epoch 30/100
Training loss: 0.00000 || Validation loss: 3.48377
Epoch 31/100
Training loss: 0.00000 || Validation loss: 3.54635
Epoch 32/100
Training loss: 0.00000 || Validation loss: 3.56878
Epoch 33/100
Training loss: 0.00000 || Validation loss: 3.50118
Epoch 34/100
Training loss: 0.00000 || Validation loss: 3.41631
Epoch 35/100
Training loss: 0.00000 || Validation loss: 3.53398
Epoch 36/100
Training loss: 0.00000 || Validation loss: 3.41312
Epoch 37/100
Training loss: 0.00000 || Validation loss: 3.48136
Epoch 38/100
Training loss: 0.00000 || Validation loss: 3.53382
Epoch 39/100
Training loss: 0.00000 || Validation loss: 3.46338
Epoch 40/100
Training loss: 0.00000 || Validation loss: 3.48508
Epoch 41/100
Training loss: 0.00000 || Validation loss: 3.25890
Epoch 42/100
Training loss: 0.00000 || Validation loss: 3.39754
Epoch 43/100
Training loss: 0.00000 || Validation loss: 3.39730
Epoch 44/100
Training loss: 0.00000 || Validation loss: 3.43641
Epoch 45/100
Training loss: 0.00000 || Validation loss: 3.43756
Epoch 46/100
Training loss: 0.00000 || Validation loss: 3.34853
Epoch 47/100
Training loss: 0.00000 || Validation loss: 3.28000
Epoch 48/100
Training loss: 0.00000 || Validation loss: 3.46351
Epoch 49/100
Training loss: 0.00000 || Validation loss: 3.32279
Epoch 50/100
Training loss: 0.00000 || Validation loss: 3.20904
Epoch 51/100
Training loss: 0.00000 || Validation loss: 3.18989
Epoch 52/100
Training loss: 0.00000 || Validation loss: 3.13215
Epoch 53/100
Training loss: 0.00000 || Validation loss: 3.15618
Epoch 54/100
Training loss: 0.00000 || Validation loss: 3.02711
Epoch 55/100
Training loss: 0.00000 || Validation loss: 3.01491
Epoch 56/100
Training loss: 0.00000 || Validation loss: 3.07714
Epoch 57/100
Training loss: 0.00000 || Validation loss: 2.99412
Epoch 58/100
Training loss: 0.00000 || Validation loss: 2.90201
Epoch 59/100
Training loss: 0.00004 || Validation loss: 2.70762
Epoch 60/100
Training loss: 0.00014 || Validation loss: 2.74127
Epoch 61/100
Training loss: 0.00000 || Validation loss: 2.74499
Epoch 62/100
Training loss: 0.00000 || Validation loss: 2.70811
Epoch 63/100
Training loss: 0.00000 || Validation loss: 2.71406
Epoch 64/100
Training loss: 0.00000 || Validation loss: 2.69379
Epoch 65/100
Training loss: 0.00000 || Validation loss: 2.68051
Epoch 66/100
Training loss: 0.00000 || Validation loss: 2.69645
Epoch 67/100
Training loss: 0.00000 || Validation loss: 2.68340
Epoch 68/100
Training loss: 0.00000 || Validation loss: 2.69930
Epoch 69/100
Training loss: 0.00401 || Validation loss: 2.58623
Epoch 70/100
Training loss: 0.00000 || Validation loss: 2.62514
Epoch 71/100
Training loss: 0.00000 || Validation loss: 2.66782
Epoch 72/100
Training loss: 0.00000 || Validation loss: 2.71729
Epoch 73/100
Training loss: 0.00000 || Validation loss: 2.77562
Epoch 74/100
Training loss: 0.00000 || Validation loss: 2.84192
Epoch 75/100
Training loss: 0.00000 || Validation loss: 2.91784
Epoch 76/100
Training loss: 0.00000 || Validation loss: 3.00431
Epoch 77/100
Training loss: 0.00000 || Validation loss: 3.10325
Epoch 78/100
Training loss: 0.00000 || Validation loss: 3.21590
Epoch 79/100
Training loss: 0.00000 || Validation loss: 3.34341
Epoch 80/100
Training loss: 0.00000 || Validation loss: 3.48696
Epoch 81/100
Training loss: 0.00000 || Validation loss: 3.64863
Epoch 82/100
Training loss: 0.00000 || Validation loss: 3.82914
Epoch 83/100
Training loss: 0.00000 || Validation loss: 4.03031
Epoch 84/100
Training loss: 0.00000 || Validation loss: 4.25268
Epoch 85/100
Training loss: 0.00000 || Validation loss: 4.49803
Epoch 86/100
Training loss: 0.00000 || Validation loss: 4.76796
Epoch 87/100
Training loss: 0.00000 || Validation loss: 5.06225
Epoch 88/100
Training loss: 0.00000 || Validation loss: 5.38170
Epoch 89/100
Training loss: 0.00000 || Validation loss: 5.72542
Epoch 90/100
Training loss: 0.00000 || Validation loss: 6.09362
Epoch 91/100
Training loss: 0.00000 || Validation loss: 6.48610
Epoch 92/100
Training loss: 0.00000 || Validation loss: 6.89871
Epoch 93/100
Training loss: 0.00001 || Validation loss: 7.33064
Epoch 94/100
Training loss: 0.00000 || Validation loss: 7.79126
Epoch 95/100
Training loss: 0.00076 || Validation loss: 8.27606
Epoch 96/100
Training loss: 0.00000 || Validation loss: 8.75954
Epoch 97/100
Training loss: 0.00000 || Validation loss: 9.25289
Epoch 98/100
Training loss: 0.00000 || Validation loss: 9.75206
Epoch 99/100
Training loss: 0.00000 || Validation loss: 10.25252
Epoch 100/100
Training loss: 0.00000 || Validation loss: 10.75007
Best model for fold 2 saved from epoch 4 with f1 0.68639
Final training loss: 0.00000 || Final test loss: 10.75007
Fold 3
device : cuda
Model not found at ./model/forest_wba_value_compare_pretrained_and_non_8frames/piece_size_5_fix_False_pretrained_False/fold_3/fly_model.ckpt
튜플 파일을 불러오는 중 문제가 발생했습니다 (./model/forest_wba_value_compare_pretrained_and_non_8frames/piece_size_5_fix_False_pretrained_False/fold_3): [Errno 2] No such file or directory: './model/forest_wba_value_compare_pretrained_and_non_8frames/piece_size_5_fix_False_pretrained_False/fold_3/training_tuples.pkl'
Epoch 1/100
Training loss: 12.47945 || Validation loss: 4.79604
New best model saved at epoch 1 with loss 4.79604
Epoch 2/100
Training loss: 0.86651 || Validation loss: 2.62456
New best model saved at epoch 2 with loss 2.62456
Epoch 3/100
Training loss: 0.27769 || Validation loss: 2.24412
New best model saved at epoch 3 with loss 2.24412
Epoch 4/100
Training loss: 0.13592 || Validation loss: 2.46684
Epoch 5/100
Training loss: 0.06862 || Validation loss: 2.10128
New best model saved at epoch 5 with loss 2.10128
Epoch 6/100
Training loss: 0.04121 || Validation loss: 1.70358
New best model saved at epoch 6 with loss 1.70358
Epoch 7/100
Training loss: 0.02855 || Validation loss: 1.48472
New best model saved at epoch 7 with loss 1.48472
Epoch 8/100
Training loss: 0.02119 || Validation loss: 1.32713
New best model saved at epoch 8 with loss 1.32713
Epoch 9/100
Training loss: 0.01107 || Validation loss: 1.33317
Epoch 10/100
Training loss: 0.00662 || Validation loss: 1.65213
Epoch 11/100
Training loss: 0.00326 || Validation loss: 1.91072
Epoch 12/100
Training loss: 0.00147 || Validation loss: 2.35962
Epoch 13/100
Training loss: 0.00115 || Validation loss: 2.89756
Epoch 14/100
Training loss: 0.00032 || Validation loss: 3.47748
Epoch 15/100
Training loss: 0.00013 || Validation loss: 3.68462
Epoch 16/100
Training loss: 0.00005 || Validation loss: 3.87865
Epoch 17/100
Training loss: 0.00002 || Validation loss: 4.07814
Epoch 18/100
Training loss: 0.00001 || Validation loss: 4.10574
Epoch 19/100
Training loss: 0.00000 || Validation loss: 4.32646
Epoch 20/100
Training loss: 0.00000 || Validation loss: 4.16591
Epoch 21/100
Training loss: 0.00000 || Validation loss: 4.26986
Epoch 22/100
Training loss: 0.00000 || Validation loss: 4.12885
Epoch 23/100
Training loss: 0.00000 || Validation loss: 4.04369
Epoch 24/100
Training loss: 0.00000 || Validation loss: 4.18804
Epoch 25/100
Training loss: 0.00000 || Validation loss: 4.22400
Epoch 26/100
Training loss: 0.00000 || Validation loss: 4.00355
Epoch 27/100
Training loss: 0.00000 || Validation loss: 4.14579
Epoch 28/100
Training loss: 0.00000 || Validation loss: 4.15597
Epoch 29/100
Training loss: 0.00000 || Validation loss: 4.12398
Epoch 30/100
Training loss: 0.00000 || Validation loss: 4.03265
Epoch 31/100
Training loss: 0.00000 || Validation loss: 3.85940
Epoch 32/100
Training loss: 0.00000 || Validation loss: 4.03591
Epoch 33/100
Training loss: 0.00000 || Validation loss: 4.00802
Epoch 34/100
Training loss: 0.00000 || Validation loss: 3.92028
Epoch 35/100
Training loss: 0.00000 || Validation loss: 3.94573
Epoch 36/100
Training loss: 0.00000 || Validation loss: 3.69877
Epoch 37/100
Training loss: 0.00000 || Validation loss: 3.86107
Epoch 38/100
Training loss: 0.00000 || Validation loss: 3.74733
Epoch 39/100
Training loss: 0.00000 || Validation loss: 3.78185
Epoch 40/100
Training loss: 0.00000 || Validation loss: 3.77352
Epoch 41/100
Training loss: 0.00000 || Validation loss: 3.74514
Epoch 42/100
Training loss: 0.00000 || Validation loss: 3.60323
Epoch 43/100
Training loss: 0.00000 || Validation loss: 3.57605
Epoch 44/100
Training loss: 0.00000 || Validation loss: 3.65233
Epoch 45/100
Training loss: 0.00000 || Validation loss: 3.43277
Epoch 46/100
Training loss: 0.00000 || Validation loss: 3.47383
Epoch 47/100
Training loss: 0.00000 || Validation loss: 3.45428
Epoch 48/100
Training loss: 0.00000 || Validation loss: 3.30607
Epoch 49/100
Training loss: 0.00000 || Validation loss: 3.35311
Epoch 50/100
Training loss: 0.00000 || Validation loss: 3.18566
Epoch 51/100
Training loss: 0.00000 || Validation loss: 3.04210
Epoch 52/100
Training loss: 0.00000 || Validation loss: 3.05057
Epoch 53/100
Training loss: 0.00000 || Validation loss: 3.01354
Epoch 54/100
Training loss: 0.00000 || Validation loss: 2.97754
Epoch 55/100
Training loss: 0.00000 || Validation loss: 2.91813
Epoch 56/100
Training loss: 0.00000 || Validation loss: 2.94434
Epoch 57/100
Training loss: 0.00000 || Validation loss: 2.86533
Epoch 58/100
Training loss: 0.00000 || Validation loss: 2.82015
Epoch 59/100
Training loss: 0.00000 || Validation loss: 2.76623
Epoch 60/100
Training loss: 0.00000 || Validation loss: 2.69909
Epoch 61/100
Training loss: 0.00000 || Validation loss: 2.66581
Epoch 62/100
Training loss: 0.00000 || Validation loss: 2.63382
Epoch 63/100
Training loss: 0.00000 || Validation loss: 2.60254
Epoch 64/100
Training loss: 0.00000 || Validation loss: 2.58949
Epoch 65/100
Training loss: 0.00000 || Validation loss: 2.57632
Epoch 66/100
Training loss: 0.00000 || Validation loss: 2.58989
Epoch 67/100
Training loss: 0.00000 || Validation loss: 2.56359
Epoch 68/100
Training loss: 0.00000 || Validation loss: 2.57589
Epoch 69/100
Training loss: 0.00000 || Validation loss: 2.57313
Epoch 70/100
Training loss: 0.00001 || Validation loss: 2.56546
Epoch 71/100
Training loss: 0.00000 || Validation loss: 2.60583
Epoch 72/100
Training loss: 0.00000 || Validation loss: 2.64590
Epoch 73/100
Training loss: 0.00000 || Validation loss: 2.69848
Epoch 74/100
Training loss: 0.00038 || Validation loss: 2.76394
Epoch 75/100
Training loss: 0.00000 || Validation loss: 2.84253
Epoch 76/100
Training loss: 0.00000 || Validation loss: 2.92115
Epoch 77/100
Training loss: 0.00000 || Validation loss: 3.01383
Epoch 78/100
Training loss: 0.00000 || Validation loss: 3.11256
Epoch 79/100
Training loss: 0.00000 || Validation loss: 3.22601
Epoch 80/100
Training loss: 0.00000 || Validation loss: 3.35206
Epoch 81/100
Training loss: 0.00000 || Validation loss: 3.48845
Epoch 82/100
Training loss: 0.00000 || Validation loss: 3.63783
Epoch 83/100
Training loss: 0.00000 || Validation loss: 3.80287
Epoch 84/100
Training loss: 0.00000 || Validation loss: 3.98281
Epoch 85/100
Training loss: 0.00000 || Validation loss: 4.17897
Epoch 86/100
Training loss: 0.00000 || Validation loss: 4.39097
Epoch 87/100
Training loss: 0.00000 || Validation loss: 4.61990
Epoch 88/100
Training loss: 0.00000 || Validation loss: 4.86624
Epoch 89/100
Training loss: 0.00000 || Validation loss: 5.13050
Epoch 90/100
Training loss: 0.00000 || Validation loss: 5.41170
Epoch 91/100
Training loss: 0.00000 || Validation loss: 5.71008
Epoch 92/100
Training loss: 0.00407 || Validation loss: 6.06222
Epoch 93/100
Training loss: 0.00000 || Validation loss: 6.39460
Epoch 94/100
Training loss: 0.00000 || Validation loss: 6.74130
Epoch 95/100
Training loss: 0.00000 || Validation loss: 7.10301
Epoch 96/100
Training loss: 0.00000 || Validation loss: 7.47677
Epoch 97/100
Training loss: 0.00000 || Validation loss: 7.85901
Epoch 98/100
Training loss: 0.00000 || Validation loss: 8.24841
Epoch 99/100
Training loss: 0.00000 || Validation loss: 8.64284
Epoch 100/100
Training loss: 0.00000 || Validation loss: 9.04241
Best model for fold 3 saved from epoch 8 with f1 1.32713
Final training loss: 0.00000 || Final test loss: 9.04241
All fold val losses: [1.0615955682901235, 0.6863875893446115, 1.3271293181639452]
Average val loss: 1.02504
Fold 1
device : cuda
Model not found at ./model/forest_wba_value_compare_pretrained_and_non_8frames/piece_size_10_fix_False_pretrained_False/fold_1/fly_model.ckpt
./model/forest_wba_value_compare_pretrained_and_non_8frames/piece_size_10_fix_False_pretrained_True/fold_1에서 튜플 파일을 불러왔습니다.
Epoch 1/100
Training loss: 10.60745 || Validation loss: 7.73991
New best model saved at epoch 1 with loss 7.73991
Epoch 2/100
Training loss: 0.71305 || Validation loss: 2.92204
New best model saved at epoch 2 with loss 2.92204
Epoch 3/100
Training loss: 0.26849 || Validation loss: 2.37748
New best model saved at epoch 3 with loss 2.37748
Epoch 4/100
Training loss: 0.12775 || Validation loss: 1.81381
New best model saved at epoch 4 with loss 1.81381
Epoch 5/100
Training loss: 0.06799 || Validation loss: 1.51410
New best model saved at epoch 5 with loss 1.51410
Epoch 6/100
Training loss: 0.04218 || Validation loss: 1.33850
New best model saved at epoch 6 with loss 1.33850
Epoch 7/100
Training loss: 0.02911 || Validation loss: 1.30855
New best model saved at epoch 7 with loss 1.30855
Epoch 8/100
Training loss: 0.02039 || Validation loss: 1.63552
Epoch 9/100
Training loss: 0.01188 || Validation loss: 2.02651
Epoch 10/100
Training loss: 0.00714 || Validation loss: 2.31345
Epoch 11/100
Training loss: 0.00395 || Validation loss: 2.87987
Epoch 12/100
Training loss: 0.00183 || Validation loss: 3.44973
Epoch 13/100
Training loss: 0.00085 || Validation loss: 4.02938
Epoch 14/100
Training loss: 0.00029 || Validation loss: 4.25008
Epoch 15/100
Training loss: 0.00012 || Validation loss: 4.65989
Epoch 16/100
Training loss: 0.00004 || Validation loss: 4.80575
Epoch 17/100
Training loss: 0.00001 || Validation loss: 4.54344
Epoch 18/100
Training loss: 0.00000 || Validation loss: 4.79565
Epoch 19/100
Training loss: 0.00000 || Validation loss: 4.86876
Epoch 20/100
Training loss: 0.00000 || Validation loss: 4.86439
Epoch 21/100
Training loss: 0.00000 || Validation loss: 4.72785
Epoch 22/100
Training loss: 0.00000 || Validation loss: 4.62433
Epoch 23/100
Training loss: 0.00000 || Validation loss: 4.78082
Epoch 24/100
Training loss: 0.00000 || Validation loss: 4.84157
Epoch 25/100
Training loss: 0.00000 || Validation loss: 4.61400
Epoch 26/100
Training loss: 0.00000 || Validation loss: 4.67229
Epoch 27/100
Training loss: 0.00000 || Validation loss: 4.81499
Epoch 28/100
Training loss: 0.00000 || Validation loss: 4.62336
Epoch 29/100
Training loss: 0.00000 || Validation loss: 4.78461
Epoch 30/100
Training loss: 0.00000 || Validation loss: 4.52371
Epoch 31/100
Training loss: 0.00000 || Validation loss: 4.63852
Epoch 32/100
Training loss: 0.00000 || Validation loss: 4.49759
Epoch 33/100
Training loss: 0.00000 || Validation loss: 4.59218
Epoch 34/100
Training loss: 0.00000 || Validation loss: 4.40129
Epoch 35/100
Training loss: 0.00000 || Validation loss: 4.42410
Epoch 36/100
Training loss: 0.00000 || Validation loss: 4.62036
Epoch 37/100
Training loss: 0.00000 || Validation loss: 4.55940
Epoch 38/100
Training loss: 0.00000 || Validation loss: 4.25810
Epoch 39/100
Training loss: 0.00000 || Validation loss: 4.31584
Epoch 40/100
Training loss: 0.00000 || Validation loss: 4.17122
Epoch 41/100
Training loss: 0.00000 || Validation loss: 4.22179
Epoch 42/100
Training loss: 0.00000 || Validation loss: 4.09858
Epoch 43/100
Training loss: 0.00000 || Validation loss: 3.86749
Epoch 44/100
Training loss: 0.00000 || Validation loss: 3.94261
Epoch 45/100
Training loss: 0.00000 || Validation loss: 3.68806
Epoch 46/100
Training loss: 0.00000 || Validation loss: 3.71143
Epoch 47/100
Training loss: 0.00000 || Validation loss: 3.56336
Epoch 48/100
Training loss: 0.00000 || Validation loss: 3.61275
Epoch 49/100
Training loss: 0.00000 || Validation loss: 3.67832
Epoch 50/100
Training loss: 0.00000 || Validation loss: 3.47287
Epoch 51/100
Training loss: 0.00000 || Validation loss: 3.32962
Epoch 52/100
Training loss: 0.00000 || Validation loss: 3.21136
Epoch 53/100
Training loss: 0.00000 || Validation loss: 3.16036
Epoch 54/100
Training loss: 0.00000 || Validation loss: 3.13218
Epoch 55/100
Training loss: 0.00000 || Validation loss: 3.06026
Epoch 56/100
Training loss: 0.00000 || Validation loss: 2.88486
Epoch 57/100
Training loss: 0.00000 || Validation loss: 2.84863
Epoch 58/100
Training loss: 0.00000 || Validation loss: 2.70787
Epoch 59/100
Training loss: 0.00000 || Validation loss: 2.61440
Epoch 60/100
Training loss: 0.00000 || Validation loss: 2.57100
Epoch 61/100
Training loss: 0.00000 || Validation loss: 2.51780
Epoch 62/100
Training loss: 0.00000 || Validation loss: 2.40674
Epoch 63/100
Training loss: 0.00000 || Validation loss: 2.40654
Epoch 64/100
Training loss: 0.00000 || Validation loss: 2.31248
Epoch 65/100
Training loss: 0.00000 || Validation loss: 2.26869
Epoch 66/100
Training loss: 0.00000 || Validation loss: 2.20607
Epoch 67/100
Training loss: 0.00000 || Validation loss: 2.20008
Epoch 68/100
Training loss: 0.00000 || Validation loss: 2.18972
Epoch 69/100
Training loss: 0.00000 || Validation loss: 2.14380
Epoch 70/100
Training loss: 0.00000 || Validation loss: 2.16940
Epoch 71/100
Training loss: 0.00000 || Validation loss: 2.17233
Epoch 72/100
Training loss: 0.00000 || Validation loss: 2.17400
Epoch 73/100
Training loss: 0.02512 || Validation loss: 2.10858
Epoch 74/100
Training loss: 0.00000 || Validation loss: 2.20795
Epoch 75/100
Training loss: 0.00000 || Validation loss: 2.32408
Epoch 76/100
Training loss: 0.00000 || Validation loss: 2.45672
Epoch 77/100
Training loss: 0.00000 || Validation loss: 2.61306
Epoch 78/100
Training loss: 0.00000 || Validation loss: 2.78852
Epoch 79/100
Training loss: 0.00000 || Validation loss: 2.99329
Epoch 80/100
Training loss: 0.00000 || Validation loss: 3.22145
Epoch 81/100
Training loss: 0.00000 || Validation loss: 3.48346
Epoch 82/100
Training loss: 0.00000 || Validation loss: 3.78182
Epoch 83/100
Training loss: 0.00000 || Validation loss: 4.10921
Epoch 84/100
Training loss: 0.00000 || Validation loss: 4.47353
Epoch 85/100
Training loss: 0.00000 || Validation loss: 4.88094
Epoch 86/100
Training loss: 0.00000 || Validation loss: 5.32975
Epoch 87/100
Training loss: 0.00000 || Validation loss: 5.82266
Epoch 88/100
Training loss: 0.00000 || Validation loss: 6.35716
Epoch 89/100
Training loss: 0.00000 || Validation loss: 6.93627
Epoch 90/100
Training loss: 0.00000 || Validation loss: 7.55946
Epoch 91/100
Training loss: 0.00000 || Validation loss: 8.22364
Epoch 92/100
Training loss: 0.00000 || Validation loss: 8.92848
Epoch 93/100
Training loss: 0.00000 || Validation loss: 9.66863
Epoch 94/100
Training loss: 0.00000 || Validation loss: 10.44123
Epoch 95/100
Training loss: 0.00000 || Validation loss: 11.24535
Epoch 96/100
Training loss: 0.00000 || Validation loss: 12.06447
Epoch 97/100
Training loss: 0.00000 || Validation loss: 12.90780
Epoch 98/100
Training loss: 0.00000 || Validation loss: 13.76420
Epoch 99/100
Training loss: 0.00000 || Validation loss: 14.62117
Epoch 100/100
Training loss: 0.00000 || Validation loss: 15.47573
Best model for fold 1 saved from epoch 7 with f1 1.30855
Final training loss: 0.00000 || Final test loss: 15.47573
Fold 2
device : cuda
Model not found at ./model/forest_wba_value_compare_pretrained_and_non_8frames/piece_size_10_fix_False_pretrained_False/fold_2/fly_model.ckpt
./model/forest_wba_value_compare_pretrained_and_non_8frames/piece_size_10_fix_False_pretrained_True/fold_2에서 튜플 파일을 불러왔습니다.
Epoch 1/100
Training loss: 10.71078 || Validation loss: 7.73946
New best model saved at epoch 1 with loss 7.73946
Epoch 2/100
Training loss: 0.78424 || Validation loss: 4.45487
New best model saved at epoch 2 with loss 4.45487
Epoch 3/100
Training loss: 0.27424 || Validation loss: 3.90186
New best model saved at epoch 3 with loss 3.90186
Epoch 4/100
Training loss: 0.15395 || Validation loss: 2.64797
New best model saved at epoch 4 with loss 2.64797
Epoch 5/100
Training loss: 0.09069 || Validation loss: 2.54602
New best model saved at epoch 5 with loss 2.54602
Epoch 6/100
Training loss: 0.06086 || Validation loss: 2.27970
New best model saved at epoch 6 with loss 2.27970
Epoch 7/100
Training loss: 0.04429 || Validation loss: 1.74286
New best model saved at epoch 7 with loss 1.74286
Epoch 8/100
Training loss: 0.02976 || Validation loss: 1.42693
New best model saved at epoch 8 with loss 1.42693
Epoch 9/100
Training loss: 0.02022 || Validation loss: 1.36408
New best model saved at epoch 9 with loss 1.36408
Epoch 10/100
Training loss: 0.01326 || Validation loss: 1.35186
New best model saved at epoch 10 with loss 1.35186
Epoch 11/100
Training loss: 0.00866 || Validation loss: 1.92571
Epoch 12/100
Training loss: 0.00553 || Validation loss: 2.52102
Epoch 13/100
Training loss: 0.00248 || Validation loss: 2.90060
Epoch 14/100
Training loss: 0.00125 || Validation loss: 3.29040
Epoch 15/100
Training loss: 0.00052 || Validation loss: 3.96519
Epoch 16/100
Training loss: 0.00019 || Validation loss: 4.44576
Epoch 17/100
Training loss: 0.00006 || Validation loss: 4.60199
Epoch 18/100
Training loss: 0.00002 || Validation loss: 4.62627
Epoch 19/100
Training loss: 0.00000 || Validation loss: 4.42206
Epoch 20/100
Training loss: 0.00000 || Validation loss: 5.00681
Epoch 21/100
Training loss: 0.00000 || Validation loss: 4.74214
Epoch 22/100
Training loss: 0.00000 || Validation loss: 4.77439
Epoch 23/100
Training loss: 0.00000 || Validation loss: 4.70474
Epoch 24/100
Training loss: 0.00000 || Validation loss: 4.58352
Epoch 25/100
Training loss: 0.00000 || Validation loss: 4.45553
Epoch 26/100
Training loss: 0.00000 || Validation loss: 5.09344
Epoch 27/100
Training loss: 0.00000 || Validation loss: 4.40773
Epoch 28/100
Training loss: 0.00000 || Validation loss: 4.83570
Epoch 29/100
Training loss: 0.00000 || Validation loss: 4.17636
Epoch 30/100
Training loss: 0.00000 || Validation loss: 4.75127
Epoch 31/100
Training loss: 0.00000 || Validation loss: 4.38145
Epoch 32/100
Training loss: 0.00000 || Validation loss: 4.34191
Epoch 33/100
Training loss: 0.00000 || Validation loss: 4.11439
Epoch 34/100
Training loss: 0.00000 || Validation loss: 3.93886
Epoch 35/100
Training loss: 0.00000 || Validation loss: 4.16101
Epoch 36/100
Training loss: 0.00000 || Validation loss: 3.94812
Epoch 37/100
Training loss: 0.00000 || Validation loss: 4.10152
Epoch 38/100
Training loss: 0.00000 || Validation loss: 3.70715
Epoch 39/100
Training loss: 0.00000 || Validation loss: 3.94250
Epoch 40/100
Training loss: 0.00000 || Validation loss: 3.59110
Epoch 41/100
Training loss: 0.00000 || Validation loss: 3.46501
Epoch 42/100
Training loss: 0.00000 || Validation loss: 3.48856
Epoch 43/100
Training loss: 0.00000 || Validation loss: 3.51599
Epoch 44/100
Training loss: 0.00000 || Validation loss: 3.20189
Epoch 45/100
Training loss: 0.00000 || Validation loss: 3.14408
Epoch 46/100
Training loss: 0.00000 || Validation loss: 3.03800
Epoch 47/100
Training loss: 0.00000 || Validation loss: 2.97618
Epoch 48/100
Training loss: 0.00000 || Validation loss: 2.68796
Epoch 49/100
Training loss: 0.00000 || Validation loss: 2.65288
Epoch 50/100
Training loss: 0.00000 || Validation loss: 2.46900
Epoch 51/100
Training loss: 0.00000 || Validation loss: 2.34904
Epoch 52/100
Training loss: 0.00000 || Validation loss: 2.35866
Epoch 53/100
Training loss: 0.00000 || Validation loss: 2.26190
Epoch 54/100
Training loss: 0.00000 || Validation loss: 2.14612
Epoch 55/100
Training loss: 0.00000 || Validation loss: 2.05543
Epoch 56/100
Training loss: 0.00000 || Validation loss: 1.95666
Epoch 57/100
Training loss: 0.00000 || Validation loss: 1.85792
Epoch 58/100
Training loss: 0.00000 || Validation loss: 1.77595
Epoch 59/100
Training loss: 0.00000 || Validation loss: 1.70886
Epoch 60/100
Training loss: 0.00000 || Validation loss: 1.64697
Epoch 61/100
Training loss: 0.00000 || Validation loss: 1.66055
Epoch 62/100
Training loss: 0.00000 || Validation loss: 1.59725
Epoch 63/100
Training loss: 0.00000 || Validation loss: 1.55657
Epoch 64/100
Training loss: 0.00000 || Validation loss: 1.53403
Epoch 65/100
Training loss: 0.00000 || Validation loss: 1.53378
Epoch 66/100
Training loss: 0.00000 || Validation loss: 1.50193
Epoch 67/100
Training loss: 0.00000 || Validation loss: 1.48494
Epoch 68/100
Training loss: 0.00000 || Validation loss: 1.48287
Epoch 69/100
Training loss: 0.00000 || Validation loss: 1.49550
Epoch 70/100
Training loss: 0.00000 || Validation loss: 1.51706
Epoch 71/100
Training loss: 0.00000 || Validation loss: 1.54202
Epoch 72/100
Training loss: 0.00000 || Validation loss: 1.58087
Epoch 73/100
Training loss: 0.00000 || Validation loss: 1.62413
Epoch 74/100
Training loss: 0.00000 || Validation loss: 1.66712
Epoch 75/100
Training loss: 0.00000 || Validation loss: 1.71894
Epoch 76/100
Training loss: 0.00000 || Validation loss: 1.77619
Epoch 77/100
Training loss: 0.00001 || Validation loss: 1.84247
Epoch 78/100
Training loss: 0.00000 || Validation loss: 1.93363
Epoch 79/100
Training loss: 0.00000 || Validation loss: 2.03785
Epoch 80/100
Training loss: 0.00000 || Validation loss: 2.15225
Epoch 81/100
Training loss: 0.00000 || Validation loss: 2.28549
Epoch 82/100
Training loss: 0.00000 || Validation loss: 2.43218
Epoch 83/100
Training loss: 0.00000 || Validation loss: 2.60064
Epoch 84/100
Training loss: 0.01288 || Validation loss: 3.39783
Epoch 85/100
Training loss: 0.00166 || Validation loss: 3.02962
Epoch 86/100
Training loss: 0.00000 || Validation loss: 3.26703
Epoch 87/100
Training loss: 0.00000 || Validation loss: 3.52966
Epoch 88/100
Training loss: 0.00000 || Validation loss: 3.80757
Epoch 89/100
Training loss: 0.00000 || Validation loss: 4.12233
Epoch 90/100
Training loss: 0.00000 || Validation loss: 4.46794
Epoch 91/100
Training loss: 0.00000 || Validation loss: 4.83096
Epoch 92/100
Training loss: 0.00000 || Validation loss: 5.22349
Epoch 93/100
Training loss: 0.00000 || Validation loss: 5.62798
Epoch 94/100
Training loss: 0.00000 || Validation loss: 6.05910
Epoch 95/100
Training loss: 0.00000 || Validation loss: 6.50520
Epoch 96/100
Training loss: 0.00000 || Validation loss: 6.96371
Epoch 97/100
Training loss: 0.00000 || Validation loss: 7.43997
Epoch 98/100
Training loss: 0.00000 || Validation loss: 7.92542
Epoch 99/100
Training loss: 0.00000 || Validation loss: 8.41020
Epoch 100/100
Training loss: 0.00000 || Validation loss: 8.89034
Best model for fold 2 saved from epoch 10 with f1 1.35186
Final training loss: 0.00000 || Final test loss: 8.89034
Fold 3
device : cuda
Model not found at ./model/forest_wba_value_compare_pretrained_and_non_8frames/piece_size_10_fix_False_pretrained_False/fold_3/fly_model.ckpt
./model/forest_wba_value_compare_pretrained_and_non_8frames/piece_size_10_fix_False_pretrained_True/fold_3에서 튜플 파일을 불러왔습니다.
Epoch 1/100
Training loss: 13.29956 || Validation loss: 7.38219
New best model saved at epoch 1 with loss 7.38219
Epoch 2/100
Training loss: 0.94078 || Validation loss: 3.56226
New best model saved at epoch 2 with loss 3.56226
Epoch 3/100
Training loss: 0.26031 || Validation loss: 2.63360
New best model saved at epoch 3 with loss 2.63360
Epoch 4/100
Training loss: 0.11547 || Validation loss: 2.04622
New best model saved at epoch 4 with loss 2.04622
Epoch 5/100
Training loss: 0.04871 || Validation loss: 2.16318
Epoch 6/100
Training loss: 0.02230 || Validation loss: 1.59136
New best model saved at epoch 6 with loss 1.59136
Epoch 7/100
Training loss: 0.01255 || Validation loss: 1.31963
New best model saved at epoch 7 with loss 1.31963
Epoch 8/100
Training loss: 0.00922 || Validation loss: 1.32767
Epoch 9/100
Training loss: 0.00549 || Validation loss: 1.09120
New best model saved at epoch 9 with loss 1.09120
Epoch 10/100
Training loss: 0.00309 || Validation loss: 1.47565
Epoch 11/100
Training loss: 0.00131 || Validation loss: 1.43253
Epoch 12/100
Training loss: 0.00057 || Validation loss: 1.87589
Epoch 13/100
Training loss: 0.00019 || Validation loss: 2.11728
Epoch 14/100
Training loss: 0.00006 || Validation loss: 2.01242
Epoch 15/100
Training loss: 0.00002 || Validation loss: 1.86685
Epoch 16/100
Training loss: 0.00001 || Validation loss: 1.92953
Epoch 17/100
Training loss: 0.00000 || Validation loss: 2.21869
Epoch 18/100
Training loss: 0.00000 || Validation loss: 1.86819
Epoch 19/100
Training loss: 0.00000 || Validation loss: 1.81204
Epoch 20/100
Training loss: 0.00000 || Validation loss: 1.89830
Epoch 21/100
Training loss: 0.00000 || Validation loss: 1.87717
Epoch 22/100
Training loss: 0.00000 || Validation loss: 2.10375
Epoch 23/100
Training loss: 0.00000 || Validation loss: 1.70215
Epoch 24/100
Training loss: 0.00000 || Validation loss: 1.88093
Epoch 25/100
Training loss: 0.00000 || Validation loss: 1.93679
Epoch 26/100
Training loss: 0.00000 || Validation loss: 1.64351
Epoch 27/100
Training loss: 0.00000 || Validation loss: 1.92739
Epoch 28/100
Training loss: 0.00000 || Validation loss: 1.62000
Epoch 29/100
Training loss: 0.00000 || Validation loss: 1.48367
Epoch 30/100
Training loss: 0.00000 || Validation loss: 1.67756
Epoch 31/100
Training loss: 0.00000 || Validation loss: 1.47778
Epoch 32/100
Training loss: 0.00000 || Validation loss: 1.47099
Epoch 33/100
Training loss: 0.00000 || Validation loss: 1.57342
Epoch 34/100
Training loss: 0.00000 || Validation loss: 1.38090
Epoch 35/100
Training loss: 0.00000 || Validation loss: 1.35377
Epoch 36/100
Training loss: 0.00000 || Validation loss: 1.50390
Epoch 37/100
Training loss: 0.00000 || Validation loss: 1.44309
Epoch 38/100
Training loss: 0.00000 || Validation loss: 1.32982
Epoch 39/100
Training loss: 0.00000 || Validation loss: 1.37819
Epoch 40/100
Training loss: 0.00000 || Validation loss: 1.24573
Epoch 41/100
Training loss: 0.00000 || Validation loss: 1.15568
Epoch 42/100
Training loss: 0.00000 || Validation loss: 1.20642
Epoch 43/100
Training loss: 0.00000 || Validation loss: 1.12103
Epoch 44/100
Training loss: 0.00000 || Validation loss: 0.93116
New best model saved at epoch 44 with loss 0.93116
Epoch 45/100
Training loss: 0.00000 || Validation loss: 0.84294
New best model saved at epoch 45 with loss 0.84294
Epoch 46/100
Training loss: 0.00000 || Validation loss: 1.04000
Epoch 47/100
Training loss: 0.00000 || Validation loss: 0.73366
New best model saved at epoch 47 with loss 0.73366
Epoch 48/100
Training loss: 0.00000 || Validation loss: 0.87458
Epoch 49/100
Training loss: 0.00000 || Validation loss: 0.78078
Epoch 50/100
Training loss: 0.00000 || Validation loss: 0.70664
New best model saved at epoch 50 with loss 0.70664
Epoch 51/100
Training loss: 0.00000 || Validation loss: 0.70099
New best model saved at epoch 51 with loss 0.70099
Epoch 52/100
Training loss: 0.00000 || Validation loss: 0.76424
Epoch 53/100
Training loss: 0.00000 || Validation loss: 0.66923
New best model saved at epoch 53 with loss 0.66923
Epoch 54/100
Training loss: 0.00000 || Validation loss: 0.77134
Epoch 55/100
Training loss: 0.00000 || Validation loss: 0.86077
Epoch 56/100
Training loss: 0.00000 || Validation loss: 0.82415
Epoch 57/100
Training loss: 0.00000 || Validation loss: 0.83927
Epoch 58/100
Training loss: 0.00000 || Validation loss: 1.00133
Epoch 59/100
Training loss: 0.00000 || Validation loss: 1.02483
Epoch 60/100
Training loss: 0.00000 || Validation loss: 1.05311
Epoch 61/100
Training loss: 0.00005 || Validation loss: 1.80082
Epoch 62/100
Training loss: 0.00000 || Validation loss: 1.86118
Epoch 63/100
Training loss: 0.00000 || Validation loss: 1.92745
Epoch 64/100
Training loss: 0.00000 || Validation loss: 2.11500
Epoch 65/100
Training loss: 0.00000 || Validation loss: 2.20858
Epoch 66/100
Training loss: 0.00000 || Validation loss: 2.34363
Epoch 67/100
Training loss: 0.00000 || Validation loss: 2.46572
Epoch 68/100
Training loss: 0.00000 || Validation loss: 2.49489
Epoch 69/100
Training loss: 0.00000 || Validation loss: 2.72100
Epoch 70/100
Training loss: 0.00000 || Validation loss: 2.80260
Epoch 71/100
Training loss: 0.00000 || Validation loss: 3.03261
Epoch 72/100
Training loss: 0.00002 || Validation loss: 3.18255
Epoch 73/100
Training loss: 0.00000 || Validation loss: 3.21682
Epoch 74/100
Training loss: 0.00000 || Validation loss: 3.38840
Epoch 75/100
Training loss: 0.00001 || Validation loss: 3.53797
Epoch 76/100
Training loss: 0.00000 || Validation loss: 3.58444
Epoch 77/100
Training loss: 0.00316 || Validation loss: 4.37041
Epoch 78/100
Training loss: 0.00001 || Validation loss: 4.22380
Epoch 79/100
Training loss: 0.00000 || Validation loss: 4.22613
Epoch 80/100
Training loss: 0.00000 || Validation loss: 4.22497
Epoch 81/100
Training loss: 0.00000 || Validation loss: 4.22567
Epoch 82/100
Training loss: 0.00000 || Validation loss: 4.22767
Epoch 83/100
Training loss: 0.00000 || Validation loss: 4.22997
Epoch 84/100
Training loss: 0.00000 || Validation loss: 4.23112
Epoch 85/100
Training loss: 0.00000 || Validation loss: 4.23379
Epoch 86/100
Training loss: 0.00000 || Validation loss: 4.23630
Epoch 87/100
Training loss: 0.00000 || Validation loss: 4.23936
Epoch 88/100
Training loss: 0.00000 || Validation loss: 4.24200
Epoch 89/100
Training loss: 0.00000 || Validation loss: 4.24500
Epoch 90/100
Training loss: 0.00000 || Validation loss: 4.24865
Epoch 91/100
Training loss: 0.00000 || Validation loss: 4.25219
Epoch 92/100
Training loss: 0.00000 || Validation loss: 4.25708
Epoch 93/100
Training loss: 0.00000 || Validation loss: 4.26082
Epoch 94/100
Training loss: 0.00000 || Validation loss: 4.28266
Epoch 95/100
Training loss: 0.00000 || Validation loss: 4.27067
Epoch 96/100
Training loss: 0.00000 || Validation loss: 4.27694
Epoch 97/100
Training loss: 0.00000 || Validation loss: 4.28166
Epoch 98/100
Training loss: 0.00000 || Validation loss: 4.28760
Epoch 99/100
Training loss: 0.00000 || Validation loss: 4.29461
Epoch 100/100
Training loss: 0.00000 || Validation loss: 4.29381
Best model for fold 3 saved from epoch 53 with f1 0.66923
Final training loss: 0.00000 || Final test loss: 4.29381
All fold val losses: [1.3085520943770041, 1.3518641797395854, 0.6692287681194452]
Average val loss: 1.10988
Fold 1
device : cuda
Model not found at ./model/forest_wba_value_compare_pretrained_and_non_8frames/piece_size_20_fix_False_pretrained_False/fold_1/fly_model.ckpt
튜플 파일을 불러오는 중 문제가 발생했습니다 (./model/forest_wba_value_compare_pretrained_and_non_8frames/piece_size_20_fix_False_pretrained_False/fold_1): [Errno 2] No such file or directory: './model/forest_wba_value_compare_pretrained_and_non_8frames/piece_size_20_fix_False_pretrained_False/fold_1/training_tuples.pkl'
Epoch 1/100
Training loss: 7.15156 || Validation loss: 2.59479
New best model saved at epoch 1 with loss 2.59479
Epoch 2/100
Training loss: 0.40894 || Validation loss: 1.42246
New best model saved at epoch 2 with loss 1.42246
Epoch 3/100
Training loss: 0.11879 || Validation loss: 1.26440
New best model saved at epoch 3 with loss 1.26440
Epoch 4/100
Training loss: 0.07141 || Validation loss: 1.07067
New best model saved at epoch 4 with loss 1.07067
Epoch 5/100
Training loss: 0.03815 || Validation loss: 1.12675
Epoch 6/100
Training loss: 0.02621 || Validation loss: 1.28544
Epoch 7/100
Training loss: 0.01403 || Validation loss: 1.71859
Epoch 8/100
Training loss: 0.00808 || Validation loss: 2.03958
Epoch 9/100
Training loss: 0.00494 || Validation loss: 2.68936
Epoch 10/100
Training loss: 0.00119 || Validation loss: 3.11644
Epoch 11/100
Training loss: 0.00137 || Validation loss: 3.64286
Epoch 12/100
Training loss: 0.00079 || Validation loss: 3.82737
Epoch 13/100
Training loss: 0.00013 || Validation loss: 3.85313
Epoch 14/100
Training loss: 0.00002 || Validation loss: 3.88314
Epoch 15/100
Training loss: 0.00000 || Validation loss: 3.95399
Epoch 16/100
Training loss: 0.00000 || Validation loss: 4.00709
Epoch 17/100
Training loss: 0.00000 || Validation loss: 3.82636
Epoch 18/100
Training loss: 0.00000 || Validation loss: 4.04215
Epoch 19/100
Training loss: 0.00000 || Validation loss: 4.08124
Epoch 20/100
Training loss: 0.00000 || Validation loss: 3.84864
Epoch 21/100
Training loss: 0.00000 || Validation loss: 3.88450
Epoch 22/100
Training loss: 0.00000 || Validation loss: 4.09206
Epoch 23/100
Training loss: 0.00000 || Validation loss: 3.89477
Epoch 24/100
Training loss: 0.00000 || Validation loss: 3.97722
Epoch 25/100
Training loss: 0.00000 || Validation loss: 3.88051
Epoch 26/100
Training loss: 0.00000 || Validation loss: 3.69906
Epoch 27/100
Training loss: 0.00000 || Validation loss: 3.83427
Epoch 28/100
Training loss: 0.00000 || Validation loss: 3.86355
Epoch 29/100
Training loss: 0.00000 || Validation loss: 3.73154
Epoch 30/100
Training loss: 0.00000 || Validation loss: 3.71813
Epoch 31/100
Training loss: 0.00000 || Validation loss: 3.80765
Epoch 32/100
Training loss: 0.00000 || Validation loss: 3.81633
Epoch 33/100
Training loss: 0.00000 || Validation loss: 3.72614
Epoch 34/100
Training loss: 0.00000 || Validation loss: 3.77307
Epoch 35/100
Training loss: 0.00000 || Validation loss: 3.59714
Epoch 36/100
Training loss: 0.00000 || Validation loss: 3.66801
Epoch 37/100
Training loss: 0.00000 || Validation loss: 3.65130
Epoch 38/100
Training loss: 0.00000 || Validation loss: 3.61205
Epoch 39/100
Training loss: 0.00000 || Validation loss: 3.66714
Epoch 40/100
Training loss: 0.00000 || Validation loss: 3.49164
Epoch 41/100
Training loss: 0.00000 || Validation loss: 3.53124
Epoch 42/100
Training loss: 0.00000 || Validation loss: 3.54007
Epoch 43/100
Training loss: 0.00000 || Validation loss: 3.34519
Epoch 44/100
Training loss: 0.00000 || Validation loss: 3.37193
Epoch 45/100
Training loss: 0.00000 || Validation loss: 3.43818
Epoch 46/100
Training loss: 0.00000 || Validation loss: 3.26534
Epoch 47/100
Training loss: 0.00000 || Validation loss: 3.25902
Epoch 48/100
Training loss: 0.00000 || Validation loss: 3.20472
Epoch 49/100
Training loss: 0.00000 || Validation loss: 3.11607
Epoch 50/100
Training loss: 0.00000 || Validation loss: 3.06229
Epoch 51/100
Training loss: 0.00000 || Validation loss: 3.11087
Epoch 52/100
Training loss: 0.00000 || Validation loss: 2.99155
Epoch 53/100
Training loss: 0.00000 || Validation loss: 2.97364
Epoch 54/100
Training loss: 0.00000 || Validation loss: 2.96299
Epoch 55/100
Training loss: 0.00000 || Validation loss: 2.85076
Epoch 56/100
Training loss: 0.00000 || Validation loss: 2.80667
Epoch 57/100
Training loss: 0.00000 || Validation loss: 2.77159
Epoch 58/100
Training loss: 0.00000 || Validation loss: 2.72846
Epoch 59/100
Training loss: 0.00000 || Validation loss: 2.69739
Epoch 60/100
Training loss: 0.00000 || Validation loss: 2.61928
Epoch 61/100
Training loss: 0.00000 || Validation loss: 2.59754
Epoch 62/100
Training loss: 0.00000 || Validation loss: 2.54260
Epoch 63/100
Training loss: 0.00000 || Validation loss: 2.51307
Epoch 64/100
Training loss: 0.00000 || Validation loss: 2.44899
Epoch 65/100
Training loss: 0.00000 || Validation loss: 2.42933
Epoch 66/100
Training loss: 0.00000 || Validation loss: 2.40174
Epoch 67/100
Training loss: 0.00000 || Validation loss: 2.36958
Epoch 68/100
Training loss: 0.00000 || Validation loss: 2.35533
Epoch 69/100
Training loss: 0.00000 || Validation loss: 2.31849
Epoch 70/100
Training loss: 0.00000 || Validation loss: 2.31336
Epoch 71/100
Training loss: 0.00000 || Validation loss: 2.27606
Epoch 72/100
Training loss: 0.00001 || Validation loss: 2.26152
Epoch 73/100
Training loss: 0.00000 || Validation loss: 2.25428
Epoch 74/100
Training loss: 0.00000 || Validation loss: 2.24921
Epoch 75/100
Training loss: 0.00000 || Validation loss: 2.23702
Epoch 76/100
Training loss: 0.00000 || Validation loss: 2.22949
Epoch 77/100
Training loss: 0.00000 || Validation loss: 2.22307
Epoch 78/100
Training loss: 0.09267 || Validation loss: 2.16476
Epoch 79/100
Training loss: 0.00001 || Validation loss: 2.20720
Epoch 80/100
Training loss: 0.00000 || Validation loss: 2.20214
Epoch 81/100
Training loss: 0.00000 || Validation loss: 2.21415
Epoch 82/100
Training loss: 0.00000 || Validation loss: 2.21207
Epoch 83/100
Training loss: 0.00000 || Validation loss: 2.20773
Epoch 84/100
Training loss: 0.00000 || Validation loss: 2.20898
Epoch 85/100
Training loss: 0.00000 || Validation loss: 2.20984
Epoch 86/100
Training loss: 0.00000 || Validation loss: 2.20950
Epoch 87/100
Training loss: 0.00000 || Validation loss: 2.21043
Epoch 88/100
Training loss: 0.00000 || Validation loss: 2.21103
Epoch 89/100
Training loss: 0.00000 || Validation loss: 2.21164
Epoch 90/100
Training loss: 0.00000 || Validation loss: 2.21624
Epoch 91/100
Training loss: 0.00000 || Validation loss: 2.21840
Epoch 92/100
Training loss: 0.00000 || Validation loss: 2.22245
Epoch 93/100
Training loss: 0.00000 || Validation loss: 2.21661
Epoch 94/100
Training loss: 0.00000 || Validation loss: 2.21614
Epoch 95/100
Training loss: 0.00000 || Validation loss: 2.21809
Epoch 96/100
Training loss: 0.00000 || Validation loss: 2.22400
Epoch 97/100
Training loss: 0.00000 || Validation loss: 2.22448
Epoch 98/100
Training loss: 0.00000 || Validation loss: 2.22497
Epoch 99/100
Training loss: 0.00000 || Validation loss: 2.22525
Epoch 100/100
Training loss: 0.00000 || Validation loss: 2.21786
Best model for fold 1 saved from epoch 4 with f1 1.07067
Final training loss: 0.00000 || Final test loss: 2.21786
Fold 2
device : cuda
Model not found at ./model/forest_wba_value_compare_pretrained_and_non_8frames/piece_size_20_fix_False_pretrained_False/fold_2/fly_model.ckpt
튜플 파일을 불러오는 중 문제가 발생했습니다 (./model/forest_wba_value_compare_pretrained_and_non_8frames/piece_size_20_fix_False_pretrained_False/fold_2): [Errno 2] No such file or directory: './model/forest_wba_value_compare_pretrained_and_non_8frames/piece_size_20_fix_False_pretrained_False/fold_2/training_tuples.pkl'
Epoch 1/100
Training loss: 11.85901 || Validation loss: 14.08183
New best model saved at epoch 1 with loss 14.08183
Epoch 2/100
Training loss: 1.03679 || Validation loss: 7.38460
New best model saved at epoch 2 with loss 7.38460
Epoch 3/100
Training loss: 0.37026 || Validation loss: 6.85669
New best model saved at epoch 3 with loss 6.85669
Epoch 4/100
Training loss: 0.18000 || Validation loss: 5.72308
New best model saved at epoch 4 with loss 5.72308
Epoch 5/100
Training loss: 0.10303 || Validation loss: 5.44306
New best model saved at epoch 5 with loss 5.44306
Epoch 6/100
Training loss: 0.07501 || Validation loss: 3.93598
New best model saved at epoch 6 with loss 3.93598
Epoch 7/100
Training loss: 0.04636 || Validation loss: 3.00968
New best model saved at epoch 7 with loss 3.00968
Epoch 8/100
Training loss: 0.03654 || Validation loss: 2.34955
New best model saved at epoch 8 with loss 2.34955
Epoch 9/100
Training loss: 0.02524 || Validation loss: 1.36881
New best model saved at epoch 9 with loss 1.36881
Epoch 10/100
Training loss: 0.01902 || Validation loss: 1.30561
New best model saved at epoch 10 with loss 1.30561
Epoch 11/100
Training loss: 0.01074 || Validation loss: 1.30041
New best model saved at epoch 11 with loss 1.30041
Epoch 12/100
Training loss: 0.00745 || Validation loss: 1.13512
New best model saved at epoch 12 with loss 1.13512
Epoch 13/100
Training loss: 0.00448 || Validation loss: 1.73008
Epoch 14/100
Training loss: 0.00246 || Validation loss: 2.57413
Epoch 15/100
Training loss: 0.00112 || Validation loss: 2.83508
Epoch 16/100
Training loss: 0.00045 || Validation loss: 3.34022
Epoch 17/100
Training loss: 0.00017 || Validation loss: 3.88832
Epoch 18/100
Training loss: 0.00005 || Validation loss: 3.98086
Epoch 19/100
Training loss: 0.00002 || Validation loss: 4.31874
Epoch 20/100
Training loss: 0.00000 || Validation loss: 4.23317
Epoch 21/100
Training loss: 0.00000 || Validation loss: 4.15058
Epoch 22/100
Training loss: 0.00000 || Validation loss: 4.17354
Epoch 23/100
Training loss: 0.00000 || Validation loss: 4.16010
Epoch 24/100
Training loss: 0.00000 || Validation loss: 4.21957
Epoch 25/100
Training loss: 0.00000 || Validation loss: 4.00193
Epoch 26/100
Training loss: 0.00000 || Validation loss: 3.99919
Epoch 27/100
Training loss: 0.00000 || Validation loss: 4.15500
Epoch 28/100
Training loss: 0.00000 || Validation loss: 3.88992
Epoch 29/100
Training loss: 0.00000 || Validation loss: 3.92876
Epoch 30/100
Training loss: 0.00000 || Validation loss: 3.71880
Epoch 31/100
Training loss: 0.00000 || Validation loss: 3.89500
Epoch 32/100
Training loss: 0.00000 || Validation loss: 3.82522
Epoch 33/100
Training loss: 0.00000 || Validation loss: 3.99503
Epoch 34/100
Training loss: 0.00000 || Validation loss: 3.53893
Epoch 35/100
Training loss: 0.00000 || Validation loss: 3.44524
Epoch 36/100
Training loss: 0.00000 || Validation loss: 3.70058
Epoch 37/100
Training loss: 0.00000 || Validation loss: 3.32313
Epoch 38/100
Training loss: 0.00000 || Validation loss: 3.42938
Epoch 39/100
Training loss: 0.00000 || Validation loss: 3.20228
Epoch 40/100
Training loss: 0.00000 || Validation loss: 3.08925
Epoch 41/100
Training loss: 0.00000 || Validation loss: 3.44955
Epoch 42/100
Training loss: 0.00000 || Validation loss: 3.27348
Epoch 43/100
Training loss: 0.00000 || Validation loss: 3.19495
Epoch 44/100
Training loss: 0.00000 || Validation loss: 2.64100
Epoch 45/100
Training loss: 0.00000 || Validation loss: 2.60678
Epoch 46/100
Training loss: 0.00000 || Validation loss: 2.76480
Epoch 47/100
Training loss: 0.00000 || Validation loss: 2.36256
Epoch 48/100
Training loss: 0.00000 || Validation loss: 2.24201
Epoch 49/100
Training loss: 0.00000 || Validation loss: 2.27502
Epoch 50/100
Training loss: 0.00000 || Validation loss: 2.27185
Epoch 51/100
Training loss: 0.00000 || Validation loss: 2.10042
Epoch 52/100
Training loss: 0.00000 || Validation loss: 1.83646
Epoch 53/100
Training loss: 0.00000 || Validation loss: 1.76824
Epoch 54/100
Training loss: 0.00000 || Validation loss: 1.72327
Epoch 55/100
Training loss: 0.00000 || Validation loss: 1.68088
Epoch 56/100
Training loss: 0.00000 || Validation loss: 1.53318
Epoch 57/100
Training loss: 0.00000 || Validation loss: 1.41272
Epoch 58/100
Training loss: 0.00000 || Validation loss: 1.35387
Epoch 59/100
Training loss: 0.00000 || Validation loss: 1.28130
Epoch 60/100
Training loss: 0.00000 || Validation loss: 1.18550
Epoch 61/100
Training loss: 0.00000 || Validation loss: 1.06036
New best model saved at epoch 61 with loss 1.06036
Epoch 62/100
Training loss: 0.00000 || Validation loss: 1.08727
Epoch 63/100
Training loss: 0.00000 || Validation loss: 0.98069
New best model saved at epoch 63 with loss 0.98069
Epoch 64/100
Training loss: 0.00000 || Validation loss: 0.94186
New best model saved at epoch 64 with loss 0.94186
Epoch 65/100
Training loss: 0.00000 || Validation loss: 0.92469
New best model saved at epoch 65 with loss 0.92469
Epoch 66/100
Training loss: 0.00000 || Validation loss: 0.90134
New best model saved at epoch 66 with loss 0.90134
Epoch 67/100
Training loss: 0.00000 || Validation loss: 0.85471
New best model saved at epoch 67 with loss 0.85471
Epoch 68/100
Training loss: 0.00000 || Validation loss: 0.83416
New best model saved at epoch 68 with loss 0.83416
Epoch 69/100
Training loss: 0.00000 || Validation loss: 0.81100
New best model saved at epoch 69 with loss 0.81100
Epoch 70/100
Training loss: 0.00000 || Validation loss: 0.79972
New best model saved at epoch 70 with loss 0.79972
Epoch 71/100
Training loss: 0.00000 || Validation loss: 0.79374
New best model saved at epoch 71 with loss 0.79374
Epoch 72/100
Training loss: 0.00000 || Validation loss: 0.78618
New best model saved at epoch 72 with loss 0.78618
Epoch 73/100
Training loss: 0.00023 || Validation loss: 0.77702
New best model saved at epoch 73 with loss 0.77702
Epoch 74/100
Training loss: 0.00000 || Validation loss: 0.77607
New best model saved at epoch 74 with loss 0.77607
Epoch 75/100
Training loss: 0.00000 || Validation loss: 0.77808
Epoch 76/100
Training loss: 0.00000 || Validation loss: 0.78092
Epoch 77/100
Training loss: 0.00000 || Validation loss: 0.78453
Epoch 78/100
Training loss: 0.00000 || Validation loss: 0.78795
Epoch 79/100
Training loss: 0.00000 || Validation loss: 0.79227
Epoch 80/100
Training loss: 0.00000 || Validation loss: 0.79962
Epoch 81/100
Training loss: 0.00000 || Validation loss: 0.80620
Epoch 82/100
Training loss: 0.00000 || Validation loss: 0.81453
Epoch 83/100
Training loss: 0.00000 || Validation loss: 0.82458
Epoch 84/100
Training loss: 0.00000 || Validation loss: 0.83585
Epoch 85/100
Training loss: 0.00427 || Validation loss: 0.84949
Epoch 86/100
Training loss: 0.00000 || Validation loss: 0.86412
Epoch 87/100
Training loss: 0.00000 || Validation loss: 0.88083
Epoch 88/100
Training loss: 0.00000 || Validation loss: 0.89923
Epoch 89/100
Training loss: 0.00000 || Validation loss: 0.91941
Epoch 90/100
Training loss: 0.00000 || Validation loss: 0.94128
Epoch 91/100
Training loss: 0.00000 || Validation loss: 0.96477
Epoch 92/100
Training loss: 0.00000 || Validation loss: 0.98985
Epoch 93/100
Training loss: 0.00000 || Validation loss: 1.01624
Epoch 94/100
Training loss: 0.00000 || Validation loss: 1.04377
Epoch 95/100
Training loss: 0.00000 || Validation loss: 1.07225
Epoch 96/100
Training loss: 0.00000 || Validation loss: 1.10136
Epoch 97/100
Training loss: 0.00000 || Validation loss: 1.13084
Epoch 98/100
Training loss: 0.00000 || Validation loss: 1.16014
Epoch 99/100
Training loss: 0.00000 || Validation loss: 1.18949
Epoch 100/100
Training loss: 0.00000 || Validation loss: 1.21819
Best model for fold 2 saved from epoch 74 with f1 0.77607
Final training loss: 0.00000 || Final test loss: 1.21819
Fold 3
device : cuda
Model not found at ./model/forest_wba_value_compare_pretrained_and_non_8frames/piece_size_20_fix_False_pretrained_False/fold_3/fly_model.ckpt
튜플 파일을 불러오는 중 문제가 발생했습니다 (./model/forest_wba_value_compare_pretrained_and_non_8frames/piece_size_20_fix_False_pretrained_False/fold_3): [Errno 2] No such file or directory: './model/forest_wba_value_compare_pretrained_and_non_8frames/piece_size_20_fix_False_pretrained_False/fold_3/training_tuples.pkl'
Epoch 1/100
Training loss: 18.75780 || Validation loss: 11.04032
New best model saved at epoch 1 with loss 11.04032
Epoch 2/100
Training loss: 1.33204 || Validation loss: 4.76811
New best model saved at epoch 2 with loss 4.76811
Epoch 3/100
Training loss: 0.40809 || Validation loss: 2.95651
New best model saved at epoch 3 with loss 2.95651
Epoch 4/100
Training loss: 0.25120 || Validation loss: 1.82147
New best model saved at epoch 4 with loss 1.82147
Epoch 5/100
Training loss: 0.17678 || Validation loss: 1.31269
New best model saved at epoch 5 with loss 1.31269
Epoch 6/100
Training loss: 0.13744 || Validation loss: 0.90789
New best model saved at epoch 6 with loss 0.90789
Epoch 7/100
Training loss: 0.08684 || Validation loss: 0.79792
New best model saved at epoch 7 with loss 0.79792
Epoch 8/100
Training loss: 0.05680 || Validation loss: 0.95928
Epoch 9/100
Training loss: 0.02769 || Validation loss: 1.13728
Epoch 10/100
Training loss: 0.01008 || Validation loss: 1.31575
Epoch 11/100
Training loss: 0.00322 || Validation loss: 1.32803
Epoch 12/100
Training loss: 0.00079 || Validation loss: 1.37128
Epoch 13/100
Training loss: 0.00026 || Validation loss: 1.44404
Epoch 14/100
Training loss: 0.00069 || Validation loss: 1.33945
Epoch 15/100
Training loss: 0.00006 || Validation loss: 1.29332
Epoch 16/100
Training loss: 0.00000 || Validation loss: 1.35583
Epoch 17/100
Training loss: 0.00000 || Validation loss: 1.36259
Epoch 18/100
Training loss: 0.00000 || Validation loss: 1.32105
Epoch 19/100
Training loss: 0.00000 || Validation loss: 1.32966
Epoch 20/100
Training loss: 0.00000 || Validation loss: 1.32020
Epoch 21/100
Training loss: 0.00000 || Validation loss: 1.33665
Epoch 22/100
Training loss: 0.00000 || Validation loss: 1.39832
Epoch 23/100
Training loss: 0.00000 || Validation loss: 1.33149
Epoch 24/100
Training loss: 0.00000 || Validation loss: 1.31927
Epoch 25/100
Training loss: 0.00000 || Validation loss: 1.31843
Epoch 26/100
Training loss: 0.00000 || Validation loss: 1.30254
Epoch 27/100
Training loss: 0.00000 || Validation loss: 1.33545
Epoch 28/100
Training loss: 0.00000 || Validation loss: 1.30024
Epoch 29/100
Training loss: 0.00000 || Validation loss: 1.34798
Epoch 30/100
Training loss: 0.00000 || Validation loss: 1.30026
Epoch 31/100
Training loss: 0.00000 || Validation loss: 1.31780
Epoch 32/100
Training loss: 0.00000 || Validation loss: 1.30809
Epoch 33/100
Training loss: 0.00000 || Validation loss: 1.31456
Epoch 34/100
Training loss: 0.00000 || Validation loss: 1.29413
Epoch 35/100
Training loss: 0.00000 || Validation loss: 1.28389
Epoch 36/100
Training loss: 0.00000 || Validation loss: 1.25697
Epoch 37/100
Training loss: 0.00000 || Validation loss: 1.26608
Epoch 38/100
Training loss: 0.00000 || Validation loss: 1.24038
Epoch 39/100
Training loss: 0.00000 || Validation loss: 1.22584
Epoch 40/100
Training loss: 0.00000 || Validation loss: 1.21740
Epoch 41/100
Training loss: 0.00000 || Validation loss: 1.22567
Epoch 42/100
Training loss: 0.00000 || Validation loss: 1.21892
Epoch 43/100
Training loss: 0.00000 || Validation loss: 1.23797
Epoch 44/100
Training loss: 0.00000 || Validation loss: 1.19685
Epoch 45/100
Training loss: 0.00000 || Validation loss: 1.21843
Epoch 46/100
Training loss: 0.00000 || Validation loss: 1.22008
Epoch 47/100
Training loss: 0.00000 || Validation loss: 1.19936
Epoch 48/100
Training loss: 0.00000 || Validation loss: 1.17144
Epoch 49/100
Training loss: 0.00000 || Validation loss: 1.17990
Epoch 50/100
Training loss: 0.00000 || Validation loss: 1.18556
Epoch 51/100
Training loss: 0.00000 || Validation loss: 1.14941
Epoch 52/100
Training loss: 0.00000 || Validation loss: 1.17344
Epoch 53/100
Training loss: 0.00000 || Validation loss: 1.16327
Epoch 54/100
Training loss: 0.00000 || Validation loss: 1.15783
Epoch 55/100
Training loss: 0.00000 || Validation loss: 1.15364
Epoch 56/100
Training loss: 0.00001 || Validation loss: 1.14013
Epoch 57/100
Training loss: 0.00006 || Validation loss: 1.10042
Epoch 58/100
Training loss: 0.00000 || Validation loss: 1.10913
Epoch 59/100
Training loss: 0.00000 || Validation loss: 1.10949
Epoch 60/100
Training loss: 0.00000 || Validation loss: 1.13555
Epoch 61/100
Training loss: 0.00001 || Validation loss: 1.12142
Epoch 62/100
Training loss: 0.00001 || Validation loss: 1.13767
Epoch 63/100
Training loss: 0.00001 || Validation loss: 1.13586
Epoch 64/100
Training loss: 0.00204 || Validation loss: 1.12566
Epoch 65/100
Training loss: 0.00000 || Validation loss: 1.13986
Epoch 66/100
Training loss: 0.00000 || Validation loss: 1.15725
Epoch 67/100
Training loss: 0.00000 || Validation loss: 1.17951
Epoch 68/100
Training loss: 0.00000 || Validation loss: 1.20460
Epoch 69/100
Training loss: 0.00000 || Validation loss: 1.23384
Epoch 70/100
Training loss: 0.00000 || Validation loss: 1.26791
Epoch 71/100
Training loss: 0.00000 || Validation loss: 1.30764
Epoch 72/100
Training loss: 0.00000 || Validation loss: 1.35359
Epoch 73/100
Training loss: 0.00000 || Validation loss: 1.40801
Epoch 74/100
Training loss: 0.00000 || Validation loss: 1.46913
Epoch 75/100
Training loss: 0.00000 || Validation loss: 1.54053
Epoch 76/100
Training loss: 0.00000 || Validation loss: 1.62420
Epoch 77/100
Training loss: 0.00000 || Validation loss: 1.72126
Epoch 78/100
Training loss: 0.00000 || Validation loss: 1.83244
Epoch 79/100
Training loss: 0.00000 || Validation loss: 1.96131
Epoch 80/100
Training loss: 0.00001 || Validation loss: 2.10706
Epoch 81/100
Training loss: 0.00014 || Validation loss: 2.26137
Epoch 82/100
Training loss: 0.00002 || Validation loss: 2.47485
Epoch 83/100
Training loss: 0.00000 || Validation loss: 2.69150
Epoch 84/100
Training loss: 0.00000 || Validation loss: 2.93523
Epoch 85/100
Training loss: 0.00000 || Validation loss: 3.20920
Epoch 86/100
Training loss: 0.00000 || Validation loss: 3.51372
Epoch 87/100
Training loss: 0.00000 || Validation loss: 3.85134
Epoch 88/100
Training loss: 0.00001 || Validation loss: 4.22370
Epoch 89/100
Training loss: 0.00009 || Validation loss: 4.63996
Epoch 90/100
Training loss: 0.00000 || Validation loss: 5.08342
Epoch 91/100
Training loss: 0.00000 || Validation loss: 5.56238
Epoch 92/100
Training loss: 0.00000 || Validation loss: 6.07642
Epoch 93/100
Training loss: 0.00000 || Validation loss: 6.62304
Epoch 94/100
Training loss: 0.00004 || Validation loss: 7.20741
Epoch 95/100
Training loss: 0.00000 || Validation loss: 7.81485
Epoch 96/100
Training loss: 0.00002 || Validation loss: 8.45180
Epoch 97/100
Training loss: 0.00000 || Validation loss: 9.10343
Epoch 98/100
Training loss: 0.00001 || Validation loss: 9.77414
Epoch 99/100
Training loss: 0.00002 || Validation loss: 10.45863
Epoch 100/100
Training loss: 0.00005 || Validation loss: 11.14313
Best model for fold 3 saved from epoch 7 with f1 0.79792
Final training loss: 0.00005 || Final test loss: 11.14313
All fold val losses: [1.070669377843539, 0.7760717024405798, 0.7979214638471603]
Average val loss: 0.88155
Fold 1
device : cuda
Model not found at ./model/forest_wba_value_compare_pretrained_and_non_8frames/piece_size_40_fix_False_pretrained_False/fold_1/fly_model.ckpt
./model/forest_wba_value_compare_pretrained_and_non_8frames/piece_size_40_fix_False_pretrained_True/fold_1에서 튜플 파일을 불러왔습니다.
Epoch 1/100
Training loss: 9.52808 || Validation loss: 9.91467
New best model saved at epoch 1 with loss 9.91467
Epoch 2/100
Training loss: 0.44416 || Validation loss: 6.46204
New best model saved at epoch 2 with loss 6.46204
Epoch 3/100
Training loss: 0.15127 || Validation loss: 3.51320
New best model saved at epoch 3 with loss 3.51320
Epoch 4/100
Training loss: 0.07286 || Validation loss: 3.11507
New best model saved at epoch 4 with loss 3.11507
Epoch 5/100
Training loss: 0.04140 || Validation loss: 2.00362
New best model saved at epoch 5 with loss 2.00362
Epoch 6/100
Training loss: 0.02343 || Validation loss: 1.74169
New best model saved at epoch 6 with loss 1.74169
Epoch 7/100
Training loss: 0.01369 || Validation loss: 1.84448
Epoch 8/100
Training loss: 0.00713 || Validation loss: 1.95997
Epoch 9/100
Training loss: 0.00369 || Validation loss: 2.50612
Epoch 10/100
Training loss: 0.00162 || Validation loss: 3.17755
Epoch 11/100
Training loss: 0.00050 || Validation loss: 3.48340
Epoch 12/100
Training loss: 0.00016 || Validation loss: 3.85669
Epoch 13/100
Training loss: 0.00002 || Validation loss: 4.19481
Epoch 14/100
Training loss: 0.00001 || Validation loss: 4.39594
Epoch 15/100
Training loss: 0.00000 || Validation loss: 4.37066
Epoch 16/100
Training loss: 0.00000 || Validation loss: 4.41045
Epoch 17/100
Training loss: 0.00000 || Validation loss: 4.03031
Epoch 18/100
Training loss: 0.00000 || Validation loss: 4.20281
Epoch 19/100
Training loss: 0.00000 || Validation loss: 4.23485
Epoch 20/100
Training loss: 0.00000 || Validation loss: 4.29202
Epoch 21/100
Training loss: 0.00000 || Validation loss: 3.89886
Epoch 22/100
Training loss: 0.00000 || Validation loss: 4.12014
Epoch 23/100
Training loss: 0.00000 || Validation loss: 4.25494
Epoch 24/100
Training loss: 0.00000 || Validation loss: 4.32097
Epoch 25/100
Training loss: 0.00000 || Validation loss: 3.99952
Epoch 26/100
Training loss: 0.00000 || Validation loss: 4.18777
Epoch 27/100
Training loss: 0.00000 || Validation loss: 4.20147
Epoch 28/100
Training loss: 0.00000 || Validation loss: 4.23039
Epoch 29/100
Training loss: 0.00000 || Validation loss: 4.08427
Epoch 30/100
Training loss: 0.00000 || Validation loss: 4.13252
Epoch 31/100
Training loss: 0.00000 || Validation loss: 4.02404
Epoch 32/100
Training loss: 0.00000 || Validation loss: 3.81074
Epoch 33/100
Training loss: 0.00000 || Validation loss: 3.93734
Epoch 34/100
Training loss: 0.00000 || Validation loss: 3.70660
Epoch 35/100
Training loss: 0.00000 || Validation loss: 3.90135
Epoch 36/100
Training loss: 0.00000 || Validation loss: 3.80151
Epoch 37/100
Training loss: 0.00000 || Validation loss: 3.46035
Epoch 38/100
Training loss: 0.00000 || Validation loss: 3.72857
Epoch 39/100
Training loss: 0.00000 || Validation loss: 3.52274
Epoch 40/100
Training loss: 0.00000 || Validation loss: 3.44472
Epoch 41/100
Training loss: 0.00000 || Validation loss: 3.56149
Epoch 42/100
Training loss: 0.00000 || Validation loss: 3.34132
Epoch 43/100
Training loss: 0.00000 || Validation loss: 3.38338
Epoch 44/100
Training loss: 0.00000 || Validation loss: 3.25592
Epoch 45/100
Training loss: 0.00000 || Validation loss: 3.12418
Epoch 46/100
Training loss: 0.00000 || Validation loss: 3.15709
Epoch 47/100
Training loss: 0.00000 || Validation loss: 2.95816
Epoch 48/100
Training loss: 0.00000 || Validation loss: 2.90030
Epoch 49/100
Training loss: 0.00000 || Validation loss: 2.82961
Epoch 50/100
Training loss: 0.00000 || Validation loss: 2.69990
Epoch 51/100
Training loss: 0.00000 || Validation loss: 2.65914
Epoch 52/100
Training loss: 0.00000 || Validation loss: 2.63998
Epoch 53/100
Training loss: 0.00000 || Validation loss: 2.34898
Epoch 54/100
Training loss: 0.00000 || Validation loss: 2.37114
Epoch 55/100
Training loss: 0.00000 || Validation loss: 2.29437
Epoch 56/100
Training loss: 0.00000 || Validation loss: 2.19048
Epoch 57/100
Training loss: 0.00000 || Validation loss: 2.07525
Epoch 58/100
Training loss: 0.00000 || Validation loss: 2.05881
Epoch 59/100
Training loss: 0.00000 || Validation loss: 1.96241
Epoch 60/100
Training loss: 0.00000 || Validation loss: 1.91030
Epoch 61/100
Training loss: 0.00000 || Validation loss: 1.85551
Epoch 62/100
Training loss: 0.00000 || Validation loss: 1.77666
Epoch 63/100
Training loss: 0.00000 || Validation loss: 1.73254
New best model saved at epoch 63 with loss 1.73254
Epoch 64/100
Training loss: 0.00102 || Validation loss: 1.28251
New best model saved at epoch 64 with loss 1.28251
Epoch 65/100
Training loss: 0.00230 || Validation loss: 1.44394
Epoch 66/100
Training loss: 0.00000 || Validation loss: 1.44280
Epoch 67/100
Training loss: 0.00000 || Validation loss: 1.44101
Epoch 68/100
Training loss: 0.00000 || Validation loss: 1.43952
Epoch 69/100
Training loss: 0.00000 || Validation loss: 1.43872
Epoch 70/100
Training loss: 0.00000 || Validation loss: 1.43682
Epoch 71/100
Training loss: 0.00000 || Validation loss: 1.43495
Epoch 72/100
Training loss: 0.00000 || Validation loss: 1.43363
Epoch 73/100
Training loss: 0.00000 || Validation loss: 1.43277
Epoch 74/100
Training loss: 0.00000 || Validation loss: 1.43334
Epoch 75/100
Training loss: 0.00000 || Validation loss: 1.43566
Epoch 76/100
Training loss: 0.00000 || Validation loss: 1.43137
Epoch 77/100
Training loss: 0.00000 || Validation loss: 1.42976
Epoch 78/100
Training loss: 0.00000 || Validation loss: 1.42426
Epoch 79/100
Training loss: 0.00000 || Validation loss: 1.42351
Epoch 80/100
Training loss: 0.00000 || Validation loss: 1.41993
Epoch 81/100
Training loss: 0.00000 || Validation loss: 1.41815
Epoch 82/100
Training loss: 0.00000 || Validation loss: 1.41687
Epoch 83/100
Training loss: 0.00000 || Validation loss: 1.41475
Epoch 84/100
Training loss: 0.00000 || Validation loss: 1.41088
Epoch 85/100
Training loss: 0.00000 || Validation loss: 1.40970
Epoch 86/100
Training loss: 0.00000 || Validation loss: 1.40724
Epoch 87/100
Training loss: 0.00000 || Validation loss: 1.40601
Epoch 88/100
Training loss: 0.00000 || Validation loss: 1.40388
Epoch 89/100
Training loss: 0.00000 || Validation loss: 1.40345
Epoch 90/100
Training loss: 0.00000 || Validation loss: 1.40257
Epoch 91/100
Training loss: 0.00000 || Validation loss: 1.40180
Epoch 92/100
Training loss: 0.00000 || Validation loss: 1.40203
Epoch 93/100
Training loss: 0.00000 || Validation loss: 1.40284
Epoch 94/100
Training loss: 0.00004 || Validation loss: 1.40146
Epoch 95/100
Training loss: 0.00000 || Validation loss: 1.40292
Epoch 96/100
Training loss: 0.00000 || Validation loss: 1.40366
Epoch 97/100
Training loss: 0.00000 || Validation loss: 1.40365
Epoch 98/100
Training loss: 0.00000 || Validation loss: 1.40368
Epoch 99/100
Training loss: 0.00000 || Validation loss: 1.40632
Epoch 100/100
Training loss: 0.00000 || Validation loss: 1.40752
Best model for fold 1 saved from epoch 64 with f1 1.28251
Final training loss: 0.00000 || Final test loss: 1.40752
Fold 2
device : cuda
Model not found at ./model/forest_wba_value_compare_pretrained_and_non_8frames/piece_size_40_fix_False_pretrained_False/fold_2/fly_model.ckpt
./model/forest_wba_value_compare_pretrained_and_non_8frames/piece_size_40_fix_False_pretrained_True/fold_2에서 튜플 파일을 불러왔습니다.
Epoch 1/100
Training loss: 11.84463 || Validation loss: 15.49879
New best model saved at epoch 1 with loss 15.49879
Epoch 2/100
Training loss: 0.98451 || Validation loss: 9.31005
New best model saved at epoch 2 with loss 9.31005
Epoch 3/100
Training loss: 0.32295 || Validation loss: 8.46509
New best model saved at epoch 3 with loss 8.46509
Epoch 4/100
Training loss: 0.15348 || Validation loss: 7.03732
New best model saved at epoch 4 with loss 7.03732
Epoch 5/100
Training loss: 0.10477 || Validation loss: 5.74599
New best model saved at epoch 5 with loss 5.74599
Epoch 6/100
Training loss: 0.06043 || Validation loss: 4.18558
New best model saved at epoch 6 with loss 4.18558
Epoch 7/100
Training loss: 0.04253 || Validation loss: 3.59568
New best model saved at epoch 7 with loss 3.59568
Epoch 8/100
Training loss: 0.02693 || Validation loss: 2.60599
New best model saved at epoch 8 with loss 2.60599
Epoch 9/100
Training loss: 0.01635 || Validation loss: 1.92282
New best model saved at epoch 9 with loss 1.92282
Epoch 10/100
Training loss: 0.01024 || Validation loss: 1.52764
New best model saved at epoch 10 with loss 1.52764
Epoch 11/100
Training loss: 0.00534 || Validation loss: 1.46563
New best model saved at epoch 11 with loss 1.46563
Epoch 12/100
Training loss: 0.00284 || Validation loss: 1.78582
Epoch 13/100
Training loss: 0.00141 || Validation loss: 1.83082
Epoch 14/100
Training loss: 0.00077 || Validation loss: 1.94672
Epoch 15/100
Training loss: 0.00014 || Validation loss: 2.29216
Epoch 16/100
Training loss: 0.00005 || Validation loss: 2.34362
Epoch 17/100
Training loss: 0.00001 || Validation loss: 2.08897
Epoch 18/100
Training loss: 0.00000 || Validation loss: 2.25942
Epoch 19/100
Training loss: 0.00000 || Validation loss: 2.34403
Epoch 20/100
Training loss: 0.00000 || Validation loss: 2.28971
Epoch 21/100
Training loss: 0.00000 || Validation loss: 2.05664
Epoch 22/100
Training loss: 0.00000 || Validation loss: 2.09314
Epoch 23/100
Training loss: 0.00000 || Validation loss: 2.18428
Epoch 24/100
Training loss: 0.00000 || Validation loss: 2.17065
Epoch 25/100
Training loss: 0.00000 || Validation loss: 2.39807
Epoch 26/100
Training loss: 0.00000 || Validation loss: 2.16907
Epoch 27/100
Training loss: 0.00000 || Validation loss: 2.11469
Epoch 28/100
Training loss: 0.00000 || Validation loss: 2.19549
Epoch 29/100
Training loss: 0.00000 || Validation loss: 2.26190
Epoch 30/100
Training loss: 0.00000 || Validation loss: 2.27522
Epoch 31/100
Training loss: 0.00000 || Validation loss: 2.22675
Epoch 32/100
Training loss: 0.00000 || Validation loss: 2.27865
Epoch 33/100
Training loss: 0.00000 || Validation loss: 2.17192
Epoch 34/100
Training loss: 0.00000 || Validation loss: 2.15072
Epoch 35/100
Training loss: 0.00000 || Validation loss: 2.13931
Epoch 36/100
Training loss: 0.00000 || Validation loss: 2.09299
Epoch 37/100
Training loss: 0.00000 || Validation loss: 2.28876
Epoch 38/100
Training loss: 0.00000 || Validation loss: 1.99775
Epoch 39/100
Training loss: 0.00000 || Validation loss: 1.91185
Epoch 40/100
Training loss: 0.00000 || Validation loss: 1.93057
Epoch 41/100
Training loss: 0.00000 || Validation loss: 2.00340
Epoch 42/100
Training loss: 0.00000 || Validation loss: 1.87410
Epoch 43/100
Training loss: 0.00000 || Validation loss: 1.99471
Epoch 44/100
Training loss: 0.00000 || Validation loss: 1.89467
Epoch 45/100
Training loss: 0.00000 || Validation loss: 1.86411
Epoch 46/100
Training loss: 0.00000 || Validation loss: 1.74624
Epoch 47/100
Training loss: 0.00000 || Validation loss: 1.72368
Epoch 48/100
Training loss: 0.00000 || Validation loss: 1.80034
Epoch 49/100
Training loss: 0.00000 || Validation loss: 1.73866
Epoch 50/100
Training loss: 0.00000 || Validation loss: 1.64909
Epoch 51/100
Training loss: 0.00000 || Validation loss: 1.69075
Epoch 52/100
Training loss: 0.00000 || Validation loss: 1.61407
Epoch 53/100
Training loss: 0.00000 || Validation loss: 1.68571
Epoch 54/100
Training loss: 0.00000 || Validation loss: 1.62833
Epoch 55/100
Training loss: 0.00000 || Validation loss: 1.57567
Epoch 56/100
Training loss: 0.00000 || Validation loss: 1.54523
Epoch 57/100
Training loss: 0.00000 || Validation loss: 1.55975
Epoch 58/100
Training loss: 0.00000 || Validation loss: 1.51918
Epoch 59/100
Training loss: 0.00000 || Validation loss: 1.54390
Epoch 60/100
Training loss: 0.00000 || Validation loss: 1.54895
Epoch 61/100
Training loss: 0.00000 || Validation loss: 1.58154
Epoch 62/100
Training loss: 0.00000 || Validation loss: 1.60167
Epoch 63/100
Training loss: 0.00000 || Validation loss: 1.62644
Epoch 64/100
Training loss: 0.00000 || Validation loss: 1.67069
Epoch 65/100
Training loss: 0.00000 || Validation loss: 1.71448
Epoch 66/100
Training loss: 0.00000 || Validation loss: 1.76883
Epoch 67/100
Training loss: 0.00000 || Validation loss: 1.84660
Epoch 68/100
Training loss: 0.00000 || Validation loss: 1.91343
Epoch 69/100
Training loss: 0.00000 || Validation loss: 1.98540
Epoch 70/100
Training loss: 0.00000 || Validation loss: 2.11397
Epoch 71/100
Training loss: 0.00000 || Validation loss: 2.23714
Epoch 72/100
Training loss: 0.00000 || Validation loss: 2.37603
Epoch 73/100
Training loss: 0.00000 || Validation loss: 2.52767
Epoch 74/100
Training loss: 0.00000 || Validation loss: 2.70808
Epoch 75/100
Training loss: 0.00000 || Validation loss: 2.89674
Epoch 76/100
Training loss: 0.00000 || Validation loss: 3.10609
Epoch 77/100
Training loss: 0.00000 || Validation loss: 3.34763
Epoch 78/100
Training loss: 0.00000 || Validation loss: 3.61639
Epoch 79/100
Training loss: 0.01914 || Validation loss: 4.03871
Epoch 80/100
Training loss: 0.00000 || Validation loss: 4.37907
Epoch 81/100
Training loss: 0.00000 || Validation loss: 4.75268
Epoch 82/100
Training loss: 0.00000 || Validation loss: 5.16134
Epoch 83/100
Training loss: 0.00000 || Validation loss: 5.60599
Epoch 84/100
Training loss: 0.00000 || Validation loss: 6.08795
Epoch 85/100
Training loss: 0.00000 || Validation loss: 6.60737
Epoch 86/100
Training loss: 0.00000 || Validation loss: 7.16506
Epoch 87/100
Training loss: 0.00000 || Validation loss: 7.76043
Epoch 88/100
Training loss: 0.00000 || Validation loss: 8.39257
Epoch 89/100
Training loss: 0.00000 || Validation loss: 9.06215
Epoch 90/100
Training loss: 0.00000 || Validation loss: 9.76261
Epoch 91/100
Training loss: 0.00000 || Validation loss: 10.49698
Epoch 92/100
Training loss: 0.00000 || Validation loss: 11.25680
Epoch 93/100
Training loss: 0.00000 || Validation loss: 12.04174
Epoch 94/100
Training loss: 0.00000 || Validation loss: 12.84709
Epoch 95/100
Training loss: 0.00000 || Validation loss: 13.66882
Epoch 96/100
Training loss: 0.00000 || Validation loss: 14.49775
Epoch 97/100
Training loss: 0.00000 || Validation loss: 15.33223
Epoch 98/100
Training loss: 0.00000 || Validation loss: 16.16426
Epoch 99/100
Training loss: 0.00000 || Validation loss: 16.98888
Epoch 100/100
Training loss: 0.00000 || Validation loss: 17.79900
Best model for fold 2 saved from epoch 11 with f1 1.46563
Final training loss: 0.00000 || Final test loss: 17.79900
Fold 3
device : cuda
Model not found at ./model/forest_wba_value_compare_pretrained_and_non_8frames/piece_size_40_fix_False_pretrained_False/fold_3/fly_model.ckpt
./model/forest_wba_value_compare_pretrained_and_non_8frames/piece_size_40_fix_False_pretrained_True/fold_3에서 튜플 파일을 불러왔습니다.
Epoch 1/100
Training loss: 21.45088 || Validation loss: 15.08511
New best model saved at epoch 1 with loss 15.08511
Epoch 2/100
Training loss: 1.97412 || Validation loss: 5.02738
New best model saved at epoch 2 with loss 5.02738
Epoch 3/100
Training loss: 0.76092 || Validation loss: 2.78891
New best model saved at epoch 3 with loss 2.78891
Epoch 4/100
Training loss: 0.29831 || Validation loss: 1.80932
New best model saved at epoch 4 with loss 1.80932
Epoch 5/100
Training loss: 0.14577 || Validation loss: 1.53178
New best model saved at epoch 5 with loss 1.53178
Epoch 6/100
Training loss: 0.07123 || Validation loss: 1.09739
New best model saved at epoch 6 with loss 1.09739
Epoch 7/100
Training loss: 0.03311 || Validation loss: 0.87377
New best model saved at epoch 7 with loss 0.87377
Epoch 8/100
Training loss: 0.01837 || Validation loss: 0.79234
New best model saved at epoch 8 with loss 0.79234
Epoch 9/100
Training loss: 0.01241 || Validation loss: 0.73867
New best model saved at epoch 9 with loss 0.73867
Epoch 10/100
Training loss: 0.00549 || Validation loss: 0.76594
Epoch 11/100
Training loss: 0.00259 || Validation loss: 0.78147
Epoch 12/100
Training loss: 0.00103 || Validation loss: 0.86759
Epoch 13/100
Training loss: 0.00063 || Validation loss: 0.87298
Epoch 14/100
Training loss: 0.00012 || Validation loss: 0.88944
Epoch 15/100
Training loss: 0.00003 || Validation loss: 0.98797
Epoch 16/100
Training loss: 0.00001 || Validation loss: 0.94251
Epoch 17/100
Training loss: 0.00000 || Validation loss: 0.96526
Epoch 18/100
Training loss: 0.00000 || Validation loss: 0.95817
Epoch 19/100
Training loss: 0.00000 || Validation loss: 0.97133
Epoch 20/100
Training loss: 0.00000 || Validation loss: 0.98389
Epoch 21/100
Training loss: 0.00000 || Validation loss: 0.99909
Epoch 22/100
Training loss: 0.00000 || Validation loss: 0.98010
Epoch 23/100
Training loss: 0.00000 || Validation loss: 0.98193
Epoch 24/100
Training loss: 0.00000 || Validation loss: 0.96147
Epoch 25/100
Training loss: 0.00000 || Validation loss: 0.97589
Epoch 26/100
Training loss: 0.00000 || Validation loss: 0.96019
Epoch 27/100
Training loss: 0.00000 || Validation loss: 0.96457
Epoch 28/100
Training loss: 0.00000 || Validation loss: 1.00922
Epoch 29/100
Training loss: 0.00000 || Validation loss: 0.96319
Epoch 30/100
Training loss: 0.00000 || Validation loss: 0.95222
Epoch 31/100
Training loss: 0.00000 || Validation loss: 0.92322
Epoch 32/100
Training loss: 0.00000 || Validation loss: 0.96190
Epoch 33/100
Training loss: 0.00000 || Validation loss: 0.94077
Epoch 34/100
Training loss: 0.00000 || Validation loss: 0.97034
Epoch 35/100
Training loss: 0.00000 || Validation loss: 0.93796
Epoch 36/100
Training loss: 0.00000 || Validation loss: 0.91595
Epoch 37/100
Training loss: 0.00000 || Validation loss: 0.94575
Epoch 38/100
Training loss: 0.00000 || Validation loss: 0.95219
Epoch 39/100
Training loss: 0.00000 || Validation loss: 0.95724
Epoch 40/100
Training loss: 0.00000 || Validation loss: 0.94442
Epoch 41/100
Training loss: 0.00000 || Validation loss: 0.96552
Epoch 42/100
Training loss: 0.00000 || Validation loss: 0.92670
Epoch 43/100
Training loss: 0.00000 || Validation loss: 0.94044
Epoch 44/100
Training loss: 0.00000 || Validation loss: 0.90629
Epoch 45/100
Training loss: 0.00000 || Validation loss: 0.93442
Epoch 46/100
Training loss: 0.00000 || Validation loss: 0.90626
Epoch 47/100
Training loss: 0.00000 || Validation loss: 0.92152
Epoch 48/100
Training loss: 0.00000 || Validation loss: 0.90591
Epoch 49/100
Training loss: 0.00000 || Validation loss: 0.91653
Epoch 50/100
Training loss: 0.00000 || Validation loss: 0.89457
Epoch 51/100
Training loss: 0.00000 || Validation loss: 0.91114
Epoch 52/100
Training loss: 0.00000 || Validation loss: 0.89074
Epoch 53/100
Training loss: 0.00000 || Validation loss: 0.89061
Epoch 54/100
Training loss: 0.00000 || Validation loss: 0.89450
Epoch 55/100
Training loss: 0.00000 || Validation loss: 0.87591
Epoch 56/100
Training loss: 0.00000 || Validation loss: 0.88753
Epoch 57/100
Training loss: 0.00000 || Validation loss: 0.88497
Epoch 58/100
Training loss: 0.00000 || Validation loss: 0.88473
Epoch 59/100
Training loss: 0.00000 || Validation loss: 0.87536
Epoch 60/100
Training loss: 0.00000 || Validation loss: 0.88689
Epoch 61/100
Training loss: 0.00000 || Validation loss: 0.87626
Epoch 62/100
Training loss: 0.00000 || Validation loss: 0.86832
Epoch 63/100
Training loss: 0.00000 || Validation loss: 0.88376
Epoch 64/100
Training loss: 0.00000 || Validation loss: 0.88278
Epoch 65/100
Training loss: 0.00000 || Validation loss: 0.88743
Epoch 66/100
Training loss: 0.00000 || Validation loss: 0.88214
Epoch 67/100
Training loss: 0.00000 || Validation loss: 0.89075
Epoch 68/100
Training loss: 0.00000 || Validation loss: 0.88643
Epoch 69/100
Training loss: 0.00002 || Validation loss: 0.90150
Epoch 70/100
Training loss: 0.00000 || Validation loss: 0.90202
Epoch 71/100
Training loss: 0.00000 || Validation loss: 0.89303
Epoch 72/100
Training loss: 0.00000 || Validation loss: 0.89301
Epoch 73/100
Training loss: 0.00000 || Validation loss: 0.89196
Epoch 74/100
Training loss: 0.00001 || Validation loss: 0.89590
Epoch 75/100
Training loss: 0.00000 || Validation loss: 0.89518
Epoch 76/100
Training loss: 0.00000 || Validation loss: 0.89953
Epoch 77/100
Training loss: 0.00006 || Validation loss: 0.90049
Epoch 78/100
Training loss: 0.00000 || Validation loss: 0.90197
Epoch 79/100
Training loss: 0.00000 || Validation loss: 0.90456
Epoch 80/100
Training loss: 0.00000 || Validation loss: 0.90719
Epoch 81/100
Training loss: 0.00000 || Validation loss: 0.91096
Epoch 82/100
Training loss: 0.00000 || Validation loss: 0.91524
Epoch 83/100
Training loss: 0.00000 || Validation loss: 0.92056
Epoch 84/100
Training loss: 0.00001 || Validation loss: 0.92686
Epoch 85/100
Training loss: 0.00000 || Validation loss: 0.93343
Epoch 86/100
Training loss: 0.00000 || Validation loss: 0.94234
Epoch 87/100
Training loss: 0.00011 || Validation loss: 0.95156
Epoch 88/100
Training loss: 0.00000 || Validation loss: 0.96092
Epoch 89/100
Training loss: 0.00000 || Validation loss: 0.97125
Epoch 90/100
Training loss: 0.00000 || Validation loss: 0.98280
Epoch 91/100
Training loss: 0.00000 || Validation loss: 0.99542
Epoch 92/100
Training loss: 0.00000 || Validation loss: 1.00920
Epoch 93/100
Training loss: 0.00000 || Validation loss: 1.02366
Epoch 94/100
Training loss: 0.00000 || Validation loss: 1.03991
Epoch 95/100
Training loss: 0.00000 || Validation loss: 1.05683
Epoch 96/100
Training loss: 0.00201 || Validation loss: 1.07536
Epoch 97/100
Training loss: 0.00000 || Validation loss: 1.09381
Epoch 98/100
Training loss: 0.00000 || Validation loss: 1.11291
Epoch 99/100
Training loss: 0.00000 || Validation loss: 1.13271
Epoch 100/100
Training loss: 0.00000 || Validation loss: 1.15295
Best model for fold 3 saved from epoch 9 with f1 0.73867
Final training loss: 0.00000 || Final test loss: 1.15295
All fold val losses: [1.2825132062037785, 1.4656333078940709, 0.7386704732974371]
Average val loss: 1.16227
./naturalistic/01_Bird.avi                                   Loaded : (5, 3596, 64, 128, 1)
./naturalistic/02_City.avi                                   Loaded : (5, 3596, 64, 128, 1)
./naturalistic/03_Forest.avi                                 Loaded : (5, 3596, 64, 128, 1)
Video is allocated on memory!
Shape : (3, 3596, 64, 128, 5)
device : cuda
load model
epoch : 5
learning rate : 0.0001
device : cuda
load model
epoch : 8
learning rate : 0.0001
device : cuda
load model
epoch : 6
learning rate : 0.0001
device : cuda
load model
epoch : 3
learning rate : 0.0001
device : cuda
load model
epoch : 63
learning rate : 0.0001
프레임 0/3593 처리 중...
프레임 100/3593 처리 중...
프레임 200/3593 처리 중...
프레임 300/3593 처리 중...
프레임 400/3593 처리 중...
프레임 500/3593 처리 중...
프레임 600/3593 처리 중...
프레임 700/3593 처리 중...
프레임 800/3593 처리 중...
프레임 900/3593 처리 중...
프레임 1000/3593 처리 중...
프레임 1100/3593 처리 중...
프레임 1200/3593 처리 중...
프레임 1300/3593 처리 중...
프레임 1400/3593 처리 중...
프레임 1500/3593 처리 중...
프레임 1600/3593 처리 중...
프레임 1700/3593 처리 중...
프레임 1800/3593 처리 중...
프레임 1900/3593 처리 중...
프레임 2000/3593 처리 중...
프레임 2100/3593 처리 중...
프레임 2200/3593 처리 중...
프레임 2300/3593 처리 중...
프레임 2400/3593 처리 중...
프레임 2500/3593 처리 중...
프레임 2600/3593 처리 중...
프레임 2700/3593 처리 중...
프레임 2800/3593 처리 중...
프레임 2900/3593 처리 중...
프레임 3000/3593 처리 중...
프레임 3100/3593 처리 중...
프레임 3200/3593 처리 중...
프레임 3300/3593 처리 중...
프레임 3400/3593 처리 중...
프레임 3500/3593 처리 중...
성공적으로 저장되었습니다: ./visualization_video/forest_forest_wba_value_compare_pretrained_and_non_8frames_fix_False_pretrained_False.avi
./naturalistic/01_Bird.avi                                   Loaded : (5, 3596, 64, 128, 1)
./naturalistic/02_City.avi                                   Loaded : (5, 3596, 64, 128, 1)
./naturalistic/03_Forest.avi                                 Loaded : (5, 3596, 64, 128, 1)
Video is allocated on memory!
Shape : (3, 3596, 64, 128, 5)
augmented shape : (18, 3596, 64, 128, 5)
augmented shape : (18, 3600)
Fold 1
Model loaded successfully from ./pretrained_model/64_to_256_3layers.ckpt
device : cuda
Model not found at ./model/forest_wba_value_compare_pretrained_and_non_16frames/piece_size_1_fix_False_pretrained_True/fold_1/fly_model.ckpt
튜플 파일을 불러오는 중 문제가 발생했습니다 (./model/forest_wba_value_compare_pretrained_and_non_16frames/piece_size_1_fix_False_pretrained_True/fold_1): [Errno 2] No such file or directory: './model/forest_wba_value_compare_pretrained_and_non_16frames/piece_size_1_fix_False_pretrained_True/fold_1/training_tuples.pkl'
Epoch 1/100
Training loss: 33.64463 || Validation loss: 13.66247
New best model saved at epoch 1 with loss 13.66247
First epoch took 7.27 seconds.
Estimated total program duration: 3.03 hours
Estimated program end time (KST): 2024/11/23 08:11:14
Epoch 2/100
Training loss: 4.48227 || Validation loss: 11.02501
New best model saved at epoch 2 with loss 11.02501
Epoch 3/100
Training loss: 1.10384 || Validation loss: 13.28249
Epoch 4/100
Training loss: 0.70678 || Validation loss: 11.38257
Epoch 5/100
Training loss: 0.52757 || Validation loss: 13.25740
Epoch 6/100
Training loss: 0.37633 || Validation loss: 10.98376
New best model saved at epoch 6 with loss 10.98376
Epoch 7/100
Training loss: 0.27988 || Validation loss: 14.66533
Epoch 8/100
Training loss: 0.23204 || Validation loss: 12.75340
Epoch 9/100
Training loss: 0.20013 || Validation loss: 10.76001
New best model saved at epoch 9 with loss 10.76001
Epoch 10/100
Training loss: 0.18345 || Validation loss: 8.30978
New best model saved at epoch 10 with loss 8.30978
Epoch 11/100
Training loss: 0.17538 || Validation loss: 8.61278
Epoch 12/100
Training loss: 0.16345 || Validation loss: 7.93908
New best model saved at epoch 12 with loss 7.93908
Epoch 13/100
Training loss: 0.15255 || Validation loss: 7.64740
New best model saved at epoch 13 with loss 7.64740
Epoch 14/100
Training loss: 0.13008 || Validation loss: 6.68442
New best model saved at epoch 14 with loss 6.68442
Epoch 15/100
Training loss: 0.11539 || Validation loss: 5.90076
New best model saved at epoch 15 with loss 5.90076
Epoch 16/100
Training loss: 0.09858 || Validation loss: 5.81609
New best model saved at epoch 16 with loss 5.81609
Epoch 17/100
Training loss: 0.08056 || Validation loss: 4.90023
New best model saved at epoch 17 with loss 4.90023
Epoch 18/100
Training loss: 0.06993 || Validation loss: 5.78400
Epoch 19/100
Training loss: 0.05580 || Validation loss: 5.31404
Epoch 20/100
Training loss: 0.04707 || Validation loss: 5.74517
Epoch 21/100
Training loss: 0.03524 || Validation loss: 6.26727
Epoch 22/100
Training loss: 0.02887 || Validation loss: 7.35523
Epoch 23/100
Training loss: 0.02118 || Validation loss: 7.05429
Epoch 24/100
Training loss: 0.01700 || Validation loss: 8.77415
Epoch 25/100
Training loss: 0.01189 || Validation loss: 10.07893
Epoch 26/100
Training loss: 0.00908 || Validation loss: 11.98374
Epoch 27/100
Training loss: 0.00690 || Validation loss: 12.86814
Epoch 28/100
Training loss: 0.00438 || Validation loss: 13.75163
Epoch 29/100
Training loss: 0.00323 || Validation loss: 15.52095
Epoch 30/100
Training loss: 0.00214 || Validation loss: 14.63928
Epoch 31/100
Training loss: 0.00148 || Validation loss: 17.23013
Epoch 32/100
Training loss: 0.00092 || Validation loss: 17.07211
Epoch 33/100
Training loss: 0.00061 || Validation loss: 20.15192
Epoch 34/100
Training loss: 0.00039 || Validation loss: 19.26363
Epoch 35/100
Training loss: 0.00020 || Validation loss: 20.00793
Epoch 36/100
Training loss: 0.00013 || Validation loss: 19.85791
Epoch 37/100
Training loss: 0.00007 || Validation loss: 21.21393
Epoch 38/100
Training loss: 0.00004 || Validation loss: 21.23367
Epoch 39/100
Training loss: 0.00002 || Validation loss: 21.81467
Epoch 40/100
Training loss: 0.00001 || Validation loss: 20.77077
Epoch 41/100
Training loss: 0.00001 || Validation loss: 20.07815
Epoch 42/100
Training loss: 0.00000 || Validation loss: 21.12643
Epoch 43/100
Training loss: 0.00000 || Validation loss: 20.17955
Epoch 44/100
Training loss: 0.00000 || Validation loss: 20.88218
Epoch 45/100
Training loss: 0.00000 || Validation loss: 22.85280
Epoch 46/100
Training loss: 0.00000 || Validation loss: 22.14582
Epoch 47/100
Training loss: 0.00000 || Validation loss: 21.64714
Epoch 48/100
Training loss: 0.00000 || Validation loss: 21.86747
Epoch 49/100
Training loss: 0.00000 || Validation loss: 21.78656
Epoch 50/100
Training loss: 0.00000 || Validation loss: 21.08453
Epoch 51/100
Training loss: 0.00000 || Validation loss: 20.91410
Epoch 52/100
Training loss: 0.00000 || Validation loss: 20.78503
Epoch 53/100
Training loss: 0.00000 || Validation loss: 22.64724
Epoch 54/100
Training loss: 0.00000 || Validation loss: 21.80237
Epoch 55/100
Training loss: 0.00000 || Validation loss: 21.24036
Epoch 56/100
Training loss: 0.00000 || Validation loss: 23.47796
Epoch 57/100
Training loss: 0.00000 || Validation loss: 21.57935
Epoch 58/100
Training loss: 0.00000 || Validation loss: 23.16929
Epoch 59/100
Training loss: 0.00000 || Validation loss: 20.93655
Epoch 60/100
Training loss: 0.00000 || Validation loss: 22.86416
Epoch 61/100
Training loss: 0.00000 || Validation loss: 22.83028
Epoch 62/100
Training loss: 0.00000 || Validation loss: 22.63009
Epoch 63/100
Training loss: 0.00000 || Validation loss: 21.73865
Epoch 64/100
Training loss: 0.00000 || Validation loss: 20.79136
Epoch 65/100
Training loss: 0.00000 || Validation loss: 23.29800
Epoch 66/100
Training loss: 0.00000 || Validation loss: 22.22226
Epoch 67/100
Training loss: 0.00000 || Validation loss: 24.15990
Epoch 68/100
Training loss: 0.00000 || Validation loss: 22.32305
Epoch 69/100
Training loss: 0.00000 || Validation loss: 23.77982
Epoch 70/100
Training loss: 0.00000 || Validation loss: 22.64622
Epoch 71/100
Training loss: 0.00000 || Validation loss: 23.45387
Epoch 72/100
Training loss: 0.00000 || Validation loss: 25.17049
Epoch 73/100
Training loss: 0.00000 || Validation loss: 24.78475
Epoch 74/100
Training loss: 0.00000 || Validation loss: 23.06310
Epoch 75/100
Training loss: 0.00000 || Validation loss: 25.51397
Epoch 76/100
Training loss: 0.00000 || Validation loss: 23.62268
Epoch 77/100
Training loss: 0.00000 || Validation loss: 23.40988
Epoch 78/100
Training loss: 0.00000 || Validation loss: 23.04160
Epoch 79/100
Training loss: 0.00000 || Validation loss: 22.41655
Epoch 80/100
Training loss: 0.00000 || Validation loss: 24.69516
Epoch 81/100
Training loss: 0.00000 || Validation loss: 23.42794
Epoch 82/100
Training loss: 0.00000 || Validation loss: 22.85989
Epoch 83/100
Training loss: 0.00000 || Validation loss: 24.31650
Epoch 84/100
Training loss: 0.00000 || Validation loss: 27.61352
Epoch 85/100
Training loss: 0.00000 || Validation loss: 22.81577
Epoch 86/100
Training loss: 0.00000 || Validation loss: 25.67451
Epoch 87/100
Training loss: 0.00000 || Validation loss: 26.76133
Epoch 88/100
Training loss: 0.00000 || Validation loss: 28.14487
Epoch 89/100
Training loss: 0.00000 || Validation loss: 26.03339
Epoch 90/100
Training loss: 0.00000 || Validation loss: 23.13088
Epoch 91/100
Training loss: 0.00000 || Validation loss: 27.20098
Epoch 92/100
Training loss: 0.00000 || Validation loss: 27.81774
Epoch 93/100
Training loss: 0.00000 || Validation loss: 27.77661
Epoch 94/100
Training loss: 0.00000 || Validation loss: 27.23355
Epoch 95/100
Training loss: 0.00000 || Validation loss: 24.93907
Epoch 96/100
Training loss: 0.00000 || Validation loss: 27.58619
Epoch 97/100
Training loss: 0.00000 || Validation loss: 26.97980
Epoch 98/100
Training loss: 0.00000 || Validation loss: 27.82573
Epoch 99/100
Training loss: 0.00000 || Validation loss: 27.00447
Epoch 100/100
Training loss: 0.00000 || Validation loss: 25.93664
Best model for fold 1 saved from epoch 17 with f1 4.90023
Final training loss: 0.00000 || Final test loss: 25.93664
Fold 2
Model loaded successfully from ./pretrained_model/64_to_256_3layers.ckpt
device : cuda
Model not found at ./model/forest_wba_value_compare_pretrained_and_non_16frames/piece_size_1_fix_False_pretrained_True/fold_2/fly_model.ckpt
튜플 파일을 불러오는 중 문제가 발생했습니다 (./model/forest_wba_value_compare_pretrained_and_non_16frames/piece_size_1_fix_False_pretrained_True/fold_2): [Errno 2] No such file or directory: './model/forest_wba_value_compare_pretrained_and_non_16frames/piece_size_1_fix_False_pretrained_True/fold_2/training_tuples.pkl'
Epoch 1/100
Training loss: 32.55226 || Validation loss: 16.07002
New best model saved at epoch 1 with loss 16.07002
Epoch 2/100
Training loss: 3.37826 || Validation loss: 12.53727
New best model saved at epoch 2 with loss 12.53727
Epoch 3/100
Training loss: 1.21933 || Validation loss: 11.86300
New best model saved at epoch 3 with loss 11.86300
Epoch 4/100
Training loss: 0.87337 || Validation loss: 7.86193
New best model saved at epoch 4 with loss 7.86193
Epoch 5/100
Training loss: 0.63818 || Validation loss: 6.28864
New best model saved at epoch 5 with loss 6.28864
Epoch 6/100
Training loss: 0.44164 || Validation loss: 7.52152
Epoch 7/100
Training loss: 0.44199 || Validation loss: 4.99151
New best model saved at epoch 7 with loss 4.99151
Epoch 8/100
Training loss: 0.40989 || Validation loss: 5.26802
Epoch 9/100
Training loss: 0.35102 || Validation loss: 5.11068
Epoch 10/100
Training loss: 0.29968 || Validation loss: 4.20436
New best model saved at epoch 10 with loss 4.20436
Epoch 11/100
Training loss: 0.25088 || Validation loss: 5.42520
Epoch 12/100
Training loss: 0.21431 || Validation loss: 4.88066
Epoch 13/100
Training loss: 0.18741 || Validation loss: 5.84208
Epoch 14/100
Training loss: 0.16230 || Validation loss: 6.47422
Epoch 15/100
Training loss: 0.13158 || Validation loss: 8.18691
Epoch 16/100
Training loss: 0.10614 || Validation loss: 9.95886
Epoch 17/100
Training loss: 0.08980 || Validation loss: 13.86304
Epoch 18/100
Training loss: 0.06285 || Validation loss: 13.17598
Epoch 19/100
Training loss: 0.05195 || Validation loss: 19.15222
Epoch 20/100
Training loss: 0.03984 || Validation loss: 20.20493
Epoch 21/100
Training loss: 0.02663 || Validation loss: 25.21315
Epoch 22/100
Training loss: 0.02260 || Validation loss: 28.70096
Epoch 23/100
Training loss: 0.01448 || Validation loss: 32.83973
Epoch 24/100
Training loss: 0.00999 || Validation loss: 37.16404
Epoch 25/100
Training loss: 0.00639 || Validation loss: 35.21599
Epoch 26/100
Training loss: 0.00385 || Validation loss: 41.72472
Epoch 27/100
Training loss: 0.00252 || Validation loss: 41.54748
Epoch 28/100
Training loss: 0.00161 || Validation loss: 44.04179
Epoch 29/100
Training loss: 0.00084 || Validation loss: 45.64685
Epoch 30/100
Training loss: 0.00057 || Validation loss: 45.51663
Epoch 31/100
Training loss: 0.00034 || Validation loss: 48.03297
Epoch 32/100
Training loss: 0.00021 || Validation loss: 43.99340
Epoch 33/100
Training loss: 0.00011 || Validation loss: 47.90705
Epoch 34/100
Training loss: 0.00006 || Validation loss: 50.10913
Epoch 35/100
Training loss: 0.00003 || Validation loss: 50.14895
Epoch 36/100
Training loss: 0.00001 || Validation loss: 50.47013
Epoch 37/100
Training loss: 0.00001 || Validation loss: 50.96076
Epoch 38/100
Training loss: 0.00000 || Validation loss: 50.66010
Epoch 39/100
Training loss: 0.00000 || Validation loss: 49.87835
Epoch 40/100
Training loss: 0.00000 || Validation loss: 47.06099
Epoch 41/100
Training loss: 0.00000 || Validation loss: 51.79191
Epoch 42/100
Training loss: 0.00000 || Validation loss: 52.40252
Epoch 43/100
Training loss: 0.00000 || Validation loss: 50.28551
Epoch 44/100
Training loss: 0.00000 || Validation loss: 54.88570
Epoch 45/100
Training loss: 0.00000 || Validation loss: 54.13020
Epoch 46/100
Training loss: 0.00000 || Validation loss: 49.92923
Epoch 47/100
Training loss: 0.00000 || Validation loss: 50.36746
Epoch 48/100
Training loss: 0.00000 || Validation loss: 51.82629
Epoch 49/100
Training loss: 0.00000 || Validation loss: 49.58748
Epoch 50/100
Training loss: 0.00000 || Validation loss: 55.12479
Epoch 51/100
Training loss: 0.00000 || Validation loss: 51.43606
Epoch 52/100
Training loss: 0.00000 || Validation loss: 48.91575
Epoch 53/100
Training loss: 0.00000 || Validation loss: 50.36639
Epoch 54/100
Training loss: 0.00000 || Validation loss: 50.85377
Epoch 55/100
Training loss: 0.00000 || Validation loss: 50.70191
Epoch 56/100
Training loss: 0.00000 || Validation loss: 51.60624
Epoch 57/100
Training loss: 0.00000 || Validation loss: 52.15169
Epoch 58/100
Training loss: 0.00000 || Validation loss: 50.73763
Epoch 59/100
Training loss: 0.00000 || Validation loss: 48.96453
Epoch 60/100
Training loss: 0.00000 || Validation loss: 52.80632
Epoch 61/100
Training loss: 0.00000 || Validation loss: 53.56320
Epoch 62/100
Training loss: 0.00000 || Validation loss: 49.26659
Epoch 63/100
Training loss: 0.00000 || Validation loss: 53.36170
Epoch 64/100
Training loss: 0.00000 || Validation loss: 50.68514
Epoch 65/100
Training loss: 0.00000 || Validation loss: 52.53525
Epoch 66/100
Training loss: 0.00000 || Validation loss: 51.38516
Epoch 67/100
Training loss: 0.00000 || Validation loss: 51.69267
Epoch 68/100
Training loss: 0.00000 || Validation loss: 50.05363
Epoch 69/100
Training loss: 0.00000 || Validation loss: 49.40875
Epoch 70/100
Training loss: 0.00000 || Validation loss: 52.09718
Epoch 71/100
Training loss: 0.00000 || Validation loss: 53.77166
Epoch 72/100
Training loss: 0.00000 || Validation loss: 49.60190
Epoch 73/100
Training loss: 0.00000 || Validation loss: 52.59095
Epoch 74/100
Training loss: 0.00000 || Validation loss: 53.14900
Epoch 75/100
Training loss: 0.00000 || Validation loss: 51.32648
Epoch 76/100
Training loss: 0.00000 || Validation loss: 54.97973
Epoch 77/100
Training loss: 0.00000 || Validation loss: 51.99273
Epoch 78/100
Training loss: 0.00000 || Validation loss: 51.37590
Epoch 79/100
Training loss: 0.00000 || Validation loss: 53.59810
Epoch 80/100
Training loss: 0.00000 || Validation loss: 48.90572
Epoch 81/100
Training loss: 0.00000 || Validation loss: 50.62970
Epoch 82/100
Training loss: 0.00000 || Validation loss: 51.27334
Epoch 83/100
Training loss: 0.00000 || Validation loss: 50.00700
Epoch 84/100
Training loss: 0.00000 || Validation loss: 49.88257
Epoch 85/100
Training loss: 0.00001 || Validation loss: 52.93571
Epoch 86/100
Training loss: 0.00000 || Validation loss: 52.92932
Epoch 87/100
Training loss: 0.00000 || Validation loss: 55.64817
Epoch 88/100
Training loss: 0.00000 || Validation loss: 49.78299
Epoch 89/100
Training loss: 0.00000 || Validation loss: 51.28074
Epoch 90/100
Training loss: 0.00000 || Validation loss: 51.28489
Epoch 91/100
Training loss: 0.00000 || Validation loss: 54.29091
Epoch 92/100
Training loss: 0.00000 || Validation loss: 53.37636
Epoch 93/100
Training loss: 0.00000 || Validation loss: 49.32911
Epoch 94/100
Training loss: 0.00000 || Validation loss: 51.81856
Epoch 95/100
Training loss: 0.00000 || Validation loss: 48.58394
Epoch 96/100
Training loss: 0.00000 || Validation loss: 49.73113
Epoch 97/100
Training loss: 0.00000 || Validation loss: 49.53071
Epoch 98/100
Training loss: 0.00000 || Validation loss: 49.75912
Epoch 99/100
Training loss: 0.00000 || Validation loss: 50.53126
Epoch 100/100
Training loss: 0.00000 || Validation loss: 52.53569
Best model for fold 2 saved from epoch 10 with f1 4.20436
Final training loss: 0.00000 || Final test loss: 52.53569
Fold 3
Model loaded successfully from ./pretrained_model/64_to_256_3layers.ckpt
device : cuda
Model not found at ./model/forest_wba_value_compare_pretrained_and_non_16frames/piece_size_1_fix_False_pretrained_True/fold_3/fly_model.ckpt
튜플 파일을 불러오는 중 문제가 발생했습니다 (./model/forest_wba_value_compare_pretrained_and_non_16frames/piece_size_1_fix_False_pretrained_True/fold_3): [Errno 2] No such file or directory: './model/forest_wba_value_compare_pretrained_and_non_16frames/piece_size_1_fix_False_pretrained_True/fold_3/training_tuples.pkl'
Epoch 1/100
Training loss: 45.86904 || Validation loss: 17.35158
New best model saved at epoch 1 with loss 17.35158
Epoch 2/100
Training loss: 3.89858 || Validation loss: 15.57752
New best model saved at epoch 2 with loss 15.57752
Epoch 3/100
Training loss: 1.60393 || Validation loss: 12.47923
New best model saved at epoch 3 with loss 12.47923
Epoch 4/100
Training loss: 0.75971 || Validation loss: 12.24429
New best model saved at epoch 4 with loss 12.24429
Epoch 5/100
Training loss: 0.57539 || Validation loss: 13.33987
Epoch 6/100
Training loss: 0.44180 || Validation loss: 11.48507
New best model saved at epoch 6 with loss 11.48507
Epoch 7/100
Training loss: 0.46407 || Validation loss: 10.27169
New best model saved at epoch 7 with loss 10.27169
Epoch 8/100
Training loss: 0.38488 || Validation loss: 10.00670
New best model saved at epoch 8 with loss 10.00670
Epoch 9/100
Training loss: 0.33472 || Validation loss: 8.13467
New best model saved at epoch 9 with loss 8.13467
Epoch 10/100
Training loss: 0.32447 || Validation loss: 7.01132
New best model saved at epoch 10 with loss 7.01132
Epoch 11/100
Training loss: 0.27030 || Validation loss: 7.12983
Epoch 12/100
Training loss: 0.23117 || Validation loss: 5.43586
New best model saved at epoch 12 with loss 5.43586
Epoch 13/100
Training loss: 0.21198 || Validation loss: 4.68352
New best model saved at epoch 13 with loss 4.68352
Epoch 14/100
Training loss: 0.19937 || Validation loss: 4.56187
New best model saved at epoch 14 with loss 4.56187
Epoch 15/100
Training loss: 0.16057 || Validation loss: 4.11018
New best model saved at epoch 15 with loss 4.11018
Epoch 16/100
Training loss: 0.12314 || Validation loss: 5.32572
Epoch 17/100
Training loss: 0.10786 || Validation loss: 4.77807
Epoch 18/100
Training loss: 0.08763 || Validation loss: 5.71251
Epoch 19/100
Training loss: 0.05837 || Validation loss: 6.52950
Epoch 20/100
Training loss: 0.05238 || Validation loss: 7.99614
Epoch 21/100
Training loss: 0.03164 || Validation loss: 9.85069
Epoch 22/100
Training loss: 0.02429 || Validation loss: 10.64939
Epoch 23/100
Training loss: 0.01620 || Validation loss: 13.55544
Epoch 24/100
Training loss: 0.01155 || Validation loss: 12.52039
Epoch 25/100
Training loss: 0.00692 || Validation loss: 16.54437
Epoch 26/100
Training loss: 0.00452 || Validation loss: 19.12642
Epoch 27/100
Training loss: 0.00290 || Validation loss: 16.34128
Epoch 28/100
Training loss: 0.00166 || Validation loss: 20.08399
Epoch 29/100
Training loss: 0.00093 || Validation loss: 20.52786
Epoch 30/100
Training loss: 0.00056 || Validation loss: 19.65359
Epoch 31/100
Training loss: 0.00032 || Validation loss: 17.03372
Epoch 32/100
Training loss: 0.00018 || Validation loss: 22.33732
Epoch 33/100
Training loss: 0.00010 || Validation loss: 18.88720
Epoch 34/100
Training loss: 0.00006 || Validation loss: 23.48205
Epoch 35/100
Training loss: 0.00003 || Validation loss: 20.02300
Epoch 36/100
Training loss: 0.00002 || Validation loss: 23.25950
Epoch 37/100
Training loss: 0.00001 || Validation loss: 21.75497
Epoch 38/100
Training loss: 0.00001 || Validation loss: 21.17938
Epoch 39/100
Training loss: 0.00000 || Validation loss: 21.99287
Epoch 40/100
Training loss: 0.00000 || Validation loss: 20.75956
Epoch 41/100
Training loss: 0.00000 || Validation loss: 20.93695
Epoch 42/100
Training loss: 0.00000 || Validation loss: 24.33155
Epoch 43/100
Training loss: 0.00000 || Validation loss: 20.90622
Epoch 44/100
Training loss: 0.00000 || Validation loss: 21.16046
Epoch 45/100
Training loss: 0.00000 || Validation loss: 20.41649
Epoch 46/100
Training loss: 0.00000 || Validation loss: 23.62606
Epoch 47/100
Training loss: 0.00000 || Validation loss: 20.71419
Epoch 48/100
Training loss: 0.00000 || Validation loss: 25.11978
Epoch 49/100
Training loss: 0.00000 || Validation loss: 22.59771
Epoch 50/100
Training loss: 0.00000 || Validation loss: 22.73817
Epoch 51/100
Training loss: 0.00000 || Validation loss: 20.39485
Epoch 52/100
Training loss: 0.00000 || Validation loss: 25.22044
Epoch 53/100
Training loss: 0.00000 || Validation loss: 21.42654
Epoch 54/100
Training loss: 0.00000 || Validation loss: 22.26279
Epoch 55/100
Training loss: 0.00000 || Validation loss: 20.19693
Epoch 56/100
Training loss: 0.00000 || Validation loss: 21.31527
Epoch 57/100
Training loss: 0.00000 || Validation loss: 19.25817
Epoch 58/100
Training loss: 0.00000 || Validation loss: 20.74384
Epoch 59/100
Training loss: 0.00000 || Validation loss: 21.44413
Epoch 60/100
Training loss: 0.00000 || Validation loss: 24.57042
Epoch 61/100
Training loss: 0.00000 || Validation loss: 21.72206
Epoch 62/100
Training loss: 0.00000 || Validation loss: 18.66453
Epoch 63/100
Training loss: 0.00000 || Validation loss: 20.06337
Epoch 64/100
Training loss: 0.00000 || Validation loss: 22.31344
Epoch 65/100
Training loss: 0.00000 || Validation loss: 23.60795
Epoch 66/100
Training loss: 0.00000 || Validation loss: 23.48227
Epoch 67/100
Training loss: 0.00000 || Validation loss: 19.53872
Epoch 68/100
Training loss: 0.00000 || Validation loss: 21.60602
Epoch 69/100
Training loss: 0.00000 || Validation loss: 20.33197
Epoch 70/100
Training loss: 0.00000 || Validation loss: 21.67739
Epoch 71/100
Training loss: 0.00000 || Validation loss: 23.15737
Epoch 72/100
Training loss: 0.00000 || Validation loss: 19.88787
Epoch 73/100
Training loss: 0.00000 || Validation loss: 21.00037
Epoch 74/100
Training loss: 0.00000 || Validation loss: 26.26330
Epoch 75/100
Training loss: 0.00000 || Validation loss: 22.40825
Epoch 76/100
Training loss: 0.00000 || Validation loss: 23.01028
Epoch 77/100
Training loss: 0.00000 || Validation loss: 20.17720
Epoch 78/100
Training loss: 0.00000 || Validation loss: 23.61781
Epoch 79/100
Training loss: 0.00000 || Validation loss: 20.72165
Epoch 80/100
Training loss: 0.00000 || Validation loss: 23.11761
Epoch 81/100
Training loss: 0.00000 || Validation loss: 24.40130
Epoch 82/100
Training loss: 0.00000 || Validation loss: 22.14470
Epoch 83/100
Training loss: 0.00000 || Validation loss: 21.93283
Epoch 84/100
Training loss: 0.00000 || Validation loss: 23.13220
Epoch 85/100
Training loss: 0.00000 || Validation loss: 21.27384
Epoch 86/100
Training loss: 0.00000 || Validation loss: 20.38934
Epoch 87/100
Training loss: 0.00000 || Validation loss: 22.90862
Epoch 88/100
Training loss: 0.00000 || Validation loss: 25.31411
Epoch 89/100
Training loss: 0.00000 || Validation loss: 22.67400
Epoch 90/100
Training loss: 0.00000 || Validation loss: 25.40192
Epoch 91/100
Training loss: 0.00000 || Validation loss: 23.82533
Epoch 92/100
Training loss: 0.00000 || Validation loss: 22.36229
Epoch 93/100
Training loss: 0.00000 || Validation loss: 21.79679
Epoch 94/100
Training loss: 0.00000 || Validation loss: 21.22771
Epoch 95/100
Training loss: 0.00000 || Validation loss: 23.60297
Epoch 96/100
Training loss: 0.00000 || Validation loss: 23.48681
Epoch 97/100
Training loss: 0.00000 || Validation loss: 23.01032
Epoch 98/100
Training loss: 0.00000 || Validation loss: 22.32914
Epoch 99/100
Training loss: 0.00000 || Validation loss: 23.62727
Epoch 100/100
Training loss: 0.00000 || Validation loss: 23.35488
Best model for fold 3 saved from epoch 15 with f1 4.11018
Final training loss: 0.00000 || Final test loss: 23.35488
All fold val losses: [4.900227751050677, 4.20436475958143, 4.110178164073399]
Average val loss: 4.40492
Fold 1
Model loaded successfully from ./pretrained_model/64_to_256_3layers.ckpt
device : cuda
Model not found at ./model/forest_wba_value_compare_pretrained_and_non_16frames/piece_size_5_fix_False_pretrained_True/fold_1/fly_model.ckpt
튜플 파일을 불러오는 중 문제가 발생했습니다 (./model/forest_wba_value_compare_pretrained_and_non_16frames/piece_size_5_fix_False_pretrained_True/fold_1): [Errno 2] No such file or directory: './model/forest_wba_value_compare_pretrained_and_non_16frames/piece_size_5_fix_False_pretrained_True/fold_1/training_tuples.pkl'
Epoch 1/100
Training loss: 39.18410 || Validation loss: 10.57088
New best model saved at epoch 1 with loss 10.57088
Epoch 2/100
Training loss: 3.50216 || Validation loss: 14.56313
Epoch 3/100
Training loss: 1.42405 || Validation loss: 8.37498
New best model saved at epoch 3 with loss 8.37498
Epoch 4/100
Training loss: 0.89667 || Validation loss: 5.72578
New best model saved at epoch 4 with loss 5.72578
Epoch 5/100
Training loss: 0.58246 || Validation loss: 5.55428
New best model saved at epoch 5 with loss 5.55428
Epoch 6/100
Training loss: 0.53919 || Validation loss: 6.14095
Epoch 7/100
Training loss: 0.40898 || Validation loss: 5.28395
New best model saved at epoch 7 with loss 5.28395
Epoch 8/100
Training loss: 0.34131 || Validation loss: 5.00958
New best model saved at epoch 8 with loss 5.00958
Epoch 9/100
Training loss: 0.25253 || Validation loss: 4.76753
New best model saved at epoch 9 with loss 4.76753
Epoch 10/100
Training loss: 0.18420 || Validation loss: 4.51267
New best model saved at epoch 10 with loss 4.51267
Epoch 11/100
Training loss: 0.16571 || Validation loss: 3.87589
New best model saved at epoch 11 with loss 3.87589
Epoch 12/100
Training loss: 0.13609 || Validation loss: 5.15196
Epoch 13/100
Training loss: 0.11146 || Validation loss: 4.98289
Epoch 14/100
Training loss: 0.09486 || Validation loss: 5.81012
Epoch 15/100
Training loss: 0.07884 || Validation loss: 5.47332
Epoch 16/100
Training loss: 0.05912 || Validation loss: 7.24986
Epoch 17/100
Training loss: 0.04168 || Validation loss: 6.30516
Epoch 18/100
Training loss: 0.03255 || Validation loss: 7.64197
Epoch 19/100
Training loss: 0.02429 || Validation loss: 9.98684
Epoch 20/100
Training loss: 0.01637 || Validation loss: 9.59256
Epoch 21/100
Training loss: 0.01268 || Validation loss: 10.71185
Epoch 22/100
Training loss: 0.00815 || Validation loss: 11.39302
Epoch 23/100
Training loss: 0.00496 || Validation loss: 13.10417
Epoch 24/100
Training loss: 0.00323 || Validation loss: 14.56110
Epoch 25/100
Training loss: 0.00225 || Validation loss: 11.51154
Epoch 26/100
Training loss: 0.00125 || Validation loss: 13.70319
Epoch 27/100
Training loss: 0.00069 || Validation loss: 15.08521
Epoch 28/100
Training loss: 0.00039 || Validation loss: 15.94825
Epoch 29/100
Training loss: 0.00021 || Validation loss: 16.20286
Epoch 30/100
Training loss: 0.00010 || Validation loss: 17.74781
Epoch 31/100
Training loss: 0.00005 || Validation loss: 17.64108
Epoch 32/100
Training loss: 0.00003 || Validation loss: 16.28997
Epoch 33/100
Training loss: 0.00001 || Validation loss: 15.68078
Epoch 34/100
Training loss: 0.00000 || Validation loss: 16.00305
Epoch 35/100
Training loss: 0.00000 || Validation loss: 17.98967
Epoch 36/100
Training loss: 0.00000 || Validation loss: 19.37200
Epoch 37/100
Training loss: 0.00000 || Validation loss: 16.07450
Epoch 38/100
Training loss: 0.00000 || Validation loss: 18.14289
Epoch 39/100
Training loss: 0.00000 || Validation loss: 14.29998
Epoch 40/100
Training loss: 0.00000 || Validation loss: 17.37476
Epoch 41/100
Training loss: 0.00000 || Validation loss: 14.73247
Epoch 42/100
Training loss: 0.00000 || Validation loss: 16.45593
Epoch 43/100
Training loss: 0.00000 || Validation loss: 12.90753
Epoch 44/100
Training loss: 0.00000 || Validation loss: 15.30154
Epoch 45/100
Training loss: 0.00000 || Validation loss: 16.28268
Epoch 46/100
Training loss: 0.00000 || Validation loss: 15.63644
Epoch 47/100
Training loss: 0.00000 || Validation loss: 16.14890
Epoch 48/100
Training loss: 0.00000 || Validation loss: 14.84808
Epoch 49/100
Training loss: 0.00000 || Validation loss: 16.10843
Epoch 50/100
Training loss: 0.00000 || Validation loss: 16.20098
Epoch 51/100
Training loss: 0.00000 || Validation loss: 15.64004
Epoch 52/100
Training loss: 0.00000 || Validation loss: 16.84704
Epoch 53/100
Training loss: 0.00000 || Validation loss: 17.24285
Epoch 54/100
Training loss: 0.00000 || Validation loss: 17.39638
Epoch 55/100
Training loss: 0.00000 || Validation loss: 15.05027
Epoch 56/100
Training loss: 0.00000 || Validation loss: 16.67573
Epoch 57/100
Training loss: 0.00000 || Validation loss: 16.99419
Epoch 58/100
Training loss: 0.00000 || Validation loss: 16.95503
Epoch 59/100
Training loss: 0.00000 || Validation loss: 18.02795
Epoch 60/100
Training loss: 0.00000 || Validation loss: 16.25761
Epoch 61/100
Training loss: 0.00000 || Validation loss: 15.56442
Epoch 62/100
Training loss: 0.00000 || Validation loss: 15.23975
Epoch 63/100
Training loss: 0.00000 || Validation loss: 14.65966
Epoch 64/100
Training loss: 0.00000 || Validation loss: 15.25905
Epoch 65/100
Training loss: 0.00000 || Validation loss: 14.59607
Epoch 66/100
Training loss: 0.00000 || Validation loss: 13.45270
Epoch 67/100
Training loss: 0.00000 || Validation loss: 18.34478
Epoch 68/100
Training loss: 0.00000 || Validation loss: 13.89401
Epoch 69/100
Training loss: 0.00000 || Validation loss: 16.18579
Epoch 70/100
Training loss: 0.00000 || Validation loss: 16.33539
Epoch 71/100
Training loss: 0.00000 || Validation loss: 16.53600
Epoch 72/100
Training loss: 0.00000 || Validation loss: 14.49749
Epoch 73/100
Training loss: 0.00000 || Validation loss: 14.67131
Epoch 74/100
Training loss: 0.00000 || Validation loss: 12.92715
Epoch 75/100
Training loss: 0.00000 || Validation loss: 15.54691
Epoch 76/100
Training loss: 0.00000 || Validation loss: 15.74278
Epoch 77/100
Training loss: 0.00000 || Validation loss: 14.60475
Epoch 78/100
Training loss: 0.00000 || Validation loss: 15.60739
Epoch 79/100
Training loss: 0.00000 || Validation loss: 14.13754
Epoch 80/100
Training loss: 0.00000 || Validation loss: 14.99271
Epoch 81/100
Training loss: 0.00000 || Validation loss: 13.54155
Epoch 82/100
Training loss: 0.00000 || Validation loss: 15.02455
Epoch 83/100
Training loss: 0.00000 || Validation loss: 12.91454
Epoch 84/100
Training loss: 0.00000 || Validation loss: 13.64858
Epoch 85/100
Training loss: 0.00000 || Validation loss: 14.48469
Epoch 86/100
Training loss: 0.00000 || Validation loss: 13.83481
Epoch 87/100
Training loss: 0.00000 || Validation loss: 14.11465
Epoch 88/100
Training loss: 0.00000 || Validation loss: 13.03492
Epoch 89/100
Training loss: 0.00000 || Validation loss: 16.27798
Epoch 90/100
Training loss: 0.00000 || Validation loss: 13.98527
Epoch 91/100
Training loss: 0.00000 || Validation loss: 13.54901
Epoch 92/100
Training loss: 0.00000 || Validation loss: 13.11721
Epoch 93/100
Training loss: 0.00000 || Validation loss: 11.91091
Epoch 94/100
Training loss: 0.00000 || Validation loss: 12.56988
Epoch 95/100
Training loss: 0.00000 || Validation loss: 12.06044
Epoch 96/100
Training loss: 0.00000 || Validation loss: 12.76391
Epoch 97/100
Training loss: 0.00000 || Validation loss: 12.20790
Epoch 98/100
Training loss: 0.00000 || Validation loss: 13.27535
Epoch 99/100
Training loss: 0.00000 || Validation loss: 12.27282
Epoch 100/100
Training loss: 0.00000 || Validation loss: 13.07228
Best model for fold 1 saved from epoch 11 with f1 3.87589
Final training loss: 0.00000 || Final test loss: 13.07228
Fold 2
Model loaded successfully from ./pretrained_model/64_to_256_3layers.ckpt
device : cuda
Model not found at ./model/forest_wba_value_compare_pretrained_and_non_16frames/piece_size_5_fix_False_pretrained_True/fold_2/fly_model.ckpt
튜플 파일을 불러오는 중 문제가 발생했습니다 (./model/forest_wba_value_compare_pretrained_and_non_16frames/piece_size_5_fix_False_pretrained_True/fold_2): [Errno 2] No such file or directory: './model/forest_wba_value_compare_pretrained_and_non_16frames/piece_size_5_fix_False_pretrained_True/fold_2/training_tuples.pkl'
Epoch 1/100
Training loss: 27.01300 || Validation loss: 31.34577
New best model saved at epoch 1 with loss 31.34577
Epoch 2/100
Training loss: 2.99107 || Validation loss: 15.62911
New best model saved at epoch 2 with loss 15.62911
Epoch 3/100
Training loss: 1.00260 || Validation loss: 13.98297
New best model saved at epoch 3 with loss 13.98297
Epoch 4/100
Training loss: 0.67546 || Validation loss: 13.08946
New best model saved at epoch 4 with loss 13.08946
Epoch 5/100
Training loss: 0.49161 || Validation loss: 9.92342
New best model saved at epoch 5 with loss 9.92342
Epoch 6/100
Training loss: 0.32191 || Validation loss: 7.65823
New best model saved at epoch 6 with loss 7.65823
Epoch 7/100
Training loss: 0.23576 || Validation loss: 8.09788
Epoch 8/100
Training loss: 0.18448 || Validation loss: 8.60686
Epoch 9/100
Training loss: 0.16840 || Validation loss: 8.03936
Epoch 10/100
Training loss: 0.12937 || Validation loss: 5.36787
New best model saved at epoch 10 with loss 5.36787
Epoch 11/100
Training loss: 0.10215 || Validation loss: 5.21326
New best model saved at epoch 11 with loss 5.21326
Epoch 12/100
Training loss: 0.09819 || Validation loss: 4.32544
New best model saved at epoch 12 with loss 4.32544
Epoch 13/100
Training loss: 0.07726 || Validation loss: 4.50051
Epoch 14/100
Training loss: 0.06505 || Validation loss: 3.86315
New best model saved at epoch 14 with loss 3.86315
Epoch 15/100
Training loss: 0.05316 || Validation loss: 4.50669
Epoch 16/100
Training loss: 0.04183 || Validation loss: 4.54197
Epoch 17/100
Training loss: 0.03198 || Validation loss: 6.43939
Epoch 18/100
Training loss: 0.02224 || Validation loss: 6.92322
Epoch 19/100
Training loss: 0.01715 || Validation loss: 7.67171
Epoch 20/100
Training loss: 0.01145 || Validation loss: 9.57824
Epoch 21/100
Training loss: 0.00862 || Validation loss: 10.16035
Epoch 22/100
Training loss: 0.00679 || Validation loss: 11.26900
Epoch 23/100
Training loss: 0.00421 || Validation loss: 12.77800
Epoch 24/100
Training loss: 0.00256 || Validation loss: 13.41242
Epoch 25/100
Training loss: 0.00194 || Validation loss: 14.92184
Epoch 26/100
Training loss: 0.00100 || Validation loss: 16.26510
Epoch 27/100
Training loss: 0.00061 || Validation loss: 17.35080
Epoch 28/100
Training loss: 0.00042 || Validation loss: 15.69289
Epoch 29/100
Training loss: 0.00023 || Validation loss: 15.97250
Epoch 30/100
Training loss: 0.00014 || Validation loss: 17.79058
Epoch 31/100
Training loss: 0.00009 || Validation loss: 18.38104
Epoch 32/100
Training loss: 0.00004 || Validation loss: 15.06824
Epoch 33/100
Training loss: 0.00002 || Validation loss: 16.89636
Epoch 34/100
Training loss: 0.00002 || Validation loss: 16.03443
Epoch 35/100
Training loss: 0.00001 || Validation loss: 18.00938
Epoch 36/100
Training loss: 0.00000 || Validation loss: 17.51521
Epoch 37/100
Training loss: 0.00000 || Validation loss: 17.28130
Epoch 38/100
Training loss: 0.00000 || Validation loss: 18.54383
Epoch 39/100
Training loss: 0.00000 || Validation loss: 18.16020
Epoch 40/100
Training loss: 0.00000 || Validation loss: 18.43189
Epoch 41/100
Training loss: 0.00000 || Validation loss: 18.11700
Epoch 42/100
Training loss: 0.00000 || Validation loss: 18.10124
Epoch 43/100
Training loss: 0.00000 || Validation loss: 17.50284
Epoch 44/100
Training loss: 0.00000 || Validation loss: 17.33080
Epoch 45/100
Training loss: 0.00000 || Validation loss: 18.43792
Epoch 46/100
Training loss: 0.00000 || Validation loss: 19.57288
Epoch 47/100
Training loss: 0.00000 || Validation loss: 17.73207
Epoch 48/100
Training loss: 0.00000 || Validation loss: 16.98323
Epoch 49/100
Training loss: 0.00000 || Validation loss: 16.20433
Epoch 50/100
Training loss: 0.00000 || Validation loss: 17.16104
Epoch 51/100
Training loss: 0.00000 || Validation loss: 18.85194
Epoch 52/100
Training loss: 0.00000 || Validation loss: 18.03917
Epoch 53/100
Training loss: 0.00000 || Validation loss: 18.35665
Epoch 54/100
Training loss: 0.00000 || Validation loss: 19.04167
Epoch 55/100
Training loss: 0.00000 || Validation loss: 18.17260
Epoch 56/100
Training loss: 0.00000 || Validation loss: 19.10340
Epoch 57/100
Training loss: 0.00000 || Validation loss: 19.99892
Epoch 58/100
Training loss: 0.00000 || Validation loss: 17.97190
Epoch 59/100
Training loss: 0.00000 || Validation loss: 19.86604
Epoch 60/100
Training loss: 0.00000 || Validation loss: 17.75966
Epoch 61/100
Training loss: 0.00000 || Validation loss: 17.92033
Epoch 62/100
Training loss: 0.00000 || Validation loss: 18.65006
Epoch 63/100
Training loss: 0.00000 || Validation loss: 17.99346
Epoch 64/100
Training loss: 0.00000 || Validation loss: 18.30554
Epoch 65/100
Training loss: 0.00000 || Validation loss: 18.65486
Epoch 66/100
Training loss: 0.00000 || Validation loss: 18.59101
Epoch 67/100
Training loss: 0.00000 || Validation loss: 19.11770
Epoch 68/100
Training loss: 0.00000 || Validation loss: 16.96766
Epoch 69/100
Training loss: 0.00000 || Validation loss: 19.68456
Epoch 70/100
Training loss: 0.00000 || Validation loss: 19.71647
Epoch 71/100
Training loss: 0.00000 || Validation loss: 18.33063
Epoch 72/100
Training loss: 0.00000 || Validation loss: 20.56097
Epoch 73/100
Training loss: 0.00000 || Validation loss: 18.31240
Epoch 74/100
Training loss: 0.00000 || Validation loss: 18.85451
Epoch 75/100
Training loss: 0.00000 || Validation loss: 20.52604
Epoch 76/100
Training loss: 0.00000 || Validation loss: 18.60719
Epoch 77/100
Training loss: 0.00000 || Validation loss: 18.90189
Epoch 78/100
Training loss: 0.00000 || Validation loss: 16.74808
Epoch 79/100
Training loss: 0.00000 || Validation loss: 18.75196
Epoch 80/100
Training loss: 0.00000 || Validation loss: 19.46201
Epoch 81/100
Training loss: 0.00000 || Validation loss: 18.54274
Epoch 82/100
Training loss: 0.00000 || Validation loss: 17.60268
Epoch 83/100
Training loss: 0.00000 || Validation loss: 18.42260
Epoch 84/100
Training loss: 0.00000 || Validation loss: 19.76927
Epoch 85/100
Training loss: 0.00000 || Validation loss: 18.19985
Epoch 86/100
Training loss: 0.00003 || Validation loss: 16.79515
Epoch 87/100
Training loss: 0.00000 || Validation loss: 17.05582
Epoch 88/100
Training loss: 0.00000 || Validation loss: 16.65968
Epoch 89/100
Training loss: 0.00000 || Validation loss: 18.21612
Epoch 90/100
Training loss: 0.00000 || Validation loss: 17.45906
Epoch 91/100
Training loss: 0.00000 || Validation loss: 18.55169
Epoch 92/100
Training loss: 0.00000 || Validation loss: 17.99963
Epoch 93/100
Training loss: 0.00000 || Validation loss: 20.30589
Epoch 94/100
Training loss: 0.00000 || Validation loss: 16.72947
Epoch 95/100
Training loss: 0.00000 || Validation loss: 16.75545
Epoch 96/100
Training loss: 0.00000 || Validation loss: 18.31158
Epoch 97/100
Training loss: 0.00000 || Validation loss: 19.53903
Epoch 98/100
Training loss: 0.00000 || Validation loss: 18.12159
Epoch 99/100
Training loss: 0.00000 || Validation loss: 17.71884
Epoch 100/100
Training loss: 0.00000 || Validation loss: 17.17739
Best model for fold 2 saved from epoch 14 with f1 3.86315
Final training loss: 0.00000 || Final test loss: 17.17739
Fold 3
Model loaded successfully from ./pretrained_model/64_to_256_3layers.ckpt
device : cuda
Model not found at ./model/forest_wba_value_compare_pretrained_and_non_16frames/piece_size_5_fix_False_pretrained_True/fold_3/fly_model.ckpt
튜플 파일을 불러오는 중 문제가 발생했습니다 (./model/forest_wba_value_compare_pretrained_and_non_16frames/piece_size_5_fix_False_pretrained_True/fold_3): [Errno 2] No such file or directory: './model/forest_wba_value_compare_pretrained_and_non_16frames/piece_size_5_fix_False_pretrained_True/fold_3/training_tuples.pkl'
Epoch 1/100
Training loss: 55.86477 || Validation loss: 33.85840
New best model saved at epoch 1 with loss 33.85840
Epoch 2/100
Training loss: 5.65695 || Validation loss: 20.78456
New best model saved at epoch 2 with loss 20.78456
Epoch 3/100
Training loss: 2.17649 || Validation loss: 16.22565
New best model saved at epoch 3 with loss 16.22565
Epoch 4/100
Training loss: 1.65276 || Validation loss: 20.01860
Epoch 5/100
Training loss: 1.32468 || Validation loss: 16.72025
Epoch 6/100
Training loss: 1.16364 || Validation loss: 13.14428
New best model saved at epoch 6 with loss 13.14428
Epoch 7/100
Training loss: 1.05231 || Validation loss: 9.22382
New best model saved at epoch 7 with loss 9.22382
Epoch 8/100
Training loss: 0.75421 || Validation loss: 7.90154
New best model saved at epoch 8 with loss 7.90154
Epoch 9/100
Training loss: 0.59453 || Validation loss: 6.56740
New best model saved at epoch 9 with loss 6.56740
Epoch 10/100
Training loss: 0.35651 || Validation loss: 5.42025
New best model saved at epoch 10 with loss 5.42025
Epoch 11/100
Training loss: 0.24459 || Validation loss: 5.12886
New best model saved at epoch 11 with loss 5.12886
Epoch 12/100
Training loss: 0.16207 || Validation loss: 6.35018
Epoch 13/100
Training loss: 0.09828 || Validation loss: 6.64870
Epoch 14/100
Training loss: 0.06086 || Validation loss: 8.52609
Epoch 15/100
Training loss: 0.03467 || Validation loss: 10.65650
Epoch 16/100
Training loss: 0.01756 || Validation loss: 11.62518
Epoch 17/100
Training loss: 0.00782 || Validation loss: 13.27042
Epoch 18/100
Training loss: 0.00426 || Validation loss: 13.56735
Epoch 19/100
Training loss: 0.00199 || Validation loss: 14.08176
Epoch 20/100
Training loss: 0.00101 || Validation loss: 13.86429
Epoch 21/100
Training loss: 0.00044 || Validation loss: 13.31086
Epoch 22/100
Training loss: 0.00019 || Validation loss: 14.50283
Epoch 23/100
Training loss: 0.00009 || Validation loss: 13.91984
Epoch 24/100
Training loss: 0.00004 || Validation loss: 14.79516
Epoch 25/100
Training loss: 0.00002 || Validation loss: 15.04728
Epoch 26/100
Training loss: 0.00000 || Validation loss: 16.27387
Epoch 27/100
Training loss: 0.00000 || Validation loss: 15.74404
Epoch 28/100
Training loss: 0.00000 || Validation loss: 16.69925
Epoch 29/100
Training loss: 0.00000 || Validation loss: 15.63504
Epoch 30/100
Training loss: 0.00000 || Validation loss: 15.20501
Epoch 31/100
Training loss: 0.00000 || Validation loss: 17.30611
Epoch 32/100
Training loss: 0.00000 || Validation loss: 17.35349
Epoch 33/100
Training loss: 0.00000 || Validation loss: 15.74616
Epoch 34/100
Training loss: 0.00000 || Validation loss: 15.42469
Epoch 35/100
Training loss: 0.00000 || Validation loss: 14.89608
Epoch 36/100
Training loss: 0.00000 || Validation loss: 14.96097
Epoch 37/100
Training loss: 0.00000 || Validation loss: 16.76969
Epoch 38/100
Training loss: 0.00000 || Validation loss: 14.61987
Epoch 39/100
Training loss: 0.00000 || Validation loss: 14.98041
Epoch 40/100
Training loss: 0.00000 || Validation loss: 13.58605
Epoch 41/100
Training loss: 0.00000 || Validation loss: 17.09170
Epoch 42/100
Training loss: 0.00000 || Validation loss: 15.18348
Epoch 43/100
Training loss: 0.00000 || Validation loss: 15.03145
Epoch 44/100
Training loss: 0.00000 || Validation loss: 14.84486
Epoch 45/100
Training loss: 0.00000 || Validation loss: 14.78356
Epoch 46/100
Training loss: 0.00000 || Validation loss: 15.89103
Epoch 47/100
Training loss: 0.00000 || Validation loss: 16.80300
Epoch 48/100
Training loss: 0.00000 || Validation loss: 15.02679
Epoch 49/100
Training loss: 0.00000 || Validation loss: 15.21121
Epoch 50/100
Training loss: 0.00000 || Validation loss: 16.06387
Epoch 51/100
Training loss: 0.00000 || Validation loss: 15.25758
Epoch 52/100
Training loss: 0.00000 || Validation loss: 14.70223
Epoch 53/100
Training loss: 0.00000 || Validation loss: 15.11812
Epoch 54/100
Training loss: 0.00000 || Validation loss: 14.62835
Epoch 55/100
Training loss: 0.00000 || Validation loss: 14.99625
Epoch 56/100
Training loss: 0.00000 || Validation loss: 14.56006
Epoch 57/100
Training loss: 0.00000 || Validation loss: 16.39156
Epoch 58/100
Training loss: 0.00000 || Validation loss: 16.15807
Epoch 59/100
Training loss: 0.00000 || Validation loss: 15.44020
Epoch 60/100
Training loss: 0.00000 || Validation loss: 16.27057
Epoch 61/100
Training loss: 0.00000 || Validation loss: 16.29193
Epoch 62/100
Training loss: 0.00000 || Validation loss: 16.34074
Epoch 63/100
Training loss: 0.00000 || Validation loss: 14.41136
Epoch 64/100
Training loss: 0.00000 || Validation loss: 15.95199
Epoch 65/100
Training loss: 0.00000 || Validation loss: 16.10989
Epoch 66/100
Training loss: 0.00000 || Validation loss: 14.84229
Epoch 67/100
Training loss: 0.00000 || Validation loss: 16.07118
Epoch 68/100
Training loss: 0.00000 || Validation loss: 15.11602
Epoch 69/100
Training loss: 0.00000 || Validation loss: 16.46379
Epoch 70/100
Training loss: 0.00000 || Validation loss: 16.63719
Epoch 71/100
Training loss: 0.00000 || Validation loss: 17.23106
Epoch 72/100
Training loss: 0.00000 || Validation loss: 16.06783
Epoch 73/100
Training loss: 0.00000 || Validation loss: 16.30875
Epoch 74/100
Training loss: 0.00000 || Validation loss: 14.32930
Epoch 75/100
Training loss: 0.00000 || Validation loss: 15.32533
Epoch 76/100
Training loss: 0.00000 || Validation loss: 14.48508
Epoch 77/100
Training loss: 0.00000 || Validation loss: 14.86721
Epoch 78/100
Training loss: 0.00000 || Validation loss: 16.69453
Epoch 79/100
Training loss: 0.00000 || Validation loss: 15.33794
Epoch 80/100
Training loss: 0.00000 || Validation loss: 16.95918
Epoch 81/100
Training loss: 0.00000 || Validation loss: 14.46912
Epoch 82/100
Training loss: 0.00000 || Validation loss: 14.34740
Epoch 83/100
Training loss: 0.00000 || Validation loss: 16.16489
Epoch 84/100
Training loss: 0.00000 || Validation loss: 15.83314
Epoch 85/100
Training loss: 0.00000 || Validation loss: 15.76949
Epoch 86/100
Training loss: 0.00000 || Validation loss: 14.39087
Epoch 87/100
Training loss: 0.00000 || Validation loss: 15.80065
Epoch 88/100
Training loss: 0.00000 || Validation loss: 15.72562
Epoch 89/100
Training loss: 0.00000 || Validation loss: 14.83852
Epoch 90/100
Training loss: 0.00000 || Validation loss: 14.23144
Epoch 91/100
Training loss: 0.00000 || Validation loss: 16.32692
Epoch 92/100
Training loss: 0.00000 || Validation loss: 14.98121
Epoch 93/100
Training loss: 0.00000 || Validation loss: 13.62674
Epoch 94/100
Training loss: 0.00000 || Validation loss: 17.73847
Epoch 95/100
Training loss: 0.00000 || Validation loss: 17.72011
Epoch 96/100
Training loss: 0.00000 || Validation loss: 14.82161
Epoch 97/100
Training loss: 0.00000 || Validation loss: 14.61883
Epoch 98/100
Training loss: 0.00000 || Validation loss: 15.38868
Epoch 99/100
Training loss: 0.00000 || Validation loss: 14.74096
Epoch 100/100
Training loss: 0.00000 || Validation loss: 14.83781
Best model for fold 3 saved from epoch 11 with f1 5.12886
Final training loss: 0.00000 || Final test loss: 14.83781
All fold val losses: [3.8758905785424367, 3.8631538493292674, 5.12886026927403]
Average val loss: 4.28930
Fold 1
Model loaded successfully from ./pretrained_model/64_to_256_3layers.ckpt
device : cuda
Model not found at ./model/forest_wba_value_compare_pretrained_and_non_16frames/piece_size_10_fix_False_pretrained_True/fold_1/fly_model.ckpt
튜플 파일을 불러오는 중 문제가 발생했습니다 (./model/forest_wba_value_compare_pretrained_and_non_16frames/piece_size_10_fix_False_pretrained_True/fold_1): [Errno 2] No such file or directory: './model/forest_wba_value_compare_pretrained_and_non_16frames/piece_size_10_fix_False_pretrained_True/fold_1/training_tuples.pkl'
Epoch 1/100
Training loss: 34.82646 || Validation loss: 14.67607
New best model saved at epoch 1 with loss 14.67607
Epoch 2/100
Training loss: 3.14600 || Validation loss: 7.15976
New best model saved at epoch 2 with loss 7.15976
Epoch 3/100
Training loss: 1.24761 || Validation loss: 6.21940
New best model saved at epoch 3 with loss 6.21940
Epoch 4/100
Training loss: 0.59882 || Validation loss: 6.23444
Epoch 5/100
Training loss: 0.42577 || Validation loss: 5.17439
New best model saved at epoch 5 with loss 5.17439
Epoch 6/100
Training loss: 0.38214 || Validation loss: 4.38768
New best model saved at epoch 6 with loss 4.38768
Epoch 7/100
Training loss: 0.27540 || Validation loss: 4.38123
New best model saved at epoch 7 with loss 4.38123
Epoch 8/100
Training loss: 0.22566 || Validation loss: 4.01198
New best model saved at epoch 8 with loss 4.01198
Epoch 9/100
Training loss: 0.23348 || Validation loss: 4.59399
Epoch 10/100
Training loss: 0.18211 || Validation loss: 3.69753
New best model saved at epoch 10 with loss 3.69753
Epoch 11/100
Training loss: 0.14181 || Validation loss: 2.98211
New best model saved at epoch 11 with loss 2.98211
Epoch 12/100
Training loss: 0.14621 || Validation loss: 2.92725
New best model saved at epoch 12 with loss 2.92725
Epoch 13/100
Training loss: 0.11770 || Validation loss: 3.11380
Epoch 14/100
Training loss: 0.09514 || Validation loss: 3.06845
Epoch 15/100
Training loss: 0.08410 || Validation loss: 3.80771
Epoch 16/100
Training loss: 0.06747 || Validation loss: 4.14958
Epoch 17/100
Training loss: 0.05428 || Validation loss: 4.30750
Epoch 18/100
Training loss: 0.04915 || Validation loss: 5.69747
Epoch 19/100
Training loss: 0.03295 || Validation loss: 6.92908
Epoch 20/100
Training loss: 0.02638 || Validation loss: 8.09430
Epoch 21/100
Training loss: 0.01866 || Validation loss: 7.49001
Epoch 22/100
Training loss: 0.01319 || Validation loss: 9.43338
Epoch 23/100
Training loss: 0.01079 || Validation loss: 9.75881
Epoch 24/100
Training loss: 0.00670 || Validation loss: 12.70195
Epoch 25/100
Training loss: 0.00457 || Validation loss: 10.01977
Epoch 26/100
Training loss: 0.00304 || Validation loss: 12.12083
Epoch 27/100
Training loss: 0.00203 || Validation loss: 13.94648
Epoch 28/100
Training loss: 0.00122 || Validation loss: 15.91242
Epoch 29/100
Training loss: 0.00077 || Validation loss: 13.72306
Epoch 30/100
Training loss: 0.00043 || Validation loss: 13.46662
Epoch 31/100
Training loss: 0.00026 || Validation loss: 16.88757
Epoch 32/100
Training loss: 0.00016 || Validation loss: 15.67179
Epoch 33/100
Training loss: 0.00009 || Validation loss: 19.20502
Epoch 34/100
Training loss: 0.00005 || Validation loss: 15.79480
Epoch 35/100
Training loss: 0.00002 || Validation loss: 15.54967
Epoch 36/100
Training loss: 0.00001 || Validation loss: 16.58771
Epoch 37/100
Training loss: 0.00001 || Validation loss: 17.75546
Epoch 38/100
Training loss: 0.00000 || Validation loss: 17.24405
Epoch 39/100
Training loss: 0.00000 || Validation loss: 16.89349
Epoch 40/100
Training loss: 0.00000 || Validation loss: 15.31269
Epoch 41/100
Training loss: 0.00000 || Validation loss: 17.17061
Epoch 42/100
Training loss: 0.00000 || Validation loss: 18.06059
Epoch 43/100
Training loss: 0.00000 || Validation loss: 15.05913
Epoch 44/100
Training loss: 0.00000 || Validation loss: 17.12448
Epoch 45/100
Training loss: 0.00000 || Validation loss: 17.95719
Epoch 46/100
Training loss: 0.00000 || Validation loss: 18.94460
Epoch 47/100
Training loss: 0.00000 || Validation loss: 16.02754
Epoch 48/100
Training loss: 0.00000 || Validation loss: 16.48245
Epoch 49/100
Training loss: 0.00000 || Validation loss: 15.07010
Epoch 50/100
Training loss: 0.00000 || Validation loss: 16.39831
Epoch 51/100
Training loss: 0.00000 || Validation loss: 16.59068
Epoch 52/100
Training loss: 0.00000 || Validation loss: 15.40342
Epoch 53/100
Training loss: 0.00000 || Validation loss: 15.19896
Epoch 54/100
Training loss: 0.00000 || Validation loss: 15.78265
Epoch 55/100
Training loss: 0.00000 || Validation loss: 17.39676
Epoch 56/100
Training loss: 0.00000 || Validation loss: 14.55219
Epoch 57/100
Training loss: 0.00000 || Validation loss: 17.44559
Epoch 58/100
Training loss: 0.00000 || Validation loss: 18.39673
Epoch 59/100
Training loss: 0.00000 || Validation loss: 17.31438
Epoch 60/100
Training loss: 0.00000 || Validation loss: 16.82813
Epoch 61/100
Training loss: 0.00000 || Validation loss: 15.41832
Epoch 62/100
Training loss: 0.00000 || Validation loss: 16.14592
Epoch 63/100
Training loss: 0.00000 || Validation loss: 15.77161
Epoch 64/100
Training loss: 0.00000 || Validation loss: 15.30619
Epoch 65/100
Training loss: 0.00000 || Validation loss: 17.86459
Epoch 66/100
Training loss: 0.00000 || Validation loss: 14.93373
Epoch 67/100
Training loss: 0.00000 || Validation loss: 16.96957
Epoch 68/100
Training loss: 0.00000 || Validation loss: 14.83963
Epoch 69/100
Training loss: 0.00000 || Validation loss: 15.16966
Epoch 70/100
Training loss: 0.00000 || Validation loss: 14.17022
Epoch 71/100
Training loss: 0.00000 || Validation loss: 16.60192
Epoch 72/100
Training loss: 0.00000 || Validation loss: 17.00590
Epoch 73/100
Training loss: 0.00000 || Validation loss: 16.82785
Epoch 74/100
Training loss: 0.00000 || Validation loss: 15.86385
Epoch 75/100
Training loss: 0.00000 || Validation loss: 16.26536
Epoch 76/100
Training loss: 0.00000 || Validation loss: 15.49738
Epoch 77/100
Training loss: 0.00000 || Validation loss: 15.44381
Epoch 78/100
Training loss: 0.00000 || Validation loss: 16.30941
Epoch 79/100
Training loss: 0.00000 || Validation loss: 15.78441
Epoch 80/100
Training loss: 0.00000 || Validation loss: 13.44381
Epoch 81/100
Training loss: 0.00000 || Validation loss: 15.45118
Epoch 82/100
Training loss: 0.00000 || Validation loss: 15.67787
Epoch 83/100
Training loss: 0.00000 || Validation loss: 16.17591
Epoch 84/100
Training loss: 0.00000 || Validation loss: 17.34439
Epoch 85/100
Training loss: 0.00000 || Validation loss: 15.92062
Epoch 86/100
Training loss: 0.00000 || Validation loss: 17.12177
Epoch 87/100
Training loss: 0.00000 || Validation loss: 16.41999
Epoch 88/100
Training loss: 0.00000 || Validation loss: 16.36510
Epoch 89/100
Training loss: 0.00000 || Validation loss: 16.14852
Epoch 90/100
Training loss: 0.00000 || Validation loss: 15.05155
Epoch 91/100
Training loss: 0.00000 || Validation loss: 16.02514
Epoch 92/100
Training loss: 0.00000 || Validation loss: 16.51695
Epoch 93/100
Training loss: 0.00000 || Validation loss: 15.94684
Epoch 94/100
Training loss: 0.00000 || Validation loss: 14.73038
Epoch 95/100
Training loss: 0.00000 || Validation loss: 13.94060
Epoch 96/100
Training loss: 0.00000 || Validation loss: 16.51610
Epoch 97/100
Training loss: 0.00000 || Validation loss: 15.10497
Epoch 98/100
Training loss: 0.00000 || Validation loss: 14.39120
Epoch 99/100
Training loss: 0.00000 || Validation loss: 14.52606
Epoch 100/100
Training loss: 0.00000 || Validation loss: 14.17549
Best model for fold 1 saved from epoch 12 with f1 2.92725
Final training loss: 0.00000 || Final test loss: 14.17549
Fold 2
Model loaded successfully from ./pretrained_model/64_to_256_3layers.ckpt
device : cuda
Model not found at ./model/forest_wba_value_compare_pretrained_and_non_16frames/piece_size_10_fix_False_pretrained_True/fold_2/fly_model.ckpt
튜플 파일을 불러오는 중 문제가 발생했습니다 (./model/forest_wba_value_compare_pretrained_and_non_16frames/piece_size_10_fix_False_pretrained_True/fold_2): [Errno 2] No such file or directory: './model/forest_wba_value_compare_pretrained_and_non_16frames/piece_size_10_fix_False_pretrained_True/fold_2/training_tuples.pkl'
Epoch 1/100
Training loss: 50.08540 || Validation loss: 26.28698
New best model saved at epoch 1 with loss 26.28698
Epoch 2/100
Training loss: 6.04224 || Validation loss: 22.28419
New best model saved at epoch 2 with loss 22.28419
Epoch 3/100
Training loss: 1.62061 || Validation loss: 16.58318
New best model saved at epoch 3 with loss 16.58318
Epoch 4/100
Training loss: 0.77317 || Validation loss: 14.03849
New best model saved at epoch 4 with loss 14.03849
Epoch 5/100
Training loss: 0.54928 || Validation loss: 11.38852
New best model saved at epoch 5 with loss 11.38852
Epoch 6/100
Training loss: 0.34263 || Validation loss: 11.32055
New best model saved at epoch 6 with loss 11.32055
Epoch 7/100
Training loss: 0.30303 || Validation loss: 12.54259
Epoch 8/100
Training loss: 0.23988 || Validation loss: 10.14016
New best model saved at epoch 8 with loss 10.14016
Epoch 9/100
Training loss: 0.19566 || Validation loss: 10.37418
Epoch 10/100
Training loss: 0.19617 || Validation loss: 9.71306
New best model saved at epoch 10 with loss 9.71306
Epoch 11/100
Training loss: 0.17886 || Validation loss: 7.70233
New best model saved at epoch 11 with loss 7.70233
Epoch 12/100
Training loss: 0.14771 || Validation loss: 7.95298
Epoch 13/100
Training loss: 0.14628 || Validation loss: 5.09715
New best model saved at epoch 13 with loss 5.09715
Epoch 14/100
Training loss: 0.10573 || Validation loss: 4.82294
New best model saved at epoch 14 with loss 4.82294
Epoch 15/100
Training loss: 0.08947 || Validation loss: 3.81892
New best model saved at epoch 15 with loss 3.81892
Epoch 16/100
Training loss: 0.07828 || Validation loss: 4.65364
Epoch 17/100
Training loss: 0.06513 || Validation loss: 4.63061
Epoch 18/100
Training loss: 0.05822 || Validation loss: 5.00760
Epoch 19/100
Training loss: 0.04000 || Validation loss: 5.13014
Epoch 20/100
Training loss: 0.03541 || Validation loss: 6.78206
Epoch 21/100
Training loss: 0.02656 || Validation loss: 7.75993
Epoch 22/100
Training loss: 0.02395 || Validation loss: 10.97395
Epoch 23/100
Training loss: 0.01581 || Validation loss: 10.97486
Epoch 24/100
Training loss: 0.01193 || Validation loss: 15.07586
Epoch 25/100
Training loss: 0.00823 || Validation loss: 14.80502
Epoch 26/100
Training loss: 0.00558 || Validation loss: 16.41210
Epoch 27/100
Training loss: 0.00382 || Validation loss: 17.62708
Epoch 28/100
Training loss: 0.00277 || Validation loss: 19.49790
Epoch 29/100
Training loss: 0.00182 || Validation loss: 19.94287
Epoch 30/100
Training loss: 0.00114 || Validation loss: 20.88592
Epoch 31/100
Training loss: 0.00072 || Validation loss: 22.51314
Epoch 32/100
Training loss: 0.00044 || Validation loss: 21.78440
Epoch 33/100
Training loss: 0.00029 || Validation loss: 22.49070
Epoch 34/100
Training loss: 0.00017 || Validation loss: 24.03372
Epoch 35/100
Training loss: 0.00009 || Validation loss: 23.61937
Epoch 36/100
Training loss: 0.00005 || Validation loss: 24.95045
Epoch 37/100
Training loss: 0.00003 || Validation loss: 24.29295
Epoch 38/100
Training loss: 0.00002 || Validation loss: 25.30378
Epoch 39/100
Training loss: 0.00001 || Validation loss: 24.38640
Epoch 40/100
Training loss: 0.00000 || Validation loss: 26.05967
Epoch 41/100
Training loss: 0.00000 || Validation loss: 25.95540
Epoch 42/100
Training loss: 0.00000 || Validation loss: 25.56589
Epoch 43/100
Training loss: 0.00000 || Validation loss: 25.13678
Epoch 44/100
Training loss: 0.00000 || Validation loss: 25.02781
Epoch 45/100
Training loss: 0.00000 || Validation loss: 24.61662
Epoch 46/100
Training loss: 0.00000 || Validation loss: 26.27527
Epoch 47/100
Training loss: 0.00000 || Validation loss: 27.76969
Epoch 48/100
Training loss: 0.00000 || Validation loss: 25.88759
Epoch 49/100
Training loss: 0.00000 || Validation loss: 25.51561
Epoch 50/100
Training loss: 0.00000 || Validation loss: 23.01926
Epoch 51/100
Training loss: 0.00000 || Validation loss: 25.52439
Epoch 52/100
Training loss: 0.00000 || Validation loss: 24.96549
Epoch 53/100
Training loss: 0.00000 || Validation loss: 25.29151
Epoch 54/100
Training loss: 0.00000 || Validation loss: 23.32078
Epoch 55/100
Training loss: 0.00000 || Validation loss: 24.04451
Epoch 56/100
Training loss: 0.00000 || Validation loss: 24.98648
Epoch 57/100
Training loss: 0.00000 || Validation loss: 24.44055
Epoch 58/100
Training loss: 0.00000 || Validation loss: 25.27902
Epoch 59/100
Training loss: 0.00000 || Validation loss: 24.50106
Epoch 60/100
Training loss: 0.00000 || Validation loss: 25.95338
Epoch 61/100
Training loss: 0.00000 || Validation loss: 25.75945
Epoch 62/100
Training loss: 0.00000 || Validation loss: 25.83389
Epoch 63/100
Training loss: 0.00000 || Validation loss: 25.14515
Epoch 64/100
Training loss: 0.00000 || Validation loss: 26.23298
Epoch 65/100
Training loss: 0.00000 || Validation loss: 26.21410
Epoch 66/100
Training loss: 0.00000 || Validation loss: 23.12411
Epoch 67/100
Training loss: 0.00000 || Validation loss: 24.69630
Epoch 68/100
Training loss: 0.00000 || Validation loss: 24.23784
Epoch 69/100
Training loss: 0.00000 || Validation loss: 25.68994
Epoch 70/100
Training loss: 0.00000 || Validation loss: 25.42894
Epoch 71/100
Training loss: 0.00000 || Validation loss: 26.28782
Epoch 72/100
Training loss: 0.00000 || Validation loss: 24.87557
Epoch 73/100
Training loss: 0.00000 || Validation loss: 25.34571
Epoch 74/100
Training loss: 0.00000 || Validation loss: 24.68183
Epoch 75/100
Training loss: 0.00000 || Validation loss: 25.36207
Epoch 76/100
Training loss: 0.00000 || Validation loss: 22.93124
Epoch 77/100
Training loss: 0.00000 || Validation loss: 25.38178
Epoch 78/100
Training loss: 0.00000 || Validation loss: 23.63311
Epoch 79/100
Training loss: 0.00000 || Validation loss: 23.38586
Epoch 80/100
Training loss: 0.00000 || Validation loss: 24.31848
Epoch 81/100
Training loss: 0.00000 || Validation loss: 24.70592
Epoch 82/100
Training loss: 0.00000 || Validation loss: 23.36045
Epoch 83/100
Training loss: 0.00000 || Validation loss: 22.97307
Epoch 84/100
Training loss: 0.00000 || Validation loss: 25.44180
Epoch 85/100
Training loss: 0.00000 || Validation loss: 24.80733
Epoch 86/100
Training loss: 0.00000 || Validation loss: 23.75271
Epoch 87/100
Training loss: 0.00000 || Validation loss: 23.51730
Epoch 88/100
Training loss: 0.00000 || Validation loss: 22.18064
Epoch 89/100
Training loss: 0.00000 || Validation loss: 22.45545
Epoch 90/100
Training loss: 0.00000 || Validation loss: 23.76445
Epoch 91/100
Training loss: 0.00000 || Validation loss: 23.90646
Epoch 92/100
Training loss: 0.00000 || Validation loss: 23.43957
Epoch 93/100
Training loss: 0.00000 || Validation loss: 24.35021
Epoch 94/100
Training loss: 0.00000 || Validation loss: 23.23248
Epoch 95/100
Training loss: 0.00000 || Validation loss: 22.57004
Epoch 96/100
Training loss: 0.00000 || Validation loss: 23.54428
Epoch 97/100
Training loss: 0.00000 || Validation loss: 22.23589
Epoch 98/100
Training loss: 0.00000 || Validation loss: 21.12485
Epoch 99/100
Training loss: 0.00000 || Validation loss: 23.09770
Epoch 100/100
Training loss: 0.00000 || Validation loss: 21.39543
Best model for fold 2 saved from epoch 15 with f1 3.81892
Final training loss: 0.00000 || Final test loss: 21.39543
Fold 3
Model loaded successfully from ./pretrained_model/64_to_256_3layers.ckpt
device : cuda
Model not found at ./model/forest_wba_value_compare_pretrained_and_non_16frames/piece_size_10_fix_False_pretrained_True/fold_3/fly_model.ckpt
튜플 파일을 불러오는 중 문제가 발생했습니다 (./model/forest_wba_value_compare_pretrained_and_non_16frames/piece_size_10_fix_False_pretrained_True/fold_3): [Errno 2] No such file or directory: './model/forest_wba_value_compare_pretrained_and_non_16frames/piece_size_10_fix_False_pretrained_True/fold_3/training_tuples.pkl'
Epoch 1/100
Training loss: 40.03383 || Validation loss: 26.60808
New best model saved at epoch 1 with loss 26.60808
Epoch 2/100
Training loss: 4.52723 || Validation loss: 18.23450
New best model saved at epoch 2 with loss 18.23450
Epoch 3/100
Training loss: 2.24262 || Validation loss: 11.00046
New best model saved at epoch 3 with loss 11.00046
Epoch 4/100
Training loss: 1.65996 || Validation loss: 10.41273
New best model saved at epoch 4 with loss 10.41273
Epoch 5/100
Training loss: 1.50341 || Validation loss: 7.85095
New best model saved at epoch 5 with loss 7.85095
Epoch 6/100
Training loss: 1.12350 || Validation loss: 5.69142
New best model saved at epoch 6 with loss 5.69142
Epoch 7/100
Training loss: 0.93792 || Validation loss: 4.39045
New best model saved at epoch 7 with loss 4.39045
Epoch 8/100
Training loss: 0.66083 || Validation loss: 5.55637
Epoch 9/100
Training loss: 0.37134 || Validation loss: 7.56915
Epoch 10/100
Training loss: 0.22366 || Validation loss: 10.16270
Epoch 11/100
Training loss: 0.10698 || Validation loss: 13.45426
Epoch 12/100
Training loss: 0.04476 || Validation loss: 17.26182
Epoch 13/100
Training loss: 0.01666 || Validation loss: 16.92821
Epoch 14/100
Training loss: 0.00589 || Validation loss: 18.94971
Epoch 15/100
Training loss: 0.00211 || Validation loss: 21.67599
Epoch 16/100
Training loss: 0.00066 || Validation loss: 22.27684
Epoch 17/100
Training loss: 0.00017 || Validation loss: 21.47844
Epoch 18/100
Training loss: 0.00004 || Validation loss: 22.32109
Epoch 19/100
Training loss: 0.00001 || Validation loss: 23.75511
Epoch 20/100
Training loss: 0.00000 || Validation loss: 21.13676
Epoch 21/100
Training loss: 0.00000 || Validation loss: 22.22451
Epoch 22/100
Training loss: 0.00000 || Validation loss: 22.90451
Epoch 23/100
Training loss: 0.00000 || Validation loss: 22.27339
Epoch 24/100
Training loss: 0.00000 || Validation loss: 23.74792
Epoch 25/100
Training loss: 0.00000 || Validation loss: 22.86561
Epoch 26/100
Training loss: 0.00000 || Validation loss: 24.09508
Epoch 27/100
Training loss: 0.00000 || Validation loss: 21.98131
Epoch 28/100
Training loss: 0.00000 || Validation loss: 21.76759
Epoch 29/100
Training loss: 0.00000 || Validation loss: 21.59738
Epoch 30/100
Training loss: 0.00000 || Validation loss: 23.25280
Epoch 31/100
Training loss: 0.00000 || Validation loss: 21.12583
Epoch 32/100
Training loss: 0.00000 || Validation loss: 23.68112
Epoch 33/100
Training loss: 0.00000 || Validation loss: 21.43995
Epoch 34/100
Training loss: 0.00000 || Validation loss: 23.35393
Epoch 35/100
Training loss: 0.00000 || Validation loss: 22.79477
Epoch 36/100
Training loss: 0.00000 || Validation loss: 22.47483
Epoch 37/100
Training loss: 0.00000 || Validation loss: 24.11714
Epoch 38/100
Training loss: 0.00000 || Validation loss: 22.80319
Epoch 39/100
Training loss: 0.00000 || Validation loss: 21.19406
Epoch 40/100
Training loss: 0.00000 || Validation loss: 23.23074
Epoch 41/100
Training loss: 0.00000 || Validation loss: 21.70699
Epoch 42/100
Training loss: 0.00000 || Validation loss: 22.45323
Epoch 43/100
Training loss: 0.00000 || Validation loss: 22.58830
Epoch 44/100
Training loss: 0.00000 || Validation loss: 22.02873
Epoch 45/100
Training loss: 0.00000 || Validation loss: 21.68265
Epoch 46/100
Training loss: 0.00000 || Validation loss: 21.07036
Epoch 47/100
Training loss: 0.00000 || Validation loss: 21.37002
Epoch 48/100
Training loss: 0.00000 || Validation loss: 21.09278
Epoch 49/100
Training loss: 0.00000 || Validation loss: 22.45041
Epoch 50/100
Training loss: 0.00000 || Validation loss: 21.71082
Epoch 51/100
Training loss: 0.00000 || Validation loss: 22.46433
Epoch 52/100
Training loss: 0.00000 || Validation loss: 22.44131
Epoch 53/100
Training loss: 0.00000 || Validation loss: 22.09110
Epoch 54/100
Training loss: 0.00000 || Validation loss: 21.17531
Epoch 55/100
Training loss: 0.00000 || Validation loss: 22.91655
Epoch 56/100
Training loss: 0.00000 || Validation loss: 23.69730
Epoch 57/100
Training loss: 0.00000 || Validation loss: 22.09716
Epoch 58/100
Training loss: 0.00000 || Validation loss: 21.42556
Epoch 59/100
Training loss: 0.00000 || Validation loss: 22.64122
Epoch 60/100
Training loss: 0.00000 || Validation loss: 21.56392
Epoch 61/100
Training loss: 0.00000 || Validation loss: 22.27616
Epoch 62/100
Training loss: 0.00000 || Validation loss: 23.22687
Epoch 63/100
Training loss: 0.00000 || Validation loss: 22.83232
Epoch 64/100
Training loss: 0.00000 || Validation loss: 22.68153
Epoch 65/100
Training loss: 0.00000 || Validation loss: 23.42056
Epoch 66/100
Training loss: 0.00000 || Validation loss: 21.48574
Epoch 67/100
Training loss: 0.00000 || Validation loss: 20.28117
Epoch 68/100
Training loss: 0.00000 || Validation loss: 22.85585
Epoch 69/100
Training loss: 0.00000 || Validation loss: 21.56657
Epoch 70/100
Training loss: 0.00000 || Validation loss: 21.95582
Epoch 71/100
Training loss: 0.00000 || Validation loss: 21.33445
Epoch 72/100
Training loss: 0.00000 || Validation loss: 21.78517
Epoch 73/100
Training loss: 0.00000 || Validation loss: 22.48469
Epoch 74/100
Training loss: 0.00000 || Validation loss: 20.36493
Epoch 75/100
Training loss: 0.00000 || Validation loss: 22.66074
Epoch 76/100
Training loss: 0.00000 || Validation loss: 20.92901
Epoch 77/100
Training loss: 0.00000 || Validation loss: 22.19109
Epoch 78/100
Training loss: 0.00000 || Validation loss: 22.83494
Epoch 79/100
Training loss: 0.00000 || Validation loss: 21.27453
Epoch 80/100
Training loss: 0.00000 || Validation loss: 22.62591
Epoch 81/100
Training loss: 0.00000 || Validation loss: 21.94501
Epoch 82/100
Training loss: 0.00000 || Validation loss: 20.30684
Epoch 83/100
Training loss: 0.00000 || Validation loss: 21.28109
Epoch 84/100
Training loss: 0.00000 || Validation loss: 22.09024
Epoch 85/100
Training loss: 0.00000 || Validation loss: 20.86105
Epoch 86/100
Training loss: 0.00000 || Validation loss: 20.63218
Epoch 87/100
Training loss: 0.00000 || Validation loss: 22.06737
Epoch 88/100
Training loss: 0.00000 || Validation loss: 22.68477
Epoch 89/100
Training loss: 0.00000 || Validation loss: 21.07947
Epoch 90/100
Training loss: 0.00000 || Validation loss: 21.36437
Epoch 91/100
Training loss: 0.00000 || Validation loss: 20.64061
Epoch 92/100
Training loss: 0.00000 || Validation loss: 21.55613
Epoch 93/100
Training loss: 0.00000 || Validation loss: 19.48074
Epoch 94/100
Training loss: 0.00000 || Validation loss: 19.89318
Epoch 95/100
Training loss: 0.00000 || Validation loss: 22.42369
Epoch 96/100
Training loss: 0.00000 || Validation loss: 21.14923
Epoch 97/100
Training loss: 0.01216 || Validation loss: 20.66537
Epoch 98/100
Training loss: 0.00001 || Validation loss: 18.90368
Epoch 99/100
Training loss: 0.00000 || Validation loss: 18.63859
Epoch 100/100
Training loss: 0.00000 || Validation loss: 18.92752
Best model for fold 3 saved from epoch 7 with f1 4.39045
Final training loss: 0.00000 || Final test loss: 18.92752
All fold val losses: [2.9272541205088296, 3.8189209699630737, 4.390449007352193]
Average val loss: 3.71221
Fold 1
Model loaded successfully from ./pretrained_model/64_to_256_3layers.ckpt
device : cuda
Model not found at ./model/forest_wba_value_compare_pretrained_and_non_16frames/piece_size_20_fix_False_pretrained_True/fold_1/fly_model.ckpt
튜플 파일을 불러오는 중 문제가 발생했습니다 (./model/forest_wba_value_compare_pretrained_and_non_16frames/piece_size_20_fix_False_pretrained_True/fold_1): [Errno 2] No such file or directory: './model/forest_wba_value_compare_pretrained_and_non_16frames/piece_size_20_fix_False_pretrained_True/fold_1/training_tuples.pkl'
Epoch 1/100
Training loss: 42.56699 || Validation loss: 85.36943
New best model saved at epoch 1 with loss 85.36943
Epoch 2/100
Training loss: 4.66660 || Validation loss: 61.28367
New best model saved at epoch 2 with loss 61.28367
Epoch 3/100
Training loss: 2.14909 || Validation loss: 78.52551
Epoch 4/100
Training loss: 0.71054 || Validation loss: 64.95625
Epoch 5/100
Training loss: 0.54698 || Validation loss: 62.93881
Epoch 6/100
Training loss: 0.51560 || Validation loss: 73.57269
Epoch 7/100
Training loss: 0.43721 || Validation loss: 76.12575
Epoch 8/100
Training loss: 0.45917 || Validation loss: 57.85906
New best model saved at epoch 8 with loss 57.85906
Epoch 9/100
Training loss: 0.39997 || Validation loss: 61.60939
Epoch 10/100
Training loss: 0.44980 || Validation loss: 56.77895
New best model saved at epoch 10 with loss 56.77895
Epoch 11/100
Training loss: 0.37623 || Validation loss: 53.78403
New best model saved at epoch 11 with loss 53.78403
Epoch 12/100
Training loss: 0.32618 || Validation loss: 46.63990
New best model saved at epoch 12 with loss 46.63990
Epoch 13/100
Training loss: 0.27979 || Validation loss: 41.64750
New best model saved at epoch 13 with loss 41.64750
Epoch 14/100
Training loss: 0.24934 || Validation loss: 33.33007
New best model saved at epoch 14 with loss 33.33007
Epoch 15/100
Training loss: 0.20271 || Validation loss: 26.48459
New best model saved at epoch 15 with loss 26.48459
Epoch 16/100
Training loss: 0.18094 || Validation loss: 23.52471
New best model saved at epoch 16 with loss 23.52471
Epoch 17/100
Training loss: 0.14465 || Validation loss: 17.54946
New best model saved at epoch 17 with loss 17.54946
Epoch 18/100
Training loss: 0.11940 || Validation loss: 13.49044
New best model saved at epoch 18 with loss 13.49044
Epoch 19/100
Training loss: 0.10032 || Validation loss: 9.55034
New best model saved at epoch 19 with loss 9.55034
Epoch 20/100
Training loss: 0.06743 || Validation loss: 6.99942
New best model saved at epoch 20 with loss 6.99942
Epoch 21/100
Training loss: 0.05017 || Validation loss: 6.06566
New best model saved at epoch 21 with loss 6.06566
Epoch 22/100
Training loss: 0.03991 || Validation loss: 4.70284
New best model saved at epoch 22 with loss 4.70284
Epoch 23/100
Training loss: 0.03173 || Validation loss: 3.61286
New best model saved at epoch 23 with loss 3.61286
Epoch 24/100
Training loss: 0.02174 || Validation loss: 3.50619
New best model saved at epoch 24 with loss 3.50619
Epoch 25/100
Training loss: 0.01818 || Validation loss: 3.13931
New best model saved at epoch 25 with loss 3.13931
Epoch 26/100
Training loss: 0.01388 || Validation loss: 3.45351
Epoch 27/100
Training loss: 0.00882 || Validation loss: 3.94634
Epoch 28/100
Training loss: 0.00557 || Validation loss: 4.31985
Epoch 29/100
Training loss: 0.00363 || Validation loss: 5.17377
Epoch 30/100
Training loss: 0.00251 || Validation loss: 5.50720
Epoch 31/100
Training loss: 0.00171 || Validation loss: 6.14190
Epoch 32/100
Training loss: 0.00106 || Validation loss: 6.65316
Epoch 33/100
Training loss: 0.00068 || Validation loss: 7.47213
Epoch 34/100
Training loss: 0.00039 || Validation loss: 7.01358
Epoch 35/100
Training loss: 0.00024 || Validation loss: 8.47564
Epoch 36/100
Training loss: 0.00014 || Validation loss: 7.65368
Epoch 37/100
Training loss: 0.00008 || Validation loss: 7.07406
Epoch 38/100
Training loss: 0.00005 || Validation loss: 8.06200
Epoch 39/100
Training loss: 0.00003 || Validation loss: 8.09776
Epoch 40/100
Training loss: 0.00002 || Validation loss: 7.40479
Epoch 41/100
Training loss: 0.00001 || Validation loss: 8.49183
Epoch 42/100
Training loss: 0.00001 || Validation loss: 8.41762
Epoch 43/100
Training loss: 0.00000 || Validation loss: 8.60820
Epoch 44/100
Training loss: 0.00000 || Validation loss: 8.86997
Epoch 45/100
Training loss: 0.00000 || Validation loss: 7.61156
Epoch 46/100
Training loss: 0.00000 || Validation loss: 8.69028
Epoch 47/100
Training loss: 0.00000 || Validation loss: 8.84289
Epoch 48/100
Training loss: 0.00000 || Validation loss: 9.36247
Epoch 49/100
Training loss: 0.00000 || Validation loss: 8.90467
Epoch 50/100
Training loss: 0.00000 || Validation loss: 8.17419
Epoch 51/100
Training loss: 0.00000 || Validation loss: 8.55851
Epoch 52/100
Training loss: 0.00000 || Validation loss: 9.84559
Epoch 53/100
Training loss: 0.00000 || Validation loss: 8.62132
Epoch 54/100
Training loss: 0.00000 || Validation loss: 9.08256
Epoch 55/100
Training loss: 0.00000 || Validation loss: 9.06878
Epoch 56/100
Training loss: 0.00000 || Validation loss: 9.10350
Epoch 57/100
Training loss: 0.00000 || Validation loss: 9.20866
Epoch 58/100
Training loss: 0.00000 || Validation loss: 9.01754
Epoch 59/100
Training loss: 0.00000 || Validation loss: 9.78221
Epoch 60/100
Training loss: 0.00000 || Validation loss: 8.75060
Epoch 61/100
Training loss: 0.00000 || Validation loss: 9.16952
Epoch 62/100
Training loss: 0.00000 || Validation loss: 9.28344
Epoch 63/100
Training loss: 0.00000 || Validation loss: 9.15560
Epoch 64/100
Training loss: 0.00000 || Validation loss: 8.70452
Epoch 65/100
Training loss: 0.00000 || Validation loss: 9.31157
Epoch 66/100
Training loss: 0.00000 || Validation loss: 9.42527
Epoch 67/100
Training loss: 0.00000 || Validation loss: 9.33119
Epoch 68/100
Training loss: 0.00000 || Validation loss: 9.74790
Epoch 69/100
Training loss: 0.00000 || Validation loss: 9.78601
Epoch 70/100
Training loss: 0.00000 || Validation loss: 9.01300
Epoch 71/100
Training loss: 0.00001 || Validation loss: 9.85956
Epoch 72/100
Training loss: 0.00000 || Validation loss: 9.76251
Epoch 73/100
Training loss: 0.00000 || Validation loss: 10.76708
Epoch 74/100
Training loss: 0.00000 || Validation loss: 9.20176
Epoch 75/100
Training loss: 0.00000 || Validation loss: 8.97680
Epoch 76/100
Training loss: 0.00000 || Validation loss: 9.22835
Epoch 77/100
Training loss: 0.00000 || Validation loss: 9.09953
Epoch 78/100
Training loss: 0.00000 || Validation loss: 10.08200
Epoch 79/100
Training loss: 0.00000 || Validation loss: 9.74494
Epoch 80/100
Training loss: 0.00000 || Validation loss: 9.74340
Epoch 81/100
Training loss: 0.00000 || Validation loss: 9.69138
Epoch 82/100
Training loss: 0.00000 || Validation loss: 9.19999
Epoch 83/100
Training loss: 0.00000 || Validation loss: 9.64105
Epoch 84/100
Training loss: 0.00000 || Validation loss: 9.96346
Epoch 85/100
Training loss: 0.00000 || Validation loss: 9.85705
Epoch 86/100
Training loss: 0.00000 || Validation loss: 9.69269
Epoch 87/100
Training loss: 0.00000 || Validation loss: 10.33186
Epoch 88/100
Training loss: 0.00000 || Validation loss: 9.73275
Epoch 89/100
Training loss: 0.00000 || Validation loss: 9.83026
Epoch 90/100
Training loss: 0.00000 || Validation loss: 9.91160
Epoch 91/100
Training loss: 0.00000 || Validation loss: 9.89930
Epoch 92/100
Training loss: 0.00000 || Validation loss: 9.85082
Epoch 93/100
Training loss: 0.00000 || Validation loss: 10.63748
Epoch 94/100
Training loss: 0.00000 || Validation loss: 9.98609
Epoch 95/100
Training loss: 0.00000 || Validation loss: 10.43095
Epoch 96/100
Training loss: 0.00000 || Validation loss: 9.63795
Epoch 97/100
Training loss: 0.00000 || Validation loss: 10.99980
Epoch 98/100
Training loss: 0.00000 || Validation loss: 10.23943
Epoch 99/100
Training loss: 0.00000 || Validation loss: 10.73307
Epoch 100/100
Training loss: 0.00000 || Validation loss: 11.19314
Best model for fold 1 saved from epoch 25 with f1 3.13931
Final training loss: 0.00000 || Final test loss: 11.19314
Fold 2
Model loaded successfully from ./pretrained_model/64_to_256_3layers.ckpt
device : cuda
Model not found at ./model/forest_wba_value_compare_pretrained_and_non_16frames/piece_size_20_fix_False_pretrained_True/fold_2/fly_model.ckpt
튜플 파일을 불러오는 중 문제가 발생했습니다 (./model/forest_wba_value_compare_pretrained_and_non_16frames/piece_size_20_fix_False_pretrained_True/fold_2): [Errno 2] No such file or directory: './model/forest_wba_value_compare_pretrained_and_non_16frames/piece_size_20_fix_False_pretrained_True/fold_2/training_tuples.pkl'
Epoch 1/100
Training loss: 34.80339 || Validation loss: 36.55974
New best model saved at epoch 1 with loss 36.55974
Epoch 2/100
Training loss: 4.44025 || Validation loss: 19.48471
New best model saved at epoch 2 with loss 19.48471
Epoch 3/100
Training loss: 1.11389 || Validation loss: 13.00631
New best model saved at epoch 3 with loss 13.00631
Epoch 4/100
Training loss: 0.68798 || Validation loss: 14.06682
Epoch 5/100
Training loss: 0.49999 || Validation loss: 12.81744
New best model saved at epoch 5 with loss 12.81744
Epoch 6/100
Training loss: 0.40757 || Validation loss: 11.39886
New best model saved at epoch 6 with loss 11.39886
Epoch 7/100
Training loss: 0.30154 || Validation loss: 10.34456
New best model saved at epoch 7 with loss 10.34456
Epoch 8/100
Training loss: 0.21088 || Validation loss: 10.29930
New best model saved at epoch 8 with loss 10.29930
Epoch 9/100
Training loss: 0.18961 || Validation loss: 8.93690
New best model saved at epoch 9 with loss 8.93690
Epoch 10/100
Training loss: 0.15533 || Validation loss: 7.94027
New best model saved at epoch 10 with loss 7.94027
Epoch 11/100
Training loss: 0.13515 || Validation loss: 8.15834
Epoch 12/100
Training loss: 0.12905 || Validation loss: 7.12623
New best model saved at epoch 12 with loss 7.12623
Epoch 13/100
Training loss: 0.10248 || Validation loss: 6.21809
New best model saved at epoch 13 with loss 6.21809
Epoch 14/100
Training loss: 0.08611 || Validation loss: 5.77715
New best model saved at epoch 14 with loss 5.77715
Epoch 15/100
Training loss: 0.06216 || Validation loss: 5.97848
Epoch 16/100
Training loss: 0.05597 || Validation loss: 5.69015
New best model saved at epoch 16 with loss 5.69015
Epoch 17/100
Training loss: 0.04170 || Validation loss: 5.73975
Epoch 18/100
Training loss: 0.02926 || Validation loss: 5.91667
Epoch 19/100
Training loss: 0.02353 || Validation loss: 6.07765
Epoch 20/100
Training loss: 0.01673 || Validation loss: 6.81172
Epoch 21/100
Training loss: 0.01270 || Validation loss: 7.04379
Epoch 22/100
Training loss: 0.00801 || Validation loss: 7.55820
Epoch 23/100
Training loss: 0.00574 || Validation loss: 8.12995
Epoch 24/100
Training loss: 0.00388 || Validation loss: 8.19127
Epoch 25/100
Training loss: 0.00245 || Validation loss: 9.15320
Epoch 26/100
Training loss: 0.00139 || Validation loss: 9.19227
Epoch 27/100
Training loss: 0.00085 || Validation loss: 9.56151
Epoch 28/100
Training loss: 0.00050 || Validation loss: 9.74009
Epoch 29/100
Training loss: 0.00026 || Validation loss: 10.09919
Epoch 30/100
Training loss: 0.00015 || Validation loss: 10.02321
Epoch 31/100
Training loss: 0.00009 || Validation loss: 10.68499
Epoch 32/100
Training loss: 0.00004 || Validation loss: 10.86550
Epoch 33/100
Training loss: 0.00002 || Validation loss: 11.04912
Epoch 34/100
Training loss: 0.00001 || Validation loss: 10.68664
Epoch 35/100
Training loss: 0.00001 || Validation loss: 11.29641
Epoch 36/100
Training loss: 0.00000 || Validation loss: 11.05859
Epoch 37/100
Training loss: 0.00000 || Validation loss: 10.71304
Epoch 38/100
Training loss: 0.00000 || Validation loss: 10.85044
Epoch 39/100
Training loss: 0.00000 || Validation loss: 10.99420
Epoch 40/100
Training loss: 0.00000 || Validation loss: 10.84222
Epoch 41/100
Training loss: 0.00000 || Validation loss: 11.40370
Epoch 42/100
Training loss: 0.00000 || Validation loss: 10.89580
Epoch 43/100
Training loss: 0.00000 || Validation loss: 10.64059
Epoch 44/100
Training loss: 0.00000 || Validation loss: 11.04816
Epoch 45/100
Training loss: 0.00000 || Validation loss: 10.59111
Epoch 46/100
Training loss: 0.00000 || Validation loss: 10.50840
Epoch 47/100
Training loss: 0.00000 || Validation loss: 10.54752
Epoch 48/100
Training loss: 0.00000 || Validation loss: 11.15209
Epoch 49/100
Training loss: 0.00000 || Validation loss: 11.09617
Epoch 50/100
Training loss: 0.00000 || Validation loss: 11.13979
Epoch 51/100
Training loss: 0.00000 || Validation loss: 10.98826
Epoch 52/100
Training loss: 0.00000 || Validation loss: 10.83941
Epoch 53/100
Training loss: 0.00000 || Validation loss: 10.95688
Epoch 54/100
Training loss: 0.00000 || Validation loss: 11.15152
Epoch 55/100
Training loss: 0.00000 || Validation loss: 11.21667
Epoch 56/100
Training loss: 0.00000 || Validation loss: 10.70233
Epoch 57/100
Training loss: 0.00000 || Validation loss: 10.90882
Epoch 58/100
Training loss: 0.00000 || Validation loss: 11.03176
Epoch 59/100
Training loss: 0.00000 || Validation loss: 10.56564
Epoch 60/100
Training loss: 0.00000 || Validation loss: 10.66755
Epoch 61/100
Training loss: 0.00000 || Validation loss: 11.79572
Epoch 62/100
Training loss: 0.00000 || Validation loss: 10.61760
Epoch 63/100
Training loss: 0.00000 || Validation loss: 10.83639
Epoch 64/100
Training loss: 0.00000 || Validation loss: 11.30511
Epoch 65/100
Training loss: 0.00000 || Validation loss: 11.49594
Epoch 66/100
Training loss: 0.00000 || Validation loss: 10.40667
Epoch 67/100
Training loss: 0.00000 || Validation loss: 11.03080
Epoch 68/100
Training loss: 0.00000 || Validation loss: 10.88743
Epoch 69/100
Training loss: 0.00000 || Validation loss: 10.74400
Epoch 70/100
Training loss: 0.00000 || Validation loss: 11.03997
Epoch 71/100
Training loss: 0.00000 || Validation loss: 10.94513
Epoch 72/100
Training loss: 0.00000 || Validation loss: 10.89966
Epoch 73/100
Training loss: 0.00000 || Validation loss: 11.16759
Epoch 74/100
Training loss: 0.00000 || Validation loss: 10.96571
Epoch 75/100
Training loss: 0.00000 || Validation loss: 10.45189
Epoch 76/100
Training loss: 0.00000 || Validation loss: 10.97419
Epoch 77/100
Training loss: 0.00000 || Validation loss: 11.13201
Epoch 78/100
Training loss: 0.00000 || Validation loss: 10.89406
Epoch 79/100
Training loss: 0.00000 || Validation loss: 11.15700
Epoch 80/100
Training loss: 0.00000 || Validation loss: 11.10222
Epoch 81/100
Training loss: 0.00000 || Validation loss: 11.67006
Epoch 82/100
Training loss: 0.00000 || Validation loss: 10.92271
Epoch 83/100
Training loss: 0.00000 || Validation loss: 10.88069
Epoch 84/100
Training loss: 0.00000 || Validation loss: 10.76905
Epoch 85/100
Training loss: 0.00000 || Validation loss: 10.73840
Epoch 86/100
Training loss: 0.00000 || Validation loss: 11.11973
Epoch 87/100
Training loss: 0.00000 || Validation loss: 10.76653
Epoch 88/100
Training loss: 0.00000 || Validation loss: 10.98005
Epoch 89/100
Training loss: 0.00000 || Validation loss: 10.52711
Epoch 90/100
Training loss: 0.00000 || Validation loss: 11.21504
Epoch 91/100
Training loss: 0.00000 || Validation loss: 10.91110
Epoch 92/100
Training loss: 0.00000 || Validation loss: 10.28555
Epoch 93/100
Training loss: 0.00000 || Validation loss: 10.35792
Epoch 94/100
Training loss: 0.00000 || Validation loss: 11.09576
Epoch 95/100
Training loss: 0.00000 || Validation loss: 10.72439
Epoch 96/100
Training loss: 0.00000 || Validation loss: 11.11282
Epoch 97/100
Training loss: 0.00000 || Validation loss: 11.12364
Epoch 98/100
Training loss: 0.00000 || Validation loss: 10.95342
Epoch 99/100
Training loss: 0.00000 || Validation loss: 10.62676
Epoch 100/100
Training loss: 0.00000 || Validation loss: 10.65570
Best model for fold 2 saved from epoch 16 with f1 5.69015
Final training loss: 0.00000 || Final test loss: 10.65570
Fold 3
Model loaded successfully from ./pretrained_model/64_to_256_3layers.ckpt
device : cuda
Model not found at ./model/forest_wba_value_compare_pretrained_and_non_16frames/piece_size_20_fix_False_pretrained_True/fold_3/fly_model.ckpt
튜플 파일을 불러오는 중 문제가 발생했습니다 (./model/forest_wba_value_compare_pretrained_and_non_16frames/piece_size_20_fix_False_pretrained_True/fold_3): [Errno 2] No such file or directory: './model/forest_wba_value_compare_pretrained_and_non_16frames/piece_size_20_fix_False_pretrained_True/fold_3/training_tuples.pkl'
Epoch 1/100
Training loss: 27.55178 || Validation loss: 26.85891
New best model saved at epoch 1 with loss 26.85891
Epoch 2/100
Training loss: 3.25990 || Validation loss: 24.58426
New best model saved at epoch 2 with loss 24.58426
Epoch 3/100
Training loss: 1.24354 || Validation loss: 20.96527
New best model saved at epoch 3 with loss 20.96527
Epoch 4/100
Training loss: 0.52496 || Validation loss: 20.47998
New best model saved at epoch 4 with loss 20.47998
Epoch 5/100
Training loss: 0.40752 || Validation loss: 17.93608
New best model saved at epoch 5 with loss 17.93608
Epoch 6/100
Training loss: 0.31995 || Validation loss: 18.11117
Epoch 7/100
Training loss: 0.26165 || Validation loss: 16.86634
New best model saved at epoch 7 with loss 16.86634
Epoch 8/100
Training loss: 0.22614 || Validation loss: 15.12623
New best model saved at epoch 8 with loss 15.12623
Epoch 9/100
Training loss: 0.20539 || Validation loss: 14.56944
New best model saved at epoch 9 with loss 14.56944
Epoch 10/100
Training loss: 0.16488 || Validation loss: 13.61410
New best model saved at epoch 10 with loss 13.61410
Epoch 11/100
Training loss: 0.15129 || Validation loss: 11.54027
New best model saved at epoch 11 with loss 11.54027
Epoch 12/100
Training loss: 0.13027 || Validation loss: 10.71849
New best model saved at epoch 12 with loss 10.71849
Epoch 13/100
Training loss: 0.10496 || Validation loss: 9.63221
New best model saved at epoch 13 with loss 9.63221
Epoch 14/100
Training loss: 0.08104 || Validation loss: 9.64211
Epoch 15/100
Training loss: 0.06441 || Validation loss: 9.18204
New best model saved at epoch 15 with loss 9.18204
Epoch 16/100
Training loss: 0.04502 || Validation loss: 8.67677
New best model saved at epoch 16 with loss 8.67677
Epoch 17/100
Training loss: 0.03875 || Validation loss: 9.69101
Epoch 18/100
Training loss: 0.02879 || Validation loss: 10.62421
Epoch 19/100
Training loss: 0.01945 || Validation loss: 9.99357
Epoch 20/100
Training loss: 0.01291 || Validation loss: 11.33006
Epoch 21/100
Training loss: 0.00899 || Validation loss: 12.83217
Epoch 22/100
Training loss: 0.00631 || Validation loss: 12.91287
Epoch 23/100
Training loss: 0.00395 || Validation loss: 13.79335
Epoch 24/100
Training loss: 0.00261 || Validation loss: 14.87249
Epoch 25/100
Training loss: 0.00140 || Validation loss: 15.01703
Epoch 26/100
Training loss: 0.00083 || Validation loss: 16.28265
Epoch 27/100
Training loss: 0.00051 || Validation loss: 16.62720
Epoch 28/100
Training loss: 0.00026 || Validation loss: 16.41152
Epoch 29/100
Training loss: 0.00014 || Validation loss: 17.47876
Epoch 30/100
Training loss: 0.00007 || Validation loss: 17.02812
Epoch 31/100
Training loss: 0.00004 || Validation loss: 17.39027
Epoch 32/100
Training loss: 0.00002 || Validation loss: 17.23663
Epoch 33/100
Training loss: 0.00001 || Validation loss: 17.82652
Epoch 34/100
Training loss: 0.00000 || Validation loss: 17.63988
Epoch 35/100
Training loss: 0.00000 || Validation loss: 17.16925
Epoch 36/100
Training loss: 0.00000 || Validation loss: 18.11776
Epoch 37/100
Training loss: 0.00000 || Validation loss: 17.64796
Epoch 38/100
Training loss: 0.00000 || Validation loss: 18.01290
Epoch 39/100
Training loss: 0.00000 || Validation loss: 17.93592
Epoch 40/100
Training loss: 0.00000 || Validation loss: 18.02376
Epoch 41/100
Training loss: 0.00000 || Validation loss: 17.61746
Epoch 42/100
Training loss: 0.00000 || Validation loss: 17.39176
Epoch 43/100
Training loss: 0.00000 || Validation loss: 17.09926
Epoch 44/100
Training loss: 0.00000 || Validation loss: 17.69656
Epoch 45/100
Training loss: 0.00000 || Validation loss: 17.83146
Epoch 46/100
Training loss: 0.00000 || Validation loss: 17.61572
Epoch 47/100
Training loss: 0.00000 || Validation loss: 18.25435
Epoch 48/100
Training loss: 0.00000 || Validation loss: 17.12872
Epoch 49/100
Training loss: 0.00000 || Validation loss: 18.02236
Epoch 50/100
Training loss: 0.00000 || Validation loss: 17.60614
Epoch 51/100
Training loss: 0.00000 || Validation loss: 17.34097
Epoch 52/100
Training loss: 0.00000 || Validation loss: 17.28147
Epoch 53/100
Training loss: 0.00000 || Validation loss: 18.06481
Epoch 54/100
Training loss: 0.00000 || Validation loss: 17.75211
Epoch 55/100
Training loss: 0.00000 || Validation loss: 18.03837
Epoch 56/100
Training loss: 0.00000 || Validation loss: 17.35168
Epoch 57/100
Training loss: 0.00000 || Validation loss: 17.73553
Epoch 58/100
Training loss: 0.00000 || Validation loss: 18.03886
Epoch 59/100
Training loss: 0.00000 || Validation loss: 17.91356
Epoch 60/100
Training loss: 0.00000 || Validation loss: 17.59518
Epoch 61/100
Training loss: 0.00000 || Validation loss: 17.48231
Epoch 62/100
Training loss: 0.00000 || Validation loss: 17.83026
Epoch 63/100
Training loss: 0.00000 || Validation loss: 17.71290
Epoch 64/100
Training loss: 0.00000 || Validation loss: 17.10582
Epoch 65/100
Training loss: 0.00000 || Validation loss: 18.58736
Epoch 66/100
Training loss: 0.00000 || Validation loss: 17.22605
Epoch 67/100
Training loss: 0.00000 || Validation loss: 17.05212
Epoch 68/100
Training loss: 0.00000 || Validation loss: 17.76855
Epoch 69/100
Training loss: 0.00000 || Validation loss: 17.42121
Epoch 70/100
Training loss: 0.00000 || Validation loss: 17.11446
Epoch 71/100
Training loss: 0.00000 || Validation loss: 17.59896
Epoch 72/100
Training loss: 0.00000 || Validation loss: 17.66430
Epoch 73/100
Training loss: 0.00000 || Validation loss: 18.28523
Epoch 74/100
Training loss: 0.00000 || Validation loss: 17.78901
Epoch 75/100
Training loss: 0.00000 || Validation loss: 17.90269
Epoch 76/100
Training loss: 0.00000 || Validation loss: 18.35565
Epoch 77/100
Training loss: 0.00000 || Validation loss: 17.25588
Epoch 78/100
Training loss: 0.00000 || Validation loss: 17.60448
Epoch 79/100
Training loss: 0.00000 || Validation loss: 17.15357
Epoch 80/100
Training loss: 0.00000 || Validation loss: 17.86814
Epoch 81/100
Training loss: 0.00000 || Validation loss: 17.73260
Epoch 82/100
Training loss: 0.00000 || Validation loss: 18.50136
Epoch 83/100
Training loss: 0.00000 || Validation loss: 17.60651
Epoch 84/100
Training loss: 0.00000 || Validation loss: 17.58304
Epoch 85/100
Training loss: 0.00000 || Validation loss: 18.11629
Epoch 86/100
Training loss: 0.00000 || Validation loss: 17.82730
Epoch 87/100
Training loss: 0.00000 || Validation loss: 17.81766
Epoch 88/100
Training loss: 0.00000 || Validation loss: 17.39412
Epoch 89/100
Training loss: 0.00000 || Validation loss: 17.75682
Epoch 90/100
Training loss: 0.00000 || Validation loss: 18.19933
Epoch 91/100
Training loss: 0.00000 || Validation loss: 17.19317
Epoch 92/100
Training loss: 0.00000 || Validation loss: 18.59890
Epoch 93/100
Training loss: 0.00000 || Validation loss: 17.43705
Epoch 94/100
Training loss: 0.00000 || Validation loss: 17.99385
Epoch 95/100
Training loss: 0.00000 || Validation loss: 17.59004
Epoch 96/100
Training loss: 0.00000 || Validation loss: 17.75686
Epoch 97/100
Training loss: 0.00000 || Validation loss: 17.03870
Epoch 98/100
Training loss: 0.00000 || Validation loss: 17.74536
Epoch 99/100
Training loss: 0.00000 || Validation loss: 17.94957
Epoch 100/100
Training loss: 0.00000 || Validation loss: 17.81666
Best model for fold 3 saved from epoch 16 with f1 8.67677
Final training loss: 0.00000 || Final test loss: 17.81666
All fold val losses: [3.1393136183420816, 5.690154949824016, 8.676774342854818]
Average val loss: 5.83541
Fold 1
Model loaded successfully from ./pretrained_model/64_to_256_3layers.ckpt
device : cuda
Model not found at ./model/forest_wba_value_compare_pretrained_and_non_16frames/piece_size_40_fix_False_pretrained_True/fold_1/fly_model.ckpt
튜플 파일을 불러오는 중 문제가 발생했습니다 (./model/forest_wba_value_compare_pretrained_and_non_16frames/piece_size_40_fix_False_pretrained_True/fold_1): [Errno 2] No such file or directory: './model/forest_wba_value_compare_pretrained_and_non_16frames/piece_size_40_fix_False_pretrained_True/fold_1/training_tuples.pkl'
Epoch 1/100
Training loss: 48.22889 || Validation loss: 8.32556
New best model saved at epoch 1 with loss 8.32556
Epoch 2/100
Training loss: 6.29416 || Validation loss: 6.36379
New best model saved at epoch 2 with loss 6.36379
Epoch 3/100
Training loss: 3.56869 || Validation loss: 5.25292
New best model saved at epoch 3 with loss 5.25292
Epoch 4/100
Training loss: 1.93495 || Validation loss: 3.57501
New best model saved at epoch 4 with loss 3.57501
Epoch 5/100
Training loss: 1.27255 || Validation loss: 3.77338
Epoch 6/100
Training loss: 0.62946 || Validation loss: 4.09306
Epoch 7/100
Training loss: 0.42525 || Validation loss: 3.95498
Epoch 8/100
Training loss: 0.27989 || Validation loss: 3.34533
New best model saved at epoch 8 with loss 3.34533
Epoch 9/100
Training loss: 0.24491 || Validation loss: 2.77447
New best model saved at epoch 9 with loss 2.77447
Epoch 10/100
Training loss: 0.18935 || Validation loss: 2.39984
New best model saved at epoch 10 with loss 2.39984
Epoch 11/100
Training loss: 0.13324 || Validation loss: 2.59513
Epoch 12/100
Training loss: 0.10279 || Validation loss: 2.44456
Epoch 13/100
Training loss: 0.08512 || Validation loss: 2.25700
New best model saved at epoch 13 with loss 2.25700
Epoch 14/100
Training loss: 0.06627 || Validation loss: 2.12864
New best model saved at epoch 14 with loss 2.12864
Epoch 15/100
Training loss: 0.05249 || Validation loss: 2.04526
New best model saved at epoch 15 with loss 2.04526
Epoch 16/100
Training loss: 0.03752 || Validation loss: 1.83033
New best model saved at epoch 16 with loss 1.83033
Epoch 17/100
Training loss: 0.02921 || Validation loss: 1.81973
New best model saved at epoch 17 with loss 1.81973
Epoch 18/100
Training loss: 0.01862 || Validation loss: 2.19428
Epoch 19/100
Training loss: 0.01290 || Validation loss: 2.13665
Epoch 20/100
Training loss: 0.00767 || Validation loss: 2.32750
Epoch 21/100
Training loss: 0.00474 || Validation loss: 2.14942
Epoch 22/100
Training loss: 0.00278 || Validation loss: 2.35519
Epoch 23/100
Training loss: 0.00150 || Validation loss: 2.58388
Epoch 24/100
Training loss: 0.00085 || Validation loss: 2.75117
Epoch 25/100
Training loss: 0.00043 || Validation loss: 2.33305
Epoch 26/100
Training loss: 0.00020 || Validation loss: 2.48680
Epoch 27/100
Training loss: 0.00008 || Validation loss: 2.27354
Epoch 28/100
Training loss: 0.00004 || Validation loss: 2.38123
Epoch 29/100
Training loss: 0.00001 || Validation loss: 2.53163
Epoch 30/100
Training loss: 0.00000 || Validation loss: 2.49404
Epoch 31/100
Training loss: 0.00000 || Validation loss: 2.51739
Epoch 32/100
Training loss: 0.00000 || Validation loss: 2.71533
Epoch 33/100
Training loss: 0.00000 || Validation loss: 2.40241
Epoch 34/100
Training loss: 0.00000 || Validation loss: 2.42923
Epoch 35/100
Training loss: 0.00000 || Validation loss: 2.25903
Epoch 36/100
Training loss: 0.00000 || Validation loss: 2.34823
Epoch 37/100
Training loss: 0.00000 || Validation loss: 2.39187
Epoch 38/100
Training loss: 0.00000 || Validation loss: 2.53780
Epoch 39/100
Training loss: 0.00000 || Validation loss: 2.42372
Epoch 40/100
Training loss: 0.00000 || Validation loss: 2.52765
Epoch 41/100
Training loss: 0.00000 || Validation loss: 2.58722
Epoch 42/100
Training loss: 0.00000 || Validation loss: 2.30037
Epoch 43/100
Training loss: 0.00000 || Validation loss: 2.75624
Epoch 44/100
Training loss: 0.00000 || Validation loss: 2.38515
Epoch 45/100
Training loss: 0.00000 || Validation loss: 2.60519
Epoch 46/100
Training loss: 0.00000 || Validation loss: 2.48040
Epoch 47/100
Training loss: 0.00000 || Validation loss: 2.47115
Epoch 48/100
Training loss: 0.00000 || Validation loss: 2.38247
Epoch 49/100
Training loss: 0.00000 || Validation loss: 2.49753
Epoch 50/100
Training loss: 0.00000 || Validation loss: 2.35886
Epoch 51/100
Training loss: 0.00000 || Validation loss: 2.23906
Epoch 52/100
Training loss: 0.00000 || Validation loss: 2.28332
Epoch 53/100
Training loss: 0.00000 || Validation loss: 2.33320
Epoch 54/100
Training loss: 0.00000 || Validation loss: 2.58008
Epoch 55/100
Training loss: 0.00000 || Validation loss: 2.35297
Epoch 56/100
Training loss: 0.00000 || Validation loss: 2.14199
Epoch 57/100
Training loss: 0.00000 || Validation loss: 2.26642
Epoch 58/100
Training loss: 0.00000 || Validation loss: 2.53889
Epoch 59/100
Training loss: 0.00000 || Validation loss: 2.38625
Epoch 60/100
Training loss: 0.00000 || Validation loss: 2.31609
Epoch 61/100
Training loss: 0.00000 || Validation loss: 2.39909
Epoch 62/100
Training loss: 0.00000 || Validation loss: 2.20622
Epoch 63/100
Training loss: 0.00000 || Validation loss: 2.16399
Epoch 64/100
Training loss: 0.00000 || Validation loss: 2.10837
Epoch 65/100
Training loss: 0.00000 || Validation loss: 2.44356
Epoch 66/100
Training loss: 0.00000 || Validation loss: 2.47924
Epoch 67/100
Training loss: 0.00000 || Validation loss: 2.30590
Epoch 68/100
Training loss: 0.00000 || Validation loss: 2.11740
Epoch 69/100
Training loss: 0.00000 || Validation loss: 2.28100
Epoch 70/100
Training loss: 0.00000 || Validation loss: 2.23947
Epoch 71/100
Training loss: 0.00000 || Validation loss: 2.47399
Epoch 72/100
Training loss: 0.00000 || Validation loss: 2.09074
Epoch 73/100
Training loss: 0.00000 || Validation loss: 2.35902
Epoch 74/100
Training loss: 0.00000 || Validation loss: 1.98195
Epoch 75/100
Training loss: 0.00000 || Validation loss: 2.36713
Epoch 76/100
Training loss: 0.00000 || Validation loss: 2.08578
Epoch 77/100
Training loss: 0.00000 || Validation loss: 1.99436
Epoch 78/100
Training loss: 0.00000 || Validation loss: 2.20791
Epoch 79/100
Training loss: 0.00000 || Validation loss: 2.18209
Epoch 80/100
Training loss: 0.00000 || Validation loss: 1.98451
Epoch 81/100
Training loss: 0.00000 || Validation loss: 1.99309
Epoch 82/100
Training loss: 0.00000 || Validation loss: 2.08276
Epoch 83/100
Training loss: 0.00000 || Validation loss: 2.01461
Epoch 84/100
Training loss: 0.00000 || Validation loss: 2.14632
Epoch 85/100
Training loss: 0.00000 || Validation loss: 2.20934
Epoch 86/100
Training loss: 0.00000 || Validation loss: 1.96695
Epoch 87/100
Training loss: 0.00000 || Validation loss: 1.94084
Epoch 88/100
Training loss: 0.00000 || Validation loss: 2.13331
Epoch 89/100
Training loss: 0.00000 || Validation loss: 2.08142
Epoch 90/100
Training loss: 0.00000 || Validation loss: 2.04163
Epoch 91/100
Training loss: 0.00000 || Validation loss: 1.91032
Epoch 92/100
Training loss: 0.00000 || Validation loss: 2.00185
Epoch 93/100
Training loss: 0.00000 || Validation loss: 2.05143
Epoch 94/100
Training loss: 0.02770 || Validation loss: 1.99279
Epoch 95/100
Training loss: 0.00000 || Validation loss: 1.99522
Epoch 96/100
Training loss: 0.00000 || Validation loss: 1.98792
Epoch 97/100
Training loss: 0.00000 || Validation loss: 2.00437
Epoch 98/100
Training loss: 0.00000 || Validation loss: 1.99358
Epoch 99/100
Training loss: 0.00000 || Validation loss: 1.97456
Epoch 100/100
Training loss: 0.00000 || Validation loss: 1.99251
Best model for fold 1 saved from epoch 17 with f1 1.81973
Final training loss: 0.00000 || Final test loss: 1.99251
Fold 2
Model loaded successfully from ./pretrained_model/64_to_256_3layers.ckpt
device : cuda
Model not found at ./model/forest_wba_value_compare_pretrained_and_non_16frames/piece_size_40_fix_False_pretrained_True/fold_2/fly_model.ckpt
튜플 파일을 불러오는 중 문제가 발생했습니다 (./model/forest_wba_value_compare_pretrained_and_non_16frames/piece_size_40_fix_False_pretrained_True/fold_2): [Errno 2] No such file or directory: './model/forest_wba_value_compare_pretrained_and_non_16frames/piece_size_40_fix_False_pretrained_True/fold_2/training_tuples.pkl'
Epoch 1/100
Training loss: 24.95997 || Validation loss: 50.81676
New best model saved at epoch 1 with loss 50.81676
Epoch 2/100
Training loss: 2.63912 || Validation loss: 40.91218
New best model saved at epoch 2 with loss 40.91218
Epoch 3/100
Training loss: 0.95535 || Validation loss: 32.07466
New best model saved at epoch 3 with loss 32.07466
Epoch 4/100
Training loss: 0.59271 || Validation loss: 29.48935
New best model saved at epoch 4 with loss 29.48935
Epoch 5/100
Training loss: 0.42132 || Validation loss: 27.49076
New best model saved at epoch 5 with loss 27.49076
Epoch 6/100
Training loss: 0.33115 || Validation loss: 23.91657
New best model saved at epoch 6 with loss 23.91657
Epoch 7/100
Training loss: 0.28718 || Validation loss: 19.34989
New best model saved at epoch 7 with loss 19.34989
Epoch 8/100
Training loss: 0.22419 || Validation loss: 17.34781
New best model saved at epoch 8 with loss 17.34781
Epoch 9/100
Training loss: 0.14900 || Validation loss: 10.19955
New best model saved at epoch 9 with loss 10.19955
Epoch 10/100
Training loss: 0.11209 || Validation loss: 8.66379
New best model saved at epoch 10 with loss 8.66379
Epoch 11/100
Training loss: 0.08894 || Validation loss: 5.33913
New best model saved at epoch 11 with loss 5.33913
Epoch 12/100
Training loss: 0.06901 || Validation loss: 5.22955
New best model saved at epoch 12 with loss 5.22955
Epoch 13/100
Training loss: 0.04450 || Validation loss: 7.40719
Epoch 14/100
Training loss: 0.03488 || Validation loss: 10.03166
Epoch 15/100
Training loss: 0.02221 || Validation loss: 13.93678
Epoch 16/100
Training loss: 0.01528 || Validation loss: 18.78956
Epoch 17/100
Training loss: 0.00897 || Validation loss: 20.70212
Epoch 18/100
Training loss: 0.00549 || Validation loss: 24.57695
Epoch 19/100
Training loss: 0.00321 || Validation loss: 29.48366
Epoch 20/100
Training loss: 0.00190 || Validation loss: 34.12321
Epoch 21/100
Training loss: 0.00104 || Validation loss: 32.79535
Epoch 22/100
Training loss: 0.00055 || Validation loss: 37.00251
Epoch 23/100
Training loss: 0.00034 || Validation loss: 35.43679
Epoch 24/100
Training loss: 0.00017 || Validation loss: 37.96802
Epoch 25/100
Training loss: 0.00008 || Validation loss: 38.67651
Epoch 26/100
Training loss: 0.00004 || Validation loss: 37.59867
Epoch 27/100
Training loss: 0.00002 || Validation loss: 39.29509
Epoch 28/100
Training loss: 0.00001 || Validation loss: 40.59888
Epoch 29/100
Training loss: 0.00001 || Validation loss: 41.19537
Epoch 30/100
Training loss: 0.00000 || Validation loss: 39.73069
Epoch 31/100
Training loss: 0.00000 || Validation loss: 41.53091
Epoch 32/100
Training loss: 0.00000 || Validation loss: 41.80496
Epoch 33/100
Training loss: 0.00000 || Validation loss: 38.52795
Epoch 34/100
Training loss: 0.00000 || Validation loss: 38.63007
Epoch 35/100
Training loss: 0.00000 || Validation loss: 37.93849
Epoch 36/100
Training loss: 0.00000 || Validation loss: 40.77780
Epoch 37/100
Training loss: 0.00000 || Validation loss: 41.64667
Epoch 38/100
Training loss: 0.00000 || Validation loss: 37.87943
Epoch 39/100
Training loss: 0.00000 || Validation loss: 40.18595
Epoch 40/100
Training loss: 0.00000 || Validation loss: 40.32067
Epoch 41/100
Training loss: 0.00000 || Validation loss: 41.68592
Epoch 42/100
Training loss: 0.00000 || Validation loss: 40.33131
Epoch 43/100
Training loss: 0.00000 || Validation loss: 39.72025
Epoch 44/100
Training loss: 0.00000 || Validation loss: 40.22924
Epoch 45/100
Training loss: 0.00000 || Validation loss: 40.51004
Epoch 46/100
Training loss: 0.00000 || Validation loss: 44.06453
Epoch 47/100
Training loss: 0.00000 || Validation loss: 42.23184
Epoch 48/100
Training loss: 0.00000 || Validation loss: 39.51738
Epoch 49/100
Training loss: 0.00000 || Validation loss: 42.27241
Epoch 50/100
Training loss: 0.00000 || Validation loss: 43.35010
Epoch 51/100
Training loss: 0.00000 || Validation loss: 41.94701
Epoch 52/100
Training loss: 0.00000 || Validation loss: 43.61334
Epoch 53/100
Training loss: 0.00000 || Validation loss: 42.40364
Epoch 54/100
Training loss: 0.00000 || Validation loss: 42.69165
Epoch 55/100
Training loss: 0.00000 || Validation loss: 44.06368
Epoch 56/100
Training loss: 0.00000 || Validation loss: 40.54283
Epoch 57/100
Training loss: 0.00000 || Validation loss: 40.35674
Epoch 58/100
Training loss: 0.00000 || Validation loss: 42.10368
Epoch 59/100
Training loss: 0.00000 || Validation loss: 42.11560
Epoch 60/100
Training loss: 0.00000 || Validation loss: 42.19854
Epoch 61/100
Training loss: 0.00000 || Validation loss: 40.84758
Epoch 62/100
Training loss: 0.00000 || Validation loss: 45.96126
Epoch 63/100
Training loss: 0.00000 || Validation loss: 44.75458
Epoch 64/100
Training loss: 0.00000 || Validation loss: 42.76016
Epoch 65/100
Training loss: 0.00000 || Validation loss: 43.79136
Epoch 66/100
Training loss: 0.00000 || Validation loss: 43.56277
Epoch 67/100
Training loss: 0.00000 || Validation loss: 42.68692
Epoch 68/100
Training loss: 0.00000 || Validation loss: 40.82883
Epoch 69/100
Training loss: 0.00000 || Validation loss: 42.78475
Epoch 70/100
Training loss: 0.00000 || Validation loss: 40.28270
Epoch 71/100
Training loss: 0.00000 || Validation loss: 43.37550
Epoch 72/100
Training loss: 0.00000 || Validation loss: 43.14702
Epoch 73/100
Training loss: 0.00000 || Validation loss: 45.11618
Epoch 74/100
Training loss: 0.00000 || Validation loss: 41.95379
Epoch 75/100
Training loss: 0.00000 || Validation loss: 40.42672
Epoch 76/100
Training loss: 0.00000 || Validation loss: 39.32638
Epoch 77/100
Training loss: 0.00000 || Validation loss: 43.42407
Epoch 78/100
Training loss: 0.00000 || Validation loss: 44.22526
Epoch 79/100
Training loss: 0.00000 || Validation loss: 45.09921
Epoch 80/100
Training loss: 0.00000 || Validation loss: 41.02103
Epoch 81/100
Training loss: 0.00000 || Validation loss: 42.13242
Epoch 82/100
Training loss: 0.00000 || Validation loss: 41.97005
Epoch 83/100
Training loss: 0.00000 || Validation loss: 41.33540
Epoch 84/100
Training loss: 0.00000 || Validation loss: 38.68676
Epoch 85/100
Training loss: 0.00000 || Validation loss: 41.43861
Epoch 86/100
Training loss: 0.00000 || Validation loss: 39.63956
Epoch 87/100
Training loss: 0.00000 || Validation loss: 42.00868
Epoch 88/100
Training loss: 0.00000 || Validation loss: 44.40125
Epoch 89/100
Training loss: 0.00015 || Validation loss: 23.10781
Epoch 90/100
Training loss: 0.00000 || Validation loss: 22.51274
Epoch 91/100
Training loss: 0.00000 || Validation loss: 24.41091
Epoch 92/100
Training loss: 0.00000 || Validation loss: 22.80273
Epoch 93/100
Training loss: 0.00000 || Validation loss: 22.96725
Epoch 94/100
Training loss: 0.00000 || Validation loss: 23.96783
Epoch 95/100
Training loss: 0.00000 || Validation loss: 23.58843
Epoch 96/100
Training loss: 0.00000 || Validation loss: 23.40299
Epoch 97/100
Training loss: 0.00000 || Validation loss: 25.10197
Epoch 98/100
Training loss: 0.00000 || Validation loss: 25.12762
Epoch 99/100
Training loss: 0.00000 || Validation loss: 24.91487
Epoch 100/100
Training loss: 0.00000 || Validation loss: 24.79430
Best model for fold 2 saved from epoch 12 with f1 5.22955
Final training loss: 0.00000 || Final test loss: 24.79430
Fold 3
Model loaded successfully from ./pretrained_model/64_to_256_3layers.ckpt
device : cuda
Model not found at ./model/forest_wba_value_compare_pretrained_and_non_16frames/piece_size_40_fix_False_pretrained_True/fold_3/fly_model.ckpt
튜플 파일을 불러오는 중 문제가 발생했습니다 (./model/forest_wba_value_compare_pretrained_and_non_16frames/piece_size_40_fix_False_pretrained_True/fold_3): [Errno 2] No such file or directory: './model/forest_wba_value_compare_pretrained_and_non_16frames/piece_size_40_fix_False_pretrained_True/fold_3/training_tuples.pkl'
Epoch 1/100
Training loss: 31.23899 || Validation loss: 30.64378
New best model saved at epoch 1 with loss 30.64378
Epoch 2/100
Training loss: 2.72338 || Validation loss: 23.33421
New best model saved at epoch 2 with loss 23.33421
Epoch 3/100
Training loss: 1.01572 || Validation loss: 23.20022
New best model saved at epoch 3 with loss 23.20022
Epoch 4/100
Training loss: 0.59478 || Validation loss: 19.51422
New best model saved at epoch 4 with loss 19.51422
Epoch 5/100
Training loss: 0.36484 || Validation loss: 17.25917
New best model saved at epoch 5 with loss 17.25917
Epoch 6/100
Training loss: 0.27471 || Validation loss: 15.67429
New best model saved at epoch 6 with loss 15.67429
Epoch 7/100
Training loss: 0.23727 || Validation loss: 12.91805
New best model saved at epoch 7 with loss 12.91805
Epoch 8/100
Training loss: 0.18482 || Validation loss: 12.36791
New best model saved at epoch 8 with loss 12.36791
Epoch 9/100
Training loss: 0.13158 || Validation loss: 11.30231
New best model saved at epoch 9 with loss 11.30231
Epoch 10/100
Training loss: 0.12389 || Validation loss: 10.71159
New best model saved at epoch 10 with loss 10.71159
Epoch 11/100
Training loss: 0.08889 || Validation loss: 9.91689
New best model saved at epoch 11 with loss 9.91689
Epoch 12/100
Training loss: 0.08034 || Validation loss: 9.30850
New best model saved at epoch 12 with loss 9.30850
Epoch 13/100
Training loss: 0.05561 || Validation loss: 9.58682
Epoch 14/100
Training loss: 0.04525 || Validation loss: 9.87535
Epoch 15/100
Training loss: 0.03104 || Validation loss: 11.05661
Epoch 16/100
Training loss: 0.01959 || Validation loss: 11.48733
Epoch 17/100
Training loss: 0.01328 || Validation loss: 12.65795
Epoch 18/100
Training loss: 0.00803 || Validation loss: 14.45213
Epoch 19/100
Training loss: 0.00528 || Validation loss: 15.97281
Epoch 20/100
Training loss: 0.00285 || Validation loss: 16.52352
Epoch 21/100
Training loss: 0.00159 || Validation loss: 16.89057
Epoch 22/100
Training loss: 0.00096 || Validation loss: 17.91094
Epoch 23/100
Training loss: 0.00051 || Validation loss: 18.58360
Epoch 24/100
Training loss: 0.00027 || Validation loss: 18.61768
Epoch 25/100
Training loss: 0.00012 || Validation loss: 19.13440
Epoch 26/100
Training loss: 0.00005 || Validation loss: 19.32647
Epoch 27/100
Training loss: 0.00003 || Validation loss: 19.21610
Epoch 28/100
Training loss: 0.00001 || Validation loss: 20.62492
Epoch 29/100
Training loss: 0.00001 || Validation loss: 20.78563
Epoch 30/100
Training loss: 0.00000 || Validation loss: 20.85699
Epoch 31/100
Training loss: 0.00000 || Validation loss: 20.18545
Epoch 32/100
Training loss: 0.00000 || Validation loss: 19.94411
Epoch 33/100
Training loss: 0.00000 || Validation loss: 20.08569
Epoch 34/100
Training loss: 0.00000 || Validation loss: 20.69351
Epoch 35/100
Training loss: 0.00000 || Validation loss: 19.44658
Epoch 36/100
Training loss: 0.00000 || Validation loss: 19.92693
Epoch 37/100
Training loss: 0.00000 || Validation loss: 19.93278
Epoch 38/100
Training loss: 0.00000 || Validation loss: 20.74070
Epoch 39/100
Training loss: 0.00000 || Validation loss: 20.23854
Epoch 40/100
Training loss: 0.00000 || Validation loss: 21.04778
Epoch 41/100
Training loss: 0.00000 || Validation loss: 20.69539
Epoch 42/100
Training loss: 0.00000 || Validation loss: 20.89277
Epoch 43/100
Training loss: 0.00000 || Validation loss: 20.83913
Epoch 44/100
Training loss: 0.00000 || Validation loss: 20.28090
Epoch 45/100
Training loss: 0.00000 || Validation loss: 19.99975
Epoch 46/100
Training loss: 0.00000 || Validation loss: 19.90399
Epoch 47/100
Training loss: 0.00000 || Validation loss: 19.78354
Epoch 48/100
Training loss: 0.00000 || Validation loss: 20.61291
Epoch 49/100
Training loss: 0.00000 || Validation loss: 20.06006
Epoch 50/100
Training loss: 0.00000 || Validation loss: 21.09779
Epoch 51/100
Training loss: 0.00000 || Validation loss: 20.02658
Epoch 52/100
Training loss: 0.00000 || Validation loss: 20.01823
Epoch 53/100
Training loss: 0.00000 || Validation loss: 20.71278
Epoch 54/100
Training loss: 0.00000 || Validation loss: 20.14941
Epoch 55/100
Training loss: 0.00000 || Validation loss: 20.35095
Epoch 56/100
Training loss: 0.00000 || Validation loss: 19.86356
Epoch 57/100
Training loss: 0.00000 || Validation loss: 18.80766
Epoch 58/100
Training loss: 0.00000 || Validation loss: 19.88960
Epoch 59/100
Training loss: 0.00000 || Validation loss: 20.55691
Epoch 60/100
Training loss: 0.00000 || Validation loss: 20.14735
Epoch 61/100
Training loss: 0.00000 || Validation loss: 20.63842
Epoch 62/100
Training loss: 0.00000 || Validation loss: 20.83422
Epoch 63/100
Training loss: 0.00000 || Validation loss: 21.17389
Epoch 64/100
Training loss: 0.00000 || Validation loss: 20.25157
Epoch 65/100
Training loss: 0.00000 || Validation loss: 20.64537
Epoch 66/100
Training loss: 0.00000 || Validation loss: 20.82042
Epoch 67/100
Training loss: 0.00000 || Validation loss: 21.26006
Epoch 68/100
Training loss: 0.00000 || Validation loss: 18.95753
Epoch 69/100
Training loss: 0.00000 || Validation loss: 20.05927
Epoch 70/100
Training loss: 0.00000 || Validation loss: 19.89076
Epoch 71/100
Training loss: 0.00000 || Validation loss: 20.05394
Epoch 72/100
Training loss: 0.00000 || Validation loss: 19.93183
Epoch 73/100
Training loss: 0.00000 || Validation loss: 21.01415
Epoch 74/100
Training loss: 0.00000 || Validation loss: 20.17001
Epoch 75/100
Training loss: 0.00000 || Validation loss: 20.93115
Epoch 76/100
Training loss: 0.00000 || Validation loss: 19.45109
Epoch 77/100
Training loss: 0.00000 || Validation loss: 19.32717
Epoch 78/100
Training loss: 0.00000 || Validation loss: 19.97026
Epoch 79/100
Training loss: 0.00000 || Validation loss: 19.87735
Epoch 80/100
Training loss: 0.00000 || Validation loss: 20.12066
Epoch 81/100
Training loss: 0.00000 || Validation loss: 20.20165
Epoch 82/100
Training loss: 0.00000 || Validation loss: 19.53617
Epoch 83/100
Training loss: 0.00000 || Validation loss: 20.44514
Epoch 84/100
Training loss: 0.00000 || Validation loss: 19.92853
Epoch 85/100
Training loss: 0.00000 || Validation loss: 20.82075
Epoch 86/100
Training loss: 0.00000 || Validation loss: 19.32476
Epoch 87/100
Training loss: 0.00000 || Validation loss: 21.01596
Epoch 88/100
Training loss: 0.00000 || Validation loss: 19.76841
Epoch 89/100
Training loss: 0.00000 || Validation loss: 19.70298
Epoch 90/100
Training loss: 0.00000 || Validation loss: 19.82046
Epoch 91/100
Training loss: 0.00000 || Validation loss: 20.10859
Epoch 92/100
Training loss: 0.00000 || Validation loss: 19.81543
Epoch 93/100
Training loss: 0.00000 || Validation loss: 20.16784
Epoch 94/100
Training loss: 0.00000 || Validation loss: 21.02745
Epoch 95/100
Training loss: 0.00000 || Validation loss: 20.87846
Epoch 96/100
Training loss: 0.00000 || Validation loss: 21.40094
Epoch 97/100
Training loss: 0.00000 || Validation loss: 20.39347
Epoch 98/100
Training loss: 0.00000 || Validation loss: 20.76330
Epoch 99/100
Training loss: 0.00000 || Validation loss: 19.62188
Epoch 100/100
Training loss: 0.00000 || Validation loss: 19.56261
Best model for fold 3 saved from epoch 12 with f1 9.30850
Final training loss: 0.00000 || Final test loss: 19.56261
All fold val losses: [1.8197279870510101, 5.229548096656799, 9.30849575996399]
Average val loss: 5.45259
./naturalistic/01_Bird.avi                                   Loaded : (5, 3596, 64, 128, 1)
./naturalistic/02_City.avi                                   Loaded : (5, 3596, 64, 128, 1)
./naturalistic/03_Forest.avi                                 Loaded : (5, 3596, 64, 128, 1)
Video is allocated on memory!
Shape : (3, 3596, 64, 128, 5)
device : cuda
load model
epoch : 16
learning rate : 0.0001
device : cuda
load model
epoch : 10
learning rate : 0.0001
device : cuda
load model
epoch : 11
learning rate : 0.0001
device : cuda
load model
epoch : 24
learning rate : 0.0001
device : cuda
load model
epoch : 16
learning rate : 0.0001
프레임 0/3593 처리 중...
프레임 100/3593 처리 중...
프레임 200/3593 처리 중...
프레임 300/3593 처리 중...
프레임 400/3593 처리 중...
프레임 500/3593 처리 중...
프레임 600/3593 처리 중...
프레임 700/3593 처리 중...
프레임 800/3593 처리 중...
프레임 900/3593 처리 중...
프레임 1000/3593 처리 중...
프레임 1100/3593 처리 중...
프레임 1200/3593 처리 중...
프레임 1300/3593 처리 중...
프레임 1400/3593 처리 중...
프레임 1500/3593 처리 중...
프레임 1600/3593 처리 중...
프레임 1700/3593 처리 중...
프레임 1800/3593 처리 중...
프레임 1900/3593 처리 중...
프레임 2000/3593 처리 중...
프레임 2100/3593 처리 중...
프레임 2200/3593 처리 중...
프레임 2300/3593 처리 중...
프레임 2400/3593 처리 중...
프레임 2500/3593 처리 중...
프레임 2600/3593 처리 중...
프레임 2700/3593 처리 중...
프레임 2800/3593 처리 중...
프레임 2900/3593 처리 중...
프레임 3000/3593 처리 중...
프레임 3100/3593 처리 중...
프레임 3200/3593 처리 중...
프레임 3300/3593 처리 중...
프레임 3400/3593 처리 중...
프레임 3500/3593 처리 중...
성공적으로 저장되었습니다: ./visualization_video/forest_forest_wba_value_compare_pretrained_and_non_16frames_fix_False_pretrained_True.avi
Fold 1
device : cuda
Model not found at ./model/forest_wba_value_compare_pretrained_and_non_16frames/piece_size_1_fix_False_pretrained_False/fold_1/fly_model.ckpt
튜플 파일을 불러오는 중 문제가 발생했습니다 (./model/forest_wba_value_compare_pretrained_and_non_16frames/piece_size_1_fix_False_pretrained_False/fold_1): [Errno 2] No such file or directory: './model/forest_wba_value_compare_pretrained_and_non_16frames/piece_size_1_fix_False_pretrained_False/fold_1/training_tuples.pkl'
Epoch 1/100
Training loss: 25.80237 || Validation loss: 22.29368
New best model saved at epoch 1 with loss 22.29368
First epoch took 7.34 seconds.
Estimated total program duration: 3.06 hours
Estimated program end time (KST): 2024/11/23 11:35:26
Epoch 2/100
Training loss: 3.56031 || Validation loss: 11.82992
New best model saved at epoch 2 with loss 11.82992
Epoch 3/100
Training loss: 1.62296 || Validation loss: 9.24660
New best model saved at epoch 3 with loss 9.24660
Epoch 4/100
Training loss: 0.92538 || Validation loss: 9.48251
Epoch 5/100
Training loss: 0.60116 || Validation loss: 9.18587
New best model saved at epoch 5 with loss 9.18587
Epoch 6/100
Training loss: 0.36554 || Validation loss: 7.46901
New best model saved at epoch 6 with loss 7.46901
Epoch 7/100
Training loss: 0.25107 || Validation loss: 7.77644
Epoch 8/100
Training loss: 0.20002 || Validation loss: 5.66336
New best model saved at epoch 8 with loss 5.66336
Epoch 9/100
Training loss: 0.14567 || Validation loss: 4.84423
New best model saved at epoch 9 with loss 4.84423
Epoch 10/100
Training loss: 0.11412 || Validation loss: 4.12669
New best model saved at epoch 10 with loss 4.12669
Epoch 11/100
Training loss: 0.10192 || Validation loss: 3.46763
New best model saved at epoch 11 with loss 3.46763
Epoch 12/100
Training loss: 0.09279 || Validation loss: 3.23917
New best model saved at epoch 12 with loss 3.23917
Epoch 13/100
Training loss: 0.06229 || Validation loss: 3.52055
Epoch 14/100
Training loss: 0.05485 || Validation loss: 3.47674
Epoch 15/100
Training loss: 0.03864 || Validation loss: 4.99958
Epoch 16/100
Training loss: 0.02695 || Validation loss: 6.17516
Epoch 17/100
Training loss: 0.01939 || Validation loss: 8.10120
Epoch 18/100
Training loss: 0.01194 || Validation loss: 8.46946
Epoch 19/100
Training loss: 0.00849 || Validation loss: 10.29673
Epoch 20/100
Training loss: 0.00521 || Validation loss: 12.02426
Epoch 21/100
Training loss: 0.00345 || Validation loss: 12.28713
Epoch 22/100
Training loss: 0.00194 || Validation loss: 12.87092
Epoch 23/100
Training loss: 0.00122 || Validation loss: 14.44679
Epoch 24/100
Training loss: 0.00069 || Validation loss: 15.93413
Epoch 25/100
Training loss: 0.00044 || Validation loss: 15.96660
Epoch 26/100
Training loss: 0.00024 || Validation loss: 17.08254
Epoch 27/100
Training loss: 0.00014 || Validation loss: 18.45629
Epoch 28/100
Training loss: 0.00007 || Validation loss: 16.51638
Epoch 29/100
Training loss: 0.00004 || Validation loss: 17.28854
Epoch 30/100
Training loss: 0.00002 || Validation loss: 16.61681
Epoch 31/100
Training loss: 0.00001 || Validation loss: 16.44915
Epoch 32/100
Training loss: 0.00001 || Validation loss: 17.56546
Epoch 33/100
Training loss: 0.00000 || Validation loss: 17.20095
Epoch 34/100
Training loss: 0.00000 || Validation loss: 17.08766
Epoch 35/100
Training loss: 0.00000 || Validation loss: 16.35893
Epoch 36/100
Training loss: 0.00000 || Validation loss: 18.31408
Epoch 37/100
Training loss: 0.00000 || Validation loss: 17.18408
Epoch 38/100
Training loss: 0.00000 || Validation loss: 16.94980
Epoch 39/100
Training loss: 0.00000 || Validation loss: 16.63438
Epoch 40/100
Training loss: 0.00000 || Validation loss: 17.12581
Epoch 41/100
Training loss: 0.00000 || Validation loss: 17.85180
Epoch 42/100
Training loss: 0.00000 || Validation loss: 17.14957
Epoch 43/100
Training loss: 0.00000 || Validation loss: 15.87962
Epoch 44/100
Training loss: 0.00000 || Validation loss: 16.77276
Epoch 45/100
Training loss: 0.00000 || Validation loss: 16.85490
Epoch 46/100
Training loss: 0.00000 || Validation loss: 16.72921
Epoch 47/100
Training loss: 0.00000 || Validation loss: 18.05489
Epoch 48/100
Training loss: 0.00000 || Validation loss: 16.26599
Epoch 49/100
Training loss: 0.00000 || Validation loss: 16.16783
Epoch 50/100
Training loss: 0.00000 || Validation loss: 17.15069
Epoch 51/100
Training loss: 0.00000 || Validation loss: 16.32604
Epoch 52/100
Training loss: 0.00000 || Validation loss: 16.35876
Epoch 53/100
Training loss: 0.00000 || Validation loss: 17.02723
Epoch 54/100
Training loss: 0.00000 || Validation loss: 17.07116
Epoch 55/100
Training loss: 0.00000 || Validation loss: 18.37297
Epoch 56/100
Training loss: 0.00000 || Validation loss: 16.56986
Epoch 57/100
Training loss: 0.00000 || Validation loss: 16.76007
Epoch 58/100
Training loss: 0.00000 || Validation loss: 15.92737
Epoch 59/100
Training loss: 0.00000 || Validation loss: 15.04640
Epoch 60/100
Training loss: 0.00000 || Validation loss: 17.22001
Epoch 61/100
Training loss: 0.00000 || Validation loss: 16.23000
Epoch 62/100
Training loss: 0.00000 || Validation loss: 17.07604
Epoch 63/100
Training loss: 0.00000 || Validation loss: 16.40522
Epoch 64/100
Training loss: 0.00000 || Validation loss: 16.93439
Epoch 65/100
Training loss: 0.00000 || Validation loss: 17.54074
Epoch 66/100
Training loss: 0.00000 || Validation loss: 16.77262
Epoch 67/100
Training loss: 0.00000 || Validation loss: 16.66457
Epoch 68/100
Training loss: 0.00000 || Validation loss: 17.03238
Epoch 69/100
Training loss: 0.00000 || Validation loss: 14.91968
Epoch 70/100
Training loss: 0.00000 || Validation loss: 15.65497
Epoch 71/100
Training loss: 0.00000 || Validation loss: 16.52176
Epoch 72/100
Training loss: 0.00000 || Validation loss: 17.07932
Epoch 73/100
Training loss: 0.00000 || Validation loss: 16.72964
Epoch 74/100
Training loss: 0.00000 || Validation loss: 16.17713
Epoch 75/100
Training loss: 0.00000 || Validation loss: 16.29310
Epoch 76/100
Training loss: 0.00000 || Validation loss: 16.07554
Epoch 77/100
Training loss: 0.00000 || Validation loss: 16.94969
Epoch 78/100
Training loss: 0.00000 || Validation loss: 16.27760
Epoch 79/100
Training loss: 0.00000 || Validation loss: 16.14560
Epoch 80/100
Training loss: 0.00000 || Validation loss: 15.88308
Epoch 81/100
Training loss: 0.00000 || Validation loss: 15.05314
Epoch 82/100
Training loss: 0.00000 || Validation loss: 15.58518
Epoch 83/100
Training loss: 0.00000 || Validation loss: 15.94881
Epoch 84/100
Training loss: 0.00000 || Validation loss: 15.67184
Epoch 85/100
Training loss: 0.00000 || Validation loss: 16.16975
Epoch 86/100
Training loss: 0.00000 || Validation loss: 15.43719
Epoch 87/100
Training loss: 0.00000 || Validation loss: 15.28861
Epoch 88/100
Training loss: 0.00000 || Validation loss: 15.85577
Epoch 89/100
Training loss: 0.00000 || Validation loss: 14.62140
Epoch 90/100
Training loss: 0.00000 || Validation loss: 16.10022
Epoch 91/100
Training loss: 0.00000 || Validation loss: 16.01475
Epoch 92/100
Training loss: 0.00000 || Validation loss: 14.80019
Epoch 93/100
Training loss: 0.00000 || Validation loss: 15.94494
Epoch 94/100
Training loss: 0.00000 || Validation loss: 14.88553
Epoch 95/100
Training loss: 0.00000 || Validation loss: 15.58295
Epoch 96/100
Training loss: 0.00000 || Validation loss: 15.37368
Epoch 97/100
Training loss: 0.00000 || Validation loss: 14.83632
Epoch 98/100
Training loss: 0.00000 || Validation loss: 15.26581
Epoch 99/100
Training loss: 0.00000 || Validation loss: 14.81112
Epoch 100/100
Training loss: 0.00000 || Validation loss: 15.33262
Best model for fold 1 saved from epoch 12 with f1 3.23917
Final training loss: 0.00000 || Final test loss: 15.33262
Fold 2
device : cuda
Model not found at ./model/forest_wba_value_compare_pretrained_and_non_16frames/piece_size_1_fix_False_pretrained_False/fold_2/fly_model.ckpt
튜플 파일을 불러오는 중 문제가 발생했습니다 (./model/forest_wba_value_compare_pretrained_and_non_16frames/piece_size_1_fix_False_pretrained_False/fold_2): [Errno 2] No such file or directory: './model/forest_wba_value_compare_pretrained_and_non_16frames/piece_size_1_fix_False_pretrained_False/fold_2/training_tuples.pkl'
Epoch 1/100
Training loss: 24.56114 || Validation loss: 15.57447
New best model saved at epoch 1 with loss 15.57447
Epoch 2/100
Training loss: 3.67309 || Validation loss: 13.97117
New best model saved at epoch 2 with loss 13.97117
Epoch 3/100
Training loss: 1.51887 || Validation loss: 7.15040
New best model saved at epoch 3 with loss 7.15040
Epoch 4/100
Training loss: 0.68331 || Validation loss: 6.50942
New best model saved at epoch 4 with loss 6.50942
Epoch 5/100
Training loss: 0.59203 || Validation loss: 6.27746
New best model saved at epoch 5 with loss 6.27746
Epoch 6/100
Training loss: 0.32562 || Validation loss: 6.73425
Epoch 7/100
Training loss: 0.21492 || Validation loss: 5.02483
New best model saved at epoch 7 with loss 5.02483
Epoch 8/100
Training loss: 0.16704 || Validation loss: 4.96893
New best model saved at epoch 8 with loss 4.96893
Epoch 9/100
Training loss: 0.12234 || Validation loss: 4.12183
New best model saved at epoch 9 with loss 4.12183
Epoch 10/100
Training loss: 0.09634 || Validation loss: 4.05878
New best model saved at epoch 10 with loss 4.05878
Epoch 11/100
Training loss: 0.06467 || Validation loss: 3.30894
New best model saved at epoch 11 with loss 3.30894
Epoch 12/100
Training loss: 0.04336 || Validation loss: 3.11659
New best model saved at epoch 12 with loss 3.11659
Epoch 13/100
Training loss: 0.02787 || Validation loss: 3.55204
Epoch 14/100
Training loss: 0.01968 || Validation loss: 3.21520
Epoch 15/100
Training loss: 0.01253 || Validation loss: 3.58726
Epoch 16/100
Training loss: 0.00764 || Validation loss: 3.36556
Epoch 17/100
Training loss: 0.00569 || Validation loss: 3.35516
Epoch 18/100
Training loss: 0.00311 || Validation loss: 3.77056
Epoch 19/100
Training loss: 0.00193 || Validation loss: 4.02795
Epoch 20/100
Training loss: 0.00114 || Validation loss: 3.63360
Epoch 21/100
Training loss: 0.00054 || Validation loss: 4.93345
Epoch 22/100
Training loss: 0.00036 || Validation loss: 4.71531
Epoch 23/100
Training loss: 0.00019 || Validation loss: 4.11508
Epoch 24/100
Training loss: 0.00011 || Validation loss: 4.82129
Epoch 25/100
Training loss: 0.00005 || Validation loss: 4.45042
Epoch 26/100
Training loss: 0.00003 || Validation loss: 4.70080
Epoch 27/100
Training loss: 0.00002 || Validation loss: 4.45030
Epoch 28/100
Training loss: 0.00001 || Validation loss: 5.38730
Epoch 29/100
Training loss: 0.00000 || Validation loss: 4.60803
Epoch 30/100
Training loss: 0.00000 || Validation loss: 5.41853
Epoch 31/100
Training loss: 0.00000 || Validation loss: 4.16133
Epoch 32/100
Training loss: 0.00000 || Validation loss: 4.35385
Epoch 33/100
Training loss: 0.00000 || Validation loss: 4.98706
Epoch 34/100
Training loss: 0.00000 || Validation loss: 4.51359
Epoch 35/100
Training loss: 0.00000 || Validation loss: 5.14614
Epoch 36/100
Training loss: 0.00000 || Validation loss: 4.20688
Epoch 37/100
Training loss: 0.00000 || Validation loss: 4.50893
Epoch 38/100
Training loss: 0.00000 || Validation loss: 4.57299
Epoch 39/100
Training loss: 0.00000 || Validation loss: 4.75827
Epoch 40/100
Training loss: 0.00000 || Validation loss: 4.07978
Epoch 41/100
Training loss: 0.00000 || Validation loss: 5.15312
Epoch 42/100
Training loss: 0.00000 || Validation loss: 4.04014
Epoch 43/100
Training loss: 0.00000 || Validation loss: 4.17069
Epoch 44/100
Training loss: 0.00000 || Validation loss: 4.53668
Epoch 45/100
Training loss: 0.00000 || Validation loss: 4.78775
Epoch 46/100
Training loss: 0.00000 || Validation loss: 4.55171
Epoch 47/100
Training loss: 0.00000 || Validation loss: 3.74210
Epoch 48/100
Training loss: 0.00000 || Validation loss: 4.09344
Epoch 49/100
Training loss: 0.00000 || Validation loss: 4.48784
Epoch 50/100
Training loss: 0.00000 || Validation loss: 4.32749
Epoch 51/100
Training loss: 0.00000 || Validation loss: 4.16708
Epoch 52/100
Training loss: 0.00000 || Validation loss: 4.22035
Epoch 53/100
Training loss: 0.00000 || Validation loss: 4.52728
Epoch 54/100
Training loss: 0.00000 || Validation loss: 4.42930
Epoch 55/100
Training loss: 0.00000 || Validation loss: 4.13139
Epoch 56/100
Training loss: 0.00000 || Validation loss: 4.36711
Epoch 57/100
Training loss: 0.00000 || Validation loss: 4.93548
Epoch 58/100
Training loss: 0.00000 || Validation loss: 4.26203
Epoch 59/100
Training loss: 0.00000 || Validation loss: 4.50061
Epoch 60/100
Training loss: 0.00000 || Validation loss: 4.14259
Epoch 61/100
Training loss: 0.00000 || Validation loss: 3.83615
Epoch 62/100
Training loss: 0.00000 || Validation loss: 4.36667
Epoch 63/100
Training loss: 0.00000 || Validation loss: 4.15815
Epoch 64/100
Training loss: 0.00000 || Validation loss: 3.76735
Epoch 65/100
Training loss: 0.00000 || Validation loss: 4.28787
Epoch 66/100
Training loss: 0.00000 || Validation loss: 3.66563
Epoch 67/100
Training loss: 0.00000 || Validation loss: 4.30281
Epoch 68/100
Training loss: 0.00000 || Validation loss: 4.52723
Epoch 69/100
Training loss: 0.00000 || Validation loss: 3.50564
Epoch 70/100
Training loss: 0.00000 || Validation loss: 3.94565
Epoch 71/100
Training loss: 0.00000 || Validation loss: 3.93522
Epoch 72/100
Training loss: 0.00000 || Validation loss: 4.41704
Epoch 73/100
Training loss: 0.00000 || Validation loss: 3.87281
Epoch 74/100
Training loss: 0.00000 || Validation loss: 3.53866
Epoch 75/100
Training loss: 0.00000 || Validation loss: 3.83077
Epoch 76/100
Training loss: 0.00000 || Validation loss: 4.14259
Epoch 77/100
Training loss: 0.00000 || Validation loss: 3.98317
Epoch 78/100
Training loss: 0.00000 || Validation loss: 4.17902
Epoch 79/100
Training loss: 0.00000 || Validation loss: 3.92204
Epoch 80/100
Training loss: 0.00000 || Validation loss: 4.24051
Epoch 81/100
Training loss: 0.00000 || Validation loss: 3.45267
Epoch 82/100
Training loss: 0.00000 || Validation loss: 3.77393
Epoch 83/100
Training loss: 0.00000 || Validation loss: 3.78407
Epoch 84/100
Training loss: 0.00000 || Validation loss: 4.18188
Epoch 85/100
Training loss: 0.00000 || Validation loss: 3.85571
Epoch 86/100
Training loss: 0.00000 || Validation loss: 3.74532
Epoch 87/100
Training loss: 0.00000 || Validation loss: 3.73833
Epoch 88/100
Training loss: 0.00000 || Validation loss: 3.56734
Epoch 89/100
Training loss: 0.00000 || Validation loss: 3.63127
Epoch 90/100
Training loss: 0.00000 || Validation loss: 3.58710
Epoch 91/100
Training loss: 0.00000 || Validation loss: 3.37610
Epoch 92/100
Training loss: 0.00000 || Validation loss: 3.89768
Epoch 93/100
Training loss: 0.00000 || Validation loss: 3.53847
Epoch 94/100
Training loss: 0.00000 || Validation loss: 3.80562
Epoch 95/100
Training loss: 0.00000 || Validation loss: 3.68578
Epoch 96/100
Training loss: 0.00000 || Validation loss: 3.32804
Epoch 97/100
Training loss: 0.00000 || Validation loss: 3.65627
Epoch 98/100
Training loss: 0.00000 || Validation loss: 3.60605
Epoch 99/100
Training loss: 0.00000 || Validation loss: 3.39549
Epoch 100/100
Training loss: 0.00000 || Validation loss: 3.35621
Best model for fold 2 saved from epoch 12 with f1 3.11659
Final training loss: 0.00000 || Final test loss: 3.35621
Fold 3
device : cuda
Model not found at ./model/forest_wba_value_compare_pretrained_and_non_16frames/piece_size_1_fix_False_pretrained_False/fold_3/fly_model.ckpt
튜플 파일을 불러오는 중 문제가 발생했습니다 (./model/forest_wba_value_compare_pretrained_and_non_16frames/piece_size_1_fix_False_pretrained_False/fold_3): [Errno 2] No such file or directory: './model/forest_wba_value_compare_pretrained_and_non_16frames/piece_size_1_fix_False_pretrained_False/fold_3/training_tuples.pkl'
Epoch 1/100
Training loss: 28.93829 || Validation loss: 16.74729
New best model saved at epoch 1 with loss 16.74729
Epoch 2/100
Training loss: 4.52189 || Validation loss: 8.12761
New best model saved at epoch 2 with loss 8.12761
Epoch 3/100
Training loss: 1.84001 || Validation loss: 8.14656
Epoch 4/100
Training loss: 0.71073 || Validation loss: 6.29494
New best model saved at epoch 4 with loss 6.29494
Epoch 5/100
Training loss: 0.49212 || Validation loss: 6.46075
Epoch 6/100
Training loss: 0.31122 || Validation loss: 5.90158
New best model saved at epoch 6 with loss 5.90158
Epoch 7/100
Training loss: 0.26886 || Validation loss: 6.29405
Epoch 8/100
Training loss: 0.21163 || Validation loss: 6.29072
Epoch 9/100
Training loss: 0.16680 || Validation loss: 5.57495
New best model saved at epoch 9 with loss 5.57495
Epoch 10/100
Training loss: 0.15575 || Validation loss: 5.21750
New best model saved at epoch 10 with loss 5.21750
Epoch 11/100
Training loss: 0.12762 || Validation loss: 4.97056
New best model saved at epoch 11 with loss 4.97056
Epoch 12/100
Training loss: 0.10460 || Validation loss: 5.34115
Epoch 13/100
Training loss: 0.08759 || Validation loss: 5.78096
Epoch 14/100
Training loss: 0.07268 || Validation loss: 6.16191
Epoch 15/100
Training loss: 0.05406 || Validation loss: 6.30202
Epoch 16/100
Training loss: 0.04356 || Validation loss: 8.55142
Epoch 17/100
Training loss: 0.03466 || Validation loss: 8.14215
Epoch 18/100
Training loss: 0.02973 || Validation loss: 10.22604
Epoch 19/100
Training loss: 0.02114 || Validation loss: 10.27325
Epoch 20/100
Training loss: 0.01516 || Validation loss: 12.19828
Epoch 21/100
Training loss: 0.00999 || Validation loss: 15.21566
Epoch 22/100
Training loss: 0.00741 || Validation loss: 15.77456
Epoch 23/100
Training loss: 0.00477 || Validation loss: 16.73457
Epoch 24/100
Training loss: 0.00296 || Validation loss: 18.69275
Epoch 25/100
Training loss: 0.00187 || Validation loss: 19.20194
Epoch 26/100
Training loss: 0.00109 || Validation loss: 19.50091
Epoch 27/100
Training loss: 0.00070 || Validation loss: 21.19441
Epoch 28/100
Training loss: 0.00039 || Validation loss: 21.51018
Epoch 29/100
Training loss: 0.00023 || Validation loss: 22.25150
Epoch 30/100
Training loss: 0.00013 || Validation loss: 22.60414
Epoch 31/100
Training loss: 0.00007 || Validation loss: 22.95232
Epoch 32/100
Training loss: 0.00003 || Validation loss: 23.45177
Epoch 33/100
Training loss: 0.00002 || Validation loss: 22.83194
Epoch 34/100
Training loss: 0.00001 || Validation loss: 24.23559
Epoch 35/100
Training loss: 0.00000 || Validation loss: 23.42874
Epoch 36/100
Training loss: 0.00000 || Validation loss: 22.82333
Epoch 37/100
Training loss: 0.00000 || Validation loss: 23.95849
Epoch 38/100
Training loss: 0.00000 || Validation loss: 23.31654
Epoch 39/100
Training loss: 0.00000 || Validation loss: 22.62955
Epoch 40/100
Training loss: 0.00000 || Validation loss: 23.60880
Epoch 41/100
Training loss: 0.00000 || Validation loss: 24.06416
Epoch 42/100
Training loss: 0.00000 || Validation loss: 23.67617
Epoch 43/100
Training loss: 0.00000 || Validation loss: 22.06602
Epoch 44/100
Training loss: 0.00000 || Validation loss: 23.68161
Epoch 45/100
Training loss: 0.00000 || Validation loss: 22.33707
Epoch 46/100
Training loss: 0.00000 || Validation loss: 22.75647
Epoch 47/100
Training loss: 0.00000 || Validation loss: 22.51812
Epoch 48/100
Training loss: 0.00000 || Validation loss: 23.99676
Epoch 49/100
Training loss: 0.00000 || Validation loss: 22.67979
Epoch 50/100
Training loss: 0.00000 || Validation loss: 24.06998
Epoch 51/100
Training loss: 0.00000 || Validation loss: 24.44035
Epoch 52/100
Training loss: 0.00000 || Validation loss: 24.09048
Epoch 53/100
Training loss: 0.00000 || Validation loss: 22.05823
Epoch 54/100
Training loss: 0.00000 || Validation loss: 23.95151
Epoch 55/100
Training loss: 0.00000 || Validation loss: 23.61141
Epoch 56/100
Training loss: 0.00000 || Validation loss: 23.37366
Epoch 57/100
Training loss: 0.00000 || Validation loss: 22.64789
Epoch 58/100
Training loss: 0.00000 || Validation loss: 23.44757
Epoch 59/100
Training loss: 0.00000 || Validation loss: 22.74273
Epoch 60/100
Training loss: 0.00000 || Validation loss: 22.46654
Epoch 61/100
Training loss: 0.00000 || Validation loss: 23.58280
Epoch 62/100
Training loss: 0.00000 || Validation loss: 23.62322
Epoch 63/100
Training loss: 0.00000 || Validation loss: 23.85677
Epoch 64/100
Training loss: 0.00000 || Validation loss: 23.83168
Epoch 65/100
Training loss: 0.00000 || Validation loss: 22.78559
Epoch 66/100
Training loss: 0.00000 || Validation loss: 23.62120
Epoch 67/100
Training loss: 0.00000 || Validation loss: 23.52890
Epoch 68/100
Training loss: 0.00000 || Validation loss: 22.90930
Epoch 69/100
Training loss: 0.00000 || Validation loss: 23.13881
Epoch 70/100
Training loss: 0.00000 || Validation loss: 22.36551
Epoch 71/100
Training loss: 0.00000 || Validation loss: 23.53312
Epoch 72/100
Training loss: 0.00000 || Validation loss: 22.65467
Epoch 73/100
Training loss: 0.00000 || Validation loss: 23.99272
Epoch 74/100
Training loss: 0.00000 || Validation loss: 22.60864
Epoch 75/100
Training loss: 0.00000 || Validation loss: 22.57453
Epoch 76/100
Training loss: 0.00000 || Validation loss: 23.20509
Epoch 77/100
Training loss: 0.00000 || Validation loss: 23.70278
Epoch 78/100
Training loss: 0.00000 || Validation loss: 22.98083
Epoch 79/100
Training loss: 0.00000 || Validation loss: 23.65697
Epoch 80/100
Training loss: 0.00000 || Validation loss: 21.36746
Epoch 81/100
Training loss: 0.00000 || Validation loss: 22.33808
Epoch 82/100
Training loss: 0.00000 || Validation loss: 22.11403
Epoch 83/100
Training loss: 0.00000 || Validation loss: 22.54768
Epoch 84/100
Training loss: 0.00000 || Validation loss: 22.23964
Epoch 85/100
Training loss: 0.00000 || Validation loss: 22.79087
Epoch 86/100
Training loss: 0.00000 || Validation loss: 22.32798
Epoch 87/100
Training loss: 0.00000 || Validation loss: 22.34141
Epoch 88/100
Training loss: 0.00000 || Validation loss: 21.94267
Epoch 89/100
Training loss: 0.00000 || Validation loss: 22.42917
Epoch 90/100
Training loss: 0.00000 || Validation loss: 21.80063
Epoch 91/100
Training loss: 0.00000 || Validation loss: 23.07741
Epoch 92/100
Training loss: 0.00000 || Validation loss: 21.52453
Epoch 93/100
Training loss: 0.00000 || Validation loss: 22.24856
Epoch 94/100
Training loss: 0.00000 || Validation loss: 22.64631
Epoch 95/100
Training loss: 0.00000 || Validation loss: 22.09706
Epoch 96/100
Training loss: 0.00000 || Validation loss: 21.89581
Epoch 97/100
Training loss: 0.00000 || Validation loss: 22.48601
Epoch 98/100
Training loss: 0.00000 || Validation loss: 21.82025
Epoch 99/100
Training loss: 0.00000 || Validation loss: 22.28576
Epoch 100/100
Training loss: 0.00000 || Validation loss: 21.43759
Best model for fold 3 saved from epoch 11 with f1 4.97056
Final training loss: 0.00000 || Final test loss: 21.43759
All fold val losses: [3.2391733612333025, 3.1165909256253923, 4.970559648105076]
Average val loss: 3.77544
Fold 1
device : cuda
Model not found at ./model/forest_wba_value_compare_pretrained_and_non_16frames/piece_size_5_fix_False_pretrained_False/fold_1/fly_model.ckpt
튜플 파일을 불러오는 중 문제가 발생했습니다 (./model/forest_wba_value_compare_pretrained_and_non_16frames/piece_size_5_fix_False_pretrained_False/fold_1): [Errno 2] No such file or directory: './model/forest_wba_value_compare_pretrained_and_non_16frames/piece_size_5_fix_False_pretrained_False/fold_1/training_tuples.pkl'
Epoch 1/100
Training loss: 25.91083 || Validation loss: 36.58185
New best model saved at epoch 1 with loss 36.58185
Epoch 2/100
Training loss: 4.05829 || Validation loss: 16.46712
New best model saved at epoch 2 with loss 16.46712
Epoch 3/100
Training loss: 1.29903 || Validation loss: 16.48469
Epoch 4/100
Training loss: 0.65475 || Validation loss: 12.54822
New best model saved at epoch 4 with loss 12.54822
Epoch 5/100
Training loss: 0.41129 || Validation loss: 12.94489
Epoch 6/100
Training loss: 0.29448 || Validation loss: 10.46843
New best model saved at epoch 6 with loss 10.46843
Epoch 7/100
Training loss: 0.19690 || Validation loss: 10.73116
Epoch 8/100
Training loss: 0.15739 || Validation loss: 9.90641
New best model saved at epoch 8 with loss 9.90641
Epoch 9/100
Training loss: 0.09714 || Validation loss: 8.11233
New best model saved at epoch 9 with loss 8.11233
Epoch 10/100
Training loss: 0.07350 || Validation loss: 7.50028
New best model saved at epoch 10 with loss 7.50028
Epoch 11/100
Training loss: 0.05918 || Validation loss: 7.24112
New best model saved at epoch 11 with loss 7.24112
Epoch 12/100
Training loss: 0.03721 || Validation loss: 6.44553
New best model saved at epoch 12 with loss 6.44553
Epoch 13/100
Training loss: 0.02845 || Validation loss: 6.34224
New best model saved at epoch 13 with loss 6.34224
Epoch 14/100
Training loss: 0.01421 || Validation loss: 6.61466
Epoch 15/100
Training loss: 0.00878 || Validation loss: 5.60369
New best model saved at epoch 15 with loss 5.60369
Epoch 16/100
Training loss: 0.00531 || Validation loss: 5.62759
Epoch 17/100
Training loss: 0.00209 || Validation loss: 5.53938
New best model saved at epoch 17 with loss 5.53938
Epoch 18/100
Training loss: 0.00191 || Validation loss: 5.76785
Epoch 19/100
Training loss: 0.00075 || Validation loss: 6.77445
Epoch 20/100
Training loss: 0.00042 || Validation loss: 5.97120
Epoch 21/100
Training loss: 0.00022 || Validation loss: 6.33355
Epoch 22/100
Training loss: 0.00010 || Validation loss: 6.15990
Epoch 23/100
Training loss: 0.00006 || Validation loss: 6.26875
Epoch 24/100
Training loss: 0.00003 || Validation loss: 5.74003
Epoch 25/100
Training loss: 0.00002 || Validation loss: 5.93511
Epoch 26/100
Training loss: 0.00001 || Validation loss: 6.18055
Epoch 27/100
Training loss: 0.00000 || Validation loss: 5.64720
Epoch 28/100
Training loss: 0.00000 || Validation loss: 5.62495
Epoch 29/100
Training loss: 0.00000 || Validation loss: 5.82107
Epoch 30/100
Training loss: 0.00000 || Validation loss: 6.35803
Epoch 31/100
Training loss: 0.00000 || Validation loss: 6.13824
Epoch 32/100
Training loss: 0.00000 || Validation loss: 6.48241
Epoch 33/100
Training loss: 0.00000 || Validation loss: 5.80795
Epoch 34/100
Training loss: 0.00000 || Validation loss: 6.12995
Epoch 35/100
Training loss: 0.00000 || Validation loss: 5.83016
Epoch 36/100
Training loss: 0.00000 || Validation loss: 6.14092
Epoch 37/100
Training loss: 0.00000 || Validation loss: 5.33345
New best model saved at epoch 37 with loss 5.33345
Epoch 38/100
Training loss: 0.00000 || Validation loss: 5.88709
Epoch 39/100
Training loss: 0.00000 || Validation loss: 5.76640
Epoch 40/100
Training loss: 0.00000 || Validation loss: 5.57108
Epoch 41/100
Training loss: 0.00000 || Validation loss: 6.00795
Epoch 42/100
Training loss: 0.00000 || Validation loss: 6.26916
Epoch 43/100
Training loss: 0.00000 || Validation loss: 5.68343
Epoch 44/100
Training loss: 0.00000 || Validation loss: 5.82684
Epoch 45/100
Training loss: 0.00000 || Validation loss: 5.85856
Epoch 46/100
Training loss: 0.00000 || Validation loss: 5.77626
Epoch 47/100
Training loss: 0.00000 || Validation loss: 5.75002
Epoch 48/100
Training loss: 0.00000 || Validation loss: 6.03344
Epoch 49/100
Training loss: 0.00000 || Validation loss: 5.75524
Epoch 50/100
Training loss: 0.00000 || Validation loss: 5.98528
Epoch 51/100
Training loss: 0.00000 || Validation loss: 6.21978
Epoch 52/100
Training loss: 0.00000 || Validation loss: 5.71488
Epoch 53/100
Training loss: 0.00000 || Validation loss: 5.54799
Epoch 54/100
Training loss: 0.00000 || Validation loss: 6.20085
Epoch 55/100
Training loss: 0.00000 || Validation loss: 5.61052
Epoch 56/100
Training loss: 0.00000 || Validation loss: 6.28816
Epoch 57/100
Training loss: 0.00000 || Validation loss: 6.88989
Epoch 58/100
Training loss: 0.00000 || Validation loss: 5.53198
Epoch 59/100
Training loss: 0.00000 || Validation loss: 5.70074
Epoch 60/100
Training loss: 0.00000 || Validation loss: 5.82704
Epoch 61/100
Training loss: 0.00000 || Validation loss: 6.00253
Epoch 62/100
Training loss: 0.00000 || Validation loss: 5.78810
Epoch 63/100
Training loss: 0.00000 || Validation loss: 6.21330
Epoch 64/100
Training loss: 0.00000 || Validation loss: 5.38545
Epoch 65/100
Training loss: 0.00000 || Validation loss: 5.88156
Epoch 66/100
Training loss: 0.00000 || Validation loss: 5.84809
Epoch 67/100
Training loss: 0.00000 || Validation loss: 5.65875
Epoch 68/100
Training loss: 0.00000 || Validation loss: 5.96520
Epoch 69/100
Training loss: 0.00000 || Validation loss: 6.11182
Epoch 70/100
Training loss: 0.00000 || Validation loss: 5.67104
Epoch 71/100
Training loss: 0.00000 || Validation loss: 6.45636
Epoch 72/100
Training loss: 0.00000 || Validation loss: 5.51243
Epoch 73/100
Training loss: 0.00000 || Validation loss: 5.63486
Epoch 74/100
Training loss: 0.00000 || Validation loss: 5.64182
Epoch 75/100
Training loss: 0.00000 || Validation loss: 5.99641
Epoch 76/100
Training loss: 0.00000 || Validation loss: 5.87251
Epoch 77/100
Training loss: 0.00000 || Validation loss: 5.63557
Epoch 78/100
Training loss: 0.00000 || Validation loss: 5.73797
Epoch 79/100
Training loss: 0.00000 || Validation loss: 5.42284
Epoch 80/100
Training loss: 0.00000 || Validation loss: 5.64178
Epoch 81/100
Training loss: 0.00000 || Validation loss: 5.76329
Epoch 82/100
Training loss: 0.00000 || Validation loss: 5.55790
Epoch 83/100
Training loss: 0.00000 || Validation loss: 6.10678
Epoch 84/100
Training loss: 0.00000 || Validation loss: 5.52849
Epoch 85/100
Training loss: 0.00000 || Validation loss: 6.10100
Epoch 86/100
Training loss: 0.00000 || Validation loss: 6.13471
Epoch 87/100
Training loss: 0.00000 || Validation loss: 5.88130
Epoch 88/100
Training loss: 0.00000 || Validation loss: 6.09004
Epoch 89/100
Training loss: 0.00000 || Validation loss: 5.82226
Epoch 90/100
Training loss: 0.00000 || Validation loss: 5.79395
Epoch 91/100
Training loss: 0.00000 || Validation loss: 5.87182
Epoch 92/100
Training loss: 0.00000 || Validation loss: 5.52234
Epoch 93/100
Training loss: 0.00000 || Validation loss: 5.95314
Epoch 94/100
Training loss: 0.00000 || Validation loss: 6.16737
Epoch 95/100
Training loss: 0.00000 || Validation loss: 6.06571
Epoch 96/100
Training loss: 0.00000 || Validation loss: 6.05176
Epoch 97/100
Training loss: 0.00000 || Validation loss: 5.58782
Epoch 98/100
Training loss: 0.00000 || Validation loss: 6.56552
Epoch 99/100
Training loss: 0.00000 || Validation loss: 5.71540
Epoch 100/100
Training loss: 0.00000 || Validation loss: 5.53359
Best model for fold 1 saved from epoch 37 with f1 5.33345
Final training loss: 0.00000 || Final test loss: 5.53359
Fold 2
device : cuda
Model not found at ./model/forest_wba_value_compare_pretrained_and_non_16frames/piece_size_5_fix_False_pretrained_False/fold_2/fly_model.ckpt
튜플 파일을 불러오는 중 문제가 발생했습니다 (./model/forest_wba_value_compare_pretrained_and_non_16frames/piece_size_5_fix_False_pretrained_False/fold_2): [Errno 2] No such file or directory: './model/forest_wba_value_compare_pretrained_and_non_16frames/piece_size_5_fix_False_pretrained_False/fold_2/training_tuples.pkl'
Epoch 1/100
Training loss: 21.03178 || Validation loss: 12.06768
New best model saved at epoch 1 with loss 12.06768
Epoch 2/100
Training loss: 3.27082 || Validation loss: 11.09133
New best model saved at epoch 2 with loss 11.09133
Epoch 3/100
Training loss: 1.28706 || Validation loss: 10.82837
New best model saved at epoch 3 with loss 10.82837
Epoch 4/100
Training loss: 0.65693 || Validation loss: 17.42035
Epoch 5/100
Training loss: 0.49824 || Validation loss: 14.50417
Epoch 6/100
Training loss: 0.37081 || Validation loss: 15.21933
Epoch 7/100
Training loss: 0.29722 || Validation loss: 13.46804
Epoch 8/100
Training loss: 0.20730 || Validation loss: 14.65191
Epoch 9/100
Training loss: 0.16954 || Validation loss: 15.39861
Epoch 10/100
Training loss: 0.13335 || Validation loss: 12.37714
Epoch 11/100
Training loss: 0.12912 || Validation loss: 9.22565
New best model saved at epoch 11 with loss 9.22565
Epoch 12/100
Training loss: 0.10421 || Validation loss: 9.27746
Epoch 13/100
Training loss: 0.09049 || Validation loss: 8.48728
New best model saved at epoch 13 with loss 8.48728
Epoch 14/100
Training loss: 0.07920 || Validation loss: 6.83176
New best model saved at epoch 14 with loss 6.83176
Epoch 15/100
Training loss: 0.05671 || Validation loss: 5.21097
New best model saved at epoch 15 with loss 5.21097
Epoch 16/100
Training loss: 0.05499 || Validation loss: 4.37160
New best model saved at epoch 16 with loss 4.37160
Epoch 17/100
Training loss: 0.04661 || Validation loss: 4.07031
New best model saved at epoch 17 with loss 4.07031
Epoch 18/100
Training loss: 0.03504 || Validation loss: 4.67028
Epoch 19/100
Training loss: 0.02895 || Validation loss: 4.64882
Epoch 20/100
Training loss: 0.02150 || Validation loss: 6.04110
Epoch 21/100
Training loss: 0.01581 || Validation loss: 6.88479
Epoch 22/100
Training loss: 0.01086 || Validation loss: 9.00787
Epoch 23/100
Training loss: 0.00836 || Validation loss: 10.64890
Epoch 24/100
Training loss: 0.00548 || Validation loss: 10.85412
Epoch 25/100
Training loss: 0.00408 || Validation loss: 12.72114
Epoch 26/100
Training loss: 0.00262 || Validation loss: 13.44467
Epoch 27/100
Training loss: 0.00163 || Validation loss: 15.46692
Epoch 28/100
Training loss: 0.00105 || Validation loss: 16.88693
Epoch 29/100
Training loss: 0.00063 || Validation loss: 17.86295
Epoch 30/100
Training loss: 0.00045 || Validation loss: 16.89356
Epoch 31/100
Training loss: 0.00024 || Validation loss: 19.73659
Epoch 32/100
Training loss: 0.00014 || Validation loss: 19.50855
Epoch 33/100
Training loss: 0.00007 || Validation loss: 19.14502
Epoch 34/100
Training loss: 0.00003 || Validation loss: 20.47475
Epoch 35/100
Training loss: 0.00002 || Validation loss: 20.47038
Epoch 36/100
Training loss: 0.00001 || Validation loss: 20.67891
Epoch 37/100
Training loss: 0.00000 || Validation loss: 20.93889
Epoch 38/100
Training loss: 0.00000 || Validation loss: 21.18764
Epoch 39/100
Training loss: 0.00000 || Validation loss: 22.33992
Epoch 40/100
Training loss: 0.00000 || Validation loss: 21.19215
Epoch 41/100
Training loss: 0.00000 || Validation loss: 20.94373
Epoch 42/100
Training loss: 0.00000 || Validation loss: 20.84439
Epoch 43/100
Training loss: 0.00000 || Validation loss: 19.68281
Epoch 44/100
Training loss: 0.00000 || Validation loss: 20.87130
Epoch 45/100
Training loss: 0.00000 || Validation loss: 19.00930
Epoch 46/100
Training loss: 0.00000 || Validation loss: 20.59309
Epoch 47/100
Training loss: 0.00000 || Validation loss: 20.69143
Epoch 48/100
Training loss: 0.00000 || Validation loss: 21.48888
Epoch 49/100
Training loss: 0.00000 || Validation loss: 19.91839
Epoch 50/100
Training loss: 0.00000 || Validation loss: 19.36618
Epoch 51/100
Training loss: 0.00000 || Validation loss: 19.75359
Epoch 52/100
Training loss: 0.00000 || Validation loss: 20.06100
Epoch 53/100
Training loss: 0.00000 || Validation loss: 20.54401
Epoch 54/100
Training loss: 0.00000 || Validation loss: 20.05379
Epoch 55/100
Training loss: 0.00000 || Validation loss: 21.23069
Epoch 56/100
Training loss: 0.00000 || Validation loss: 19.54256
Epoch 57/100
Training loss: 0.00000 || Validation loss: 20.35061
Epoch 58/100
Training loss: 0.00000 || Validation loss: 20.13666
Epoch 59/100
Training loss: 0.00000 || Validation loss: 21.32493
Epoch 60/100
Training loss: 0.00000 || Validation loss: 19.07092
Epoch 61/100
Training loss: 0.00000 || Validation loss: 19.10453
Epoch 62/100
Training loss: 0.00000 || Validation loss: 19.77960
Epoch 63/100
Training loss: 0.00000 || Validation loss: 20.64463
Epoch 64/100
Training loss: 0.00000 || Validation loss: 20.51625
Epoch 65/100
Training loss: 0.00000 || Validation loss: 20.59288
Epoch 66/100
Training loss: 0.00000 || Validation loss: 19.58772
Epoch 67/100
Training loss: 0.00000 || Validation loss: 19.68983
Epoch 68/100
Training loss: 0.00000 || Validation loss: 20.59482
Epoch 69/100
Training loss: 0.00000 || Validation loss: 19.37483
Epoch 70/100
Training loss: 0.00000 || Validation loss: 20.49149
Epoch 71/100
Training loss: 0.00000 || Validation loss: 21.13925
Epoch 72/100
Training loss: 0.00000 || Validation loss: 19.63834
Epoch 73/100
Training loss: 0.00000 || Validation loss: 19.51496
Epoch 74/100
Training loss: 0.00000 || Validation loss: 19.94125
Epoch 75/100
Training loss: 0.00000 || Validation loss: 20.65378
Epoch 76/100
Training loss: 0.00000 || Validation loss: 19.23271
Epoch 77/100
Training loss: 0.00000 || Validation loss: 19.40202
Epoch 78/100
Training loss: 0.00000 || Validation loss: 20.12812
Epoch 79/100
Training loss: 0.00000 || Validation loss: 19.34839
Epoch 80/100
Training loss: 0.00000 || Validation loss: 19.55948
Epoch 81/100
Training loss: 0.00000 || Validation loss: 20.01276
Epoch 82/100
Training loss: 0.00000 || Validation loss: 18.93660
Epoch 83/100
Training loss: 0.00000 || Validation loss: 19.40445
Epoch 84/100
Training loss: 0.00000 || Validation loss: 18.74251
Epoch 85/100
Training loss: 0.00000 || Validation loss: 19.15076
Epoch 86/100
Training loss: 0.00000 || Validation loss: 18.52923
Epoch 87/100
Training loss: 0.00000 || Validation loss: 19.30892
Epoch 88/100
Training loss: 0.00000 || Validation loss: 19.43679
Epoch 89/100
Training loss: 0.00000 || Validation loss: 19.93543
Epoch 90/100
Training loss: 0.00000 || Validation loss: 19.44521
Epoch 91/100
Training loss: 0.00000 || Validation loss: 19.99657
Epoch 92/100
Training loss: 0.00000 || Validation loss: 19.34543
Epoch 93/100
Training loss: 0.00000 || Validation loss: 20.01352
Epoch 94/100
Training loss: 0.00000 || Validation loss: 19.08104
Epoch 95/100
Training loss: 0.00000 || Validation loss: 19.31519
Epoch 96/100
Training loss: 0.00000 || Validation loss: 19.94157
Epoch 97/100
Training loss: 0.00000 || Validation loss: 19.93313
Epoch 98/100
Training loss: 0.00000 || Validation loss: 18.89143
Epoch 99/100
Training loss: 0.00000 || Validation loss: 19.43372
Epoch 100/100
Training loss: 0.00000 || Validation loss: 20.18437
Best model for fold 2 saved from epoch 17 with f1 4.07031
Final training loss: 0.00000 || Final test loss: 20.18437
Fold 3
device : cuda
Model not found at ./model/forest_wba_value_compare_pretrained_and_non_16frames/piece_size_5_fix_False_pretrained_False/fold_3/fly_model.ckpt
튜플 파일을 불러오는 중 문제가 발생했습니다 (./model/forest_wba_value_compare_pretrained_and_non_16frames/piece_size_5_fix_False_pretrained_False/fold_3): [Errno 2] No such file or directory: './model/forest_wba_value_compare_pretrained_and_non_16frames/piece_size_5_fix_False_pretrained_False/fold_3/training_tuples.pkl'
Epoch 1/100
Training loss: 16.44719 || Validation loss: 14.62138
New best model saved at epoch 1 with loss 14.62138
Epoch 2/100
Training loss: 1.97619 || Validation loss: 8.48032
New best model saved at epoch 2 with loss 8.48032
Epoch 3/100
Training loss: 0.79767 || Validation loss: 7.97732
New best model saved at epoch 3 with loss 7.97732
Epoch 4/100
Training loss: 0.45818 || Validation loss: 6.10714
New best model saved at epoch 4 with loss 6.10714
Epoch 5/100
Training loss: 0.26115 || Validation loss: 5.89368
New best model saved at epoch 5 with loss 5.89368
Epoch 6/100
Training loss: 0.18568 || Validation loss: 5.15286
New best model saved at epoch 6 with loss 5.15286
Epoch 7/100
Training loss: 0.13694 || Validation loss: 4.62894
New best model saved at epoch 7 with loss 4.62894
Epoch 8/100
Training loss: 0.11819 || Validation loss: 3.52961
New best model saved at epoch 8 with loss 3.52961
Epoch 9/100
Training loss: 0.07676 || Validation loss: 3.24717
New best model saved at epoch 9 with loss 3.24717
Epoch 10/100
Training loss: 0.06304 || Validation loss: 2.71823
New best model saved at epoch 10 with loss 2.71823
Epoch 11/100
Training loss: 0.04499 || Validation loss: 3.07857
Epoch 12/100
Training loss: 0.04494 || Validation loss: 2.94209
Epoch 13/100
Training loss: 0.03704 || Validation loss: 2.99783
Epoch 14/100
Training loss: 0.02743 || Validation loss: 2.99870
Epoch 15/100
Training loss: 0.02399 || Validation loss: 3.38027
Epoch 16/100
Training loss: 0.01855 || Validation loss: 4.83265
Epoch 17/100
Training loss: 0.01343 || Validation loss: 5.65860
Epoch 18/100
Training loss: 0.01014 || Validation loss: 6.71959
Epoch 19/100
Training loss: 0.00792 || Validation loss: 8.29058
Epoch 20/100
Training loss: 0.00574 || Validation loss: 9.33872
Epoch 21/100
Training loss: 0.00367 || Validation loss: 9.71142
Epoch 22/100
Training loss: 0.00244 || Validation loss: 12.19777
Epoch 23/100
Training loss: 0.00197 || Validation loss: 12.17095
Epoch 24/100
Training loss: 0.00114 || Validation loss: 13.30985
Epoch 25/100
Training loss: 0.00070 || Validation loss: 14.55081
Epoch 26/100
Training loss: 0.00053 || Validation loss: 13.25255
Epoch 27/100
Training loss: 0.00032 || Validation loss: 15.19616
Epoch 28/100
Training loss: 0.00018 || Validation loss: 15.49917
Epoch 29/100
Training loss: 0.00011 || Validation loss: 15.25586
Epoch 30/100
Training loss: 0.00006 || Validation loss: 15.66060
Epoch 31/100
Training loss: 0.00004 || Validation loss: 16.22390
Epoch 32/100
Training loss: 0.00002 || Validation loss: 15.94300
Epoch 33/100
Training loss: 0.00001 || Validation loss: 15.54732
Epoch 34/100
Training loss: 0.00001 || Validation loss: 15.89250
Epoch 35/100
Training loss: 0.00000 || Validation loss: 16.51632
Epoch 36/100
Training loss: 0.00000 || Validation loss: 16.46732
Epoch 37/100
Training loss: 0.00000 || Validation loss: 15.47293
Epoch 38/100
Training loss: 0.00000 || Validation loss: 15.92739
Epoch 39/100
Training loss: 0.00000 || Validation loss: 15.56097
Epoch 40/100
Training loss: 0.00000 || Validation loss: 15.73737
Epoch 41/100
Training loss: 0.00000 || Validation loss: 15.40063
Epoch 42/100
Training loss: 0.00000 || Validation loss: 15.19966
Epoch 43/100
Training loss: 0.00000 || Validation loss: 16.25076
Epoch 44/100
Training loss: 0.00000 || Validation loss: 15.40942
Epoch 45/100
Training loss: 0.00000 || Validation loss: 15.14287
Epoch 46/100
Training loss: 0.00000 || Validation loss: 14.92185
Epoch 47/100
Training loss: 0.00000 || Validation loss: 16.00235
Epoch 48/100
Training loss: 0.00000 || Validation loss: 15.81548
Epoch 49/100
Training loss: 0.00000 || Validation loss: 16.21621
Epoch 50/100
Training loss: 0.00000 || Validation loss: 15.16783
Epoch 51/100
Training loss: 0.00000 || Validation loss: 15.41560
Epoch 52/100
Training loss: 0.00000 || Validation loss: 15.61906
Epoch 53/100
Training loss: 0.00000 || Validation loss: 15.77384
Epoch 54/100
Training loss: 0.00000 || Validation loss: 15.28697
Epoch 55/100
Training loss: 0.00000 || Validation loss: 16.19888
Epoch 56/100
Training loss: 0.00000 || Validation loss: 16.29431
Epoch 57/100
Training loss: 0.00000 || Validation loss: 15.08095
Epoch 58/100
Training loss: 0.00000 || Validation loss: 16.88107
Epoch 59/100
Training loss: 0.00000 || Validation loss: 16.15722
Epoch 60/100
Training loss: 0.00000 || Validation loss: 15.34361
Epoch 61/100
Training loss: 0.00000 || Validation loss: 14.96688
Epoch 62/100
Training loss: 0.00000 || Validation loss: 15.76558
Epoch 63/100
Training loss: 0.00000 || Validation loss: 16.44277
Epoch 64/100
Training loss: 0.00000 || Validation loss: 15.80768
Epoch 65/100
Training loss: 0.00000 || Validation loss: 14.92160
Epoch 66/100
Training loss: 0.00000 || Validation loss: 14.95670
Epoch 67/100
Training loss: 0.00000 || Validation loss: 15.01353
Epoch 68/100
Training loss: 0.00000 || Validation loss: 15.78643
Epoch 69/100
Training loss: 0.00000 || Validation loss: 14.69131
Epoch 70/100
Training loss: 0.00000 || Validation loss: 14.70386
Epoch 71/100
Training loss: 0.00000 || Validation loss: 15.47259
Epoch 72/100
Training loss: 0.00000 || Validation loss: 15.63600
Epoch 73/100
Training loss: 0.00000 || Validation loss: 14.78859
Epoch 74/100
Training loss: 0.00000 || Validation loss: 14.60678
Epoch 75/100
Training loss: 0.00000 || Validation loss: 16.70220
Epoch 76/100
Training loss: 0.00000 || Validation loss: 14.82667
Epoch 77/100
Training loss: 0.00000 || Validation loss: 15.77656
Epoch 78/100
Training loss: 0.00000 || Validation loss: 14.39274
Epoch 79/100
Training loss: 0.00000 || Validation loss: 13.96317
Epoch 80/100
Training loss: 0.00000 || Validation loss: 15.80453
Epoch 81/100
Training loss: 0.00000 || Validation loss: 14.92376
Epoch 82/100
Training loss: 0.00000 || Validation loss: 15.72823
Epoch 83/100
Training loss: 0.00000 || Validation loss: 15.13614
Epoch 84/100
Training loss: 0.00000 || Validation loss: 15.38851
Epoch 85/100
Training loss: 0.00000 || Validation loss: 16.19631
Epoch 86/100
Training loss: 0.00000 || Validation loss: 13.65085
Epoch 87/100
Training loss: 0.00000 || Validation loss: 15.39469
Epoch 88/100
Training loss: 0.00000 || Validation loss: 14.12104
Epoch 89/100
Training loss: 0.00000 || Validation loss: 13.85808
Epoch 90/100
Training loss: 0.00000 || Validation loss: 13.35138
Epoch 91/100
Training loss: 0.00000 || Validation loss: 14.63653
Epoch 92/100
Training loss: 0.00000 || Validation loss: 14.94811
Epoch 93/100
Training loss: 0.00000 || Validation loss: 14.16671
Epoch 94/100
Training loss: 0.00000 || Validation loss: 13.14185
Epoch 95/100
Training loss: 0.00000 || Validation loss: 13.62403
Epoch 96/100
Training loss: 0.00000 || Validation loss: 14.13148
Epoch 97/100
Training loss: 0.00000 || Validation loss: 12.54096
Epoch 98/100
Training loss: 0.00000 || Validation loss: 13.45212
Epoch 99/100
Training loss: 0.00000 || Validation loss: 12.67555
Epoch 100/100
Training loss: 0.00000 || Validation loss: 15.43664
Best model for fold 3 saved from epoch 10 with f1 2.71823
Final training loss: 0.00000 || Final test loss: 15.43664
All fold val losses: [5.333446775163923, 4.070314705371857, 2.7182260070528304]
Average val loss: 4.04066
Fold 1
device : cuda
Model not found at ./model/forest_wba_value_compare_pretrained_and_non_16frames/piece_size_10_fix_False_pretrained_False/fold_1/fly_model.ckpt
./model/forest_wba_value_compare_pretrained_and_non_16frames/piece_size_10_fix_False_pretrained_True/fold_1에서 튜플 파일을 불러왔습니다.
Epoch 1/100
Training loss: 25.45620 || Validation loss: 17.01806
New best model saved at epoch 1 with loss 17.01806
Epoch 2/100
Training loss: 3.32109 || Validation loss: 9.72442
New best model saved at epoch 2 with loss 9.72442
Epoch 3/100
Training loss: 1.07214 || Validation loss: 8.91228
New best model saved at epoch 3 with loss 8.91228
Epoch 4/100
Training loss: 0.70217 || Validation loss: 8.30761
New best model saved at epoch 4 with loss 8.30761
Epoch 5/100
Training loss: 0.40876 || Validation loss: 10.28098
Epoch 6/100
Training loss: 0.34192 || Validation loss: 11.22483
Epoch 7/100
Training loss: 0.30108 || Validation loss: 8.89676
Epoch 8/100
Training loss: 0.24018 || Validation loss: 9.17899
Epoch 9/100
Training loss: 0.19775 || Validation loss: 8.78774
Epoch 10/100
Training loss: 0.21133 || Validation loss: 9.00678
Epoch 11/100
Training loss: 0.15922 || Validation loss: 7.99022
New best model saved at epoch 11 with loss 7.99022
Epoch 12/100
Training loss: 0.15012 || Validation loss: 6.83256
New best model saved at epoch 12 with loss 6.83256
Epoch 13/100
Training loss: 0.12638 || Validation loss: 6.75013
New best model saved at epoch 13 with loss 6.75013
Epoch 14/100
Training loss: 0.11524 || Validation loss: 4.86615
New best model saved at epoch 14 with loss 4.86615
Epoch 15/100
Training loss: 0.09634 || Validation loss: 5.24507
Epoch 16/100
Training loss: 0.08473 || Validation loss: 4.41680
New best model saved at epoch 16 with loss 4.41680
Epoch 17/100
Training loss: 0.06541 || Validation loss: 4.31507
New best model saved at epoch 17 with loss 4.31507
Epoch 18/100
Training loss: 0.06048 || Validation loss: 3.20633
New best model saved at epoch 18 with loss 3.20633
Epoch 19/100
Training loss: 0.04553 || Validation loss: 3.19444
New best model saved at epoch 19 with loss 3.19444
Epoch 20/100
Training loss: 0.03209 || Validation loss: 3.03720
New best model saved at epoch 20 with loss 3.03720
Epoch 21/100
Training loss: 0.02633 || Validation loss: 3.03869
Epoch 22/100
Training loss: 0.02053 || Validation loss: 2.92466
New best model saved at epoch 22 with loss 2.92466
Epoch 23/100
Training loss: 0.01575 || Validation loss: 2.72608
New best model saved at epoch 23 with loss 2.72608
Epoch 24/100
Training loss: 0.01237 || Validation loss: 2.42418
New best model saved at epoch 24 with loss 2.42418
Epoch 25/100
Training loss: 0.00869 || Validation loss: 2.73431
Epoch 26/100
Training loss: 0.00618 || Validation loss: 2.84350
Epoch 27/100
Training loss: 0.00376 || Validation loss: 3.07188
Epoch 28/100
Training loss: 0.00283 || Validation loss: 3.01356
Epoch 29/100
Training loss: 0.00192 || Validation loss: 3.37486
Epoch 30/100
Training loss: 0.00112 || Validation loss: 2.94315
Epoch 31/100
Training loss: 0.00083 || Validation loss: 3.46498
Epoch 32/100
Training loss: 0.00044 || Validation loss: 3.40536
Epoch 33/100
Training loss: 0.00032 || Validation loss: 3.58973
Epoch 34/100
Training loss: 0.00017 || Validation loss: 3.51699
Epoch 35/100
Training loss: 0.00010 || Validation loss: 3.64762
Epoch 36/100
Training loss: 0.00005 || Validation loss: 3.36271
Epoch 37/100
Training loss: 0.00003 || Validation loss: 3.68665
Epoch 38/100
Training loss: 0.00002 || Validation loss: 3.40152
Epoch 39/100
Training loss: 0.00001 || Validation loss: 3.46965
Epoch 40/100
Training loss: 0.00000 || Validation loss: 3.61089
Epoch 41/100
Training loss: 0.00000 || Validation loss: 3.46505
Epoch 42/100
Training loss: 0.00000 || Validation loss: 3.64696
Epoch 43/100
Training loss: 0.00000 || Validation loss: 3.67403
Epoch 44/100
Training loss: 0.00000 || Validation loss: 3.55607
Epoch 45/100
Training loss: 0.00000 || Validation loss: 3.63094
Epoch 46/100
Training loss: 0.00000 || Validation loss: 3.94562
Epoch 47/100
Training loss: 0.00000 || Validation loss: 3.53889
Epoch 48/100
Training loss: 0.00000 || Validation loss: 3.65104
Epoch 49/100
Training loss: 0.00000 || Validation loss: 3.65943
Epoch 50/100
Training loss: 0.00000 || Validation loss: 3.60409
Epoch 51/100
Training loss: 0.00000 || Validation loss: 3.76030
Epoch 52/100
Training loss: 0.00000 || Validation loss: 3.66838
Epoch 53/100
Training loss: 0.00000 || Validation loss: 3.74603
Epoch 54/100
Training loss: 0.00000 || Validation loss: 3.97203
Epoch 55/100
Training loss: 0.00000 || Validation loss: 3.85242
Epoch 56/100
Training loss: 0.00000 || Validation loss: 3.62604
Epoch 57/100
Training loss: 0.00000 || Validation loss: 3.61749
Epoch 58/100
Training loss: 0.00000 || Validation loss: 3.80932
Epoch 59/100
Training loss: 0.00000 || Validation loss: 3.64262
Epoch 60/100
Training loss: 0.00000 || Validation loss: 3.81092
Epoch 61/100
Training loss: 0.00000 || Validation loss: 3.64045
Epoch 62/100
Training loss: 0.00000 || Validation loss: 3.72260
Epoch 63/100
Training loss: 0.00000 || Validation loss: 3.85541
Epoch 64/100
Training loss: 0.00000 || Validation loss: 3.54483
Epoch 65/100
Training loss: 0.00000 || Validation loss: 3.68194
Epoch 66/100
Training loss: 0.00000 || Validation loss: 3.79197
Epoch 67/100
Training loss: 0.00000 || Validation loss: 3.57913
Epoch 68/100
Training loss: 0.00000 || Validation loss: 3.55368
Epoch 69/100
Training loss: 0.00000 || Validation loss: 3.74274
Epoch 70/100
Training loss: 0.00000 || Validation loss: 3.49585
Epoch 71/100
Training loss: 0.00000 || Validation loss: 3.77490
Epoch 72/100
Training loss: 0.00000 || Validation loss: 3.59924
Epoch 73/100
Training loss: 0.00000 || Validation loss: 3.63271
Epoch 74/100
Training loss: 0.00000 || Validation loss: 3.71191
Epoch 75/100
Training loss: 0.00000 || Validation loss: 3.47726
Epoch 76/100
Training loss: 0.00000 || Validation loss: 3.62831
Epoch 77/100
Training loss: 0.00000 || Validation loss: 3.63463
Epoch 78/100
Training loss: 0.00000 || Validation loss: 3.76899
Epoch 79/100
Training loss: 0.00000 || Validation loss: 3.68774
Epoch 80/100
Training loss: 0.00000 || Validation loss: 3.35574
Epoch 81/100
Training loss: 0.00000 || Validation loss: 3.78273
Epoch 82/100
Training loss: 0.00000 || Validation loss: 3.64336
Epoch 83/100
Training loss: 0.00000 || Validation loss: 3.72263
Epoch 84/100
Training loss: 0.00000 || Validation loss: 3.59969
Epoch 85/100
Training loss: 0.00000 || Validation loss: 3.59006
Epoch 86/100
Training loss: 0.00000 || Validation loss: 3.69299
Epoch 87/100
Training loss: 0.00000 || Validation loss: 3.53386
Epoch 88/100
Training loss: 0.00000 || Validation loss: 3.66388
Epoch 89/100
Training loss: 0.00000 || Validation loss: 3.67495
Epoch 90/100
Training loss: 0.00000 || Validation loss: 3.72731
Epoch 91/100
Training loss: 0.00000 || Validation loss: 3.96100
Epoch 92/100
Training loss: 0.00000 || Validation loss: 3.57808
Epoch 93/100
Training loss: 0.00000 || Validation loss: 3.42312
Epoch 94/100
Training loss: 0.00000 || Validation loss: 3.72444
Epoch 95/100
Training loss: 0.00000 || Validation loss: 3.58075
Epoch 96/100
Training loss: 0.00000 || Validation loss: 3.66175
Epoch 97/100
Training loss: 0.00000 || Validation loss: 3.50536
Epoch 98/100
Training loss: 0.00000 || Validation loss: 3.64737
Epoch 99/100
Training loss: 0.00000 || Validation loss: 3.62978
Epoch 100/100
Training loss: 0.00000 || Validation loss: 3.64474
Best model for fold 1 saved from epoch 24 with f1 2.42418
Final training loss: 0.00000 || Final test loss: 3.64474
Fold 2
device : cuda
Model not found at ./model/forest_wba_value_compare_pretrained_and_non_16frames/piece_size_10_fix_False_pretrained_False/fold_2/fly_model.ckpt
./model/forest_wba_value_compare_pretrained_and_non_16frames/piece_size_10_fix_False_pretrained_True/fold_2에서 튜플 파일을 불러왔습니다.
Epoch 1/100
Training loss: 16.41777 || Validation loss: 20.08390
New best model saved at epoch 1 with loss 20.08390
Epoch 2/100
Training loss: 2.82851 || Validation loss: 13.24287
New best model saved at epoch 2 with loss 13.24287
Epoch 3/100
Training loss: 1.08806 || Validation loss: 11.83964
New best model saved at epoch 3 with loss 11.83964
Epoch 4/100
Training loss: 0.38435 || Validation loss: 11.11066
New best model saved at epoch 4 with loss 11.11066
Epoch 5/100
Training loss: 0.25456 || Validation loss: 10.41305
New best model saved at epoch 5 with loss 10.41305
Epoch 6/100
Training loss: 0.20023 || Validation loss: 9.71886
New best model saved at epoch 6 with loss 9.71886
Epoch 7/100
Training loss: 0.13665 || Validation loss: 9.41420
New best model saved at epoch 7 with loss 9.41420
Epoch 8/100
Training loss: 0.11885 || Validation loss: 8.39343
New best model saved at epoch 8 with loss 8.39343
Epoch 9/100
Training loss: 0.11148 || Validation loss: 6.41416
New best model saved at epoch 9 with loss 6.41416
Epoch 10/100
Training loss: 0.09604 || Validation loss: 5.82810
New best model saved at epoch 10 with loss 5.82810
Epoch 11/100
Training loss: 0.09273 || Validation loss: 5.62466
New best model saved at epoch 11 with loss 5.62466
Epoch 12/100
Training loss: 0.07558 || Validation loss: 5.25041
New best model saved at epoch 12 with loss 5.25041
Epoch 13/100
Training loss: 0.06727 || Validation loss: 4.48961
New best model saved at epoch 13 with loss 4.48961
Epoch 14/100
Training loss: 0.05468 || Validation loss: 4.93747
Epoch 15/100
Training loss: 0.04061 || Validation loss: 5.49990
Epoch 16/100
Training loss: 0.03505 || Validation loss: 5.99982
Epoch 17/100
Training loss: 0.02891 || Validation loss: 7.73073
Epoch 18/100
Training loss: 0.02272 || Validation loss: 9.37248
Epoch 19/100
Training loss: 0.01552 || Validation loss: 11.94515
Epoch 20/100
Training loss: 0.01161 || Validation loss: 14.82113
Epoch 21/100
Training loss: 0.00774 || Validation loss: 15.27303
Epoch 22/100
Training loss: 0.00523 || Validation loss: 17.10575
Epoch 23/100
Training loss: 0.00380 || Validation loss: 19.02831
Epoch 24/100
Training loss: 0.00248 || Validation loss: 21.72659
Epoch 25/100
Training loss: 0.00163 || Validation loss: 22.92613
Epoch 26/100
Training loss: 0.00099 || Validation loss: 26.10508
Epoch 27/100
Training loss: 0.00064 || Validation loss: 26.40417
Epoch 28/100
Training loss: 0.00039 || Validation loss: 27.19332
Epoch 29/100
Training loss: 0.00026 || Validation loss: 27.27827
Epoch 30/100
Training loss: 0.00015 || Validation loss: 28.84135
Epoch 31/100
Training loss: 0.00009 || Validation loss: 29.70974
Epoch 32/100
Training loss: 0.00005 || Validation loss: 28.68101
Epoch 33/100
Training loss: 0.00002 || Validation loss: 30.94056
Epoch 34/100
Training loss: 0.00001 || Validation loss: 29.15284
Epoch 35/100
Training loss: 0.00001 || Validation loss: 28.59225
Epoch 36/100
Training loss: 0.00001 || Validation loss: 28.90245
Epoch 37/100
Training loss: 0.00000 || Validation loss: 29.86519
Epoch 38/100
Training loss: 0.00000 || Validation loss: 29.47381
Epoch 39/100
Training loss: 0.00000 || Validation loss: 31.60527
Epoch 40/100
Training loss: 0.00000 || Validation loss: 29.89254
Epoch 41/100
Training loss: 0.00000 || Validation loss: 29.26436
Epoch 42/100
Training loss: 0.00000 || Validation loss: 30.25458
Epoch 43/100
Training loss: 0.00000 || Validation loss: 29.25919
Epoch 44/100
Training loss: 0.00000 || Validation loss: 29.66242
Epoch 45/100
Training loss: 0.00000 || Validation loss: 29.86433
Epoch 46/100
Training loss: 0.00000 || Validation loss: 29.92086
Epoch 47/100
Training loss: 0.00000 || Validation loss: 28.85088
Epoch 48/100
Training loss: 0.00000 || Validation loss: 29.69881
Epoch 49/100
Training loss: 0.00000 || Validation loss: 30.19187
Epoch 50/100
Training loss: 0.00000 || Validation loss: 29.59321
Epoch 51/100
Training loss: 0.00000 || Validation loss: 30.68358
Epoch 52/100
Training loss: 0.00000 || Validation loss: 28.59075
Epoch 53/100
Training loss: 0.00000 || Validation loss: 28.58732
Epoch 54/100
Training loss: 0.00000 || Validation loss: 28.93813
Epoch 55/100
Training loss: 0.00000 || Validation loss: 28.73093
Epoch 56/100
Training loss: 0.00000 || Validation loss: 29.04771
Epoch 57/100
Training loss: 0.00000 || Validation loss: 29.07644
Epoch 58/100
Training loss: 0.00000 || Validation loss: 27.44226
Epoch 59/100
Training loss: 0.00000 || Validation loss: 29.26892
Epoch 60/100
Training loss: 0.00000 || Validation loss: 29.21106
Epoch 61/100
Training loss: 0.00000 || Validation loss: 27.21518
Epoch 62/100
Training loss: 0.00000 || Validation loss: 27.63367
Epoch 63/100
Training loss: 0.00000 || Validation loss: 28.01565
Epoch 64/100
Training loss: 0.00000 || Validation loss: 28.86002
Epoch 65/100
Training loss: 0.00000 || Validation loss: 27.42131
Epoch 66/100
Training loss: 0.00000 || Validation loss: 27.84494
Epoch 67/100
Training loss: 0.00000 || Validation loss: 28.38843
Epoch 68/100
Training loss: 0.00000 || Validation loss: 27.16669
Epoch 69/100
Training loss: 0.00000 || Validation loss: 27.73874
Epoch 70/100
Training loss: 0.00000 || Validation loss: 28.63329
Epoch 71/100
Training loss: 0.00000 || Validation loss: 26.81813
Epoch 72/100
Training loss: 0.00000 || Validation loss: 27.25693
Epoch 73/100
Training loss: 0.00000 || Validation loss: 25.73060
Epoch 74/100
Training loss: 0.00000 || Validation loss: 27.36451
Epoch 75/100
Training loss: 0.00000 || Validation loss: 26.42893
Epoch 76/100
Training loss: 0.00000 || Validation loss: 27.17194
Epoch 77/100
Training loss: 0.00000 || Validation loss: 26.85554
Epoch 78/100
Training loss: 0.00000 || Validation loss: 26.04477
Epoch 79/100
Training loss: 0.00000 || Validation loss: 25.19634
Epoch 80/100
Training loss: 0.00000 || Validation loss: 26.54899
Epoch 81/100
Training loss: 0.00000 || Validation loss: 26.36533
Epoch 82/100
Training loss: 0.00000 || Validation loss: 26.12933
Epoch 83/100
Training loss: 0.00000 || Validation loss: 25.29559
Epoch 84/100
Training loss: 0.00000 || Validation loss: 24.71608
Epoch 85/100
Training loss: 0.00000 || Validation loss: 26.08704
Epoch 86/100
Training loss: 0.00000 || Validation loss: 25.63031
Epoch 87/100
Training loss: 0.00000 || Validation loss: 25.01844
Epoch 88/100
Training loss: 0.00000 || Validation loss: 24.75250
Epoch 89/100
Training loss: 0.00000 || Validation loss: 25.18251
Epoch 90/100
Training loss: 0.00000 || Validation loss: 24.19903
Epoch 91/100
Training loss: 0.00000 || Validation loss: 24.27459
Epoch 92/100
Training loss: 0.00000 || Validation loss: 24.16707
Epoch 93/100
Training loss: 0.00000 || Validation loss: 23.53183
Epoch 94/100
Training loss: 0.00000 || Validation loss: 24.15398
Epoch 95/100
Training loss: 0.00000 || Validation loss: 23.69882
Epoch 96/100
Training loss: 0.00000 || Validation loss: 23.68463
Epoch 97/100
Training loss: 0.00000 || Validation loss: 22.88833
Epoch 98/100
Training loss: 0.00000 || Validation loss: 22.90997
Epoch 99/100
Training loss: 0.00000 || Validation loss: 22.96470
Epoch 100/100
Training loss: 0.00000 || Validation loss: 22.46612
Best model for fold 2 saved from epoch 13 with f1 4.48961
Final training loss: 0.00000 || Final test loss: 22.46612
Fold 3
device : cuda
Model not found at ./model/forest_wba_value_compare_pretrained_and_non_16frames/piece_size_10_fix_False_pretrained_False/fold_3/fly_model.ckpt
./model/forest_wba_value_compare_pretrained_and_non_16frames/piece_size_10_fix_False_pretrained_True/fold_3에서 튜플 파일을 불러왔습니다.
Epoch 1/100
Training loss: 26.64287 || Validation loss: 26.03668
New best model saved at epoch 1 with loss 26.03668
Epoch 2/100
Training loss: 4.01532 || Validation loss: 17.49500
New best model saved at epoch 2 with loss 17.49500
Epoch 3/100
Training loss: 1.89712 || Validation loss: 17.17682
New best model saved at epoch 3 with loss 17.17682
Epoch 4/100
Training loss: 1.13600 || Validation loss: 14.03752
New best model saved at epoch 4 with loss 14.03752
Epoch 5/100
Training loss: 1.05647 || Validation loss: 9.94243
New best model saved at epoch 5 with loss 9.94243
Epoch 6/100
Training loss: 0.83077 || Validation loss: 8.98566
New best model saved at epoch 6 with loss 8.98566
Epoch 7/100
Training loss: 0.89439 || Validation loss: 8.05858
New best model saved at epoch 7 with loss 8.05858
Epoch 8/100
Training loss: 0.65488 || Validation loss: 7.03988
New best model saved at epoch 8 with loss 7.03988
Epoch 9/100
Training loss: 0.47548 || Validation loss: 7.45158
Epoch 10/100
Training loss: 0.28560 || Validation loss: 9.08367
Epoch 11/100
Training loss: 0.15140 || Validation loss: 9.96608
Epoch 12/100
Training loss: 0.07535 || Validation loss: 11.64949
Epoch 13/100
Training loss: 0.03771 || Validation loss: 13.91885
Epoch 14/100
Training loss: 0.01952 || Validation loss: 14.27704
Epoch 15/100
Training loss: 0.00958 || Validation loss: 14.98049
Epoch 16/100
Training loss: 0.00429 || Validation loss: 15.18919
Epoch 17/100
Training loss: 0.00243 || Validation loss: 15.97994
Epoch 18/100
Training loss: 0.00112 || Validation loss: 16.41254
Epoch 19/100
Training loss: 0.00078 || Validation loss: 16.18027
Epoch 20/100
Training loss: 0.00041 || Validation loss: 16.31936
Epoch 21/100
Training loss: 0.00025 || Validation loss: 16.03202
Epoch 22/100
Training loss: 0.00016 || Validation loss: 16.04824
Epoch 23/100
Training loss: 0.00009 || Validation loss: 16.32693
Epoch 24/100
Training loss: 0.00006 || Validation loss: 16.41263
Epoch 25/100
Training loss: 0.00003 || Validation loss: 16.24720
Epoch 26/100
Training loss: 0.00002 || Validation loss: 16.13749
Epoch 27/100
Training loss: 0.00001 || Validation loss: 16.01680
Epoch 28/100
Training loss: 0.00001 || Validation loss: 15.73546
Epoch 29/100
Training loss: 0.00001 || Validation loss: 16.00557
Epoch 30/100
Training loss: 0.00000 || Validation loss: 15.97057
Epoch 31/100
Training loss: 0.00000 || Validation loss: 15.74310
Epoch 32/100
Training loss: 0.00000 || Validation loss: 16.34721
Epoch 33/100
Training loss: 0.00000 || Validation loss: 15.81770
Epoch 34/100
Training loss: 0.00000 || Validation loss: 16.12826
Epoch 35/100
Training loss: 0.00000 || Validation loss: 15.56820
Epoch 36/100
Training loss: 0.00000 || Validation loss: 15.96350
Epoch 37/100
Training loss: 0.00000 || Validation loss: 15.62914
Epoch 38/100
Training loss: 0.00000 || Validation loss: 15.99175
Epoch 39/100
Training loss: 0.00000 || Validation loss: 15.82912
Epoch 40/100
Training loss: 0.00000 || Validation loss: 16.20322
Epoch 41/100
Training loss: 0.00000 || Validation loss: 15.55609
Epoch 42/100
Training loss: 0.00000 || Validation loss: 15.67871
Epoch 43/100
Training loss: 0.00000 || Validation loss: 16.55464
Epoch 44/100
Training loss: 0.00000 || Validation loss: 16.28037
Epoch 45/100
Training loss: 0.00000 || Validation loss: 16.49312
Epoch 46/100
Training loss: 0.00000 || Validation loss: 15.57731
Epoch 47/100
Training loss: 0.00000 || Validation loss: 15.83110
Epoch 48/100
Training loss: 0.00000 || Validation loss: 15.80267
Epoch 49/100
Training loss: 0.00000 || Validation loss: 15.49477
Epoch 50/100
Training loss: 0.00000 || Validation loss: 16.41884
Epoch 51/100
Training loss: 0.00000 || Validation loss: 16.41945
Epoch 52/100
Training loss: 0.00000 || Validation loss: 16.19799
Epoch 53/100
Training loss: 0.00000 || Validation loss: 15.49033
Epoch 54/100
Training loss: 0.00000 || Validation loss: 15.93400
Epoch 55/100
Training loss: 0.00000 || Validation loss: 15.74005
Epoch 56/100
Training loss: 0.00000 || Validation loss: 16.00934
Epoch 57/100
Training loss: 0.00000 || Validation loss: 15.94760
Epoch 58/100
Training loss: 0.00000 || Validation loss: 15.90283
Epoch 59/100
Training loss: 0.00000 || Validation loss: 15.76803
Epoch 60/100
Training loss: 0.00000 || Validation loss: 16.35180
Epoch 61/100
Training loss: 0.00000 || Validation loss: 16.05021
Epoch 62/100
Training loss: 0.00000 || Validation loss: 16.61754
Epoch 63/100
Training loss: 0.00000 || Validation loss: 15.88267
Epoch 64/100
Training loss: 0.00000 || Validation loss: 15.52641
Epoch 65/100
Training loss: 0.00000 || Validation loss: 15.90817
Epoch 66/100
Training loss: 0.00000 || Validation loss: 16.10576
Epoch 67/100
Training loss: 0.00000 || Validation loss: 15.68633
Epoch 68/100
Training loss: 0.00000 || Validation loss: 15.41150
Epoch 69/100
Training loss: 0.00000 || Validation loss: 15.74853
Epoch 70/100
Training loss: 0.00000 || Validation loss: 15.83717
Epoch 71/100
Training loss: 0.00000 || Validation loss: 15.31494
Epoch 72/100
Training loss: 0.00000 || Validation loss: 15.70865
Epoch 73/100
Training loss: 0.00000 || Validation loss: 16.13173
Epoch 74/100
Training loss: 0.00000 || Validation loss: 15.54589
Epoch 75/100
Training loss: 0.00000 || Validation loss: 16.03776
Epoch 76/100
Training loss: 0.00000 || Validation loss: 15.25097
Epoch 77/100
Training loss: 0.00000 || Validation loss: 15.88303
Epoch 78/100
Training loss: 0.00000 || Validation loss: 15.80985
Epoch 79/100
Training loss: 0.00000 || Validation loss: 15.53756
Epoch 80/100
Training loss: 0.00000 || Validation loss: 14.89259
Epoch 81/100
Training loss: 0.00000 || Validation loss: 15.18732
Epoch 82/100
Training loss: 0.00000 || Validation loss: 14.91346
Epoch 83/100
Training loss: 0.00000 || Validation loss: 15.79026
Epoch 84/100
Training loss: 0.00000 || Validation loss: 15.44981
Epoch 85/100
Training loss: 0.00000 || Validation loss: 15.88526
Epoch 86/100
Training loss: 0.00000 || Validation loss: 15.35335
Epoch 87/100
Training loss: 0.00000 || Validation loss: 15.60223
Epoch 88/100
Training loss: 0.00000 || Validation loss: 15.03969
Epoch 89/100
Training loss: 0.00000 || Validation loss: 15.48207
Epoch 90/100
Training loss: 0.00000 || Validation loss: 15.34543
Epoch 91/100
Training loss: 0.00000 || Validation loss: 15.11306
Epoch 92/100
Training loss: 0.00000 || Validation loss: 15.31109
Epoch 93/100
Training loss: 0.00000 || Validation loss: 14.80426
Epoch 94/100
Training loss: 0.00000 || Validation loss: 15.25378
Epoch 95/100
Training loss: 0.00000 || Validation loss: 15.05513
Epoch 96/100
Training loss: 0.00000 || Validation loss: 15.11085
Epoch 97/100
Training loss: 0.00000 || Validation loss: 15.11979
Epoch 98/100
Training loss: 0.00000 || Validation loss: 15.09844
Epoch 99/100
Training loss: 0.00000 || Validation loss: 14.75383
Epoch 100/100
Training loss: 0.00000 || Validation loss: 14.59947
Best model for fold 3 saved from epoch 8 with f1 7.03988
Final training loss: 0.00000 || Final test loss: 14.59947
All fold val losses: [2.424176017443339, 4.48961341381073, 7.0398770570755005]
Average val loss: 4.65122
Fold 1
device : cuda
Model not found at ./model/forest_wba_value_compare_pretrained_and_non_16frames/piece_size_20_fix_False_pretrained_False/fold_1/fly_model.ckpt
튜플 파일을 불러오는 중 문제가 발생했습니다 (./model/forest_wba_value_compare_pretrained_and_non_16frames/piece_size_20_fix_False_pretrained_False/fold_1): [Errno 2] No such file or directory: './model/forest_wba_value_compare_pretrained_and_non_16frames/piece_size_20_fix_False_pretrained_False/fold_1/training_tuples.pkl'
Epoch 1/100
Training loss: 16.35689 || Validation loss: 20.65135
New best model saved at epoch 1 with loss 20.65135
Epoch 2/100
Training loss: 2.46034 || Validation loss: 20.35365
New best model saved at epoch 2 with loss 20.35365
Epoch 3/100
Training loss: 0.98139 || Validation loss: 10.24688
New best model saved at epoch 3 with loss 10.24688
Epoch 4/100
Training loss: 0.60700 || Validation loss: 12.45259
Epoch 5/100
Training loss: 0.35142 || Validation loss: 10.71524
Epoch 6/100
Training loss: 0.24457 || Validation loss: 11.83733
Epoch 7/100
Training loss: 0.21573 || Validation loss: 9.19831
New best model saved at epoch 7 with loss 9.19831
Epoch 8/100
Training loss: 0.20412 || Validation loss: 8.57942
New best model saved at epoch 8 with loss 8.57942
Epoch 9/100
Training loss: 0.16809 || Validation loss: 9.70660
Epoch 10/100
Training loss: 0.12953 || Validation loss: 7.03247
New best model saved at epoch 10 with loss 7.03247
Epoch 11/100
Training loss: 0.12917 || Validation loss: 6.74893
New best model saved at epoch 11 with loss 6.74893
Epoch 12/100
Training loss: 0.10392 || Validation loss: 6.15915
New best model saved at epoch 12 with loss 6.15915
Epoch 13/100
Training loss: 0.07993 || Validation loss: 5.27446
New best model saved at epoch 13 with loss 5.27446
Epoch 14/100
Training loss: 0.06976 || Validation loss: 4.49933
New best model saved at epoch 14 with loss 4.49933
Epoch 15/100
Training loss: 0.06370 || Validation loss: 3.80996
New best model saved at epoch 15 with loss 3.80996
Epoch 16/100
Training loss: 0.05865 || Validation loss: 3.69873
New best model saved at epoch 16 with loss 3.69873
Epoch 17/100
Training loss: 0.04118 || Validation loss: 3.34412
New best model saved at epoch 17 with loss 3.34412
Epoch 18/100
Training loss: 0.03396 || Validation loss: 3.34896
Epoch 19/100
Training loss: 0.02979 || Validation loss: 3.52339
Epoch 20/100
Training loss: 0.02244 || Validation loss: 3.92878
Epoch 21/100
Training loss: 0.01757 || Validation loss: 4.20427
Epoch 22/100
Training loss: 0.01359 || Validation loss: 4.74353
Epoch 23/100
Training loss: 0.01070 || Validation loss: 5.62812
Epoch 24/100
Training loss: 0.00642 || Validation loss: 5.96436
Epoch 25/100
Training loss: 0.00512 || Validation loss: 6.77547
Epoch 26/100
Training loss: 0.00369 || Validation loss: 7.68375
Epoch 27/100
Training loss: 0.00241 || Validation loss: 8.45212
Epoch 28/100
Training loss: 0.00153 || Validation loss: 8.66282
Epoch 29/100
Training loss: 0.00102 || Validation loss: 9.23069
Epoch 30/100
Training loss: 0.00063 || Validation loss: 9.41364
Epoch 31/100
Training loss: 0.00036 || Validation loss: 10.48745
Epoch 32/100
Training loss: 0.00020 || Validation loss: 10.54183
Epoch 33/100
Training loss: 0.00012 || Validation loss: 10.15201
Epoch 34/100
Training loss: 0.00007 || Validation loss: 11.02421
Epoch 35/100
Training loss: 0.00003 || Validation loss: 11.29164
Epoch 36/100
Training loss: 0.00002 || Validation loss: 10.76623
Epoch 37/100
Training loss: 0.00001 || Validation loss: 11.14846
Epoch 38/100
Training loss: 0.00000 || Validation loss: 10.79502
Epoch 39/100
Training loss: 0.00000 || Validation loss: 10.85247
Epoch 40/100
Training loss: 0.00000 || Validation loss: 10.70764
Epoch 41/100
Training loss: 0.00000 || Validation loss: 10.43783
Epoch 42/100
Training loss: 0.00000 || Validation loss: 11.28125
Epoch 43/100
Training loss: 0.00000 || Validation loss: 10.91023
Epoch 44/100
Training loss: 0.00000 || Validation loss: 11.28230
Epoch 45/100
Training loss: 0.00000 || Validation loss: 11.44413
Epoch 46/100
Training loss: 0.00000 || Validation loss: 11.37874
Epoch 47/100
Training loss: 0.00000 || Validation loss: 11.34180
Epoch 48/100
Training loss: 0.00000 || Validation loss: 10.76952
Epoch 49/100
Training loss: 0.00000 || Validation loss: 11.29654
Epoch 50/100
Training loss: 0.00000 || Validation loss: 10.67090
Epoch 51/100
Training loss: 0.00000 || Validation loss: 11.89210
Epoch 52/100
Training loss: 0.00000 || Validation loss: 11.41752
Epoch 53/100
Training loss: 0.00000 || Validation loss: 10.93682
Epoch 54/100
Training loss: 0.00000 || Validation loss: 10.99650
Epoch 55/100
Training loss: 0.00000 || Validation loss: 11.43989
Epoch 56/100
Training loss: 0.00000 || Validation loss: 11.04841
Epoch 57/100
Training loss: 0.00000 || Validation loss: 11.08642
Epoch 58/100
Training loss: 0.00000 || Validation loss: 11.53902
Epoch 59/100
Training loss: 0.00000 || Validation loss: 11.24197
Epoch 60/100
Training loss: 0.00000 || Validation loss: 11.40533
Epoch 61/100
Training loss: 0.00000 || Validation loss: 10.83911
Epoch 62/100
Training loss: 0.00000 || Validation loss: 10.57233
Epoch 63/100
Training loss: 0.00000 || Validation loss: 11.13941
Epoch 64/100
Training loss: 0.00000 || Validation loss: 10.92305
Epoch 65/100
Training loss: 0.00000 || Validation loss: 10.47276
Epoch 66/100
Training loss: 0.00000 || Validation loss: 10.87117
Epoch 67/100
Training loss: 0.00000 || Validation loss: 11.28725
Epoch 68/100
Training loss: 0.00000 || Validation loss: 10.87789
Epoch 69/100
Training loss: 0.00000 || Validation loss: 11.25707
Epoch 70/100
Training loss: 0.00000 || Validation loss: 10.82811
Epoch 71/100
Training loss: 0.00000 || Validation loss: 10.94160
Epoch 72/100
Training loss: 0.00000 || Validation loss: 10.32898
Epoch 73/100
Training loss: 0.00000 || Validation loss: 10.82041
Epoch 74/100
Training loss: 0.00000 || Validation loss: 10.30602
Epoch 75/100
Training loss: 0.00000 || Validation loss: 10.63857
Epoch 76/100
Training loss: 0.00000 || Validation loss: 10.53550
Epoch 77/100
Training loss: 0.00000 || Validation loss: 10.33519
Epoch 78/100
Training loss: 0.00000 || Validation loss: 10.57357
Epoch 79/100
Training loss: 0.00000 || Validation loss: 10.76042
Epoch 80/100
Training loss: 0.00000 || Validation loss: 10.62782
Epoch 81/100
Training loss: 0.00000 || Validation loss: 10.94411
Epoch 82/100
Training loss: 0.00000 || Validation loss: 10.46948
Epoch 83/100
Training loss: 0.00000 || Validation loss: 10.71080
Epoch 84/100
Training loss: 0.00000 || Validation loss: 10.73104
Epoch 85/100
Training loss: 0.00000 || Validation loss: 10.60636
Epoch 86/100
Training loss: 0.00000 || Validation loss: 10.35882
Epoch 87/100
Training loss: 0.00000 || Validation loss: 10.33654
Epoch 88/100
Training loss: 0.00000 || Validation loss: 10.58639
Epoch 89/100
Training loss: 0.00000 || Validation loss: 10.64376
Epoch 90/100
Training loss: 0.00000 || Validation loss: 10.54699
Epoch 91/100
Training loss: 0.00000 || Validation loss: 10.49830
Epoch 92/100
Training loss: 0.00000 || Validation loss: 10.25710
Epoch 93/100
Training loss: 0.00000 || Validation loss: 9.88551
Epoch 94/100
Training loss: 0.00000 || Validation loss: 9.86355
Epoch 95/100
Training loss: 0.00000 || Validation loss: 10.09797
Epoch 96/100
Training loss: 0.00000 || Validation loss: 9.99011
Epoch 97/100
Training loss: 0.00000 || Validation loss: 9.96008
Epoch 98/100
Training loss: 0.00000 || Validation loss: 9.92930
Epoch 99/100
Training loss: 0.00000 || Validation loss: 10.10748
Epoch 100/100
Training loss: 0.00000 || Validation loss: 9.84113
Best model for fold 1 saved from epoch 17 with f1 3.34412
Final training loss: 0.00000 || Final test loss: 9.84113
Fold 2
device : cuda
Model not found at ./model/forest_wba_value_compare_pretrained_and_non_16frames/piece_size_20_fix_False_pretrained_False/fold_2/fly_model.ckpt
튜플 파일을 불러오는 중 문제가 발생했습니다 (./model/forest_wba_value_compare_pretrained_and_non_16frames/piece_size_20_fix_False_pretrained_False/fold_2): [Errno 2] No such file or directory: './model/forest_wba_value_compare_pretrained_and_non_16frames/piece_size_20_fix_False_pretrained_False/fold_2/training_tuples.pkl'
Epoch 1/100
Training loss: 26.96486 || Validation loss: 31.71388
New best model saved at epoch 1 with loss 31.71388
Epoch 2/100
Training loss: 4.20870 || Validation loss: 15.97588
New best model saved at epoch 2 with loss 15.97588
Epoch 3/100
Training loss: 1.35061 || Validation loss: 14.13959
New best model saved at epoch 3 with loss 14.13959
Epoch 4/100
Training loss: 0.55498 || Validation loss: 11.37464
New best model saved at epoch 4 with loss 11.37464
Epoch 5/100
Training loss: 0.36738 || Validation loss: 11.25625
New best model saved at epoch 5 with loss 11.25625
Epoch 6/100
Training loss: 0.23553 || Validation loss: 10.45236
New best model saved at epoch 6 with loss 10.45236
Epoch 7/100
Training loss: 0.18430 || Validation loss: 11.50466
Epoch 8/100
Training loss: 0.16054 || Validation loss: 10.13649
New best model saved at epoch 8 with loss 10.13649
Epoch 9/100
Training loss: 0.12001 || Validation loss: 8.26134
New best model saved at epoch 9 with loss 8.26134
Epoch 10/100
Training loss: 0.09141 || Validation loss: 7.48759
New best model saved at epoch 10 with loss 7.48759
Epoch 11/100
Training loss: 0.08733 || Validation loss: 6.30480
New best model saved at epoch 11 with loss 6.30480
Epoch 12/100
Training loss: 0.05729 || Validation loss: 5.77741
New best model saved at epoch 12 with loss 5.77741
Epoch 13/100
Training loss: 0.04937 || Validation loss: 5.68545
New best model saved at epoch 13 with loss 5.68545
Epoch 14/100
Training loss: 0.03897 || Validation loss: 5.06996
New best model saved at epoch 14 with loss 5.06996
Epoch 15/100
Training loss: 0.02751 || Validation loss: 5.82812
Epoch 16/100
Training loss: 0.02279 || Validation loss: 5.77357
Epoch 17/100
Training loss: 0.01676 || Validation loss: 5.87491
Epoch 18/100
Training loss: 0.01461 || Validation loss: 7.38035
Epoch 19/100
Training loss: 0.00904 || Validation loss: 7.21513
Epoch 20/100
Training loss: 0.00713 || Validation loss: 8.42420
Epoch 21/100
Training loss: 0.00512 || Validation loss: 8.87923
Epoch 22/100
Training loss: 0.00399 || Validation loss: 9.72167
Epoch 23/100
Training loss: 0.00236 || Validation loss: 10.95455
Epoch 24/100
Training loss: 0.00149 || Validation loss: 10.61315
Epoch 25/100
Training loss: 0.00078 || Validation loss: 12.03313
Epoch 26/100
Training loss: 0.00046 || Validation loss: 11.00635
Epoch 27/100
Training loss: 0.00027 || Validation loss: 13.12155
Epoch 28/100
Training loss: 0.00015 || Validation loss: 12.47639
Epoch 29/100
Training loss: 0.00008 || Validation loss: 12.80602
Epoch 30/100
Training loss: 0.00004 || Validation loss: 12.92336
Epoch 31/100
Training loss: 0.00002 || Validation loss: 13.58062
Epoch 32/100
Training loss: 0.00001 || Validation loss: 14.13312
Epoch 33/100
Training loss: 0.00001 || Validation loss: 13.05644
Epoch 34/100
Training loss: 0.00000 || Validation loss: 12.73631
Epoch 35/100
Training loss: 0.00000 || Validation loss: 12.77958
Epoch 36/100
Training loss: 0.00000 || Validation loss: 12.96588
Epoch 37/100
Training loss: 0.00000 || Validation loss: 13.96639
Epoch 38/100
Training loss: 0.00000 || Validation loss: 12.82532
Epoch 39/100
Training loss: 0.00000 || Validation loss: 13.55398
Epoch 40/100
Training loss: 0.00000 || Validation loss: 12.50617
Epoch 41/100
Training loss: 0.00000 || Validation loss: 14.22195
Epoch 42/100
Training loss: 0.00000 || Validation loss: 12.57871
Epoch 43/100
Training loss: 0.00000 || Validation loss: 13.91833
Epoch 44/100
Training loss: 0.00000 || Validation loss: 13.70415
Epoch 45/100
Training loss: 0.00000 || Validation loss: 13.75092
Epoch 46/100
Training loss: 0.00000 || Validation loss: 12.07505
Epoch 47/100
Training loss: 0.00000 || Validation loss: 12.84498
Epoch 48/100
Training loss: 0.00000 || Validation loss: 13.51772
Epoch 49/100
Training loss: 0.00000 || Validation loss: 12.74031
Epoch 50/100
Training loss: 0.00000 || Validation loss: 14.00782
Epoch 51/100
Training loss: 0.00000 || Validation loss: 13.84828
Epoch 52/100
Training loss: 0.00000 || Validation loss: 13.72248
Epoch 53/100
Training loss: 0.00000 || Validation loss: 13.27774
Epoch 54/100
Training loss: 0.00000 || Validation loss: 12.57566
Epoch 55/100
Training loss: 0.00000 || Validation loss: 12.54331
Epoch 56/100
Training loss: 0.00000 || Validation loss: 11.47248
Epoch 57/100
Training loss: 0.00000 || Validation loss: 12.17788
Epoch 58/100
Training loss: 0.00000 || Validation loss: 13.68678
Epoch 59/100
Training loss: 0.00000 || Validation loss: 12.68765
Epoch 60/100
Training loss: 0.00000 || Validation loss: 13.85674
Epoch 61/100
Training loss: 0.00000 || Validation loss: 14.42706
Epoch 62/100
Training loss: 0.00000 || Validation loss: 11.39983
Epoch 63/100
Training loss: 0.00000 || Validation loss: 12.62426
Epoch 64/100
Training loss: 0.00000 || Validation loss: 11.41742
Epoch 65/100
Training loss: 0.00000 || Validation loss: 13.13619
Epoch 66/100
Training loss: 0.00000 || Validation loss: 12.08207
Epoch 67/100
Training loss: 0.00000 || Validation loss: 13.25935
Epoch 68/100
Training loss: 0.00000 || Validation loss: 11.98544
Epoch 69/100
Training loss: 0.00000 || Validation loss: 11.06165
Epoch 70/100
Training loss: 0.00000 || Validation loss: 11.38238
Epoch 71/100
Training loss: 0.00000 || Validation loss: 11.55411
Epoch 72/100
Training loss: 0.00000 || Validation loss: 12.23490
Epoch 73/100
Training loss: 0.00000 || Validation loss: 11.77157
Epoch 74/100
Training loss: 0.00000 || Validation loss: 11.72638
Epoch 75/100
Training loss: 0.00000 || Validation loss: 11.04800
Epoch 76/100
Training loss: 0.00000 || Validation loss: 11.11230
Epoch 77/100
Training loss: 0.00000 || Validation loss: 11.54118
Epoch 78/100
Training loss: 0.00000 || Validation loss: 10.58672
Epoch 79/100
Training loss: 0.00000 || Validation loss: 10.85693
Epoch 80/100
Training loss: 0.00000 || Validation loss: 10.71849
Epoch 81/100
Training loss: 0.00000 || Validation loss: 12.45048
Epoch 82/100
Training loss: 0.00000 || Validation loss: 11.58635
Epoch 83/100
Training loss: 0.00000 || Validation loss: 11.13716
Epoch 84/100
Training loss: 0.00000 || Validation loss: 10.66330
Epoch 85/100
Training loss: 0.00000 || Validation loss: 10.94007
Epoch 86/100
Training loss: 0.00000 || Validation loss: 10.97006
Epoch 87/100
Training loss: 0.00000 || Validation loss: 10.72013
Epoch 88/100
Training loss: 0.00000 || Validation loss: 10.61845
Epoch 89/100
Training loss: 0.00000 || Validation loss: 11.13056
Epoch 90/100
Training loss: 0.00000 || Validation loss: 10.18330
Epoch 91/100
Training loss: 0.00000 || Validation loss: 10.26518
Epoch 92/100
Training loss: 0.00000 || Validation loss: 10.13557
Epoch 93/100
Training loss: 0.00000 || Validation loss: 10.37924
Epoch 94/100
Training loss: 0.00000 || Validation loss: 10.14094
Epoch 95/100
Training loss: 0.00000 || Validation loss: 10.72108
Epoch 96/100
Training loss: 0.00000 || Validation loss: 9.57131
Epoch 97/100
Training loss: 0.00000 || Validation loss: 10.29054
Epoch 98/100
Training loss: 0.00000 || Validation loss: 10.19704
Epoch 99/100
Training loss: 0.00000 || Validation loss: 9.67816
Epoch 100/100
Training loss: 0.00000 || Validation loss: 8.08161
Best model for fold 2 saved from epoch 14 with f1 5.06996
Final training loss: 0.00000 || Final test loss: 8.08161
Fold 3
device : cuda
Model not found at ./model/forest_wba_value_compare_pretrained_and_non_16frames/piece_size_20_fix_False_pretrained_False/fold_3/fly_model.ckpt
튜플 파일을 불러오는 중 문제가 발생했습니다 (./model/forest_wba_value_compare_pretrained_and_non_16frames/piece_size_20_fix_False_pretrained_False/fold_3): [Errno 2] No such file or directory: './model/forest_wba_value_compare_pretrained_and_non_16frames/piece_size_20_fix_False_pretrained_False/fold_3/training_tuples.pkl'
Epoch 1/100
Training loss: 16.46239 || Validation loss: 25.95799
New best model saved at epoch 1 with loss 25.95799
Epoch 2/100
Training loss: 2.72697 || Validation loss: 30.00206
Epoch 3/100
Training loss: 0.57029 || Validation loss: 25.78448
New best model saved at epoch 3 with loss 25.78448
Epoch 4/100
Training loss: 0.29879 || Validation loss: 25.62149
New best model saved at epoch 4 with loss 25.62149
Epoch 5/100
Training loss: 0.24905 || Validation loss: 23.60119
New best model saved at epoch 5 with loss 23.60119
Epoch 6/100
Training loss: 0.29804 || Validation loss: 25.69752
Epoch 7/100
Training loss: 0.21584 || Validation loss: 20.43928
New best model saved at epoch 7 with loss 20.43928
Epoch 8/100
Training loss: 0.18689 || Validation loss: 17.48234
New best model saved at epoch 8 with loss 17.48234
Epoch 9/100
Training loss: 0.16815 || Validation loss: 14.02621
New best model saved at epoch 9 with loss 14.02621
Epoch 10/100
Training loss: 0.15288 || Validation loss: 9.68388
New best model saved at epoch 10 with loss 9.68388
Epoch 11/100
Training loss: 0.11992 || Validation loss: 7.71086
New best model saved at epoch 11 with loss 7.71086
Epoch 12/100
Training loss: 0.09742 || Validation loss: 5.68194
New best model saved at epoch 12 with loss 5.68194
Epoch 13/100
Training loss: 0.07038 || Validation loss: 4.21015
New best model saved at epoch 13 with loss 4.21015
Epoch 14/100
Training loss: 0.05880 || Validation loss: 3.21242
New best model saved at epoch 14 with loss 3.21242
Epoch 15/100
Training loss: 0.04423 || Validation loss: 2.74172
New best model saved at epoch 15 with loss 2.74172
Epoch 16/100
Training loss: 0.02797 || Validation loss: 3.12655
Epoch 17/100
Training loss: 0.02212 || Validation loss: 3.73592
Epoch 18/100
Training loss: 0.01613 || Validation loss: 5.23693
Epoch 19/100
Training loss: 0.01000 || Validation loss: 6.03682
Epoch 20/100
Training loss: 0.00688 || Validation loss: 6.98350
Epoch 21/100
Training loss: 0.00464 || Validation loss: 8.52844
Epoch 22/100
Training loss: 0.00322 || Validation loss: 9.73622
Epoch 23/100
Training loss: 0.00186 || Validation loss: 10.18433
Epoch 24/100
Training loss: 0.00114 || Validation loss: 10.92670
Epoch 25/100
Training loss: 0.00071 || Validation loss: 11.65612
Epoch 26/100
Training loss: 0.00040 || Validation loss: 12.47061
Epoch 27/100
Training loss: 0.00026 || Validation loss: 13.34497
Epoch 28/100
Training loss: 0.00016 || Validation loss: 12.93672
Epoch 29/100
Training loss: 0.00010 || Validation loss: 13.63354
Epoch 30/100
Training loss: 0.00007 || Validation loss: 14.21501
Epoch 31/100
Training loss: 0.00004 || Validation loss: 13.82742
Epoch 32/100
Training loss: 0.00002 || Validation loss: 14.17679
Epoch 33/100
Training loss: 0.00002 || Validation loss: 14.24668
Epoch 34/100
Training loss: 0.00001 || Validation loss: 14.27323
Epoch 35/100
Training loss: 0.00001 || Validation loss: 14.12618
Epoch 36/100
Training loss: 0.00000 || Validation loss: 14.19899
Epoch 37/100
Training loss: 0.00000 || Validation loss: 14.08934
Epoch 38/100
Training loss: 0.00000 || Validation loss: 13.99513
Epoch 39/100
Training loss: 0.00000 || Validation loss: 13.98408
Epoch 40/100
Training loss: 0.00000 || Validation loss: 14.43032
Epoch 41/100
Training loss: 0.00000 || Validation loss: 13.98634
Epoch 42/100
Training loss: 0.00000 || Validation loss: 14.22782
Epoch 43/100
Training loss: 0.00000 || Validation loss: 14.09596
Epoch 44/100
Training loss: 0.00000 || Validation loss: 14.08978
Epoch 45/100
Training loss: 0.00000 || Validation loss: 13.72797
Epoch 46/100
Training loss: 0.00000 || Validation loss: 14.14781
Epoch 47/100
Training loss: 0.00000 || Validation loss: 14.55525
Epoch 48/100
Training loss: 0.00000 || Validation loss: 14.03986
Epoch 49/100
Training loss: 0.00000 || Validation loss: 13.88274
Epoch 50/100
Training loss: 0.00000 || Validation loss: 13.53024
Epoch 51/100
Training loss: 0.00000 || Validation loss: 14.54211
Epoch 52/100
Training loss: 0.00000 || Validation loss: 14.09905
Epoch 53/100
Training loss: 0.00000 || Validation loss: 13.51584
Epoch 54/100
Training loss: 0.00000 || Validation loss: 14.27777
Epoch 55/100
Training loss: 0.00000 || Validation loss: 13.93550
Epoch 56/100
Training loss: 0.00000 || Validation loss: 13.58691
Epoch 57/100
Training loss: 0.00000 || Validation loss: 13.66316
Epoch 58/100
Training loss: 0.00000 || Validation loss: 13.54895
Epoch 59/100
Training loss: 0.00000 || Validation loss: 13.94373
Epoch 60/100
Training loss: 0.00000 || Validation loss: 13.82049
Epoch 61/100
Training loss: 0.00000 || Validation loss: 13.78199
Epoch 62/100
Training loss: 0.00000 || Validation loss: 13.16989
Epoch 63/100
Training loss: 0.00000 || Validation loss: 13.52013
Epoch 64/100
Training loss: 0.00000 || Validation loss: 13.32717
Epoch 65/100
Training loss: 0.00000 || Validation loss: 14.29385
Epoch 66/100
Training loss: 0.00000 || Validation loss: 13.66062
Epoch 67/100
Training loss: 0.00000 || Validation loss: 12.92147
Epoch 68/100
Training loss: 0.00000 || Validation loss: 13.46929
Epoch 69/100
Training loss: 0.00000 || Validation loss: 13.78345
Epoch 70/100
Training loss: 0.00000 || Validation loss: 13.30377
Epoch 71/100
Training loss: 0.00000 || Validation loss: 13.48482
Epoch 72/100
Training loss: 0.00000 || Validation loss: 13.42338
Epoch 73/100
Training loss: 0.00000 || Validation loss: 13.68507
Epoch 74/100
Training loss: 0.00000 || Validation loss: 12.93458
Epoch 75/100
Training loss: 0.00000 || Validation loss: 13.26335
Epoch 76/100
Training loss: 0.00000 || Validation loss: 13.43457
Epoch 77/100
Training loss: 0.00000 || Validation loss: 13.12009
Epoch 78/100
Training loss: 0.00000 || Validation loss: 12.94018
Epoch 79/100
Training loss: 0.00000 || Validation loss: 13.07233
Epoch 80/100
Training loss: 0.00000 || Validation loss: 12.92991
Epoch 81/100
Training loss: 0.00000 || Validation loss: 13.09237
Epoch 82/100
Training loss: 0.00000 || Validation loss: 12.90354
Epoch 83/100
Training loss: 0.00000 || Validation loss: 12.90588
Epoch 84/100
Training loss: 0.00000 || Validation loss: 12.68424
Epoch 85/100
Training loss: 0.00000 || Validation loss: 12.53391
Epoch 86/100
Training loss: 0.00000 || Validation loss: 12.45033
Epoch 87/100
Training loss: 0.00000 || Validation loss: 12.48182
Epoch 88/100
Training loss: 0.00000 || Validation loss: 12.50403
Epoch 89/100
Training loss: 0.00000 || Validation loss: 12.72153
Epoch 90/100
Training loss: 0.00000 || Validation loss: 12.42496
Epoch 91/100
Training loss: 0.00000 || Validation loss: 11.94236
Epoch 92/100
Training loss: 0.00000 || Validation loss: 12.36710
Epoch 93/100
Training loss: 0.00000 || Validation loss: 12.36105
Epoch 94/100
Training loss: 0.00000 || Validation loss: 12.29522
Epoch 95/100
Training loss: 0.00000 || Validation loss: 12.46090
Epoch 96/100
Training loss: 0.00000 || Validation loss: 12.19202
Epoch 97/100
Training loss: 0.00000 || Validation loss: 12.01161
Epoch 98/100
Training loss: 0.00000 || Validation loss: 12.11173
Epoch 99/100
Training loss: 0.00000 || Validation loss: 12.16068
Epoch 100/100
Training loss: 0.00000 || Validation loss: 12.09824
Best model for fold 3 saved from epoch 15 with f1 2.74172
Final training loss: 0.00000 || Final test loss: 12.09824
All fold val losses: [3.3441191911697388, 5.069958925247192, 2.741716821988424]
Average val loss: 3.71860
Fold 1
device : cuda
Model not found at ./model/forest_wba_value_compare_pretrained_and_non_16frames/piece_size_40_fix_False_pretrained_False/fold_1/fly_model.ckpt
./model/forest_wba_value_compare_pretrained_and_non_16frames/piece_size_40_fix_False_pretrained_True/fold_1에서 튜플 파일을 불러왔습니다.
Epoch 1/100
Training loss: 41.10651 || Validation loss: 12.14839
New best model saved at epoch 1 with loss 12.14839
Epoch 2/100
Training loss: 8.00537 || Validation loss: 11.37900
New best model saved at epoch 2 with loss 11.37900
Epoch 3/100
Training loss: 2.46901 || Validation loss: 9.59028
New best model saved at epoch 3 with loss 9.59028
Epoch 4/100
Training loss: 1.51775 || Validation loss: 5.71446
New best model saved at epoch 4 with loss 5.71446
Epoch 5/100
Training loss: 0.88935 || Validation loss: 6.14359
Epoch 6/100
Training loss: 0.60384 || Validation loss: 5.53303
New best model saved at epoch 6 with loss 5.53303
Epoch 7/100
Training loss: 0.24103 || Validation loss: 5.38582
New best model saved at epoch 7 with loss 5.38582
Epoch 8/100
Training loss: 0.15294 || Validation loss: 4.46182
New best model saved at epoch 8 with loss 4.46182
Epoch 9/100
Training loss: 0.09530 || Validation loss: 4.27897
New best model saved at epoch 9 with loss 4.27897
Epoch 10/100
Training loss: 0.08542 || Validation loss: 4.59047
Epoch 11/100
Training loss: 0.05652 || Validation loss: 3.80768
New best model saved at epoch 11 with loss 3.80768
Epoch 12/100
Training loss: 0.04353 || Validation loss: 4.29525
Epoch 13/100
Training loss: 0.03594 || Validation loss: 3.56987
New best model saved at epoch 13 with loss 3.56987
Epoch 14/100
Training loss: 0.02439 || Validation loss: 3.59264
Epoch 15/100
Training loss: 0.02046 || Validation loss: 3.31274
New best model saved at epoch 15 with loss 3.31274
Epoch 16/100
Training loss: 0.01318 || Validation loss: 3.46440
Epoch 17/100
Training loss: 0.01070 || Validation loss: 3.46139
Epoch 18/100
Training loss: 0.00748 || Validation loss: 3.00093
New best model saved at epoch 18 with loss 3.00093
Epoch 19/100
Training loss: 0.00446 || Validation loss: 2.82247
New best model saved at epoch 19 with loss 2.82247
Epoch 20/100
Training loss: 0.00268 || Validation loss: 3.17005
Epoch 21/100
Training loss: 0.00159 || Validation loss: 3.40988
Epoch 22/100
Training loss: 0.00096 || Validation loss: 3.08011
Epoch 23/100
Training loss: 0.00062 || Validation loss: 3.31478
Epoch 24/100
Training loss: 0.00034 || Validation loss: 3.79405
Epoch 25/100
Training loss: 0.00016 || Validation loss: 3.56282
Epoch 26/100
Training loss: 0.00007 || Validation loss: 3.30739
Epoch 27/100
Training loss: 0.00003 || Validation loss: 3.39714
Epoch 28/100
Training loss: 0.00001 || Validation loss: 3.15672
Epoch 29/100
Training loss: 0.00000 || Validation loss: 3.16366
Epoch 30/100
Training loss: 0.00000 || Validation loss: 3.29441
Epoch 31/100
Training loss: 0.00000 || Validation loss: 3.37951
Epoch 32/100
Training loss: 0.00000 || Validation loss: 3.05172
Epoch 33/100
Training loss: 0.00000 || Validation loss: 3.24935
Epoch 34/100
Training loss: 0.00000 || Validation loss: 3.29814
Epoch 35/100
Training loss: 0.00000 || Validation loss: 3.31611
Epoch 36/100
Training loss: 0.00000 || Validation loss: 3.13497
Epoch 37/100
Training loss: 0.00000 || Validation loss: 3.29653
Epoch 38/100
Training loss: 0.00000 || Validation loss: 3.16361
Epoch 39/100
Training loss: 0.00000 || Validation loss: 3.00848
Epoch 40/100
Training loss: 0.00000 || Validation loss: 3.22483
Epoch 41/100
Training loss: 0.00000 || Validation loss: 3.33640
Epoch 42/100
Training loss: 0.00000 || Validation loss: 3.43496
Epoch 43/100
Training loss: 0.00000 || Validation loss: 3.20324
Epoch 44/100
Training loss: 0.00000 || Validation loss: 3.43478
Epoch 45/100
Training loss: 0.00000 || Validation loss: 3.57353
Epoch 46/100
Training loss: 0.00000 || Validation loss: 2.93046
Epoch 47/100
Training loss: 0.00000 || Validation loss: 3.36260
Epoch 48/100
Training loss: 0.00000 || Validation loss: 3.38417
Epoch 49/100
Training loss: 0.00000 || Validation loss: 3.40759
Epoch 50/100
Training loss: 0.00000 || Validation loss: 3.10788
Epoch 51/100
Training loss: 0.00000 || Validation loss: 3.06429
Epoch 52/100
Training loss: 0.00000 || Validation loss: 3.39280
Epoch 53/100
Training loss: 0.00000 || Validation loss: 3.33860
Epoch 54/100
Training loss: 0.00000 || Validation loss: 3.18567
Epoch 55/100
Training loss: 0.00000 || Validation loss: 3.00951
Epoch 56/100
Training loss: 0.00000 || Validation loss: 3.41228
Epoch 57/100
Training loss: 0.00000 || Validation loss: 3.09826
Epoch 58/100
Training loss: 0.00000 || Validation loss: 2.97162
Epoch 59/100
Training loss: 0.00000 || Validation loss: 3.45056
Epoch 60/100
Training loss: 0.00000 || Validation loss: 3.08124
Epoch 61/100
Training loss: 0.00000 || Validation loss: 2.67460
New best model saved at epoch 61 with loss 2.67460
Epoch 62/100
Training loss: 0.00000 || Validation loss: 3.23805
Epoch 63/100
Training loss: 0.00000 || Validation loss: 3.13372
Epoch 64/100
Training loss: 0.00000 || Validation loss: 3.09768
Epoch 65/100
Training loss: 0.00000 || Validation loss: 3.11389
Epoch 66/100
Training loss: 0.00000 || Validation loss: 2.66105
New best model saved at epoch 66 with loss 2.66105
Epoch 67/100
Training loss: 0.00000 || Validation loss: 3.06685
Epoch 68/100
Training loss: 0.00000 || Validation loss: 3.09384
Epoch 69/100
Training loss: 0.00000 || Validation loss: 3.01334
Epoch 70/100
Training loss: 0.00000 || Validation loss: 2.84959
Epoch 71/100
Training loss: 0.00000 || Validation loss: 3.01045
Epoch 72/100
Training loss: 0.00000 || Validation loss: 3.09612
Epoch 73/100
Training loss: 0.00000 || Validation loss: 2.76387
Epoch 74/100
Training loss: 0.00000 || Validation loss: 2.59557
New best model saved at epoch 74 with loss 2.59557
Epoch 75/100
Training loss: 0.00000 || Validation loss: 2.79402
Epoch 76/100
Training loss: 0.00000 || Validation loss: 2.88456
Epoch 77/100
Training loss: 0.00000 || Validation loss: 2.77819
Epoch 78/100
Training loss: 0.00000 || Validation loss: 2.66192
Epoch 79/100
Training loss: 0.00000 || Validation loss: 2.55332
New best model saved at epoch 79 with loss 2.55332
Epoch 80/100
Training loss: 0.00000 || Validation loss: 2.74320
Epoch 81/100
Training loss: 0.00000 || Validation loss: 2.91887
Epoch 82/100
Training loss: 0.00000 || Validation loss: 2.70561
Epoch 83/100
Training loss: 0.00000 || Validation loss: 2.65045
Epoch 84/100
Training loss: 0.00000 || Validation loss: 2.47067
New best model saved at epoch 84 with loss 2.47067
Epoch 85/100
Training loss: 0.00000 || Validation loss: 2.38758
New best model saved at epoch 85 with loss 2.38758
Epoch 86/100
Training loss: 0.00000 || Validation loss: 2.47289
Epoch 87/100
Training loss: 0.00000 || Validation loss: 2.30429
New best model saved at epoch 87 with loss 2.30429
Epoch 88/100
Training loss: 0.00000 || Validation loss: 2.35893
Epoch 89/100
Training loss: 0.00000 || Validation loss: 2.36211
Epoch 90/100
Training loss: 0.00000 || Validation loss: 2.41253
Epoch 91/100
Training loss: 0.00000 || Validation loss: 2.52140
Epoch 92/100
Training loss: 0.00000 || Validation loss: 2.09720
New best model saved at epoch 92 with loss 2.09720
Epoch 93/100
Training loss: 0.00000 || Validation loss: 2.47492
Epoch 94/100
Training loss: 0.00000 || Validation loss: 2.44783
Epoch 95/100
Training loss: 0.00000 || Validation loss: 2.28611
Epoch 96/100
Training loss: 0.00000 || Validation loss: 2.42735
Epoch 97/100
Training loss: 0.00000 || Validation loss: 2.35176
Epoch 98/100
Training loss: 0.00000 || Validation loss: 2.09961
Epoch 99/100
Training loss: 0.00000 || Validation loss: 2.23830
Epoch 100/100
Training loss: 0.00000 || Validation loss: 2.14464
Best model for fold 1 saved from epoch 92 with f1 2.09720
Final training loss: 0.00000 || Final test loss: 2.14464
Fold 2
device : cuda
Model not found at ./model/forest_wba_value_compare_pretrained_and_non_16frames/piece_size_40_fix_False_pretrained_False/fold_2/fly_model.ckpt
./model/forest_wba_value_compare_pretrained_and_non_16frames/piece_size_40_fix_False_pretrained_True/fold_2에서 튜플 파일을 불러왔습니다.
Epoch 1/100
Training loss: 22.38241 || Validation loss: 32.81193
New best model saved at epoch 1 with loss 32.81193
Epoch 2/100
Training loss: 2.58749 || Validation loss: 30.84491
New best model saved at epoch 2 with loss 30.84491
Epoch 3/100
Training loss: 1.24482 || Validation loss: 25.84938
New best model saved at epoch 3 with loss 25.84938
Epoch 4/100
Training loss: 0.62507 || Validation loss: 23.42933
New best model saved at epoch 4 with loss 23.42933
Epoch 5/100
Training loss: 0.39281 || Validation loss: 20.16952
New best model saved at epoch 5 with loss 20.16952
Epoch 6/100
Training loss: 0.24269 || Validation loss: 15.88979
New best model saved at epoch 6 with loss 15.88979
Epoch 7/100
Training loss: 0.16713 || Validation loss: 13.79835
New best model saved at epoch 7 with loss 13.79835
Epoch 8/100
Training loss: 0.12017 || Validation loss: 11.76153
New best model saved at epoch 8 with loss 11.76153
Epoch 9/100
Training loss: 0.11712 || Validation loss: 9.14946
New best model saved at epoch 9 with loss 9.14946
Epoch 10/100
Training loss: 0.09485 || Validation loss: 6.71596
New best model saved at epoch 10 with loss 6.71596
Epoch 11/100
Training loss: 0.07190 || Validation loss: 5.83491
New best model saved at epoch 11 with loss 5.83491
Epoch 12/100
Training loss: 0.06006 || Validation loss: 5.53089
New best model saved at epoch 12 with loss 5.53089
Epoch 13/100
Training loss: 0.04128 || Validation loss: 5.88912
Epoch 14/100
Training loss: 0.03538 || Validation loss: 5.38690
New best model saved at epoch 14 with loss 5.38690
Epoch 15/100
Training loss: 0.02892 || Validation loss: 6.39900
Epoch 16/100
Training loss: 0.01989 || Validation loss: 9.61367
Epoch 17/100
Training loss: 0.01446 || Validation loss: 13.11005
Epoch 18/100
Training loss: 0.01173 || Validation loss: 16.03361
Epoch 19/100
Training loss: 0.00800 || Validation loss: 18.23409
Epoch 20/100
Training loss: 0.00561 || Validation loss: 22.48503
Epoch 21/100
Training loss: 0.00363 || Validation loss: 25.93181
Epoch 22/100
Training loss: 0.00235 || Validation loss: 28.22301
Epoch 23/100
Training loss: 0.00165 || Validation loss: 30.65574
Epoch 24/100
Training loss: 0.00099 || Validation loss: 31.66476
Epoch 25/100
Training loss: 0.00069 || Validation loss: 35.06400
Epoch 26/100
Training loss: 0.00039 || Validation loss: 35.75914
Epoch 27/100
Training loss: 0.00022 || Validation loss: 38.39781
Epoch 28/100
Training loss: 0.00012 || Validation loss: 39.45481
Epoch 29/100
Training loss: 0.00007 || Validation loss: 39.04716
Epoch 30/100
Training loss: 0.00003 || Validation loss: 38.68021
Epoch 31/100
Training loss: 0.00002 || Validation loss: 39.68891
Epoch 32/100
Training loss: 0.00001 || Validation loss: 39.61363
Epoch 33/100
Training loss: 0.00000 || Validation loss: 38.88111
Epoch 34/100
Training loss: 0.00000 || Validation loss: 40.40911
Epoch 35/100
Training loss: 0.00000 || Validation loss: 40.19085
Epoch 36/100
Training loss: 0.00000 || Validation loss: 41.52187
Epoch 37/100
Training loss: 0.00000 || Validation loss: 42.79034
Epoch 38/100
Training loss: 0.00000 || Validation loss: 39.79925
Epoch 39/100
Training loss: 0.00000 || Validation loss: 41.61090
Epoch 40/100
Training loss: 0.00000 || Validation loss: 40.64599
Epoch 41/100
Training loss: 0.00000 || Validation loss: 42.00600
Epoch 42/100
Training loss: 0.00000 || Validation loss: 40.45711
Epoch 43/100
Training loss: 0.00000 || Validation loss: 40.02033
Epoch 44/100
Training loss: 0.00000 || Validation loss: 40.13935
Epoch 45/100
Training loss: 0.00000 || Validation loss: 42.56342
Epoch 46/100
Training loss: 0.00000 || Validation loss: 39.75239
Epoch 47/100
Training loss: 0.00000 || Validation loss: 39.87592
Epoch 48/100
Training loss: 0.00000 || Validation loss: 40.30004
Epoch 49/100
Training loss: 0.00000 || Validation loss: 41.62881
Epoch 50/100
Training loss: 0.00000 || Validation loss: 39.25016
Epoch 51/100
Training loss: 0.00000 || Validation loss: 39.11952
Epoch 52/100
Training loss: 0.00000 || Validation loss: 38.96183
Epoch 53/100
Training loss: 0.00000 || Validation loss: 37.05812
Epoch 54/100
Training loss: 0.00000 || Validation loss: 39.16902
Epoch 55/100
Training loss: 0.00000 || Validation loss: 40.38553
Epoch 56/100
Training loss: 0.00000 || Validation loss: 39.31190
Epoch 57/100
Training loss: 0.00000 || Validation loss: 39.43711
Epoch 58/100
Training loss: 0.00000 || Validation loss: 37.97850
Epoch 59/100
Training loss: 0.00000 || Validation loss: 38.60935
Epoch 60/100
Training loss: 0.00000 || Validation loss: 38.53229
Epoch 61/100
Training loss: 0.00000 || Validation loss: 37.49089
Epoch 62/100
Training loss: 0.00000 || Validation loss: 38.66207
Epoch 63/100
Training loss: 0.00000 || Validation loss: 37.53154
Epoch 64/100
Training loss: 0.00000 || Validation loss: 37.01222
Epoch 65/100
Training loss: 0.00000 || Validation loss: 37.39666
Epoch 66/100
Training loss: 0.00000 || Validation loss: 38.12636
Epoch 67/100
Training loss: 0.00000 || Validation loss: 35.50654
Epoch 68/100
Training loss: 0.00000 || Validation loss: 35.53142
Epoch 69/100
Training loss: 0.00000 || Validation loss: 36.28291
Epoch 70/100
Training loss: 0.00000 || Validation loss: 35.61764
Epoch 71/100
Training loss: 0.00000 || Validation loss: 35.40741
Epoch 72/100
Training loss: 0.00000 || Validation loss: 35.57218
Epoch 73/100
Training loss: 0.00000 || Validation loss: 32.41981
Epoch 74/100
Training loss: 0.00000 || Validation loss: 35.65833
Epoch 75/100
Training loss: 0.00000 || Validation loss: 34.15363
Epoch 76/100
Training loss: 0.00000 || Validation loss: 33.72237
Epoch 77/100
Training loss: 0.00000 || Validation loss: 32.50466
Epoch 78/100
Training loss: 0.00000 || Validation loss: 34.03481
Epoch 79/100
Training loss: 0.00000 || Validation loss: 33.02681
Epoch 80/100
Training loss: 0.00000 || Validation loss: 32.07657
Epoch 81/100
Training loss: 0.00000 || Validation loss: 32.12134
Epoch 82/100
Training loss: 0.00000 || Validation loss: 33.03052
Epoch 83/100
Training loss: 0.00000 || Validation loss: 31.02202
Epoch 84/100
Training loss: 0.00000 || Validation loss: 30.68997
Epoch 85/100
Training loss: 0.00000 || Validation loss: 31.42190
Epoch 86/100
Training loss: 0.00000 || Validation loss: 29.23783
Epoch 87/100
Training loss: 0.00000 || Validation loss: 29.65498
Epoch 88/100
Training loss: 0.00000 || Validation loss: 29.20079
Epoch 89/100
Training loss: 0.00000 || Validation loss: 29.39382
Epoch 90/100
Training loss: 0.00000 || Validation loss: 29.27841
Epoch 91/100
Training loss: 0.00000 || Validation loss: 28.11913
Epoch 92/100
Training loss: 0.00000 || Validation loss: 28.75561
Epoch 93/100
Training loss: 0.00000 || Validation loss: 27.83816
Epoch 94/100
Training loss: 0.00000 || Validation loss: 28.02817
Epoch 95/100
Training loss: 0.00000 || Validation loss: 26.70106
Epoch 96/100
Training loss: 0.00000 || Validation loss: 26.33542
Epoch 97/100
Training loss: 0.00000 || Validation loss: 25.27489
Epoch 98/100
Training loss: 0.00000 || Validation loss: 24.99098
Epoch 99/100
Training loss: 0.00000 || Validation loss: 24.30652
Epoch 100/100
Training loss: 0.00000 || Validation loss: 25.09132
Best model for fold 2 saved from epoch 14 with f1 5.38690
Final training loss: 0.00000 || Final test loss: 25.09132
Fold 3
device : cuda
Model not found at ./model/forest_wba_value_compare_pretrained_and_non_16frames/piece_size_40_fix_False_pretrained_False/fold_3/fly_model.ckpt
./model/forest_wba_value_compare_pretrained_and_non_16frames/piece_size_40_fix_False_pretrained_True/fold_3에서 튜플 파일을 불러왔습니다.
Epoch 1/100
Training loss: 21.00481 || Validation loss: 32.99385
New best model saved at epoch 1 with loss 32.99385
Epoch 2/100
Training loss: 3.09297 || Validation loss: 22.25408
New best model saved at epoch 2 with loss 22.25408
Epoch 3/100
Training loss: 0.92165 || Validation loss: 21.24487
New best model saved at epoch 3 with loss 21.24487
Epoch 4/100
Training loss: 0.55143 || Validation loss: 21.79428
Epoch 5/100
Training loss: 0.36078 || Validation loss: 19.05878
New best model saved at epoch 5 with loss 19.05878
Epoch 6/100
Training loss: 0.23887 || Validation loss: 16.70031
New best model saved at epoch 6 with loss 16.70031
Epoch 7/100
Training loss: 0.16795 || Validation loss: 14.79756
New best model saved at epoch 7 with loss 14.79756
Epoch 8/100
Training loss: 0.13517 || Validation loss: 12.22494
New best model saved at epoch 8 with loss 12.22494
Epoch 9/100
Training loss: 0.11011 || Validation loss: 12.07998
New best model saved at epoch 9 with loss 12.07998
Epoch 10/100
Training loss: 0.09645 || Validation loss: 9.73127
New best model saved at epoch 10 with loss 9.73127
Epoch 11/100
Training loss: 0.08161 || Validation loss: 8.82178
New best model saved at epoch 11 with loss 8.82178
Epoch 12/100
Training loss: 0.05630 || Validation loss: 7.87716
New best model saved at epoch 12 with loss 7.87716
Epoch 13/100
Training loss: 0.04282 || Validation loss: 7.56366
New best model saved at epoch 13 with loss 7.56366
Epoch 14/100
Training loss: 0.03707 || Validation loss: 7.19381
New best model saved at epoch 14 with loss 7.19381
Epoch 15/100
Training loss: 0.02689 || Validation loss: 6.95185
New best model saved at epoch 15 with loss 6.95185
Epoch 16/100
Training loss: 0.02042 || Validation loss: 6.78918
New best model saved at epoch 16 with loss 6.78918
Epoch 17/100
Training loss: 0.01545 || Validation loss: 7.20249
Epoch 18/100
Training loss: 0.00970 || Validation loss: 7.01618
Epoch 19/100
Training loss: 0.00710 || Validation loss: 7.77744
Epoch 20/100
Training loss: 0.00472 || Validation loss: 8.00142
Epoch 21/100
Training loss: 0.00313 || Validation loss: 8.28421
Epoch 22/100
Training loss: 0.00186 || Validation loss: 8.32609
Epoch 23/100
Training loss: 0.00122 || Validation loss: 8.71209
Epoch 24/100
Training loss: 0.00069 || Validation loss: 9.45738
Epoch 25/100
Training loss: 0.00041 || Validation loss: 9.48648
Epoch 26/100
Training loss: 0.00025 || Validation loss: 9.87520
Epoch 27/100
Training loss: 0.00014 || Validation loss: 9.80630
Epoch 28/100
Training loss: 0.00007 || Validation loss: 9.49364
Epoch 29/100
Training loss: 0.00004 || Validation loss: 9.77776
Epoch 30/100
Training loss: 0.00002 || Validation loss: 9.86700
Epoch 31/100
Training loss: 0.00001 || Validation loss: 10.43960
Epoch 32/100
Training loss: 0.00000 || Validation loss: 10.62136
Epoch 33/100
Training loss: 0.00000 || Validation loss: 9.65769
Epoch 34/100
Training loss: 0.00000 || Validation loss: 9.95645
Epoch 35/100
Training loss: 0.00000 || Validation loss: 10.18282
Epoch 36/100
Training loss: 0.00000 || Validation loss: 9.63545
Epoch 37/100
Training loss: 0.00000 || Validation loss: 10.53163
Epoch 38/100
Training loss: 0.00000 || Validation loss: 10.26301
Epoch 39/100
Training loss: 0.00000 || Validation loss: 10.21123
Epoch 40/100
Training loss: 0.00000 || Validation loss: 10.23671
Epoch 41/100
Training loss: 0.00000 || Validation loss: 10.54081
Epoch 42/100
Training loss: 0.00000 || Validation loss: 10.32318
Epoch 43/100
Training loss: 0.00000 || Validation loss: 10.28920
Epoch 44/100
Training loss: 0.00000 || Validation loss: 10.11704
Epoch 45/100
Training loss: 0.00000 || Validation loss: 10.42556
Epoch 46/100
Training loss: 0.00000 || Validation loss: 10.49848
Epoch 47/100
Training loss: 0.00000 || Validation loss: 10.14134
Epoch 48/100
Training loss: 0.00000 || Validation loss: 10.51325
Epoch 49/100
Training loss: 0.00000 || Validation loss: 10.46721
Epoch 50/100
Training loss: 0.00000 || Validation loss: 10.52225
Epoch 51/100
Training loss: 0.00000 || Validation loss: 10.39505
Epoch 52/100
Training loss: 0.00000 || Validation loss: 10.56188
Epoch 53/100
Training loss: 0.00000 || Validation loss: 10.73385
Epoch 54/100
Training loss: 0.00000 || Validation loss: 10.02631
Epoch 55/100
Training loss: 0.00000 || Validation loss: 10.66787
Epoch 56/100
Training loss: 0.00000 || Validation loss: 10.42151
Epoch 57/100
Training loss: 0.00000 || Validation loss: 10.35804
Epoch 58/100
Training loss: 0.00000 || Validation loss: 10.73433
Epoch 59/100
Training loss: 0.00000 || Validation loss: 10.39956
Epoch 60/100
Training loss: 0.00000 || Validation loss: 10.83742
Epoch 61/100
Training loss: 0.00000 || Validation loss: 10.56720
Epoch 62/100
Training loss: 0.00000 || Validation loss: 10.71741
Epoch 63/100
Training loss: 0.00000 || Validation loss: 10.56067
Epoch 64/100
Training loss: 0.00000 || Validation loss: 10.36854
Epoch 65/100
Training loss: 0.00000 || Validation loss: 10.44968
Epoch 66/100
Training loss: 0.00000 || Validation loss: 10.68978
Epoch 67/100
Training loss: 0.00000 || Validation loss: 10.76263
Epoch 68/100
Training loss: 0.00000 || Validation loss: 10.74609
Epoch 69/100
Training loss: 0.00000 || Validation loss: 10.43879
Epoch 70/100
Training loss: 0.00000 || Validation loss: 10.76920
Epoch 71/100
Training loss: 0.00000 || Validation loss: 10.50139
Epoch 72/100
Training loss: 0.00000 || Validation loss: 10.74598
Epoch 73/100
Training loss: 0.00000 || Validation loss: 10.87087
Epoch 74/100
Training loss: 0.00000 || Validation loss: 10.72243
Epoch 75/100
Training loss: 0.00000 || Validation loss: 10.57544
Epoch 76/100
Training loss: 0.00000 || Validation loss: 10.93584
Epoch 77/100
Training loss: 0.00000 || Validation loss: 10.60568
Epoch 78/100
Training loss: 0.00000 || Validation loss: 10.94263
Epoch 79/100
Training loss: 0.00000 || Validation loss: 11.04842
Epoch 80/100
Training loss: 0.00000 || Validation loss: 10.98704
Epoch 81/100
Training loss: 0.00000 || Validation loss: 10.47456
Epoch 82/100
Training loss: 0.00000 || Validation loss: 11.20750
Epoch 83/100
Training loss: 0.00000 || Validation loss: 10.93603
Epoch 84/100
Training loss: 0.00000 || Validation loss: 11.14547
Epoch 85/100
Training loss: 0.00000 || Validation loss: 10.93874
Epoch 86/100
Training loss: 0.00000 || Validation loss: 11.19468
Epoch 87/100
Training loss: 0.00000 || Validation loss: 10.91076
Epoch 88/100
Training loss: 0.00000 || Validation loss: 11.27383
Epoch 89/100
Training loss: 0.00000 || Validation loss: 11.03353
Epoch 90/100
Training loss: 0.00000 || Validation loss: 11.32489
Epoch 91/100
Training loss: 0.00000 || Validation loss: 11.30301
Epoch 92/100
Training loss: 0.00000 || Validation loss: 11.21197
Epoch 93/100
Training loss: 0.00000 || Validation loss: 11.07626
Epoch 94/100
Training loss: 0.00000 || Validation loss: 11.30782
Epoch 95/100
Training loss: 0.00000 || Validation loss: 11.09971
Epoch 96/100
Training loss: 0.00000 || Validation loss: 11.19300
Epoch 97/100
Training loss: 0.00000 || Validation loss: 11.43098
Epoch 98/100
Training loss: 0.00000 || Validation loss: 11.57855
Epoch 99/100
Training loss: 0.00000 || Validation loss: 11.46247
Epoch 100/100
Training loss: 0.00000 || Validation loss: 11.48558
Best model for fold 3 saved from epoch 16 with f1 6.78918
Final training loss: 0.00000 || Final test loss: 11.48558
All fold val losses: [2.0971998423337936, 5.3868972063064575, 6.789180517196655]
Average val loss: 4.75776
./naturalistic/01_Bird.avi                                   Loaded : (5, 3596, 64, 128, 1)
./naturalistic/02_City.avi                                   Loaded : (5, 3596, 64, 128, 1)
./naturalistic/03_Forest.avi                                 Loaded : (5, 3596, 64, 128, 1)
Video is allocated on memory!
Shape : (3, 3596, 64, 128, 5)
device : cuda
load model
epoch : 11
learning rate : 0.0001
device : cuda
load model
epoch : 36
learning rate : 0.0001
device : cuda
load model
epoch : 23
learning rate : 0.0001
device : cuda
load model
epoch : 16
learning rate : 0.0001
device : cuda
load model
epoch : 91
learning rate : 0.0001
프레임 0/3593 처리 중...
프레임 100/3593 처리 중...
프레임 200/3593 처리 중...
프레임 300/3593 처리 중...
프레임 400/3593 처리 중...
프레임 500/3593 처리 중...
프레임 600/3593 처리 중...
프레임 700/3593 처리 중...
프레임 800/3593 처리 중...
프레임 900/3593 처리 중...
프레임 1000/3593 처리 중...
프레임 1100/3593 처리 중...
프레임 1200/3593 처리 중...
프레임 1300/3593 처리 중...
프레임 1400/3593 처리 중...
프레임 1500/3593 처리 중...
프레임 1600/3593 처리 중...
프레임 1700/3593 처리 중...
프레임 1800/3593 처리 중...
프레임 1900/3593 처리 중...
프레임 2000/3593 처리 중...
프레임 2100/3593 처리 중...
프레임 2200/3593 처리 중...
프레임 2300/3593 처리 중...
프레임 2400/3593 처리 중...
프레임 2500/3593 처리 중...
프레임 2600/3593 처리 중...
프레임 2700/3593 처리 중...
프레임 2800/3593 처리 중...
프레임 2900/3593 처리 중...
프레임 3000/3593 처리 중...
프레임 3100/3593 처리 중...
프레임 3200/3593 처리 중...
프레임 3300/3593 처리 중...
프레임 3400/3593 처리 중...
프레임 3500/3593 처리 중...
성공적으로 저장되었습니다: ./visualization_video/forest_forest_wba_value_compare_pretrained_and_non_16frames_fix_False_pretrained_False.avi
./naturalistic/01_Bird.avi                                   Loaded : (5, 3596, 64, 128, 1)
./naturalistic/02_City.avi                                   Loaded : (5, 3596, 64, 128, 1)
./naturalistic/03_Forest.avi                                 Loaded : (5, 3596, 64, 128, 1)
Video is allocated on memory!
Shape : (3, 3596, 64, 128, 5)
augmented shape : (18, 3596, 64, 128, 5)
augmented shape : (18, 3600)
Fold 1
Model loaded successfully from ./pretrained_model/64_to_256_3layers.ckpt
device : cuda
Model not found at ./model/forest_wba_value_compare_pretrained_and_non_32frames/piece_size_1_fix_False_pretrained_True/fold_1/fly_model.ckpt
튜플 파일을 불러오는 중 문제가 발생했습니다 (./model/forest_wba_value_compare_pretrained_and_non_32frames/piece_size_1_fix_False_pretrained_True/fold_1): [Errno 2] No such file or directory: './model/forest_wba_value_compare_pretrained_and_non_32frames/piece_size_1_fix_False_pretrained_True/fold_1/training_tuples.pkl'
Epoch 1/100
Training loss: 81.96267 || Validation loss: 29.94797
New best model saved at epoch 1 with loss 29.94797
First epoch took 6.73 seconds.
Estimated total program duration: 2.81 hours
Estimated program end time (KST): 2024/11/23 14:43:15
Epoch 2/100
Training loss: 7.80770 || Validation loss: 18.85875
New best model saved at epoch 2 with loss 18.85875
Epoch 3/100
Training loss: 3.49425 || Validation loss: 19.74337
Epoch 4/100
Training loss: 2.24769 || Validation loss: 18.87455
Epoch 5/100
Training loss: 2.01417 || Validation loss: 17.79629
New best model saved at epoch 5 with loss 17.79629
Epoch 6/100
Training loss: 1.56186 || Validation loss: 13.23451
New best model saved at epoch 6 with loss 13.23451
Epoch 7/100
Training loss: 1.09069 || Validation loss: 15.39978
Epoch 8/100
Training loss: 1.27432 || Validation loss: 14.89906
Epoch 9/100
Training loss: 1.17053 || Validation loss: 15.91195
Epoch 10/100
Training loss: 0.95075 || Validation loss: 12.10895
New best model saved at epoch 10 with loss 12.10895
Epoch 11/100
Training loss: 0.98156 || Validation loss: 12.56429
Epoch 12/100
Training loss: 0.97799 || Validation loss: 10.33816
New best model saved at epoch 12 with loss 10.33816
Epoch 13/100
Training loss: 0.81850 || Validation loss: 9.87436
New best model saved at epoch 13 with loss 9.87436
Epoch 14/100
Training loss: 0.71140 || Validation loss: 11.32737
Epoch 15/100
Training loss: 0.67753 || Validation loss: 10.01662
Epoch 16/100
Training loss: 0.49876 || Validation loss: 11.15178
Epoch 17/100
Training loss: 0.51889 || Validation loss: 8.70088
New best model saved at epoch 17 with loss 8.70088
Epoch 18/100
Training loss: 0.47334 || Validation loss: 5.74112
New best model saved at epoch 18 with loss 5.74112
Epoch 19/100
Training loss: 0.41233 || Validation loss: 10.07515
Epoch 20/100
Training loss: 0.37150 || Validation loss: 10.88094
Epoch 21/100
Training loss: 0.30150 || Validation loss: 12.15644
Epoch 22/100
Training loss: 0.26229 || Validation loss: 15.20361
Epoch 23/100
Training loss: 0.22679 || Validation loss: 10.98778
Epoch 24/100
Training loss: 0.16146 || Validation loss: 13.31167
Epoch 25/100
Training loss: 0.14079 || Validation loss: 13.88592
Epoch 26/100
Training loss: 0.12850 || Validation loss: 18.23912
Epoch 27/100
Training loss: 0.10182 || Validation loss: 16.96115
Epoch 28/100
Training loss: 0.08255 || Validation loss: 20.72265
Epoch 29/100
Training loss: 0.06335 || Validation loss: 21.41280
Epoch 30/100
Training loss: 0.04007 || Validation loss: 25.07006
Epoch 31/100
Training loss: 0.03346 || Validation loss: 21.86782
Epoch 32/100
Training loss: 0.02354 || Validation loss: 25.00964
Epoch 33/100
Training loss: 0.01993 || Validation loss: 26.84890
Epoch 34/100
Training loss: 0.01300 || Validation loss: 24.28609
Epoch 35/100
Training loss: 0.01178 || Validation loss: 22.88154
Epoch 36/100
Training loss: 0.00744 || Validation loss: 29.62195
Epoch 37/100
Training loss: 0.00577 || Validation loss: 36.63428
Epoch 38/100
Training loss: 0.00431 || Validation loss: 35.98344
Epoch 39/100
Training loss: 0.00292 || Validation loss: 29.54323
Epoch 40/100
Training loss: 0.00251 || Validation loss: 30.07865
Epoch 41/100
Training loss: 0.00197 || Validation loss: 47.92440
Epoch 42/100
Training loss: 0.00135 || Validation loss: 34.05605
Epoch 43/100
Training loss: 0.00097 || Validation loss: 36.01015
Epoch 44/100
Training loss: 0.00084 || Validation loss: 28.03852
Epoch 45/100
Training loss: 0.00072 || Validation loss: 50.30100
Epoch 46/100
Training loss: 0.00044 || Validation loss: 30.66622
Epoch 47/100
Training loss: 0.00034 || Validation loss: 50.41336
Epoch 48/100
Training loss: 0.00022 || Validation loss: 57.61156
Epoch 49/100
Training loss: 0.00017 || Validation loss: 40.26897
Epoch 50/100
Training loss: 0.00013 || Validation loss: 64.11938
Epoch 51/100
Training loss: 0.00009 || Validation loss: 33.36564
Epoch 52/100
Training loss: 0.00006 || Validation loss: 34.81329
Epoch 53/100
Training loss: 0.00005 || Validation loss: 34.35970
Epoch 54/100
Training loss: 0.00003 || Validation loss: 41.00744
Epoch 55/100
Training loss: 0.00003 || Validation loss: 37.91781
Epoch 56/100
Training loss: 0.00002 || Validation loss: 38.15440
Epoch 57/100
Training loss: 0.00002 || Validation loss: 44.28629
Epoch 58/100
Training loss: 0.00001 || Validation loss: 36.11181
Epoch 59/100
Training loss: 0.00001 || Validation loss: 34.65202
Epoch 60/100
Training loss: 0.00000 || Validation loss: 48.89316
Epoch 61/100
Training loss: 0.00000 || Validation loss: 50.25390
Epoch 62/100
Training loss: 0.00000 || Validation loss: 53.27326
Epoch 63/100
Training loss: 0.00000 || Validation loss: 48.79413
Epoch 64/100
Training loss: 0.00000 || Validation loss: 40.25920
Epoch 65/100
Training loss: 0.00000 || Validation loss: 54.29365
Epoch 66/100
Training loss: 0.00000 || Validation loss: 42.98054
Epoch 67/100
Training loss: 0.00000 || Validation loss: 38.56502
Epoch 68/100
Training loss: 0.00000 || Validation loss: 42.19057
Epoch 69/100
Training loss: 0.00000 || Validation loss: 34.31247
Epoch 70/100
Training loss: 0.00000 || Validation loss: 39.14296
Epoch 71/100
Training loss: 0.00000 || Validation loss: 49.51252
Epoch 72/100
Training loss: 0.00000 || Validation loss: 36.09443
Epoch 73/100
Training loss: 0.00000 || Validation loss: 37.57917
Epoch 74/100
Training loss: 0.00000 || Validation loss: 40.40783
Epoch 75/100
Training loss: 0.00000 || Validation loss: 45.97061
Epoch 76/100
Training loss: 0.00000 || Validation loss: 39.44176
Epoch 77/100
Training loss: 0.00000 || Validation loss: 33.31539
Epoch 78/100
Training loss: 0.00000 || Validation loss: 37.44702
Epoch 79/100
Training loss: 0.00000 || Validation loss: 52.81555
Epoch 80/100
Training loss: 0.00000 || Validation loss: 46.31708
Epoch 81/100
Training loss: 0.00000 || Validation loss: 40.01221
Epoch 82/100
Training loss: 0.00000 || Validation loss: 39.95276
Epoch 83/100
Training loss: 0.00000 || Validation loss: 39.21208
Epoch 84/100
Training loss: 0.00000 || Validation loss: 46.79493
Epoch 85/100
Training loss: 0.00000 || Validation loss: 31.95951
Epoch 86/100
Training loss: 0.00000 || Validation loss: 35.04900
Epoch 87/100
Training loss: 0.00000 || Validation loss: 34.15267
Epoch 88/100
Training loss: 0.00000 || Validation loss: 40.37434
Epoch 89/100
Training loss: 0.00000 || Validation loss: 34.66367
Epoch 90/100
Training loss: 0.00000 || Validation loss: 36.77995
Epoch 91/100
Training loss: 0.00000 || Validation loss: 41.77703
Epoch 92/100
Training loss: 0.00000 || Validation loss: 33.27728
Epoch 93/100
Training loss: 0.00000 || Validation loss: 40.98181
Epoch 94/100
Training loss: 0.00000 || Validation loss: 34.99988
Epoch 95/100
Training loss: 0.00000 || Validation loss: 34.53686
Epoch 96/100
Training loss: 0.00000 || Validation loss: 36.27546
Epoch 97/100
Training loss: 0.00000 || Validation loss: 49.01832
Epoch 98/100
Training loss: 0.00000 || Validation loss: 35.95121
Epoch 99/100
Training loss: 0.00000 || Validation loss: 45.69890
Epoch 100/100
Training loss: 0.00000 || Validation loss: 40.36808
Best model for fold 1 saved from epoch 18 with f1 5.74112
Final training loss: 0.00000 || Final test loss: 40.36808
Fold 2
Model loaded successfully from ./pretrained_model/64_to_256_3layers.ckpt
device : cuda
Model not found at ./model/forest_wba_value_compare_pretrained_and_non_32frames/piece_size_1_fix_False_pretrained_True/fold_2/fly_model.ckpt
튜플 파일을 불러오는 중 문제가 발생했습니다 (./model/forest_wba_value_compare_pretrained_and_non_32frames/piece_size_1_fix_False_pretrained_True/fold_2): [Errno 2] No such file or directory: './model/forest_wba_value_compare_pretrained_and_non_32frames/piece_size_1_fix_False_pretrained_True/fold_2/training_tuples.pkl'
Epoch 1/100
Training loss: 115.43743 || Validation loss: 28.23739
New best model saved at epoch 1 with loss 28.23739
Epoch 2/100
Training loss: 12.50253 || Validation loss: 28.87468
Epoch 3/100
Training loss: 5.47486 || Validation loss: 24.74968
New best model saved at epoch 3 with loss 24.74968
Epoch 4/100
Training loss: 2.26779 || Validation loss: 22.78826
New best model saved at epoch 4 with loss 22.78826
Epoch 5/100
Training loss: 2.24431 || Validation loss: 16.72203
New best model saved at epoch 5 with loss 16.72203
Epoch 6/100
Training loss: 1.72104 || Validation loss: 13.15437
New best model saved at epoch 6 with loss 13.15437
Epoch 7/100
Training loss: 1.39797 || Validation loss: 21.95784
Epoch 8/100
Training loss: 1.25919 || Validation loss: 12.45461
New best model saved at epoch 8 with loss 12.45461
Epoch 9/100
Training loss: 1.14690 || Validation loss: 10.75682
New best model saved at epoch 9 with loss 10.75682
Epoch 10/100
Training loss: 1.19300 || Validation loss: 12.57767
Epoch 11/100
Training loss: 0.90104 || Validation loss: 10.35869
New best model saved at epoch 11 with loss 10.35869
Epoch 12/100
Training loss: 0.81380 || Validation loss: 7.84392
New best model saved at epoch 12 with loss 7.84392
Epoch 13/100
Training loss: 0.85075 || Validation loss: 8.78459
Epoch 14/100
Training loss: 0.78349 || Validation loss: 9.86382
Epoch 15/100
Training loss: 0.64644 || Validation loss: 13.38620
Epoch 16/100
Training loss: 0.63453 || Validation loss: 21.77547
Epoch 17/100
Training loss: 0.53838 || Validation loss: 25.71894
Epoch 18/100
Training loss: 0.52771 || Validation loss: 23.29432
Epoch 19/100
Training loss: 0.43813 || Validation loss: 28.94528
Epoch 20/100
Training loss: 0.36212 || Validation loss: 37.83867
Epoch 21/100
Training loss: 0.28581 || Validation loss: 50.79666
Epoch 22/100
Training loss: 0.25348 || Validation loss: 50.04727
Epoch 23/100
Training loss: 0.17811 || Validation loss: 49.50597
Epoch 24/100
Training loss: 0.15109 || Validation loss: 76.64556
Epoch 25/100
Training loss: 0.10080 || Validation loss: 71.77500
Epoch 26/100
Training loss: 0.07458 || Validation loss: 78.78306
Epoch 27/100
Training loss: 0.06012 || Validation loss: 104.66708
Epoch 28/100
Training loss: 0.05022 || Validation loss: 85.69923
Epoch 29/100
Training loss: 0.03779 || Validation loss: 95.12746
Epoch 30/100
Training loss: 0.02338 || Validation loss: 111.57841
Epoch 31/100
Training loss: 0.01769 || Validation loss: 103.82773
Epoch 32/100
Training loss: 0.01061 || Validation loss: 101.76840
Epoch 33/100
Training loss: 0.00815 || Validation loss: 113.65193
Epoch 34/100
Training loss: 0.00568 || Validation loss: 107.10321
Epoch 35/100
Training loss: 0.00372 || Validation loss: 117.23352
Epoch 36/100
Training loss: 0.00221 || Validation loss: 123.67769
Epoch 37/100
Training loss: 0.00175 || Validation loss: 137.72167
Epoch 38/100
Training loss: 0.00103 || Validation loss: 145.92445
Epoch 39/100
Training loss: 0.00080 || Validation loss: 131.27117
Epoch 40/100
Training loss: 0.00038 || Validation loss: 155.48605
Epoch 41/100
Training loss: 0.00027 || Validation loss: 127.54765
Epoch 42/100
Training loss: 0.00017 || Validation loss: 132.71079
Epoch 43/100
Training loss: 0.00010 || Validation loss: 120.72251
Epoch 44/100
Training loss: 0.00006 || Validation loss: 116.28736
Epoch 45/100
Training loss: 0.00003 || Validation loss: 128.27666
Epoch 46/100
Training loss: 0.00002 || Validation loss: 131.92481
Epoch 47/100
Training loss: 0.00001 || Validation loss: 133.31126
Epoch 48/100
Training loss: 0.00001 || Validation loss: 144.80058
Epoch 49/100
Training loss: 0.00000 || Validation loss: 132.47590
Epoch 50/100
Training loss: 0.00000 || Validation loss: 108.06238
Epoch 51/100
Training loss: 0.00000 || Validation loss: 122.16575
Epoch 52/100
Training loss: 0.00000 || Validation loss: 162.25449
Epoch 53/100
Training loss: 0.00000 || Validation loss: 142.20557
Epoch 54/100
Training loss: 0.00000 || Validation loss: 158.66644
Epoch 55/100
Training loss: 0.00000 || Validation loss: 140.36135
Epoch 56/100
Training loss: 0.00000 || Validation loss: 120.33325
Epoch 57/100
Training loss: 0.00000 || Validation loss: 122.82979
Epoch 58/100
Training loss: 0.00000 || Validation loss: 118.72226
Epoch 59/100
Training loss: 0.00000 || Validation loss: 144.61124
Epoch 60/100
Training loss: 0.00000 || Validation loss: 129.96205
Epoch 61/100
Training loss: 0.00000 || Validation loss: 149.94440
Epoch 62/100
Training loss: 0.00000 || Validation loss: 148.45553
Epoch 63/100
Training loss: 0.00000 || Validation loss: 153.19816
Epoch 64/100
Training loss: 0.00000 || Validation loss: 127.55181
Epoch 65/100
Training loss: 0.00000 || Validation loss: 144.92426
Epoch 66/100
Training loss: 0.00000 || Validation loss: 166.76640
Epoch 67/100
Training loss: 0.00000 || Validation loss: 134.16895
Epoch 68/100
Training loss: 0.00000 || Validation loss: 127.11464
Epoch 69/100
Training loss: 0.00000 || Validation loss: 121.87046
Epoch 70/100
Training loss: 0.00000 || Validation loss: 147.67603
Epoch 71/100
Training loss: 0.00000 || Validation loss: 181.08461
Epoch 72/100
Training loss: 0.00000 || Validation loss: 139.58920
Epoch 73/100
Training loss: 0.00000 || Validation loss: 122.12720
Epoch 74/100
Training loss: 0.00000 || Validation loss: 115.11920
Epoch 75/100
Training loss: 0.00000 || Validation loss: 135.00448
Epoch 76/100
Training loss: 0.00000 || Validation loss: 151.75924
Epoch 77/100
Training loss: 0.00000 || Validation loss: 160.00597
Epoch 78/100
Training loss: 0.00000 || Validation loss: 116.12650
Epoch 79/100
Training loss: 0.00000 || Validation loss: 131.11810
Epoch 80/100
Training loss: 0.00000 || Validation loss: 139.18441
Epoch 81/100
Training loss: 0.00000 || Validation loss: 141.75464
Epoch 82/100
Training loss: 0.00000 || Validation loss: 145.30302
Epoch 83/100
Training loss: 0.00000 || Validation loss: 116.86630
Epoch 84/100
Training loss: 0.00000 || Validation loss: 126.18094
Epoch 85/100
Training loss: 0.00000 || Validation loss: 144.70994
Epoch 86/100
Training loss: 0.00000 || Validation loss: 135.09777
Epoch 87/100
Training loss: 0.00000 || Validation loss: 125.81220
Epoch 88/100
Training loss: 0.00000 || Validation loss: 156.04924
Epoch 89/100
Training loss: 0.00000 || Validation loss: 124.56435
Epoch 90/100
Training loss: 0.00000 || Validation loss: 144.55261
Epoch 91/100
Training loss: 0.00000 || Validation loss: 133.19911
Epoch 92/100
Training loss: 0.00000 || Validation loss: 133.16829
Epoch 93/100
Training loss: 0.00000 || Validation loss: 165.12352
Epoch 94/100
Training loss: 0.00000 || Validation loss: 124.54936
Epoch 95/100
Training loss: 0.00000 || Validation loss: 137.72859
Epoch 96/100
Training loss: 0.00000 || Validation loss: 132.18773
Epoch 97/100
Training loss: 0.00000 || Validation loss: 150.90844
Epoch 98/100
Training loss: 0.00000 || Validation loss: 133.91064
Epoch 99/100
Training loss: 0.00000 || Validation loss: 156.62432
Epoch 100/100
Training loss: 0.00000 || Validation loss: 127.58008
Best model for fold 2 saved from epoch 12 with f1 7.84392
Final training loss: 0.00000 || Final test loss: 127.58008
Fold 3
Model loaded successfully from ./pretrained_model/64_to_256_3layers.ckpt
device : cuda
Model not found at ./model/forest_wba_value_compare_pretrained_and_non_32frames/piece_size_1_fix_False_pretrained_True/fold_3/fly_model.ckpt
튜플 파일을 불러오는 중 문제가 발생했습니다 (./model/forest_wba_value_compare_pretrained_and_non_32frames/piece_size_1_fix_False_pretrained_True/fold_3): [Errno 2] No such file or directory: './model/forest_wba_value_compare_pretrained_and_non_32frames/piece_size_1_fix_False_pretrained_True/fold_3/training_tuples.pkl'
Epoch 1/100
Training loss: 99.37088 || Validation loss: 42.69138
New best model saved at epoch 1 with loss 42.69138
Epoch 2/100
Training loss: 10.59405 || Validation loss: 35.14967
New best model saved at epoch 2 with loss 35.14967
Epoch 3/100
Training loss: 4.94993 || Validation loss: 39.15719
Epoch 4/100
Training loss: 2.31043 || Validation loss: 38.64593
Epoch 5/100
Training loss: 1.59264 || Validation loss: 39.16588
Epoch 6/100
Training loss: 1.20994 || Validation loss: 47.93467
Epoch 7/100
Training loss: 1.29789 || Validation loss: 47.07723
Epoch 8/100
Training loss: 1.18242 || Validation loss: 57.85567
Epoch 9/100
Training loss: 1.20258 || Validation loss: 49.39399
Epoch 10/100
Training loss: 0.96344 || Validation loss: 44.66001
Epoch 11/100
Training loss: 0.94821 || Validation loss: 39.54864
Epoch 12/100
Training loss: 0.97298 || Validation loss: 37.54330
Epoch 13/100
Training loss: 0.84990 || Validation loss: 42.15550
Epoch 14/100
Training loss: 0.84270 || Validation loss: 39.63415
Epoch 15/100
Training loss: 0.80141 || Validation loss: 34.80055
New best model saved at epoch 15 with loss 34.80055
Epoch 16/100
Training loss: 0.85690 || Validation loss: 33.29255
New best model saved at epoch 16 with loss 33.29255
Epoch 17/100
Training loss: 0.83399 || Validation loss: 34.82565
Epoch 18/100
Training loss: 0.79670 || Validation loss: 30.51866
New best model saved at epoch 18 with loss 30.51866
Epoch 19/100
Training loss: 0.69839 || Validation loss: 34.12475
Epoch 20/100
Training loss: 0.64370 || Validation loss: 28.73243
New best model saved at epoch 20 with loss 28.73243
Epoch 21/100
Training loss: 0.64840 || Validation loss: 23.26994
New best model saved at epoch 21 with loss 23.26994
Epoch 22/100
Training loss: 0.60618 || Validation loss: 21.83867
New best model saved at epoch 22 with loss 21.83867
Epoch 23/100
Training loss: 0.53488 || Validation loss: 23.34478
Epoch 24/100
Training loss: 0.47328 || Validation loss: 24.16854
Epoch 25/100
Training loss: 0.44534 || Validation loss: 17.40222
New best model saved at epoch 25 with loss 17.40222
Epoch 26/100
Training loss: 0.40423 || Validation loss: 24.57704
Epoch 27/100
Training loss: 0.36168 || Validation loss: 18.68617
Epoch 28/100
Training loss: 0.30943 || Validation loss: 17.26226
New best model saved at epoch 28 with loss 17.26226
Epoch 29/100
Training loss: 0.27778 || Validation loss: 19.00579
Epoch 30/100
Training loss: 0.26714 || Validation loss: 22.12507
Epoch 31/100
Training loss: 0.20402 || Validation loss: 24.90062
Epoch 32/100
Training loss: 0.17698 || Validation loss: 32.93322
Epoch 33/100
Training loss: 0.14734 || Validation loss: 36.65362
Epoch 34/100
Training loss: 0.13055 || Validation loss: 31.38777
Epoch 35/100
Training loss: 0.11545 || Validation loss: 25.84172
Epoch 36/100
Training loss: 0.09587 || Validation loss: 37.42157
Epoch 37/100
Training loss: 0.07818 || Validation loss: 46.15190
Epoch 38/100
Training loss: 0.06368 || Validation loss: 42.43602
Epoch 39/100
Training loss: 0.05259 || Validation loss: 46.10360
Epoch 40/100
Training loss: 0.03691 || Validation loss: 43.99255
Epoch 41/100
Training loss: 0.02724 || Validation loss: 50.96093
Epoch 42/100
Training loss: 0.02326 || Validation loss: 50.77422
Epoch 43/100
Training loss: 0.01742 || Validation loss: 49.70983
Epoch 44/100
Training loss: 0.01244 || Validation loss: 59.14449
Epoch 45/100
Training loss: 0.00971 || Validation loss: 62.70252
Epoch 46/100
Training loss: 0.00844 || Validation loss: 62.49760
Epoch 47/100
Training loss: 0.00579 || Validation loss: 76.02707
Epoch 48/100
Training loss: 0.00441 || Validation loss: 83.53555
Epoch 49/100
Training loss: 0.00321 || Validation loss: 71.39448
Epoch 50/100
Training loss: 0.00216 || Validation loss: 61.96690
Epoch 51/100
Training loss: 0.00151 || Validation loss: 71.18539
Epoch 52/100
Training loss: 0.00117 || Validation loss: 101.50447
Epoch 53/100
Training loss: 0.00074 || Validation loss: 71.25481
Epoch 54/100
Training loss: 0.00058 || Validation loss: 73.81298
Epoch 55/100
Training loss: 0.00039 || Validation loss: 67.62579
Epoch 56/100
Training loss: 0.00031 || Validation loss: 69.05949
Epoch 57/100
Training loss: 0.00024 || Validation loss: 90.19428
Epoch 58/100
Training loss: 0.00017 || Validation loss: 84.98287
Epoch 59/100
Training loss: 0.00011 || Validation loss: 72.62282
Epoch 60/100
Training loss: 0.00009 || Validation loss: 93.15127
Epoch 61/100
Training loss: 0.00006 || Validation loss: 71.97948
Epoch 62/100
Training loss: 0.00004 || Validation loss: 74.58954
Epoch 63/100
Training loss: 0.00003 || Validation loss: 73.73109
Epoch 64/100
Training loss: 0.00002 || Validation loss: 95.16196
Epoch 65/100
Training loss: 0.00001 || Validation loss: 89.53381
Epoch 66/100
Training loss: 0.00001 || Validation loss: 97.07559
Epoch 67/100
Training loss: 0.00001 || Validation loss: 86.15049
Epoch 68/100
Training loss: 0.00000 || Validation loss: 79.25828
Epoch 69/100
Training loss: 0.00000 || Validation loss: 70.71194
Epoch 70/100
Training loss: 0.00000 || Validation loss: 73.63250
Epoch 71/100
Training loss: 0.00000 || Validation loss: 86.16011
Epoch 72/100
Training loss: 0.00000 || Validation loss: 71.26512
Epoch 73/100
Training loss: 0.00000 || Validation loss: 73.58825
Epoch 74/100
Training loss: 0.00000 || Validation loss: 76.52445
Epoch 75/100
Training loss: 0.00000 || Validation loss: 69.26608
Epoch 76/100
Training loss: 0.00000 || Validation loss: 83.57337
Epoch 77/100
Training loss: 0.00000 || Validation loss: 104.99223
Epoch 78/100
Training loss: 0.00000 || Validation loss: 88.59838
Epoch 79/100
Training loss: 0.00000 || Validation loss: 82.14936
Epoch 80/100
Training loss: 0.00000 || Validation loss: 85.43905
Epoch 81/100
Training loss: 0.00000 || Validation loss: 75.96300
Epoch 82/100
Training loss: 0.00000 || Validation loss: 87.78295
Epoch 83/100
Training loss: 0.00000 || Validation loss: 70.91688
Epoch 84/100
Training loss: 0.00000 || Validation loss: 79.19946
Epoch 85/100
Training loss: 0.00000 || Validation loss: 85.48473
Epoch 86/100
Training loss: 0.00000 || Validation loss: 79.77266
Epoch 87/100
Training loss: 0.00000 || Validation loss: 82.75320
Epoch 88/100
Training loss: 0.00000 || Validation loss: 72.08918
Epoch 89/100
Training loss: 0.00000 || Validation loss: 101.23561
Epoch 90/100
Training loss: 0.00000 || Validation loss: 105.33869
Epoch 91/100
Training loss: 0.00000 || Validation loss: 69.64903
Epoch 92/100
Training loss: 0.00000 || Validation loss: 81.71777
Epoch 93/100
Training loss: 0.00000 || Validation loss: 72.61078
Epoch 94/100
Training loss: 0.00000 || Validation loss: 72.74387
Epoch 95/100
Training loss: 0.00000 || Validation loss: 75.14908
Epoch 96/100
Training loss: 0.00000 || Validation loss: 91.12650
Epoch 97/100
Training loss: 0.00000 || Validation loss: 92.41484
Epoch 98/100
Training loss: 0.00000 || Validation loss: 73.71461
Epoch 99/100
Training loss: 0.00000 || Validation loss: 76.85740
Epoch 100/100
Training loss: 0.00000 || Validation loss: 76.94871
Best model for fold 3 saved from epoch 28 with f1 17.26226
Final training loss: 0.00000 || Final test loss: 76.94871
All fold val losses: [5.7411205396056175, 7.843916535377502, 17.26226496696472]
Average val loss: 10.28243
Fold 1
Model loaded successfully from ./pretrained_model/64_to_256_3layers.ckpt
device : cuda
Model not found at ./model/forest_wba_value_compare_pretrained_and_non_32frames/piece_size_5_fix_False_pretrained_True/fold_1/fly_model.ckpt
튜플 파일을 불러오는 중 문제가 발생했습니다 (./model/forest_wba_value_compare_pretrained_and_non_32frames/piece_size_5_fix_False_pretrained_True/fold_1): [Errno 2] No such file or directory: './model/forest_wba_value_compare_pretrained_and_non_32frames/piece_size_5_fix_False_pretrained_True/fold_1/training_tuples.pkl'
Epoch 1/100
Training loss: 122.69158 || Validation loss: 130.91062
New best model saved at epoch 1 with loss 130.91062
Epoch 2/100
Training loss: 18.18586 || Validation loss: 89.72322
New best model saved at epoch 2 with loss 89.72322
Epoch 3/100
Training loss: 3.99387 || Validation loss: 73.71055
New best model saved at epoch 3 with loss 73.71055
Epoch 4/100
Training loss: 2.71081 || Validation loss: 90.66793
Epoch 5/100
Training loss: 1.65128 || Validation loss: 77.88368
Epoch 6/100
Training loss: 1.52523 || Validation loss: 79.37341
Epoch 7/100
Training loss: 1.42540 || Validation loss: 76.20091
Epoch 8/100
Training loss: 1.43079 || Validation loss: 74.91085
Epoch 9/100
Training loss: 1.22697 || Validation loss: 69.64896
New best model saved at epoch 9 with loss 69.64896
Epoch 10/100
Training loss: 1.38215 || Validation loss: 76.77354
Epoch 11/100
Training loss: 0.89318 || Validation loss: 65.25941
New best model saved at epoch 11 with loss 65.25941
Epoch 12/100
Training loss: 0.87551 || Validation loss: 62.87218
New best model saved at epoch 12 with loss 62.87218
Epoch 13/100
Training loss: 0.81015 || Validation loss: 52.64470
New best model saved at epoch 13 with loss 52.64470
Epoch 14/100
Training loss: 0.89589 || Validation loss: 49.94201
New best model saved at epoch 14 with loss 49.94201
Epoch 15/100
Training loss: 0.75145 || Validation loss: 45.41404
New best model saved at epoch 15 with loss 45.41404
Epoch 16/100
Training loss: 0.78619 || Validation loss: 43.29843
New best model saved at epoch 16 with loss 43.29843
Epoch 17/100
Training loss: 0.75429 || Validation loss: 34.62188
New best model saved at epoch 17 with loss 34.62188
Epoch 18/100
Training loss: 0.71163 || Validation loss: 30.52674
New best model saved at epoch 18 with loss 30.52674
Epoch 19/100
Training loss: 0.70056 || Validation loss: 31.66957
Epoch 20/100
Training loss: 0.67758 || Validation loss: 25.18966
New best model saved at epoch 20 with loss 25.18966
Epoch 21/100
Training loss: 0.59370 || Validation loss: 21.66526
New best model saved at epoch 21 with loss 21.66526
Epoch 22/100
Training loss: 0.49245 || Validation loss: 17.69908
New best model saved at epoch 22 with loss 17.69908
Epoch 23/100
Training loss: 0.45257 || Validation loss: 16.78772
New best model saved at epoch 23 with loss 16.78772
Epoch 24/100
Training loss: 0.41348 || Validation loss: 17.27004
Epoch 25/100
Training loss: 0.42138 || Validation loss: 15.98548
New best model saved at epoch 25 with loss 15.98548
Epoch 26/100
Training loss: 0.39063 || Validation loss: 17.23178
Epoch 27/100
Training loss: 0.35354 || Validation loss: 16.51460
Epoch 28/100
Training loss: 0.31135 || Validation loss: 20.86168
Epoch 29/100
Training loss: 0.26231 || Validation loss: 22.21643
Epoch 30/100
Training loss: 0.21976 || Validation loss: 26.55165
Epoch 31/100
Training loss: 0.19050 || Validation loss: 32.02497
Epoch 32/100
Training loss: 0.19312 || Validation loss: 35.59822
Epoch 33/100
Training loss: 0.17050 || Validation loss: 42.64384
Epoch 34/100
Training loss: 0.13497 || Validation loss: 50.50019
Epoch 35/100
Training loss: 0.10636 || Validation loss: 57.71648
Epoch 36/100
Training loss: 0.09961 || Validation loss: 66.27481
Epoch 37/100
Training loss: 0.07283 || Validation loss: 75.03760
Epoch 38/100
Training loss: 0.06566 || Validation loss: 81.24655
Epoch 39/100
Training loss: 0.05052 || Validation loss: 92.63016
Epoch 40/100
Training loss: 0.04145 || Validation loss: 101.52285
Epoch 41/100
Training loss: 0.03256 || Validation loss: 108.85128
Epoch 42/100
Training loss: 0.02478 || Validation loss: 115.15125
Epoch 43/100
Training loss: 0.02164 || Validation loss: 120.83745
Epoch 44/100
Training loss: 0.01612 || Validation loss: 128.99353
Epoch 45/100
Training loss: 0.01128 || Validation loss: 135.77915
Epoch 46/100
Training loss: 0.00912 || Validation loss: 141.82500
Epoch 47/100
Training loss: 0.00703 || Validation loss: 148.27670
Epoch 48/100
Training loss: 0.00544 || Validation loss: 150.98110
Epoch 49/100
Training loss: 0.00390 || Validation loss: 159.11269
Epoch 50/100
Training loss: 0.00334 || Validation loss: 162.29143
Epoch 51/100
Training loss: 0.00245 || Validation loss: 168.97055
Epoch 52/100
Training loss: 0.00179 || Validation loss: 167.81129
Epoch 53/100
Training loss: 0.00130 || Validation loss: 172.54082
Epoch 54/100
Training loss: 0.00103 || Validation loss: 172.19573
Epoch 55/100
Training loss: 0.00067 || Validation loss: 179.39478
Epoch 56/100
Training loss: 0.00055 || Validation loss: 180.75034
Epoch 57/100
Training loss: 0.00040 || Validation loss: 180.37614
Epoch 58/100
Training loss: 0.00027 || Validation loss: 182.58399
Epoch 59/100
Training loss: 0.00018 || Validation loss: 184.21040
Epoch 60/100
Training loss: 0.00013 || Validation loss: 183.69376
Epoch 61/100
Training loss: 0.00009 || Validation loss: 183.88609
Epoch 62/100
Training loss: 0.00007 || Validation loss: 189.67412
Epoch 63/100
Training loss: 0.00005 || Validation loss: 191.59019
Epoch 64/100
Training loss: 0.00003 || Validation loss: 191.09852
Epoch 65/100
Training loss: 0.00002 || Validation loss: 192.47490
Epoch 66/100
Training loss: 0.00001 || Validation loss: 189.27054
Epoch 67/100
Training loss: 0.00001 || Validation loss: 191.60852
Epoch 68/100
Training loss: 0.00000 || Validation loss: 192.94292
Epoch 69/100
Training loss: 0.00000 || Validation loss: 192.30575
Epoch 70/100
Training loss: 0.00000 || Validation loss: 193.47487
Epoch 71/100
Training loss: 0.00000 || Validation loss: 192.27735
Epoch 72/100
Training loss: 0.00000 || Validation loss: 193.32854
Epoch 73/100
Training loss: 0.00000 || Validation loss: 191.13999
Epoch 74/100
Training loss: 0.00000 || Validation loss: 189.26531
Epoch 75/100
Training loss: 0.00000 || Validation loss: 190.77395
Epoch 76/100
Training loss: 0.00000 || Validation loss: 193.97630
Epoch 77/100
Training loss: 0.00000 || Validation loss: 188.04537
Epoch 78/100
Training loss: 0.00000 || Validation loss: 192.44072
Epoch 79/100
Training loss: 0.00000 || Validation loss: 191.97584
Epoch 80/100
Training loss: 0.00000 || Validation loss: 189.27755
Epoch 81/100
Training loss: 0.00000 || Validation loss: 192.39608
Epoch 82/100
Training loss: 0.00000 || Validation loss: 191.89843
Epoch 83/100
Training loss: 0.00000 || Validation loss: 192.05401
Epoch 84/100
Training loss: 0.00000 || Validation loss: 193.12700
Epoch 85/100
Training loss: 0.00000 || Validation loss: 190.68656
Epoch 86/100
Training loss: 0.00000 || Validation loss: 190.58160
Epoch 87/100
Training loss: 0.00000 || Validation loss: 190.11066
Epoch 88/100
Training loss: 0.00000 || Validation loss: 192.71462
Epoch 89/100
Training loss: 0.00000 || Validation loss: 192.20601
Epoch 90/100
Training loss: 0.00000 || Validation loss: 193.83103
Epoch 91/100
Training loss: 0.00000 || Validation loss: 189.51853
Epoch 92/100
Training loss: 0.00000 || Validation loss: 188.65229
Epoch 93/100
Training loss: 0.00000 || Validation loss: 190.52908
Epoch 94/100
Training loss: 0.00000 || Validation loss: 190.36900
Epoch 95/100
Training loss: 0.00000 || Validation loss: 193.18084
Epoch 96/100
Training loss: 0.00000 || Validation loss: 190.23440
Epoch 97/100
Training loss: 0.00000 || Validation loss: 189.17848
Epoch 98/100
Training loss: 0.00000 || Validation loss: 192.70887
Epoch 99/100
Training loss: 0.00000 || Validation loss: 194.64854
Epoch 100/100
Training loss: 0.00000 || Validation loss: 191.36295
Best model for fold 1 saved from epoch 25 with f1 15.98548
Final training loss: 0.00000 || Final test loss: 191.36295
Fold 2
Model loaded successfully from ./pretrained_model/64_to_256_3layers.ckpt
device : cuda
Model not found at ./model/forest_wba_value_compare_pretrained_and_non_32frames/piece_size_5_fix_False_pretrained_True/fold_2/fly_model.ckpt
튜플 파일을 불러오는 중 문제가 발생했습니다 (./model/forest_wba_value_compare_pretrained_and_non_32frames/piece_size_5_fix_False_pretrained_True/fold_2): [Errno 2] No such file or directory: './model/forest_wba_value_compare_pretrained_and_non_32frames/piece_size_5_fix_False_pretrained_True/fold_2/training_tuples.pkl'
Epoch 1/100
Training loss: 113.96404 || Validation loss: 28.85005
New best model saved at epoch 1 with loss 28.85005
Epoch 2/100
Training loss: 12.19453 || Validation loss: 31.45962
Epoch 3/100
Training loss: 3.25432 || Validation loss: 22.57732
New best model saved at epoch 3 with loss 22.57732
Epoch 4/100
Training loss: 1.73417 || Validation loss: 18.20805
New best model saved at epoch 4 with loss 18.20805
Epoch 5/100
Training loss: 0.92079 || Validation loss: 23.89974
Epoch 6/100
Training loss: 0.94416 || Validation loss: 21.89807
Epoch 7/100
Training loss: 0.83838 || Validation loss: 18.55089
Epoch 8/100
Training loss: 0.70531 || Validation loss: 22.66004
Epoch 9/100
Training loss: 0.77020 || Validation loss: 18.55384
Epoch 10/100
Training loss: 0.66499 || Validation loss: 17.66982
New best model saved at epoch 10 with loss 17.66982
Epoch 11/100
Training loss: 0.69676 || Validation loss: 18.77528
Epoch 12/100
Training loss: 0.58157 || Validation loss: 18.19597
Epoch 13/100
Training loss: 0.59758 || Validation loss: 18.13080
Epoch 14/100
Training loss: 0.58715 || Validation loss: 18.24647
Epoch 15/100
Training loss: 0.60626 || Validation loss: 15.24426
New best model saved at epoch 15 with loss 15.24426
Epoch 16/100
Training loss: 0.52321 || Validation loss: 19.12773
Epoch 17/100
Training loss: 0.49182 || Validation loss: 14.86711
New best model saved at epoch 17 with loss 14.86711
Epoch 18/100
Training loss: 0.42616 || Validation loss: 15.37439
Epoch 19/100
Training loss: 0.42390 || Validation loss: 13.36591
New best model saved at epoch 19 with loss 13.36591
Epoch 20/100
Training loss: 0.36363 || Validation loss: 14.94573
Epoch 21/100
Training loss: 0.31645 || Validation loss: 13.86590
Epoch 22/100
Training loss: 0.32514 || Validation loss: 12.82535
New best model saved at epoch 22 with loss 12.82535
Epoch 23/100
Training loss: 0.34457 || Validation loss: 11.57387
New best model saved at epoch 23 with loss 11.57387
Epoch 24/100
Training loss: 0.32007 || Validation loss: 11.25848
New best model saved at epoch 24 with loss 11.25848
Epoch 25/100
Training loss: 0.28323 || Validation loss: 10.32849
New best model saved at epoch 25 with loss 10.32849
Epoch 26/100
Training loss: 0.21687 || Validation loss: 11.41711
Epoch 27/100
Training loss: 0.22620 || Validation loss: 9.61275
New best model saved at epoch 27 with loss 9.61275
Epoch 28/100
Training loss: 0.18180 || Validation loss: 9.37680
New best model saved at epoch 28 with loss 9.37680
Epoch 29/100
Training loss: 0.16910 || Validation loss: 9.83845
Epoch 30/100
Training loss: 0.15788 || Validation loss: 8.57963
New best model saved at epoch 30 with loss 8.57963
Epoch 31/100
Training loss: 0.16422 || Validation loss: 8.61238
Epoch 32/100
Training loss: 0.13426 || Validation loss: 8.48855
New best model saved at epoch 32 with loss 8.48855
Epoch 33/100
Training loss: 0.11307 || Validation loss: 7.92122
New best model saved at epoch 33 with loss 7.92122
Epoch 34/100
Training loss: 0.10150 || Validation loss: 8.64150
Epoch 35/100
Training loss: 0.08742 || Validation loss: 9.36432
Epoch 36/100
Training loss: 0.07859 || Validation loss: 9.24251
Epoch 37/100
Training loss: 0.06923 || Validation loss: 9.24955
Epoch 38/100
Training loss: 0.05651 || Validation loss: 8.13019
Epoch 39/100
Training loss: 0.04995 || Validation loss: 8.87088
Epoch 40/100
Training loss: 0.03900 || Validation loss: 8.63139
Epoch 41/100
Training loss: 0.03249 || Validation loss: 10.38708
Epoch 42/100
Training loss: 0.02814 || Validation loss: 10.16604
Epoch 43/100
Training loss: 0.02163 || Validation loss: 11.13154
Epoch 44/100
Training loss: 0.01664 || Validation loss: 11.54782
Epoch 45/100
Training loss: 0.01520 || Validation loss: 11.04313
Epoch 46/100
Training loss: 0.01243 || Validation loss: 11.35346
Epoch 47/100
Training loss: 0.00968 || Validation loss: 11.05644
Epoch 48/100
Training loss: 0.00661 || Validation loss: 11.17485
Epoch 49/100
Training loss: 0.00562 || Validation loss: 12.41332
Epoch 50/100
Training loss: 0.00449 || Validation loss: 12.41891
Epoch 51/100
Training loss: 0.00390 || Validation loss: 12.75306
Epoch 52/100
Training loss: 0.00304 || Validation loss: 12.39524
Epoch 53/100
Training loss: 0.00235 || Validation loss: 13.35792
Epoch 54/100
Training loss: 0.00199 || Validation loss: 13.31943
Epoch 55/100
Training loss: 0.00136 || Validation loss: 11.16853
Epoch 56/100
Training loss: 0.00114 || Validation loss: 12.99387
Epoch 57/100
Training loss: 0.00072 || Validation loss: 13.06933
Epoch 58/100
Training loss: 0.00074 || Validation loss: 12.05966
Epoch 59/100
Training loss: 0.00054 || Validation loss: 13.58752
Epoch 60/100
Training loss: 0.00048 || Validation loss: 13.54599
Epoch 61/100
Training loss: 0.00033 || Validation loss: 13.48661
Epoch 62/100
Training loss: 0.00026 || Validation loss: 14.93267
Epoch 63/100
Training loss: 0.00021 || Validation loss: 13.36994
Epoch 64/100
Training loss: 0.00017 || Validation loss: 13.27074
Epoch 65/100
Training loss: 0.00012 || Validation loss: 13.86900
Epoch 66/100
Training loss: 0.00010 || Validation loss: 13.25642
Epoch 67/100
Training loss: 0.00007 || Validation loss: 13.48372
Epoch 68/100
Training loss: 0.00006 || Validation loss: 13.83941
Epoch 69/100
Training loss: 0.00004 || Validation loss: 15.25754
Epoch 70/100
Training loss: 0.00003 || Validation loss: 13.48909
Epoch 71/100
Training loss: 0.00002 || Validation loss: 13.65813
Epoch 72/100
Training loss: 0.00002 || Validation loss: 13.47804
Epoch 73/100
Training loss: 0.00001 || Validation loss: 14.38882
Epoch 74/100
Training loss: 0.00001 || Validation loss: 14.17779
Epoch 75/100
Training loss: 0.00001 || Validation loss: 14.97672
Epoch 76/100
Training loss: 0.00000 || Validation loss: 14.63655
Epoch 77/100
Training loss: 0.00000 || Validation loss: 13.90344
Epoch 78/100
Training loss: 0.00000 || Validation loss: 13.18556
Epoch 79/100
Training loss: 0.00000 || Validation loss: 14.05151
Epoch 80/100
Training loss: 0.00000 || Validation loss: 14.61658
Epoch 81/100
Training loss: 0.00000 || Validation loss: 14.70428
Epoch 82/100
Training loss: 0.00000 || Validation loss: 14.87701
Epoch 83/100
Training loss: 0.00000 || Validation loss: 14.63172
Epoch 84/100
Training loss: 0.00000 || Validation loss: 14.53695
Epoch 85/100
Training loss: 0.00000 || Validation loss: 15.37734
Epoch 86/100
Training loss: 0.00000 || Validation loss: 14.80503
Epoch 87/100
Training loss: 0.00000 || Validation loss: 14.20126
Epoch 88/100
Training loss: 0.00000 || Validation loss: 15.20350
Epoch 89/100
Training loss: 0.00000 || Validation loss: 13.70260
Epoch 90/100
Training loss: 0.00000 || Validation loss: 15.54076
Epoch 91/100
Training loss: 0.00000 || Validation loss: 15.48962
Epoch 92/100
Training loss: 0.00000 || Validation loss: 14.24944
Epoch 93/100
Training loss: 0.00000 || Validation loss: 15.56287
Epoch 94/100
Training loss: 0.00000 || Validation loss: 14.36117
Epoch 95/100
Training loss: 0.00000 || Validation loss: 14.54568
Epoch 96/100
Training loss: 0.00000 || Validation loss: 13.10502
Epoch 97/100
Training loss: 0.00000 || Validation loss: 14.57070
Epoch 98/100
Training loss: 0.00000 || Validation loss: 14.80328
Epoch 99/100
Training loss: 0.00000 || Validation loss: 14.36043
Epoch 100/100
Training loss: 0.00000 || Validation loss: 14.84195
Best model for fold 2 saved from epoch 33 with f1 7.92122
Final training loss: 0.00000 || Final test loss: 14.84195
Fold 3
Model loaded successfully from ./pretrained_model/64_to_256_3layers.ckpt
device : cuda
Model not found at ./model/forest_wba_value_compare_pretrained_and_non_32frames/piece_size_5_fix_False_pretrained_True/fold_3/fly_model.ckpt
튜플 파일을 불러오는 중 문제가 발생했습니다 (./model/forest_wba_value_compare_pretrained_and_non_32frames/piece_size_5_fix_False_pretrained_True/fold_3): [Errno 2] No such file or directory: './model/forest_wba_value_compare_pretrained_and_non_32frames/piece_size_5_fix_False_pretrained_True/fold_3/training_tuples.pkl'
Epoch 1/100
Training loss: 82.48965 || Validation loss: 33.63732
New best model saved at epoch 1 with loss 33.63732
Epoch 2/100
Training loss: 10.36866 || Validation loss: 50.40642
Epoch 3/100
Training loss: 3.82793 || Validation loss: 32.11253
New best model saved at epoch 3 with loss 32.11253
Epoch 4/100
Training loss: 2.22867 || Validation loss: 48.23356
Epoch 5/100
Training loss: 1.90789 || Validation loss: 42.78439
Epoch 6/100
Training loss: 1.31031 || Validation loss: 30.15541
New best model saved at epoch 6 with loss 30.15541
Epoch 7/100
Training loss: 0.93226 || Validation loss: 29.86187
New best model saved at epoch 7 with loss 29.86187
Epoch 8/100
Training loss: 0.93706 || Validation loss: 40.91038
Epoch 9/100
Training loss: 1.09496 || Validation loss: 31.66758
Epoch 10/100
Training loss: 1.12279 || Validation loss: 30.55035
Epoch 11/100
Training loss: 0.96543 || Validation loss: 32.69265
Epoch 12/100
Training loss: 0.80988 || Validation loss: 26.99623
New best model saved at epoch 12 with loss 26.99623
Epoch 13/100
Training loss: 0.86219 || Validation loss: 24.99512
New best model saved at epoch 13 with loss 24.99512
Epoch 14/100
Training loss: 0.71951 || Validation loss: 19.97889
New best model saved at epoch 14 with loss 19.97889
Epoch 15/100
Training loss: 0.63967 || Validation loss: 22.85227
Epoch 16/100
Training loss: 0.66346 || Validation loss: 18.43997
New best model saved at epoch 16 with loss 18.43997
Epoch 17/100
Training loss: 0.59050 || Validation loss: 21.02771
Epoch 18/100
Training loss: 0.56639 || Validation loss: 15.10678
New best model saved at epoch 18 with loss 15.10678
Epoch 19/100
Training loss: 0.58206 || Validation loss: 12.12150
New best model saved at epoch 19 with loss 12.12150
Epoch 20/100
Training loss: 0.44821 || Validation loss: 13.95627
Epoch 21/100
Training loss: 0.49610 || Validation loss: 12.66700
Epoch 22/100
Training loss: 0.37250 || Validation loss: 13.65393
Epoch 23/100
Training loss: 0.28511 || Validation loss: 13.71277
Epoch 24/100
Training loss: 0.23998 || Validation loss: 14.19889
Epoch 25/100
Training loss: 0.25068 || Validation loss: 15.77218
Epoch 26/100
Training loss: 0.17752 || Validation loss: 15.38358
Epoch 27/100
Training loss: 0.14182 || Validation loss: 18.29767
Epoch 28/100
Training loss: 0.13554 || Validation loss: 19.58008
Epoch 29/100
Training loss: 0.11327 || Validation loss: 21.02185
Epoch 30/100
Training loss: 0.10366 || Validation loss: 20.14196
Epoch 31/100
Training loss: 0.07150 || Validation loss: 24.81682
Epoch 32/100
Training loss: 0.06144 || Validation loss: 25.30551
Epoch 33/100
Training loss: 0.05255 || Validation loss: 27.32147
Epoch 34/100
Training loss: 0.04276 || Validation loss: 33.06428
Epoch 35/100
Training loss: 0.03107 || Validation loss: 34.49224
Epoch 36/100
Training loss: 0.02930 || Validation loss: 42.57862
Epoch 37/100
Training loss: 0.01846 || Validation loss: 37.52729
Epoch 38/100
Training loss: 0.01218 || Validation loss: 40.35643
Epoch 39/100
Training loss: 0.01231 || Validation loss: 43.10401
Epoch 40/100
Training loss: 0.00950 || Validation loss: 43.70189
Epoch 41/100
Training loss: 0.00749 || Validation loss: 47.09982
Epoch 42/100
Training loss: 0.00571 || Validation loss: 47.42359
Epoch 43/100
Training loss: 0.00442 || Validation loss: 48.84545
Epoch 44/100
Training loss: 0.00308 || Validation loss: 57.77394
Epoch 45/100
Training loss: 0.00262 || Validation loss: 49.95562
Epoch 46/100
Training loss: 0.00186 || Validation loss: 49.66245
Epoch 47/100
Training loss: 0.00134 || Validation loss: 54.24753
Epoch 48/100
Training loss: 0.00117 || Validation loss: 56.43371
Epoch 49/100
Training loss: 0.00091 || Validation loss: 55.00787
Epoch 50/100
Training loss: 0.00068 || Validation loss: 56.71722
Epoch 51/100
Training loss: 0.00042 || Validation loss: 55.33509
Epoch 52/100
Training loss: 0.00038 || Validation loss: 61.62169
Epoch 53/100
Training loss: 0.00027 || Validation loss: 55.12106
Epoch 54/100
Training loss: 0.00016 || Validation loss: 56.52550
Epoch 55/100
Training loss: 0.00013 || Validation loss: 50.77295
Epoch 56/100
Training loss: 0.00009 || Validation loss: 58.93021
Epoch 57/100
Training loss: 0.00007 || Validation loss: 62.10652
Epoch 58/100
Training loss: 0.00005 || Validation loss: 58.98868
Epoch 59/100
Training loss: 0.00003 || Validation loss: 59.96636
Epoch 60/100
Training loss: 0.00003 || Validation loss: 63.49741
Epoch 61/100
Training loss: 0.00002 || Validation loss: 54.16749
Epoch 62/100
Training loss: 0.00001 || Validation loss: 57.01093
Epoch 63/100
Training loss: 0.00001 || Validation loss: 57.83371
Epoch 64/100
Training loss: 0.00001 || Validation loss: 57.12508
Epoch 65/100
Training loss: 0.00000 || Validation loss: 61.75366
Epoch 66/100
Training loss: 0.00000 || Validation loss: 57.19158
Epoch 67/100
Training loss: 0.00000 || Validation loss: 59.39220
Epoch 68/100
Training loss: 0.00000 || Validation loss: 58.45797
Epoch 69/100
Training loss: 0.00000 || Validation loss: 58.04189
Epoch 70/100
Training loss: 0.00000 || Validation loss: 60.13461
Epoch 71/100
Training loss: 0.00000 || Validation loss: 67.97706
Epoch 72/100
Training loss: 0.00000 || Validation loss: 61.79144
Epoch 73/100
Training loss: 0.00000 || Validation loss: 61.44095
Epoch 74/100
Training loss: 0.00000 || Validation loss: 59.93488
Epoch 75/100
Training loss: 0.00000 || Validation loss: 55.15299
Epoch 76/100
Training loss: 0.00000 || Validation loss: 63.33578
Epoch 77/100
Training loss: 0.00000 || Validation loss: 56.20855
Epoch 78/100
Training loss: 0.00000 || Validation loss: 63.94292
Epoch 79/100
Training loss: 0.00000 || Validation loss: 62.23617
Epoch 80/100
Training loss: 0.00000 || Validation loss: 58.50894
Epoch 81/100
Training loss: 0.00000 || Validation loss: 57.98845
Epoch 82/100
Training loss: 0.00000 || Validation loss: 60.18968
Epoch 83/100
Training loss: 0.00000 || Validation loss: 58.31779
Epoch 84/100
Training loss: 0.00000 || Validation loss: 58.31957
Epoch 85/100
Training loss: 0.00000 || Validation loss: 60.81064
Epoch 86/100
Training loss: 0.00000 || Validation loss: 60.16332
Epoch 87/100
Training loss: 0.00000 || Validation loss: 57.62067
Epoch 88/100
Training loss: 0.00000 || Validation loss: 57.35962
Epoch 89/100
Training loss: 0.00000 || Validation loss: 54.43946
Epoch 90/100
Training loss: 0.00000 || Validation loss: 58.77860
Epoch 91/100
Training loss: 0.00000 || Validation loss: 55.78833
Epoch 92/100
Training loss: 0.00000 || Validation loss: 60.09820
Epoch 93/100
Training loss: 0.00000 || Validation loss: 60.82962
Epoch 94/100
Training loss: 0.00000 || Validation loss: 64.70103
Epoch 95/100
Training loss: 0.00000 || Validation loss: 58.30111
Epoch 96/100
Training loss: 0.00000 || Validation loss: 60.75442
Epoch 97/100
Training loss: 0.00000 || Validation loss: 58.94179
Epoch 98/100
Training loss: 0.00000 || Validation loss: 62.89911
Epoch 99/100
Training loss: 0.00000 || Validation loss: 60.84069
Epoch 100/100
Training loss: 0.00000 || Validation loss: 60.45037
Best model for fold 3 saved from epoch 19 with f1 12.12150
Final training loss: 0.00000 || Final test loss: 60.45037
All fold val losses: [15.985483964284262, 7.921220779418945, 12.121503194173178]
Average val loss: 12.00940
Fold 1
Model loaded successfully from ./pretrained_model/64_to_256_3layers.ckpt
device : cuda
Model not found at ./model/forest_wba_value_compare_pretrained_and_non_32frames/piece_size_10_fix_False_pretrained_True/fold_1/fly_model.ckpt
튜플 파일을 불러오는 중 문제가 발생했습니다 (./model/forest_wba_value_compare_pretrained_and_non_32frames/piece_size_10_fix_False_pretrained_True/fold_1): [Errno 2] No such file or directory: './model/forest_wba_value_compare_pretrained_and_non_32frames/piece_size_10_fix_False_pretrained_True/fold_1/training_tuples.pkl'
Epoch 1/100
Training loss: 100.23880 || Validation loss: 78.87511
New best model saved at epoch 1 with loss 78.87511
Epoch 2/100
Training loss: 22.02408 || Validation loss: 24.34711
New best model saved at epoch 2 with loss 24.34711
Epoch 3/100
Training loss: 3.54172 || Validation loss: 25.75336
Epoch 4/100
Training loss: 1.59678 || Validation loss: 25.29998
Epoch 5/100
Training loss: 0.94640 || Validation loss: 32.40857
Epoch 6/100
Training loss: 0.76797 || Validation loss: 32.44879
Epoch 7/100
Training loss: 0.65940 || Validation loss: 29.06408
Epoch 8/100
Training loss: 0.70589 || Validation loss: 27.94980
Epoch 9/100
Training loss: 0.64436 || Validation loss: 29.38903
Epoch 10/100
Training loss: 0.61249 || Validation loss: 24.51082
Epoch 11/100
Training loss: 0.70978 || Validation loss: 26.79995
Epoch 12/100
Training loss: 0.59255 || Validation loss: 27.90579
Epoch 13/100
Training loss: 0.60049 || Validation loss: 29.16602
Epoch 14/100
Training loss: 0.60018 || Validation loss: 30.13885
Epoch 15/100
Training loss: 0.52775 || Validation loss: 26.42182
Epoch 16/100
Training loss: 0.50903 || Validation loss: 25.57329
Epoch 17/100
Training loss: 0.44445 || Validation loss: 24.91920
Epoch 18/100
Training loss: 0.50017 || Validation loss: 25.74683
Epoch 19/100
Training loss: 0.42063 || Validation loss: 22.75993
New best model saved at epoch 19 with loss 22.75993
Epoch 20/100
Training loss: 0.38856 || Validation loss: 24.92403
Epoch 21/100
Training loss: 0.42689 || Validation loss: 20.71354
New best model saved at epoch 21 with loss 20.71354
Epoch 22/100
Training loss: 0.40686 || Validation loss: 21.74172
Epoch 23/100
Training loss: 0.31770 || Validation loss: 22.81944
Epoch 24/100
Training loss: 0.27999 || Validation loss: 18.59517
New best model saved at epoch 24 with loss 18.59517
Epoch 25/100
Training loss: 0.37380 || Validation loss: 22.34750
Epoch 26/100
Training loss: 0.31109 || Validation loss: 19.00188
Epoch 27/100
Training loss: 0.27185 || Validation loss: 17.18350
New best model saved at epoch 27 with loss 17.18350
Epoch 28/100
Training loss: 0.28334 || Validation loss: 16.40192
New best model saved at epoch 28 with loss 16.40192
Epoch 29/100
Training loss: 0.22857 || Validation loss: 17.50780
Epoch 30/100
Training loss: 0.20646 || Validation loss: 16.09750
New best model saved at epoch 30 with loss 16.09750
Epoch 31/100
Training loss: 0.20118 || Validation loss: 14.22623
New best model saved at epoch 31 with loss 14.22623
Epoch 32/100
Training loss: 0.21485 || Validation loss: 14.79348
Epoch 33/100
Training loss: 0.17035 || Validation loss: 15.88685
Epoch 34/100
Training loss: 0.14401 || Validation loss: 14.70889
Epoch 35/100
Training loss: 0.13968 || Validation loss: 15.21249
Epoch 36/100
Training loss: 0.13470 || Validation loss: 12.99802
New best model saved at epoch 36 with loss 12.99802
Epoch 37/100
Training loss: 0.11533 || Validation loss: 15.74000
Epoch 38/100
Training loss: 0.08668 || Validation loss: 13.98160
Epoch 39/100
Training loss: 0.09855 || Validation loss: 14.15994
Epoch 40/100
Training loss: 0.08304 || Validation loss: 15.37563
Epoch 41/100
Training loss: 0.06153 || Validation loss: 12.18707
New best model saved at epoch 41 with loss 12.18707
Epoch 42/100
Training loss: 0.05725 || Validation loss: 12.61314
Epoch 43/100
Training loss: 0.05431 || Validation loss: 13.77846
Epoch 44/100
Training loss: 0.04735 || Validation loss: 13.94193
Epoch 45/100
Training loss: 0.03601 || Validation loss: 14.40215
Epoch 46/100
Training loss: 0.03226 || Validation loss: 14.01575
Epoch 47/100
Training loss: 0.03187 || Validation loss: 14.07299
Epoch 48/100
Training loss: 0.02774 || Validation loss: 14.34248
Epoch 49/100
Training loss: 0.02168 || Validation loss: 15.58695
Epoch 50/100
Training loss: 0.01860 || Validation loss: 15.15035
Epoch 51/100
Training loss: 0.01403 || Validation loss: 16.22405
Epoch 52/100
Training loss: 0.01111 || Validation loss: 17.09127
Epoch 53/100
Training loss: 0.00929 || Validation loss: 17.66435
Epoch 54/100
Training loss: 0.00659 || Validation loss: 16.89014
Epoch 55/100
Training loss: 0.00561 || Validation loss: 18.33914
Epoch 56/100
Training loss: 0.00513 || Validation loss: 15.93503
Epoch 57/100
Training loss: 0.00378 || Validation loss: 18.57178
Epoch 58/100
Training loss: 0.00328 || Validation loss: 18.31886
Epoch 59/100
Training loss: 0.00239 || Validation loss: 16.20385
Epoch 60/100
Training loss: 0.00190 || Validation loss: 17.81213
Epoch 61/100
Training loss: 0.00139 || Validation loss: 18.39140
Epoch 62/100
Training loss: 0.00124 || Validation loss: 18.58302
Epoch 63/100
Training loss: 0.00088 || Validation loss: 17.48211
Epoch 64/100
Training loss: 0.00059 || Validation loss: 17.68657
Epoch 65/100
Training loss: 0.00055 || Validation loss: 17.37207
Epoch 66/100
Training loss: 0.00048 || Validation loss: 17.52010
Epoch 67/100
Training loss: 0.00031 || Validation loss: 17.51319
Epoch 68/100
Training loss: 0.00026 || Validation loss: 17.78287
Epoch 69/100
Training loss: 0.00017 || Validation loss: 20.31964
Epoch 70/100
Training loss: 0.00015 || Validation loss: 18.74961
Epoch 71/100
Training loss: 0.00010 || Validation loss: 19.52732
Epoch 72/100
Training loss: 0.00008 || Validation loss: 17.84013
Epoch 73/100
Training loss: 0.00006 || Validation loss: 18.74763
Epoch 74/100
Training loss: 0.00004 || Validation loss: 20.52625
Epoch 75/100
Training loss: 0.00003 || Validation loss: 17.35754
Epoch 76/100
Training loss: 0.00002 || Validation loss: 20.46138
Epoch 77/100
Training loss: 0.00002 || Validation loss: 18.85950
Epoch 78/100
Training loss: 0.00001 || Validation loss: 20.71588
Epoch 79/100
Training loss: 0.00001 || Validation loss: 20.33431
Epoch 80/100
Training loss: 0.00001 || Validation loss: 18.01271
Epoch 81/100
Training loss: 0.00000 || Validation loss: 20.37054
Epoch 82/100
Training loss: 0.00000 || Validation loss: 17.68798
Epoch 83/100
Training loss: 0.00000 || Validation loss: 18.05940
Epoch 84/100
Training loss: 0.00000 || Validation loss: 20.84470
Epoch 85/100
Training loss: 0.00000 || Validation loss: 20.80672
Epoch 86/100
Training loss: 0.00000 || Validation loss: 17.52701
Epoch 87/100
Training loss: 0.00000 || Validation loss: 19.44223
Epoch 88/100
Training loss: 0.00000 || Validation loss: 20.78999
Epoch 89/100
Training loss: 0.00000 || Validation loss: 21.24879
Epoch 90/100
Training loss: 0.00000 || Validation loss: 17.85304
Epoch 91/100
Training loss: 0.00000 || Validation loss: 19.03617
Epoch 92/100
Training loss: 0.00000 || Validation loss: 19.15457
Epoch 93/100
Training loss: 0.00000 || Validation loss: 18.43822
Epoch 94/100
Training loss: 0.00000 || Validation loss: 17.77150
Epoch 95/100
Training loss: 0.00000 || Validation loss: 21.27944
Epoch 96/100
Training loss: 0.00000 || Validation loss: 17.95120
Epoch 97/100
Training loss: 0.00000 || Validation loss: 20.12788
Epoch 98/100
Training loss: 0.00000 || Validation loss: 18.81380
Epoch 99/100
Training loss: 0.00000 || Validation loss: 17.55151
Epoch 100/100
Training loss: 0.00000 || Validation loss: 18.60851
Best model for fold 1 saved from epoch 41 with f1 12.18707
Final training loss: 0.00000 || Final test loss: 18.60851
Fold 2
Model loaded successfully from ./pretrained_model/64_to_256_3layers.ckpt
device : cuda
Model not found at ./model/forest_wba_value_compare_pretrained_and_non_32frames/piece_size_10_fix_False_pretrained_True/fold_2/fly_model.ckpt
튜플 파일을 불러오는 중 문제가 발생했습니다 (./model/forest_wba_value_compare_pretrained_and_non_32frames/piece_size_10_fix_False_pretrained_True/fold_2): [Errno 2] No such file or directory: './model/forest_wba_value_compare_pretrained_and_non_32frames/piece_size_10_fix_False_pretrained_True/fold_2/training_tuples.pkl'
Epoch 1/100
Training loss: 96.82472 || Validation loss: 58.05498
New best model saved at epoch 1 with loss 58.05498
Epoch 2/100
Training loss: 9.30195 || Validation loss: 60.54476
Epoch 3/100
Training loss: 3.35706 || Validation loss: 47.20951
New best model saved at epoch 3 with loss 47.20951
Epoch 4/100
Training loss: 2.69757 || Validation loss: 43.15659
New best model saved at epoch 4 with loss 43.15659
Epoch 5/100
Training loss: 1.99979 || Validation loss: 42.34004
New best model saved at epoch 5 with loss 42.34004
Epoch 6/100
Training loss: 1.63458 || Validation loss: 60.59504
Epoch 7/100
Training loss: 1.18139 || Validation loss: 55.74482
Epoch 8/100
Training loss: 1.20263 || Validation loss: 48.89080
Epoch 9/100
Training loss: 1.24954 || Validation loss: 55.14953
Epoch 10/100
Training loss: 1.14801 || Validation loss: 51.83209
Epoch 11/100
Training loss: 1.20677 || Validation loss: 53.22287
Epoch 12/100
Training loss: 1.30676 || Validation loss: 61.85993
Epoch 13/100
Training loss: 1.13879 || Validation loss: 57.10099
Epoch 14/100
Training loss: 1.01961 || Validation loss: 57.26462
Epoch 15/100
Training loss: 1.07414 || Validation loss: 56.46655
Epoch 16/100
Training loss: 1.08673 || Validation loss: 49.04927
Epoch 17/100
Training loss: 1.13192 || Validation loss: 45.78939
Epoch 18/100
Training loss: 1.29116 || Validation loss: 52.70463
Epoch 19/100
Training loss: 0.94611 || Validation loss: 50.92607
Epoch 20/100
Training loss: 0.85072 || Validation loss: 46.58747
Epoch 21/100
Training loss: 0.86446 || Validation loss: 49.13222
Epoch 22/100
Training loss: 0.83213 || Validation loss: 46.08211
Epoch 23/100
Training loss: 0.71800 || Validation loss: 45.25507
Epoch 24/100
Training loss: 0.82586 || Validation loss: 40.36888
New best model saved at epoch 24 with loss 40.36888
Epoch 25/100
Training loss: 0.70302 || Validation loss: 40.64094
Epoch 26/100
Training loss: 0.64959 || Validation loss: 36.85239
New best model saved at epoch 26 with loss 36.85239
Epoch 27/100
Training loss: 0.67296 || Validation loss: 36.56527
New best model saved at epoch 27 with loss 36.56527
Epoch 28/100
Training loss: 0.54432 || Validation loss: 31.73866
New best model saved at epoch 28 with loss 31.73866
Epoch 29/100
Training loss: 0.61036 || Validation loss: 33.13396
Epoch 30/100
Training loss: 0.52742 || Validation loss: 32.76912
Epoch 31/100
Training loss: 0.42043 || Validation loss: 29.25812
New best model saved at epoch 31 with loss 29.25812
Epoch 32/100
Training loss: 0.45349 || Validation loss: 28.07986
New best model saved at epoch 32 with loss 28.07986
Epoch 33/100
Training loss: 0.35349 || Validation loss: 26.93318
New best model saved at epoch 33 with loss 26.93318
Epoch 34/100
Training loss: 0.37233 || Validation loss: 26.61662
New best model saved at epoch 34 with loss 26.61662
Epoch 35/100
Training loss: 0.28978 || Validation loss: 23.81459
New best model saved at epoch 35 with loss 23.81459
Epoch 36/100
Training loss: 0.29084 || Validation loss: 23.44350
New best model saved at epoch 36 with loss 23.44350
Epoch 37/100
Training loss: 0.26088 || Validation loss: 22.58938
New best model saved at epoch 37 with loss 22.58938
Epoch 38/100
Training loss: 0.22605 || Validation loss: 20.47214
New best model saved at epoch 38 with loss 20.47214
Epoch 39/100
Training loss: 0.27348 || Validation loss: 20.14076
New best model saved at epoch 39 with loss 20.14076
Epoch 40/100
Training loss: 0.24198 || Validation loss: 21.20829
Epoch 41/100
Training loss: 0.18523 || Validation loss: 20.94093
Epoch 42/100
Training loss: 0.14683 || Validation loss: 22.23248
Epoch 43/100
Training loss: 0.13544 || Validation loss: 21.70248
Epoch 44/100
Training loss: 0.13198 || Validation loss: 22.11057
Epoch 45/100
Training loss: 0.11395 || Validation loss: 24.59814
Epoch 46/100
Training loss: 0.09287 || Validation loss: 24.93030
Epoch 47/100
Training loss: 0.07482 || Validation loss: 27.77461
Epoch 48/100
Training loss: 0.07041 || Validation loss: 28.10096
Epoch 49/100
Training loss: 0.06127 || Validation loss: 30.54960
Epoch 50/100
Training loss: 0.05194 || Validation loss: 33.37060
Epoch 51/100
Training loss: 0.04299 || Validation loss: 34.95516
Epoch 52/100
Training loss: 0.03297 || Validation loss: 38.35480
Epoch 53/100
Training loss: 0.02754 || Validation loss: 40.79701
Epoch 54/100
Training loss: 0.02207 || Validation loss: 40.72547
Epoch 55/100
Training loss: 0.02009 || Validation loss: 42.98847
Epoch 56/100
Training loss: 0.01356 || Validation loss: 45.49221
Epoch 57/100
Training loss: 0.01210 || Validation loss: 46.45575
Epoch 58/100
Training loss: 0.00970 || Validation loss: 48.23118
Epoch 59/100
Training loss: 0.00945 || Validation loss: 50.37404
Epoch 60/100
Training loss: 0.00802 || Validation loss: 52.75882
Epoch 61/100
Training loss: 0.00579 || Validation loss: 53.72081
Epoch 62/100
Training loss: 0.00391 || Validation loss: 55.68848
Epoch 63/100
Training loss: 0.00379 || Validation loss: 55.91661
Epoch 64/100
Training loss: 0.00277 || Validation loss: 56.93602
Epoch 65/100
Training loss: 0.00216 || Validation loss: 57.96066
Epoch 66/100
Training loss: 0.00156 || Validation loss: 59.29251
Epoch 67/100
Training loss: 0.00121 || Validation loss: 61.25320
Epoch 68/100
Training loss: 0.00103 || Validation loss: 60.38482
Epoch 69/100
Training loss: 0.00078 || Validation loss: 61.92382
Epoch 70/100
Training loss: 0.00060 || Validation loss: 62.71238
Epoch 71/100
Training loss: 0.00045 || Validation loss: 64.43289
Epoch 72/100
Training loss: 0.00031 || Validation loss: 63.26878
Epoch 73/100
Training loss: 0.00022 || Validation loss: 64.12903
Epoch 74/100
Training loss: 0.00014 || Validation loss: 64.70036
Epoch 75/100
Training loss: 0.00009 || Validation loss: 64.33313
Epoch 76/100
Training loss: 0.00006 || Validation loss: 65.16027
Epoch 77/100
Training loss: 0.00004 || Validation loss: 67.44641
Epoch 78/100
Training loss: 0.00003 || Validation loss: 67.14529
Epoch 79/100
Training loss: 0.00002 || Validation loss: 65.07918
Epoch 80/100
Training loss: 0.00001 || Validation loss: 68.02696
Epoch 81/100
Training loss: 0.00001 || Validation loss: 66.86296
Epoch 82/100
Training loss: 0.00001 || Validation loss: 66.17545
Epoch 83/100
Training loss: 0.00000 || Validation loss: 67.08472
Epoch 84/100
Training loss: 0.00000 || Validation loss: 67.98860
Epoch 85/100
Training loss: 0.00000 || Validation loss: 67.21699
Epoch 86/100
Training loss: 0.00000 || Validation loss: 67.37183
Epoch 87/100
Training loss: 0.00000 || Validation loss: 67.54849
Epoch 88/100
Training loss: 0.00000 || Validation loss: 67.97376
Epoch 89/100
Training loss: 0.00000 || Validation loss: 66.29409
Epoch 90/100
Training loss: 0.00000 || Validation loss: 67.17071
Epoch 91/100
Training loss: 0.00000 || Validation loss: 66.88266
Epoch 92/100
Training loss: 0.00000 || Validation loss: 68.71106
Epoch 93/100
Training loss: 0.00000 || Validation loss: 66.27743
Epoch 94/100
Training loss: 0.00000 || Validation loss: 67.78311
Epoch 95/100
Training loss: 0.00000 || Validation loss: 67.40336
Epoch 96/100
Training loss: 0.00000 || Validation loss: 67.13918
Epoch 97/100
Training loss: 0.00000 || Validation loss: 67.71414
Epoch 98/100
Training loss: 0.00000 || Validation loss: 66.50631
Epoch 99/100
Training loss: 0.00000 || Validation loss: 67.21897
Epoch 100/100
Training loss: 0.00000 || Validation loss: 67.66200
Best model for fold 2 saved from epoch 39 with f1 20.14076
Final training loss: 0.00000 || Final test loss: 67.66200
Fold 3
Model loaded successfully from ./pretrained_model/64_to_256_3layers.ckpt
device : cuda
Model not found at ./model/forest_wba_value_compare_pretrained_and_non_32frames/piece_size_10_fix_False_pretrained_True/fold_3/fly_model.ckpt
튜플 파일을 불러오는 중 문제가 발생했습니다 (./model/forest_wba_value_compare_pretrained_and_non_32frames/piece_size_10_fix_False_pretrained_True/fold_3): [Errno 2] No such file or directory: './model/forest_wba_value_compare_pretrained_and_non_32frames/piece_size_10_fix_False_pretrained_True/fold_3/training_tuples.pkl'
Epoch 1/100
Training loss: 48.72918 || Validation loss: 34.79400
New best model saved at epoch 1 with loss 34.79400
Epoch 2/100
Training loss: 7.16015 || Validation loss: 65.13855
Epoch 3/100
Training loss: 2.12243 || Validation loss: 79.49591
Epoch 4/100
Training loss: 1.56171 || Validation loss: 62.04645
Epoch 5/100
Training loss: 1.24175 || Validation loss: 71.07767
Epoch 6/100
Training loss: 1.14029 || Validation loss: 60.26525
Epoch 7/100
Training loss: 1.21987 || Validation loss: 61.94809
Epoch 8/100
Training loss: 0.87039 || Validation loss: 52.63879
Epoch 9/100
Training loss: 0.96940 || Validation loss: 46.84166
Epoch 10/100
Training loss: 0.87523 || Validation loss: 42.69493
Epoch 11/100
Training loss: 0.90531 || Validation loss: 36.08089
Epoch 12/100
Training loss: 0.68640 || Validation loss: 32.35523
New best model saved at epoch 12 with loss 32.35523
Epoch 13/100
Training loss: 0.61885 || Validation loss: 28.66285
New best model saved at epoch 13 with loss 28.66285
Epoch 14/100
Training loss: 0.62559 || Validation loss: 23.51322
New best model saved at epoch 14 with loss 23.51322
Epoch 15/100
Training loss: 0.49840 || Validation loss: 19.80795
New best model saved at epoch 15 with loss 19.80795
Epoch 16/100
Training loss: 0.45764 || Validation loss: 16.60185
New best model saved at epoch 16 with loss 16.60185
Epoch 17/100
Training loss: 0.47692 || Validation loss: 15.21273
New best model saved at epoch 17 with loss 15.21273
Epoch 18/100
Training loss: 0.38251 || Validation loss: 14.64645
New best model saved at epoch 18 with loss 14.64645
Epoch 19/100
Training loss: 0.29267 || Validation loss: 12.97975
New best model saved at epoch 19 with loss 12.97975
Epoch 20/100
Training loss: 0.31302 || Validation loss: 15.05641
Epoch 21/100
Training loss: 0.20784 || Validation loss: 17.82950
Epoch 22/100
Training loss: 0.20661 || Validation loss: 22.70867
Epoch 23/100
Training loss: 0.15086 || Validation loss: 24.54921
Epoch 24/100
Training loss: 0.12913 || Validation loss: 33.04771
Epoch 25/100
Training loss: 0.11046 || Validation loss: 34.81473
Epoch 26/100
Training loss: 0.08996 || Validation loss: 40.67103
Epoch 27/100
Training loss: 0.06813 || Validation loss: 46.55317
Epoch 28/100
Training loss: 0.06323 || Validation loss: 56.96274
Epoch 29/100
Training loss: 0.05350 || Validation loss: 64.01060
Epoch 30/100
Training loss: 0.03397 || Validation loss: 69.74687
Epoch 31/100
Training loss: 0.02530 || Validation loss: 77.92235
Epoch 32/100
Training loss: 0.02144 || Validation loss: 86.07108
Epoch 33/100
Training loss: 0.01338 || Validation loss: 91.49620
Epoch 34/100
Training loss: 0.01054 || Validation loss: 92.37424
Epoch 35/100
Training loss: 0.00753 || Validation loss: 100.46276
Epoch 36/100
Training loss: 0.00491 || Validation loss: 102.09017
Epoch 37/100
Training loss: 0.00427 || Validation loss: 105.67299
Epoch 38/100
Training loss: 0.00294 || Validation loss: 108.49739
Epoch 39/100
Training loss: 0.00205 || Validation loss: 112.34176
Epoch 40/100
Training loss: 0.00169 || Validation loss: 113.45644
Epoch 41/100
Training loss: 0.00118 || Validation loss: 116.44816
Epoch 42/100
Training loss: 0.00079 || Validation loss: 117.64911
Epoch 43/100
Training loss: 0.00062 || Validation loss: 120.18081
Epoch 44/100
Training loss: 0.00035 || Validation loss: 122.28510
Epoch 45/100
Training loss: 0.00028 || Validation loss: 123.76405
Epoch 46/100
Training loss: 0.00020 || Validation loss: 127.54955
Epoch 47/100
Training loss: 0.00015 || Validation loss: 124.28511
Epoch 48/100
Training loss: 0.00011 || Validation loss: 125.73309
Epoch 49/100
Training loss: 0.00006 || Validation loss: 125.20312
Epoch 50/100
Training loss: 0.00005 || Validation loss: 126.14877
Epoch 51/100
Training loss: 0.00003 || Validation loss: 127.17566
Epoch 52/100
Training loss: 0.00002 || Validation loss: 128.37929
Epoch 53/100
Training loss: 0.00001 || Validation loss: 131.83363
Epoch 54/100
Training loss: 0.00001 || Validation loss: 128.62150
Epoch 55/100
Training loss: 0.00001 || Validation loss: 125.92840
Epoch 56/100
Training loss: 0.00000 || Validation loss: 127.59471
Epoch 57/100
Training loss: 0.00000 || Validation loss: 128.28977
Epoch 58/100
Training loss: 0.00000 || Validation loss: 131.11825
Epoch 59/100
Training loss: 0.00000 || Validation loss: 129.25986
Epoch 60/100
Training loss: 0.00000 || Validation loss: 130.70482
Epoch 61/100
Training loss: 0.00000 || Validation loss: 128.53443
Epoch 62/100
Training loss: 0.00000 || Validation loss: 131.96509
Epoch 63/100
Training loss: 0.00000 || Validation loss: 128.87839
Epoch 64/100
Training loss: 0.00000 || Validation loss: 127.04933
Epoch 65/100
Training loss: 0.00000 || Validation loss: 132.01386
Epoch 66/100
Training loss: 0.00000 || Validation loss: 128.78944
Epoch 67/100
Training loss: 0.00000 || Validation loss: 128.17590
Epoch 68/100
Training loss: 0.00000 || Validation loss: 129.25581
Epoch 69/100
Training loss: 0.00000 || Validation loss: 131.22762
Epoch 70/100
Training loss: 0.00000 || Validation loss: 128.73351
Epoch 71/100
Training loss: 0.00000 || Validation loss: 129.83521
Epoch 72/100
Training loss: 0.00000 || Validation loss: 132.46826
Epoch 73/100
Training loss: 0.00000 || Validation loss: 120.97657
Epoch 74/100
Training loss: 0.00000 || Validation loss: 128.90518
Epoch 75/100
Training loss: 0.00000 || Validation loss: 128.69047
Epoch 76/100
Training loss: 0.00000 || Validation loss: 133.00865
Epoch 77/100
Training loss: 0.00000 || Validation loss: 130.71861
Epoch 78/100
Training loss: 0.00000 || Validation loss: 129.67137
Epoch 79/100
Training loss: 0.00000 || Validation loss: 132.45371
Epoch 80/100
Training loss: 0.00000 || Validation loss: 133.16075
Epoch 81/100
Training loss: 0.00000 || Validation loss: 130.97449
Epoch 82/100
Training loss: 0.00000 || Validation loss: 132.18152
Epoch 83/100
Training loss: 0.00000 || Validation loss: 130.32528
Epoch 84/100
Training loss: 0.00000 || Validation loss: 132.26530
Epoch 85/100
Training loss: 0.00000 || Validation loss: 132.98701
Epoch 86/100
Training loss: 0.00000 || Validation loss: 127.90322
Epoch 87/100
Training loss: 0.00000 || Validation loss: 130.04315
Epoch 88/100
Training loss: 0.00000 || Validation loss: 130.34230
Epoch 89/100
Training loss: 0.00000 || Validation loss: 129.51766
Epoch 90/100
Training loss: 0.00000 || Validation loss: 132.80185
Epoch 91/100
Training loss: 0.00000 || Validation loss: 129.02070
Epoch 92/100
Training loss: 0.00000 || Validation loss: 127.64306
Epoch 93/100
Training loss: 0.00000 || Validation loss: 128.81582
Epoch 94/100
Training loss: 0.00000 || Validation loss: 131.49897
Epoch 95/100
Training loss: 0.00000 || Validation loss: 131.23196
Epoch 96/100
Training loss: 0.00000 || Validation loss: 130.91781
Epoch 97/100
Training loss: 0.00000 || Validation loss: 133.16276
Epoch 98/100
Training loss: 0.00000 || Validation loss: 131.35190
Epoch 99/100
Training loss: 0.00000 || Validation loss: 131.31983
Epoch 100/100
Training loss: 0.00000 || Validation loss: 127.20181
Best model for fold 3 saved from epoch 19 with f1 12.97975
Final training loss: 0.00000 || Final test loss: 127.20181
All fold val losses: [12.187066713968912, 20.140757878621418, 12.979747295379639]
Average val loss: 15.10252
Fold 1
Model loaded successfully from ./pretrained_model/64_to_256_3layers.ckpt
device : cuda
Model not found at ./model/forest_wba_value_compare_pretrained_and_non_32frames/piece_size_20_fix_False_pretrained_True/fold_1/fly_model.ckpt
튜플 파일을 불러오는 중 문제가 발생했습니다 (./model/forest_wba_value_compare_pretrained_and_non_32frames/piece_size_20_fix_False_pretrained_True/fold_1): [Errno 2] No such file or directory: './model/forest_wba_value_compare_pretrained_and_non_32frames/piece_size_20_fix_False_pretrained_True/fold_1/training_tuples.pkl'
Epoch 1/100
Training loss: 121.32872 || Validation loss: 84.19024
New best model saved at epoch 1 with loss 84.19024
Epoch 2/100
Training loss: 12.97204 || Validation loss: 25.65011
New best model saved at epoch 2 with loss 25.65011
Epoch 3/100
Training loss: 6.54699 || Validation loss: 15.16055
New best model saved at epoch 3 with loss 15.16055
Epoch 4/100
Training loss: 4.28627 || Validation loss: 13.04902
New best model saved at epoch 4 with loss 13.04902
Epoch 5/100
Training loss: 3.19034 || Validation loss: 12.25079
New best model saved at epoch 5 with loss 12.25079
Epoch 6/100
Training loss: 2.15985 || Validation loss: 13.07397
Epoch 7/100
Training loss: 1.08579 || Validation loss: 15.02402
Epoch 8/100
Training loss: 1.10108 || Validation loss: 12.20595
New best model saved at epoch 8 with loss 12.20595
Epoch 9/100
Training loss: 0.90771 || Validation loss: 11.06120
New best model saved at epoch 9 with loss 11.06120
Epoch 10/100
Training loss: 0.64329 || Validation loss: 11.20258
Epoch 11/100
Training loss: 0.68941 || Validation loss: 10.03159
New best model saved at epoch 11 with loss 10.03159
Epoch 12/100
Training loss: 0.60993 || Validation loss: 11.36207
Epoch 13/100
Training loss: 0.59225 || Validation loss: 9.07837
New best model saved at epoch 13 with loss 9.07837
Epoch 14/100
Training loss: 0.63819 || Validation loss: 10.48193
Epoch 15/100
Training loss: 0.59499 || Validation loss: 11.17280
Epoch 16/100
Training loss: 0.54821 || Validation loss: 11.10639
Epoch 17/100
Training loss: 0.50718 || Validation loss: 10.57184
Epoch 18/100
Training loss: 0.47355 || Validation loss: 9.58504
Epoch 19/100
Training loss: 0.42732 || Validation loss: 6.94163
New best model saved at epoch 19 with loss 6.94163
Epoch 20/100
Training loss: 0.46490 || Validation loss: 10.28947
Epoch 21/100
Training loss: 0.44548 || Validation loss: 7.63702
Epoch 22/100
Training loss: 0.38578 || Validation loss: 8.13553
Epoch 23/100
Training loss: 0.35489 || Validation loss: 8.14379
Epoch 24/100
Training loss: 0.33496 || Validation loss: 7.14903
Epoch 25/100
Training loss: 0.32048 || Validation loss: 7.26389
Epoch 26/100
Training loss: 0.29290 || Validation loss: 6.33428
New best model saved at epoch 26 with loss 6.33428
Epoch 27/100
Training loss: 0.27111 || Validation loss: 6.31772
New best model saved at epoch 27 with loss 6.31772
Epoch 28/100
Training loss: 0.21349 || Validation loss: 6.37963
Epoch 29/100
Training loss: 0.18847 || Validation loss: 6.52084
Epoch 30/100
Training loss: 0.18405 || Validation loss: 5.25166
New best model saved at epoch 30 with loss 5.25166
Epoch 31/100
Training loss: 0.15620 || Validation loss: 4.95615
New best model saved at epoch 31 with loss 4.95615
Epoch 32/100
Training loss: 0.13831 || Validation loss: 5.62496
Epoch 33/100
Training loss: 0.13041 || Validation loss: 4.19790
New best model saved at epoch 33 with loss 4.19790
Epoch 34/100
Training loss: 0.11201 || Validation loss: 4.67480
Epoch 35/100
Training loss: 0.11808 || Validation loss: 3.64005
New best model saved at epoch 35 with loss 3.64005
Epoch 36/100
Training loss: 0.09408 || Validation loss: 4.64714
Epoch 37/100
Training loss: 0.07406 || Validation loss: 4.41781
Epoch 38/100
Training loss: 0.05782 || Validation loss: 5.05384
Epoch 39/100
Training loss: 0.04937 || Validation loss: 4.08339
Epoch 40/100
Training loss: 0.04171 || Validation loss: 4.63628
Epoch 41/100
Training loss: 0.03071 || Validation loss: 4.49439
Epoch 42/100
Training loss: 0.02909 || Validation loss: 4.13572
Epoch 43/100
Training loss: 0.02314 || Validation loss: 4.57166
Epoch 44/100
Training loss: 0.02125 || Validation loss: 4.85142
Epoch 45/100
Training loss: 0.01533 || Validation loss: 4.70391
Epoch 46/100
Training loss: 0.01185 || Validation loss: 4.97488
Epoch 47/100
Training loss: 0.00982 || Validation loss: 4.84663
Epoch 48/100
Training loss: 0.00776 || Validation loss: 4.30636
Epoch 49/100
Training loss: 0.00582 || Validation loss: 5.42607
Epoch 50/100
Training loss: 0.00450 || Validation loss: 4.86807
Epoch 51/100
Training loss: 0.00342 || Validation loss: 5.07070
Epoch 52/100
Training loss: 0.00331 || Validation loss: 5.14521
Epoch 53/100
Training loss: 0.00199 || Validation loss: 4.62687
Epoch 54/100
Training loss: 0.00145 || Validation loss: 5.04636
Epoch 55/100
Training loss: 0.00125 || Validation loss: 5.49025
Epoch 56/100
Training loss: 0.00100 || Validation loss: 5.66020
Epoch 57/100
Training loss: 0.00078 || Validation loss: 5.15259
Epoch 58/100
Training loss: 0.00067 || Validation loss: 5.46603
Epoch 59/100
Training loss: 0.00044 || Validation loss: 5.26367
Epoch 60/100
Training loss: 0.00035 || Validation loss: 5.76639
Epoch 61/100
Training loss: 0.00024 || Validation loss: 5.47910
Epoch 62/100
Training loss: 0.00017 || Validation loss: 5.51163
Epoch 63/100
Training loss: 0.00012 || Validation loss: 5.33973
Epoch 64/100
Training loss: 0.00009 || Validation loss: 5.48451
Epoch 65/100
Training loss: 0.00006 || Validation loss: 5.32929
Epoch 66/100
Training loss: 0.00004 || Validation loss: 6.04535
Epoch 67/100
Training loss: 0.00003 || Validation loss: 5.31844
Epoch 68/100
Training loss: 0.00002 || Validation loss: 5.47280
Epoch 69/100
Training loss: 0.00001 || Validation loss: 5.92352
Epoch 70/100
Training loss: 0.00001 || Validation loss: 5.49234
Epoch 71/100
Training loss: 0.00001 || Validation loss: 4.59955
Epoch 72/100
Training loss: 0.00000 || Validation loss: 5.19747
Epoch 73/100
Training loss: 0.00000 || Validation loss: 5.14286
Epoch 74/100
Training loss: 0.00000 || Validation loss: 5.70832
Epoch 75/100
Training loss: 0.00000 || Validation loss: 5.10740
Epoch 76/100
Training loss: 0.00000 || Validation loss: 4.70591
Epoch 77/100
Training loss: 0.00000 || Validation loss: 5.33682
Epoch 78/100
Training loss: 0.00000 || Validation loss: 4.92975
Epoch 79/100
Training loss: 0.00000 || Validation loss: 5.46933
Epoch 80/100
Training loss: 0.00000 || Validation loss: 5.36960
Epoch 81/100
Training loss: 0.00000 || Validation loss: 5.54835
Epoch 82/100
Training loss: 0.00000 || Validation loss: 5.46120
Epoch 83/100
Training loss: 0.00000 || Validation loss: 4.93808
Epoch 84/100
Training loss: 0.00000 || Validation loss: 5.16135
Epoch 85/100
Training loss: 0.00000 || Validation loss: 5.63928
Epoch 86/100
Training loss: 0.00000 || Validation loss: 6.32186
Epoch 87/100
Training loss: 0.00000 || Validation loss: 5.60533
Epoch 88/100
Training loss: 0.00000 || Validation loss: 4.87334
Epoch 89/100
Training loss: 0.00000 || Validation loss: 5.28401
Epoch 90/100
Training loss: 0.00000 || Validation loss: 5.88544
Epoch 91/100
Training loss: 0.00000 || Validation loss: 4.66656
Epoch 92/100
Training loss: 0.00000 || Validation loss: 6.00359
Epoch 93/100
Training loss: 0.00000 || Validation loss: 5.16008
Epoch 94/100
Training loss: 0.00000 || Validation loss: 5.41881
Epoch 95/100
Training loss: 0.00000 || Validation loss: 5.62487
Epoch 96/100
Training loss: 0.00000 || Validation loss: 5.19567
Epoch 97/100
Training loss: 0.00000 || Validation loss: 5.49240
Epoch 98/100
Training loss: 0.00000 || Validation loss: 5.30309
Epoch 99/100
Training loss: 0.00000 || Validation loss: 5.16602
Epoch 100/100
Training loss: 0.00000 || Validation loss: 5.60913
Best model for fold 1 saved from epoch 35 with f1 3.64005
Final training loss: 0.00000 || Final test loss: 5.60913
Fold 2
Model loaded successfully from ./pretrained_model/64_to_256_3layers.ckpt
device : cuda
Model not found at ./model/forest_wba_value_compare_pretrained_and_non_32frames/piece_size_20_fix_False_pretrained_True/fold_2/fly_model.ckpt
튜플 파일을 불러오는 중 문제가 발생했습니다 (./model/forest_wba_value_compare_pretrained_and_non_32frames/piece_size_20_fix_False_pretrained_True/fold_2): [Errno 2] No such file or directory: './model/forest_wba_value_compare_pretrained_and_non_32frames/piece_size_20_fix_False_pretrained_True/fold_2/training_tuples.pkl'
Epoch 1/100
Training loss: 103.27229 || Validation loss: 36.43207
New best model saved at epoch 1 with loss 36.43207
Epoch 2/100
Training loss: 12.73980 || Validation loss: 14.60580
New best model saved at epoch 2 with loss 14.60580
Epoch 3/100
Training loss: 4.49298 || Validation loss: 19.39640
Epoch 4/100
Training loss: 1.37012 || Validation loss: 20.98773
Epoch 5/100
Training loss: 1.00230 || Validation loss: 20.15203
Epoch 6/100
Training loss: 0.87556 || Validation loss: 22.13203
Epoch 7/100
Training loss: 0.97906 || Validation loss: 19.68327
Epoch 8/100
Training loss: 0.77778 || Validation loss: 21.45239
Epoch 9/100
Training loss: 0.67936 || Validation loss: 19.28675
Epoch 10/100
Training loss: 0.62571 || Validation loss: 20.13320
Epoch 11/100
Training loss: 0.72923 || Validation loss: 20.39316
Epoch 12/100
Training loss: 0.64273 || Validation loss: 18.53597
Epoch 13/100
Training loss: 0.61986 || Validation loss: 17.14002
Epoch 14/100
Training loss: 0.65722 || Validation loss: 19.44210
Epoch 15/100
Training loss: 0.58001 || Validation loss: 17.55270
Epoch 16/100
Training loss: 0.52273 || Validation loss: 17.80284
Epoch 17/100
Training loss: 0.54290 || Validation loss: 19.57710
Epoch 18/100
Training loss: 0.52757 || Validation loss: 17.40121
Epoch 19/100
Training loss: 0.43989 || Validation loss: 19.12471
Epoch 20/100
Training loss: 0.48459 || Validation loss: 18.52006
Epoch 21/100
Training loss: 0.37637 || Validation loss: 18.10632
Epoch 22/100
Training loss: 0.36512 || Validation loss: 18.43866
Epoch 23/100
Training loss: 0.37183 || Validation loss: 18.81168
Epoch 24/100
Training loss: 0.28698 || Validation loss: 19.63504
Epoch 25/100
Training loss: 0.25259 || Validation loss: 21.00413
Epoch 26/100
Training loss: 0.24725 || Validation loss: 21.27360
Epoch 27/100
Training loss: 0.20969 || Validation loss: 22.41471
Epoch 28/100
Training loss: 0.18364 || Validation loss: 21.27366
Epoch 29/100
Training loss: 0.16366 || Validation loss: 22.81011
Epoch 30/100
Training loss: 0.14760 || Validation loss: 24.27025
Epoch 31/100
Training loss: 0.10895 || Validation loss: 26.89779
Epoch 32/100
Training loss: 0.09690 || Validation loss: 29.57304
Epoch 33/100
Training loss: 0.08859 || Validation loss: 31.94342
Epoch 34/100
Training loss: 0.07131 || Validation loss: 33.55534
Epoch 35/100
Training loss: 0.05803 || Validation loss: 34.13864
Epoch 36/100
Training loss: 0.04752 || Validation loss: 36.07524
Epoch 37/100
Training loss: 0.03864 || Validation loss: 39.32349
Epoch 38/100
Training loss: 0.02938 || Validation loss: 42.97931
Epoch 39/100
Training loss: 0.02193 || Validation loss: 43.16627
Epoch 40/100
Training loss: 0.01934 || Validation loss: 43.86962
Epoch 41/100
Training loss: 0.01387 || Validation loss: 45.38913
Epoch 42/100
Training loss: 0.01012 || Validation loss: 48.12142
Epoch 43/100
Training loss: 0.00789 || Validation loss: 48.78775
Epoch 44/100
Training loss: 0.00712 || Validation loss: 48.74721
Epoch 45/100
Training loss: 0.00529 || Validation loss: 49.74731
Epoch 46/100
Training loss: 0.00404 || Validation loss: 52.33082
Epoch 47/100
Training loss: 0.00315 || Validation loss: 51.99546
Epoch 48/100
Training loss: 0.00273 || Validation loss: 52.09567
Epoch 49/100
Training loss: 0.00166 || Validation loss: 52.84641
Epoch 50/100
Training loss: 0.00110 || Validation loss: 54.67783
Epoch 51/100
Training loss: 0.00103 || Validation loss: 55.87337
Epoch 52/100
Training loss: 0.00075 || Validation loss: 56.25563
Epoch 53/100
Training loss: 0.00053 || Validation loss: 57.18974
Epoch 54/100
Training loss: 0.00046 || Validation loss: 56.75836
Epoch 55/100
Training loss: 0.00029 || Validation loss: 55.56998
Epoch 56/100
Training loss: 0.00023 || Validation loss: 57.18144
Epoch 57/100
Training loss: 0.00018 || Validation loss: 58.44716
Epoch 58/100
Training loss: 0.00012 || Validation loss: 56.76241
Epoch 59/100
Training loss: 0.00010 || Validation loss: 57.85916
Epoch 60/100
Training loss: 0.00007 || Validation loss: 57.26619
Epoch 61/100
Training loss: 0.00006 || Validation loss: 58.58044
Epoch 62/100
Training loss: 0.00003 || Validation loss: 56.35923
Epoch 63/100
Training loss: 0.00003 || Validation loss: 58.08458
Epoch 64/100
Training loss: 0.00002 || Validation loss: 57.69609
Epoch 65/100
Training loss: 0.00002 || Validation loss: 58.92076
Epoch 66/100
Training loss: 0.00001 || Validation loss: 57.54642
Epoch 67/100
Training loss: 0.00001 || Validation loss: 57.49099
Epoch 68/100
Training loss: 0.00001 || Validation loss: 58.23317
Epoch 69/100
Training loss: 0.00000 || Validation loss: 56.42732
Epoch 70/100
Training loss: 0.00000 || Validation loss: 57.31131
Epoch 71/100
Training loss: 0.00000 || Validation loss: 58.16515
Epoch 72/100
Training loss: 0.00000 || Validation loss: 57.73634
Epoch 73/100
Training loss: 0.00000 || Validation loss: 58.72351
Epoch 74/100
Training loss: 0.00000 || Validation loss: 58.04928
Epoch 75/100
Training loss: 0.00000 || Validation loss: 58.49559
Epoch 76/100
Training loss: 0.00000 || Validation loss: 58.73585
Epoch 77/100
Training loss: 0.00000 || Validation loss: 58.75434
Epoch 78/100
Training loss: 0.00000 || Validation loss: 59.57467
Epoch 79/100
Training loss: 0.00000 || Validation loss: 57.76044
Epoch 80/100
Training loss: 0.00000 || Validation loss: 58.99289
Epoch 81/100
Training loss: 0.00000 || Validation loss: 56.41180
Epoch 82/100
Training loss: 0.00000 || Validation loss: 59.89103
Epoch 83/100
Training loss: 0.00000 || Validation loss: 59.51155
Epoch 84/100
Training loss: 0.00000 || Validation loss: 58.06550
Epoch 85/100
Training loss: 0.00000 || Validation loss: 58.26138
Epoch 86/100
Training loss: 0.00000 || Validation loss: 57.75748
Epoch 87/100
Training loss: 0.00000 || Validation loss: 59.11389
Epoch 88/100
Training loss: 0.00000 || Validation loss: 58.84725
Epoch 89/100
Training loss: 0.00000 || Validation loss: 60.08280
Epoch 90/100
Training loss: 0.00000 || Validation loss: 60.44728
Epoch 91/100
Training loss: 0.00000 || Validation loss: 59.56212
Epoch 92/100
Training loss: 0.00000 || Validation loss: 59.80437
Epoch 93/100
Training loss: 0.00000 || Validation loss: 57.83285
Epoch 94/100
Training loss: 0.00000 || Validation loss: 58.19227
Epoch 95/100
Training loss: 0.00000 || Validation loss: 60.37744
Epoch 96/100
Training loss: 0.00000 || Validation loss: 56.88918
Epoch 97/100
Training loss: 0.00000 || Validation loss: 57.70303
Epoch 98/100
Training loss: 0.00000 || Validation loss: 59.84648
Epoch 99/100
Training loss: 0.00000 || Validation loss: 58.54831
Epoch 100/100
Training loss: 0.00000 || Validation loss: 58.64069
Best model for fold 2 saved from epoch 2 with f1 14.60580
Final training loss: 0.00000 || Final test loss: 58.64069
Fold 3
Model loaded successfully from ./pretrained_model/64_to_256_3layers.ckpt
device : cuda
Model not found at ./model/forest_wba_value_compare_pretrained_and_non_32frames/piece_size_20_fix_False_pretrained_True/fold_3/fly_model.ckpt
튜플 파일을 불러오는 중 문제가 발생했습니다 (./model/forest_wba_value_compare_pretrained_and_non_32frames/piece_size_20_fix_False_pretrained_True/fold_3): [Errno 2] No such file or directory: './model/forest_wba_value_compare_pretrained_and_non_32frames/piece_size_20_fix_False_pretrained_True/fold_3/training_tuples.pkl'
Epoch 1/100
Training loss: 113.84437 || Validation loss: 96.71231
New best model saved at epoch 1 with loss 96.71231
Epoch 2/100
Training loss: 9.30374 || Validation loss: 59.81200
New best model saved at epoch 2 with loss 59.81200
Epoch 3/100
Training loss: 3.85664 || Validation loss: 47.78407
New best model saved at epoch 3 with loss 47.78407
Epoch 4/100
Training loss: 2.50100 || Validation loss: 52.30880
Epoch 5/100
Training loss: 1.27192 || Validation loss: 52.92842
Epoch 6/100
Training loss: 1.45625 || Validation loss: 58.33382
Epoch 7/100
Training loss: 1.16519 || Validation loss: 59.86344
Epoch 8/100
Training loss: 1.00873 || Validation loss: 52.66213
Epoch 9/100
Training loss: 0.90344 || Validation loss: 37.22293
New best model saved at epoch 9 with loss 37.22293
Epoch 10/100
Training loss: 1.00394 || Validation loss: 35.87520
New best model saved at epoch 10 with loss 35.87520
Epoch 11/100
Training loss: 1.00820 || Validation loss: 35.14868
New best model saved at epoch 11 with loss 35.14868
Epoch 12/100
Training loss: 0.81832 || Validation loss: 33.86287
New best model saved at epoch 12 with loss 33.86287
Epoch 13/100
Training loss: 0.82675 || Validation loss: 30.07926
New best model saved at epoch 13 with loss 30.07926
Epoch 14/100
Training loss: 0.76272 || Validation loss: 24.90685
New best model saved at epoch 14 with loss 24.90685
Epoch 15/100
Training loss: 0.72639 || Validation loss: 26.84133
Epoch 16/100
Training loss: 0.70850 || Validation loss: 26.63964
Epoch 17/100
Training loss: 0.60580 || Validation loss: 22.60519
New best model saved at epoch 17 with loss 22.60519
Epoch 18/100
Training loss: 0.61596 || Validation loss: 16.59228
New best model saved at epoch 18 with loss 16.59228
Epoch 19/100
Training loss: 0.63082 || Validation loss: 14.83411
New best model saved at epoch 19 with loss 14.83411
Epoch 20/100
Training loss: 0.59050 || Validation loss: 13.80413
New best model saved at epoch 20 with loss 13.80413
Epoch 21/100
Training loss: 0.49375 || Validation loss: 12.73625
New best model saved at epoch 21 with loss 12.73625
Epoch 22/100
Training loss: 0.41847 || Validation loss: 11.90214
New best model saved at epoch 22 with loss 11.90214
Epoch 23/100
Training loss: 0.44480 || Validation loss: 11.11730
New best model saved at epoch 23 with loss 11.11730
Epoch 24/100
Training loss: 0.35706 || Validation loss: 9.97351
New best model saved at epoch 24 with loss 9.97351
Epoch 25/100
Training loss: 0.36091 || Validation loss: 9.52788
New best model saved at epoch 25 with loss 9.52788
Epoch 26/100
Training loss: 0.33037 || Validation loss: 11.75745
Epoch 27/100
Training loss: 0.27944 || Validation loss: 10.72621
Epoch 28/100
Training loss: 0.26365 || Validation loss: 15.83680
Epoch 29/100
Training loss: 0.25801 || Validation loss: 19.73930
Epoch 30/100
Training loss: 0.19288 || Validation loss: 21.30350
Epoch 31/100
Training loss: 0.16303 || Validation loss: 24.47157
Epoch 32/100
Training loss: 0.13583 || Validation loss: 26.83858
Epoch 33/100
Training loss: 0.13375 || Validation loss: 38.80894
Epoch 34/100
Training loss: 0.11104 || Validation loss: 42.48605
Epoch 35/100
Training loss: 0.10245 || Validation loss: 45.13531
Epoch 36/100
Training loss: 0.08470 || Validation loss: 51.36234
Epoch 37/100
Training loss: 0.06544 || Validation loss: 57.00504
Epoch 38/100
Training loss: 0.05262 || Validation loss: 67.91224
Epoch 39/100
Training loss: 0.03934 || Validation loss: 65.21175
Epoch 40/100
Training loss: 0.03427 || Validation loss: 80.07582
Epoch 41/100
Training loss: 0.02654 || Validation loss: 85.03907
Epoch 42/100
Training loss: 0.02256 || Validation loss: 90.02750
Epoch 43/100
Training loss: 0.01949 || Validation loss: 94.90226
Epoch 44/100
Training loss: 0.01363 || Validation loss: 100.39459
Epoch 45/100
Training loss: 0.00971 || Validation loss: 102.28845
Epoch 46/100
Training loss: 0.00774 || Validation loss: 105.33702
Epoch 47/100
Training loss: 0.00600 || Validation loss: 110.12910
Epoch 48/100
Training loss: 0.00538 || Validation loss: 112.99343
Epoch 49/100
Training loss: 0.00366 || Validation loss: 116.74838
Epoch 50/100
Training loss: 0.00298 || Validation loss: 122.53146
Epoch 51/100
Training loss: 0.00191 || Validation loss: 133.06282
Epoch 52/100
Training loss: 0.00163 || Validation loss: 126.91783
Epoch 53/100
Training loss: 0.00128 || Validation loss: 129.51315
Epoch 54/100
Training loss: 0.00098 || Validation loss: 125.47137
Epoch 55/100
Training loss: 0.00069 || Validation loss: 133.90705
Epoch 56/100
Training loss: 0.00055 || Validation loss: 137.33434
Epoch 57/100
Training loss: 0.00044 || Validation loss: 128.16686
Epoch 58/100
Training loss: 0.00029 || Validation loss: 134.24852
Epoch 59/100
Training loss: 0.00022 || Validation loss: 140.19103
Epoch 60/100
Training loss: 0.00014 || Validation loss: 137.08540
Epoch 61/100
Training loss: 0.00013 || Validation loss: 139.63126
Epoch 62/100
Training loss: 0.00010 || Validation loss: 142.07686
Epoch 63/100
Training loss: 0.00006 || Validation loss: 138.65615
Epoch 64/100
Training loss: 0.00005 || Validation loss: 140.69237
Epoch 65/100
Training loss: 0.00003 || Validation loss: 145.47546
Epoch 66/100
Training loss: 0.00003 || Validation loss: 140.45842
Epoch 67/100
Training loss: 0.00002 || Validation loss: 138.80147
Epoch 68/100
Training loss: 0.00001 || Validation loss: 146.26362
Epoch 69/100
Training loss: 0.00001 || Validation loss: 141.65338
Epoch 70/100
Training loss: 0.00001 || Validation loss: 136.82625
Epoch 71/100
Training loss: 0.00000 || Validation loss: 139.15208
Epoch 72/100
Training loss: 0.00000 || Validation loss: 137.84338
Epoch 73/100
Training loss: 0.00000 || Validation loss: 140.41634
Epoch 74/100
Training loss: 0.00000 || Validation loss: 142.31506
Epoch 75/100
Training loss: 0.00000 || Validation loss: 145.14240
Epoch 76/100
Training loss: 0.00000 || Validation loss: 141.36708
Epoch 77/100
Training loss: 0.00000 || Validation loss: 141.84374
Epoch 78/100
Training loss: 0.00000 || Validation loss: 143.18101
Epoch 79/100
Training loss: 0.00000 || Validation loss: 144.68443
Epoch 80/100
Training loss: 0.00000 || Validation loss: 139.37731
Epoch 81/100
Training loss: 0.00000 || Validation loss: 147.70128
Epoch 82/100
Training loss: 0.00000 || Validation loss: 147.32755
Epoch 83/100
Training loss: 0.00000 || Validation loss: 138.72595
Epoch 84/100
Training loss: 0.00000 || Validation loss: 141.03339
Epoch 85/100
Training loss: 0.00000 || Validation loss: 136.67971
Epoch 86/100
Training loss: 0.00000 || Validation loss: 135.76732
Epoch 87/100
Training loss: 0.00000 || Validation loss: 146.15952
Epoch 88/100
Training loss: 0.00000 || Validation loss: 142.15560
Epoch 89/100
Training loss: 0.00000 || Validation loss: 138.45298
Epoch 90/100
Training loss: 0.00000 || Validation loss: 142.70830
Epoch 91/100
Training loss: 0.00000 || Validation loss: 143.32758
Epoch 92/100
Training loss: 0.00000 || Validation loss: 147.22459
Epoch 93/100
Training loss: 0.00000 || Validation loss: 142.14603
Epoch 94/100
Training loss: 0.00000 || Validation loss: 145.56696
Epoch 95/100
Training loss: 0.00000 || Validation loss: 140.78676
Epoch 96/100
Training loss: 0.00000 || Validation loss: 138.88319
Epoch 97/100
Training loss: 0.00000 || Validation loss: 142.13593
Epoch 98/100
Training loss: 0.00000 || Validation loss: 148.71991
Epoch 99/100
Training loss: 0.00000 || Validation loss: 135.78037
Epoch 100/100
Training loss: 0.00000 || Validation loss: 142.78001
Best model for fold 3 saved from epoch 25 with f1 9.52788
Final training loss: 0.00000 || Final test loss: 142.78001
All fold val losses: [3.640046775341034, 14.605803966522217, 9.527876377105713]
Average val loss: 9.25791
Fold 1
Model loaded successfully from ./pretrained_model/64_to_256_3layers.ckpt
device : cuda
Model not found at ./model/forest_wba_value_compare_pretrained_and_non_32frames/piece_size_40_fix_False_pretrained_True/fold_1/fly_model.ckpt
튜플 파일을 불러오는 중 문제가 발생했습니다 (./model/forest_wba_value_compare_pretrained_and_non_32frames/piece_size_40_fix_False_pretrained_True/fold_1): [Errno 2] No such file or directory: './model/forest_wba_value_compare_pretrained_and_non_32frames/piece_size_40_fix_False_pretrained_True/fold_1/training_tuples.pkl'
Epoch 1/100
Epoch 1 has no validation batches. Skipping this epoch.
Epoch 2/100
Epoch 2 has no validation batches. Skipping this epoch.
Epoch 3/100
Epoch 3 has no validation batches. Skipping this epoch.
Epoch 4/100
Epoch 4 has no validation batches. Skipping this epoch.
Epoch 5/100
Epoch 5 has no validation batches. Skipping this epoch.
Epoch 6/100
Epoch 6 has no validation batches. Skipping this epoch.
Epoch 7/100
Epoch 7 has no validation batches. Skipping this epoch.
Epoch 8/100
Epoch 8 has no validation batches. Skipping this epoch.
Epoch 9/100
Epoch 9 has no validation batches. Skipping this epoch.
Epoch 10/100
Epoch 10 has no validation batches. Skipping this epoch.
Epoch 11/100
Epoch 11 has no validation batches. Skipping this epoch.
Epoch 12/100
Epoch 12 has no validation batches. Skipping this epoch.
Epoch 13/100
Epoch 13 has no validation batches. Skipping this epoch.
Epoch 14/100
Epoch 14 has no validation batches. Skipping this epoch.
Epoch 15/100
Epoch 15 has no validation batches. Skipping this epoch.
Epoch 16/100
Epoch 16 has no validation batches. Skipping this epoch.
Epoch 17/100
Epoch 17 has no validation batches. Skipping this epoch.
Epoch 18/100
Epoch 18 has no validation batches. Skipping this epoch.
Epoch 19/100
Epoch 19 has no validation batches. Skipping this epoch.
Epoch 20/100
Epoch 20 has no validation batches. Skipping this epoch.
Epoch 21/100
Epoch 21 has no validation batches. Skipping this epoch.
Epoch 22/100
Epoch 22 has no validation batches. Skipping this epoch.
Epoch 23/100
Epoch 23 has no validation batches. Skipping this epoch.
Epoch 24/100
Epoch 24 has no validation batches. Skipping this epoch.
Epoch 25/100
Epoch 25 has no validation batches. Skipping this epoch.
Epoch 26/100
Epoch 26 has no validation batches. Skipping this epoch.
Epoch 27/100
Epoch 27 has no validation batches. Skipping this epoch.
Epoch 28/100
Epoch 28 has no validation batches. Skipping this epoch.
Epoch 29/100
Epoch 29 has no validation batches. Skipping this epoch.
Epoch 30/100
Epoch 30 has no validation batches. Skipping this epoch.
Epoch 31/100
Epoch 31 has no validation batches. Skipping this epoch.
Epoch 32/100
Epoch 32 has no validation batches. Skipping this epoch.
Epoch 33/100
Epoch 33 has no validation batches. Skipping this epoch.
Epoch 34/100
Epoch 34 has no validation batches. Skipping this epoch.
Epoch 35/100
Epoch 35 has no validation batches. Skipping this epoch.
Epoch 36/100
Epoch 36 has no validation batches. Skipping this epoch.
Epoch 37/100
Epoch 37 has no validation batches. Skipping this epoch.
Epoch 38/100
Epoch 38 has no validation batches. Skipping this epoch.
Epoch 39/100
Epoch 39 has no validation batches. Skipping this epoch.
Epoch 40/100
Epoch 40 has no validation batches. Skipping this epoch.
Epoch 41/100
Epoch 41 has no validation batches. Skipping this epoch.
Epoch 42/100
Epoch 42 has no validation batches. Skipping this epoch.
Epoch 43/100
Epoch 43 has no validation batches. Skipping this epoch.
Epoch 44/100
Epoch 44 has no validation batches. Skipping this epoch.
Epoch 45/100
Epoch 45 has no validation batches. Skipping this epoch.
Epoch 46/100
Epoch 46 has no validation batches. Skipping this epoch.
Epoch 47/100
Epoch 47 has no validation batches. Skipping this epoch.
Epoch 48/100
Epoch 48 has no validation batches. Skipping this epoch.
Epoch 49/100
Epoch 49 has no validation batches. Skipping this epoch.
Epoch 50/100
Epoch 50 has no validation batches. Skipping this epoch.
Epoch 51/100
Epoch 51 has no validation batches. Skipping this epoch.
Epoch 52/100
Epoch 52 has no validation batches. Skipping this epoch.
Epoch 53/100
Epoch 53 has no validation batches. Skipping this epoch.
Epoch 54/100
Epoch 54 has no validation batches. Skipping this epoch.
Epoch 55/100
Epoch 55 has no validation batches. Skipping this epoch.
Epoch 56/100
Epoch 56 has no validation batches. Skipping this epoch.
Epoch 57/100
Epoch 57 has no validation batches. Skipping this epoch.
Epoch 58/100
Epoch 58 has no validation batches. Skipping this epoch.
Epoch 59/100
Epoch 59 has no validation batches. Skipping this epoch.
Epoch 60/100
Epoch 60 has no validation batches. Skipping this epoch.
Epoch 61/100
Epoch 61 has no validation batches. Skipping this epoch.
Epoch 62/100
Epoch 62 has no validation batches. Skipping this epoch.
Epoch 63/100
Epoch 63 has no validation batches. Skipping this epoch.
Epoch 64/100
Epoch 64 has no validation batches. Skipping this epoch.
Epoch 65/100
Epoch 65 has no validation batches. Skipping this epoch.
Epoch 66/100
Epoch 66 has no validation batches. Skipping this epoch.
Epoch 67/100
Epoch 67 has no validation batches. Skipping this epoch.
Epoch 68/100
Epoch 68 has no validation batches. Skipping this epoch.
Epoch 69/100
Epoch 69 has no validation batches. Skipping this epoch.
Epoch 70/100
Epoch 70 has no validation batches. Skipping this epoch.
Epoch 71/100
Epoch 71 has no validation batches. Skipping this epoch.
Epoch 72/100
Epoch 72 has no validation batches. Skipping this epoch.
Epoch 73/100
Epoch 73 has no validation batches. Skipping this epoch.
Epoch 74/100
Epoch 74 has no validation batches. Skipping this epoch.
Epoch 75/100
Epoch 75 has no validation batches. Skipping this epoch.
Epoch 76/100
Epoch 76 has no validation batches. Skipping this epoch.
Epoch 77/100
Epoch 77 has no validation batches. Skipping this epoch.
Epoch 78/100
Epoch 78 has no validation batches. Skipping this epoch.
Epoch 79/100
Epoch 79 has no validation batches. Skipping this epoch.
Epoch 80/100
Epoch 80 has no validation batches. Skipping this epoch.
Epoch 81/100
Epoch 81 has no validation batches. Skipping this epoch.
Epoch 82/100
Epoch 82 has no validation batches. Skipping this epoch.
Epoch 83/100
Epoch 83 has no validation batches. Skipping this epoch.
Epoch 84/100
Epoch 84 has no validation batches. Skipping this epoch.
Epoch 85/100
Epoch 85 has no validation batches. Skipping this epoch.
Epoch 86/100
Epoch 86 has no validation batches. Skipping this epoch.
Epoch 87/100
Epoch 87 has no validation batches. Skipping this epoch.
Epoch 88/100
Epoch 88 has no validation batches. Skipping this epoch.
Epoch 89/100
Epoch 89 has no validation batches. Skipping this epoch.
Epoch 90/100
Epoch 90 has no validation batches. Skipping this epoch.
Epoch 91/100
Epoch 91 has no validation batches. Skipping this epoch.
Epoch 92/100
Epoch 92 has no validation batches. Skipping this epoch.
Epoch 93/100
Epoch 93 has no validation batches. Skipping this epoch.
Epoch 94/100
Epoch 94 has no validation batches. Skipping this epoch.
Epoch 95/100
Epoch 95 has no validation batches. Skipping this epoch.
Epoch 96/100
Epoch 96 has no validation batches. Skipping this epoch.
Epoch 97/100
Epoch 97 has no validation batches. Skipping this epoch.
Epoch 98/100
Epoch 98 has no validation batches. Skipping this epoch.
Epoch 99/100
Epoch 99 has no validation batches. Skipping this epoch.
Epoch 100/100
Epoch 100 has no validation batches. Skipping this epoch.
Best model for fold 1 saved from epoch 0 with f1 inf
Traceback (most recent call last):
  File "/myhome/FlyModel/training_direction_pred.py", line 366, in <module>
    training_direction_pred(
  File "/myhome/FlyModel/training_direction_pred.py", line 324, in training_direction_pred
    print(f"Final training loss: {train_losses[-1]:.5f} || Final test loss: {val_losses[-1]:.5f}")
IndexError: list index out of range
